date,max_temp_f,min_temp_f,precip_in,snow_in,snow_depth_in
1913-10-15,80,62,0.00,0.0,0
1913-10-16,70,55,1.01,0.0,0
1913-10-17,59,53,0.00,0.0,0
1913-10-18,56,50,0.00,0.0,0
1913-10-19,58,43,0.00,0.0,0
1913-10-20,62,36,0.00,0.0,0
1913-10-21,74,47,0.00,0.0,0
1913-10-22,76,47,0.36,0.0,0
1913-10-23,62,41,0.00,0.0,0
1913-10-24,74,43,0.00,0.0,0
1913-10-25,80,48,0.00,0.0,0
1913-10-26,62,40,0.15,0.0,0
1913-10-27,58,33,0.00,0.0,0
1913-10-28,67,37,0.00,0.0,0
1913-10-29,51,31,0.00,0.0,0
1913-10-30,57,32,0.00,0.0,0
1913-10-31,59,42,T,0.0,0
1913-11-01,52,47,T,0.0,0
1913-11-02,65,46,0.09,0.0,0
1913-11-03,69,46,T,0.0,0
1913-11-04,65,59,0.73,0.0,0
1913-11-05,68,58,0.19,0.0,0
1913-11-06,69,54,0.00,0.0,0
1913-11-07,73,55,0.00,0.0,0
1913-11-08,56,46,0.00,0.0,0
1913-11-09,60,40,0.00,0.0,0
1913-11-10,64,36,0.00,0.0,0
1913-11-11,76,43,0.00,0.0,0
1913-11-12,77,59,T,0.0,0
1913-11-13,77,64,0.00,0.0,0
1913-11-14,72,64,T,0.0,0
1913-11-15,74,63,0.00,0.0,0
1913-11-16,77,63,0.00,0.0,0
1913-11-17,78,60,0.00,0.0,0
1913-11-18,76,64,0.01,0.0,0
1913-11-19,77,68,0.02,0.0,0
1913-11-20,77,68,T,0.0,0
1913-11-21,80,70,T,0.0,0
1913-11-22,80,62,0.78,0.0,0
1913-11-23,62,53,1.16,0.0,0
1913-11-24,59,53,0.01,0.0,0
1913-11-25,70,54,0.01,0.0,0
1913-11-26,72,56,0.05,0.0,0
1913-11-27,72,63,T,0.0,0
1913-11-28,67,60,0.05,0.0,0
1913-11-29,66,54,0.65,0.0,0
1913-11-30,63,51,0.00,0.0,0
1913-12-01,67,46,T,0.0,0
1913-12-02,65,57,3.83,0.0,0
1913-12-03,63,58,0.54,0.0,0
1913-12-04,63,53,1.05,0.0,0
1913-12-05,60,49,0.11,0.0,0
1913-12-06,54,46,0.00,0.0,0
1913-12-07,49,36,0.00,0.0,0
1913-12-08,48,30,0.00,0.0,0
1913-12-09,50,33,0.00,0.0,0
1913-12-10,55,40,0.00,0.0,0
1913-12-11,58,38,0.00,0.0,0
1913-12-12,60,41,0.00,0.0,0
1913-12-13,53,48,0.38,0.0,0
1913-12-14,51,46,T,0.0,0
1913-12-15,55,38,0.00,0.0,0
1913-12-16,50,48,0.31,0.0,0
1913-12-17,56,42,0.00,0.0,0
1913-12-18,53,40,T,0.0,0
1913-12-19,50,41,T,0.0,0
1913-12-20,50,35,T,0.0,0
1913-12-21,38,31,0.00,0.0,0
1913-12-22,39,33,0.40,0.0,0
1913-12-23,45,30,0.00,0.0,0
1913-12-24,50,38,T,0.0,0
1913-12-25,39,29,0.00,0.0,0
1913-12-26,45,25,0.00,0.0,0
1913-12-27,46,37,T,0.0,0
1913-12-28,46,32,T,0.0,0
1913-12-29,43,28,T,0.0,0
1913-12-30,39,23,0.00,0.0,0
1913-12-31,45,34,0.00,0.0,0
1914-01-01,58,39,0.00,0.0,0
1914-01-02,55,41,0.00,0.0,0
1914-01-03,62,33,0.00,0.0,0
1914-01-04,47,33,0.02,0.0,0
1914-01-05,39,27,0.00,0.0,0
1914-01-06,52,25,0.00,0.0,0
1914-01-07,66,34,0.00,0.0,0
1914-01-08,76,40,0.00,0.0,0
1914-01-09,60,44,0.00,0.0,0
1914-01-10,51,37,0.00,0.0,0
1914-01-11,52,30,0.00,0.0,0
1914-01-12,51,39,T,0.0,0
1914-01-13,56,43,0.00,0.0,0
1914-01-14,68,36,0.00,0.0,0
1914-01-15,79,45,0.00,0.0,0
1914-01-16,75,55,0.00,0.0,0
1914-01-17,63,47,T,0.0,0
1914-01-18,79,52,T,0.0,0
1914-01-19,82,52,0.00,0.0,0
1914-01-20,67,47,0.00,0.0,0
1914-01-21,63,36,0.00,0.0,0
1914-01-22,71,39,0.00,0.0,0
1914-01-23,69,53,T,0.0,0
1914-01-24,68,41,0.00,0.0,0
1914-01-25,73,49,0.00,0.0,0
1914-01-26,77,45,0.00,0.0,0
1914-01-27,78,56,T,0.0,0
1914-01-28,76,55,0.69,0.0,0
1914-01-29,55,36,0.35,0.0,0
1914-01-30,46,30,0.00,0.0,0
1914-01-31,59,29,0.00,0.0,0
1914-02-01,65,37,0.00,0.0,0
1914-02-02,66,49,0.00,0.0,0
1914-02-03,66,46,0.00,0.0,0
1914-02-04,48,42,0.08,0.0,0
1914-02-05,58,48,0.32,0.0,0
1914-02-06,60,14,0.00,0.0,0
1914-02-07,29,10,0.00,0.0,0
1914-02-08,41,21,0.00,0.0,0
1914-02-09,41,32,0.06,0.0,0
1914-02-10,59,37,T,0.0,0
1914-02-11,59,35,0.00,0.0,0
1914-02-12,55,26,0.24,0.0,0
1914-02-13,37,19,0.00,0.0,0
1914-02-14,36,25,T,0.0,0
1914-02-15,56,26,0.00,0.0,0
1914-02-16,72,36,0.00,0.0,0
1914-02-17,69,42,T,0.0,0
1914-02-18,72,45,0.58,0.0,0
1914-02-19,50,41,0.00,0.0,0
1914-02-20,48,41,T,0.0,0
1914-02-21,56,42,T,0.0,0
1914-02-22,71,31,T,0.0,0
1914-02-23,31,15,0.00,0.0,0
1914-02-24,31,18,T,T,0
1914-02-25,47,20,0.00,0.0,0
1914-02-26,62,29,0.00,0.0,0
1914-02-27,51,40,0.43,0.0,0
1914-02-28,62,44,0.37,0.0,0
1914-03-01,59,39,0.00,0.0,0
1914-03-02,70,43,0.00,0.0,0
1914-03-03,57,42,0.85,0.0,0
1914-03-04,47,37,0.02,0.0,0
1914-03-05,57,35,T,0.0,0
1914-03-06,59,39,0.00,0.0,0
1914-03-07,48,38,0.00,0.0,0
1914-03-08,72,32,0.00,0.0,0
1914-03-09,76,44,0.00,0.0,0
1914-03-10,72,51,T,0.0,0
1914-03-11,51,35,0.00,0.0,0
1914-03-12,54,28,0.00,0.0,0
1914-03-13,68,38,0.00,0.0,0
1914-03-14,75,41,0.00,0.0,0
1914-03-15,76,44,0.00,0.0,0
1914-03-16,77,49,0.00,0.0,0
1914-03-17,78,51,0.00,0.0,0
1914-03-18,71,49,0.00,0.0,0
1914-03-19,60,30,0.05,0.0,0
1914-03-20,46,26,0.00,0.0,0
1914-03-21,46,33,T,0.0,0
1914-03-22,54,28,0.00,0.0,0
1914-03-23,65,35,0.00,0.0,0
1914-03-24,66,47,0.01,0.0,0
1914-03-25,82,61,0.00,0.0,0
1914-03-26,76,60,0.32,0.0,0
1914-03-27,72,57,T,0.0,0
1914-03-28,79,67,T,0.0,0
1914-03-29,75,66,0.06,0.0,0
1914-03-30,69,57,2.16,0.0,0
1914-03-31,64,57,0.62,0.0,0
1914-04-01,77,57,0.02,0.0,0
1914-04-02,80,58,0.00,0.0,0
1914-04-03,75,56,0.59,0.0,0
1914-04-04,67,53,0.00,0.0,0
1914-04-05,75,49,0.00,0.0,0
1914-04-06,80,60,0.00,0.0,0
1914-04-07,68,44,0.01,0.0,0
1914-04-08,44,35,T,T,0
1914-04-09,54,30,0.00,0.0,0
1914-04-10,61,39,0.00,0.0,0
1914-04-11,75,44,T,0.0,0
1914-04-12,58,40,0.00,0.0,0
1914-04-13,64,48,0.01,0.0,0
1914-04-14,81,44,0.00,0.0,0
1914-04-15,88,52,0.00,0.0,0
1914-04-16,89,60,0.00,0.0,0
1914-04-17,76,65,0.01,0.0,0
1914-04-18,76,55,0.17,0.0,0
1914-04-19,71,55,0.06,0.0,0
1914-04-20,81,51,0.00,0.0,0
1914-04-21,82,56,0.00,0.0,0
1914-04-22,67,59,0.63,0.0,0
1914-04-23,70,60,T,0.0,0
1914-04-24,81,60,1.01,0.0,0
1914-04-25,77,60,0.17,0.0,0
1914-04-26,69,62,0.44,0.0,0
1914-04-27,65,58,2.56,0.0,0
1914-04-28,76,53,0.01,0.0,0
1914-04-29,78,60,0.00,0.0,0
1914-04-30,81,64,T,0.0,0
1914-05-01,76,62,T,0.0,0
1914-05-02,74,68,0.31,0.0,0
1914-05-03,75,67,0.03,0.0,0
1914-05-04,80,61,2.12,0.0,0
1914-05-05,90,64,0.00,0.0,0
1914-05-06,83,63,0.00,0.0,0
1914-05-07,81,63,0.08,0.0,0
1914-05-08,74,54,0.00,0.0,0
1914-05-09,81,58,0.00,0.0,0
1914-05-10,84,65,0.00,0.0,0
1914-05-11,86,69,0.00,0.0,0
1914-05-12,75,53,0.40,0.0,0
1914-05-13,68,51,0.05,0.0,0
1914-05-14,70,53,0.00,0.0,0
1914-05-15,74,58,0.00,0.0,0
1914-05-16,66,56,0.10,0.0,0
1914-05-17,71,56,0.32,0.0,0
1914-05-18,77,64,0.22,0.0,0
1914-05-19,75,65,0.01,0.0,0
1914-05-20,78,64,0.40,0.0,0
1914-05-21,80,67,T,0.0,0
1914-05-22,83,66,0.01,0.0,0
1914-05-23,86,66,0.00,0.0,0
1914-05-24,85,66,T,0.0,0
1914-05-25,86,71,0.00,0.0,0
1914-05-26,82,68,0.47,0.0,0
1914-05-27,80,67,1.38,0.0,0
1914-05-28,82,65,T,0.0,0
1914-05-29,75,69,1.20,0.0,0
1914-05-30,82,69,T,0.0,0
1914-05-31,85,70,0.00,0.0,0
1914-06-01,86,69,0.00,0.0,0
1914-06-02,88,73,0.00,0.0,0
1914-06-03,85,73,0.00,0.0,0
1914-06-04,88,71,0.00,0.0,0
1914-06-05,88,72,0.00,0.0,0
1914-06-06,87,74,0.01,0.0,0
1914-06-07,90,71,T,0.0,0
1914-06-08,90,74,0.00,0.0,0
1914-06-09,93,73,0.00,0.0,0
1914-06-10,95,74,0.00,0.0,0
1914-06-11,94,77,0.00,0.0,0
1914-06-12,94,74,0.00,0.0,0
1914-06-13,95,76,0.00,0.0,0
1914-06-14,95,78,0.00,0.0,0
1914-06-15,94,75,0.00,0.0,0
1914-06-16,86,71,1.09,0.0,0
1914-06-17,86,73,1.76,0.0,0
1914-06-18,93,74,0.00,0.0,0
1914-06-19,96,72,0.00,0.0,0
1914-06-20,94,76,0.00,0.0,0
1914-06-21,93,76,0.00,0.0,0
1914-06-22,92,75,0.00,0.0,0
1914-06-23,92,74,0.00,0.0,0
1914-06-24,94,76,0.00,0.0,0
1914-06-25,94,76,0.00,0.0,0
1914-06-26,97,78,0.00,0.0,0
1914-06-27,98,76,0.00,0.0,0
1914-06-28,101,80,0.00,0.0,0
1914-06-29,100,80,0.00,0.0,0
1914-06-30,98,77,0.00,0.0,0
1914-07-01,94,79,0.00,0.0,0
1914-07-02,96,78,T,0.0,0
1914-07-03,96,78,0.00,0.0,0
1914-07-04,96,77,0.00,0.0,0
1914-07-05,97,77,0.00,0.0,0
1914-07-06,97,79,0.00,0.0,0
1914-07-07,102,79,T,0.0,0
1914-07-08,97,74,0.00,0.0,0
1914-07-09,99,75,0.00,0.0,0
1914-07-10,96,74,0.00,0.0,0
1914-07-11,95,76,0.00,0.0,0
1914-07-12,96,77,0.00,0.0,0
1914-07-13,99,79,0.00,0.0,0
1914-07-14,102,81,0.00,0.0,0
1914-07-15,99,80,0.00,0.0,0
1914-07-16,98,77,0.00,0.0,0
1914-07-17,100,78,0.00,0.0,0
1914-07-18,99,79,0.00,0.0,0
1914-07-19,102,78,0.00,0.0,0
1914-07-20,100,77,0.00,0.0,0
1914-07-21,98,77,0.00,0.0,0
1914-07-22,99,80,0.11,0.0,0
1914-07-23,95,76,0.00,0.0,0
1914-07-24,96,71,0.50,0.0,0
1914-07-25,92,72,0.39,0.0,0
1914-07-26,94,72,0.00,0.0,0
1914-07-27,97,74,0.00,0.0,0
1914-07-28,99,74,0.00,0.0,0
1914-07-29,101,78,0.00,0.0,0
1914-07-30,102,82,0.00,0.0,0
1914-07-31,101,78,0.00,0.0,0
1914-08-01,101,80,0.00,0.0,0
1914-08-02,99,80,0.14,0.0,0
1914-08-03,89,70,0.29,0.0,0
1914-08-04,92,75,0.00,0.0,0
1914-08-05,90,74,0.01,0.0,0
1914-08-06,90,73,0.03,0.0,0
1914-08-07,84,70,T,0.0,0
1914-08-08,84,71,0.01,0.0,0
1914-08-09,87,71,0.03,0.0,0
1914-08-10,86,76,T,0.0,0
1914-08-11,93,76,T,0.0,0
1914-08-12,92,72,T,0.0,0
1914-08-13,82,72,0.02,0.0,0
1914-08-14,80,70,0.87,0.0,0
1914-08-15,80,70,1.41,0.0,0
1914-08-16,85,69,0.14,0.0,0
1914-08-17,89,71,0.14,0.0,0
1914-08-18,90,71,0.01,0.0,0
1914-08-19,90,74,0.00,0.0,0
1914-08-20,94,75,0.00,0.0,0
1914-08-21,95,76,0.00,0.0,0
1914-08-22,92,72,0.00,0.0,0
1914-08-23,90,72,0.00,0.0,0
1914-08-24,86,75,T,0.0,0
1914-08-25,89,68,1.47,0.0,0
1914-08-26,86,71,0.80,0.0,0
1914-08-27,85,73,0.61,0.0,0
1914-08-28,85,66,0.32,0.0,0
1914-08-29,91,72,0.00,0.0,0
1914-08-30,91,76,0.00,0.0,0
1914-08-31,91,73,0.00,0.0,0
1914-09-01,93,76,0.00,0.0,0
1914-09-02,91,74,0.00,0.0,0
1914-09-03,93,74,0.00,0.0,0
1914-09-04,94,73,0.00,0.0,0
1914-09-05,94,74,0.00,0.0,0
1914-09-06,92,73,0.00,0.0,0
1914-09-07,91,72,0.00,0.0,0
1914-09-08,91,71,0.00,0.0,0
1914-09-09,91,70,0.00,0.0,0
1914-09-10,93,72,0.00,0.0,0
1914-09-11,94,77,0.00,0.0,0
1914-09-12,92,71,0.00,0.0,0
1914-09-13,93,75,0.00,0.0,0
1914-09-14,94,78,0.00,0.0,0
1914-09-15,93,75,0.00,0.0,0
1914-09-16,91,75,0.00,0.0,0
1914-09-17,90,73,0.00,0.0,0
1914-09-18,88,72,T,0.0,0
1914-09-19,83,70,0.00,0.0,0
1914-09-20,85,67,0.05,0.0,0
1914-09-21,88,69,0.00,0.0,0
1914-09-22,84,64,2.04,0.0,0
1914-09-23,74,56,0.00,0.0,0
1914-09-24,80,51,0.00,0.0,0
1914-09-25,82,56,0.00,0.0,0
1914-09-26,77,58,0.00,0.0,0
1914-09-27,79,56,0.00,0.0,0
1914-09-28,80,60,0.00,0.0,0
1914-09-29,80,55,0.00,0.0,0
1914-09-30,79,61,0.00,0.0,0
1914-10-01,78,56,0.00,0.0,0
1914-10-02,82,58,0.00,0.0,0
1914-10-03,75,61,0.00,0.0,0
1914-10-04,82,60,0.00,0.0,0
1914-10-05,84,66,0.00,0.0,0
1914-10-06,87,66,0.00,0.0,0
1914-10-07,86,67,0.00,0.0,0
1914-10-08,86,69,T,0.0,0
1914-10-09,89,73,T,0.0,0
1914-10-10,85,68,0.00,0.0,0
1914-10-11,77,63,0.00,0.0,0
1914-10-12,76,61,0.02,0.0,0
1914-10-13,66,49,0.00,0.0,0
1914-10-14,60,42,0.00,0.0,0
1914-10-15,64,44,0.00,0.0,0
1914-10-16,73,42,0.00,0.0,0
1914-10-17,89,49,0.00,0.0,0
1914-10-18,79,51,0.12,0.0,0
1914-10-19,69,60,0.20,0.0,0
1914-10-20,83,61,0.01,0.0,0
1914-10-21,81,66,T,0.0,0
1914-10-22,77,68,T,0.0,0
1914-10-23,81,66,0.00,0.0,0
1914-10-24,77,58,T,0.0,0
1914-10-25,61,56,T,0.0,0
1914-10-26,68,51,0.00,0.0,0
1914-10-27,62,37,0.00,0.0,0
1914-10-28,72,39,0.00,0.0,0
1914-10-29,74,44,0.00,0.0,0
1914-10-30,74,42,0.00,0.0,0
1914-10-31,78,47,0.00,0.0,0
1914-11-01,79,52,0.00,0.0,0
1914-11-02,79,54,0.00,0.0,0
1914-11-03,81,56,0.00,0.0,0
1914-11-04,83,55,0.00,0.0,0
1914-11-05,83,55,0.00,0.0,0
1914-11-06,79,58,T,0.0,0
1914-11-07,77,58,0.00,0.0,0
1914-11-08,66,46,0.20,0.0,0
1914-11-09,66,37,0.00,0.0,0
1914-11-10,67,42,0.00,0.0,0
1914-11-11,66,49,T,0.0,0
1914-11-12,62,56,2.01,0.0,0
1914-11-13,67,55,T,0.0,0
1914-11-14,71,48,0.00,0.0,0
1914-11-15,62,47,0.00,0.0,0
1914-11-16,52,38,0.00,0.0,0
1914-11-17,54,33,0.00,0.0,0
1914-11-18,52,38,0.00,0.0,0
1914-11-19,56,36,0.00,0.0,0
1914-11-20,70,30,0.00,0.0,0
1914-11-21,75,42,0.00,0.0,0
1914-11-22,73,44,0.00,0.0,0
1914-11-23,70,49,0.03,0.0,0
1914-11-24,60,53,0.20,0.0,0
1914-11-25,62,53,0.06,0.0,0
1914-11-26,55,50,1.59,0.0,0
1914-11-27,57,52,0.67,0.0,0
1914-11-28,55,51,0.04,0.0,0
1914-11-29,66,45,0.00,0.0,0
1914-11-30,65,49,0.00,0.0,0
1914-12-01,60,54,1.38,0.0,0
1914-12-02,55,47,0.08,0.0,0
1914-12-03,58,43,0.00,0.0,0
1914-12-04,58,40,0.00,0.0,0
1914-12-05,47,42,T,0.0,0
1914-12-06,49,44,0.01,0.0,0
1914-12-07,55,46,0.05,0.0,0
1914-12-08,52,43,0.00,0.0,0
1914-12-09,43,37,0.00,0.0,0
1914-12-10,39,27,0.00,0.0,0
1914-12-11,38,23,0.00,0.0,0
1914-12-12,40,34,0.39,0.0,0
1914-12-13,39,23,T,0.0,0
1914-12-14,32,17,0.00,0.0,0
1914-12-15,39,19,0.00,0.0,0
1914-12-16,42,26,T,T,0
1914-12-17,38,32,0.08,T,0
1914-12-18,40,34,0.02,0.0,0
1914-12-19,41,38,0.01,0.0,0
1914-12-20,46,39,T,0.0,0
1914-12-21,42,30,T,T,0
1914-12-22,40,33,0.06,0.0,0
1914-12-23,42,38,0.02,0.0,0
1914-12-24,44,41,0.55,0.0,0
1914-12-25,41,29,0.02,T,0
1914-12-26,43,26,0.00,0.0,0
1914-12-27,50,30,0.00,0.0,0
1914-12-28,48,44,0.76,0.0,0
1914-12-29,50,37,T,0.0,0
1914-12-30,42,28,0.00,0.0,0
1914-12-31,55,32,0.00,0.0,0
1915-01-01,63,36,0.00,0.0,0
1915-01-02,60,38,0.00,0.0,0
1915-01-03,51,44,0.23,0.0,0
1915-01-04,61,43,0.00,0.0,0
1915-01-05,59,49,0.01,0.0,0
1915-01-06,57,38,0.00,0.0,0
1915-01-07,54,30,0.00,0.0,0
1915-01-08,57,43,0.00,0.0,0
1915-01-09,59,34,T,0.0,0
1915-01-10,56,45,0.11,0.0,0
1915-01-11,51,36,0.00,0.0,0
1915-01-12,57,29,0.00,0.0,0
1915-01-13,65,39,0.00,0.0,0
1915-01-14,66,39,0.00,0.0,0
1915-01-15,67,40,0.14,0.0,0
1915-01-16,57,33,0.06,0.0,0
1915-01-17,39,30,0.00,0.0,0
1915-01-18,47,30,0.00,0.0,0
1915-01-19,57,33,0.00,0.0,0
1915-01-20,53,37,0.00,0.0,0
1915-01-21,66,36,0.00,0.0,0
1915-01-22,61,25,0.28,0.0,0
1915-01-23,32,20,T,T,0
1915-01-24,33,25,0.06,0.8,T
1915-01-25,44,23,0.00,0.0,T
1915-01-26,54,33,0.03,0.0,0
1915-01-27,41,36,T,0.0,0
1915-01-28,39,28,T,0.0,0
1915-01-29,54,38,0.01,0.0,0
1915-01-30,68,54,1.09,0.0,0
1915-01-31,64,36,0.15,0.0,0
1915-02-01,43,32,0.00,0.0,0
1915-02-02,54,31,0.00,0.0,0
1915-02-03,67,37,0.10,0.0,0
1915-02-04,65,50,0.09,0.0,0
1915-02-05,53,40,0.00,0.0,0
1915-02-06,55,34,0.00,0.0,0
1915-02-07,70,32,0.00,0.0,0
1915-02-08,65,37,0.00,0.0,0
1915-02-09,68,41,0.00,0.0,0
1915-02-10,71,48,0.00,0.0,0
1915-02-11,70,53,T,0.0,0
1915-02-12,67,57,T,0.0,0
1915-02-13,64,51,0.14,0.0,0
1915-02-14,62,43,0.00,0.0,0
1915-02-15,62,40,0.00,0.0,0
1915-02-16,65,40,0.00,0.0,0
1915-02-17,62,43,0.00,0.0,0
1915-02-18,57,45,0.04,0.0,0
1915-02-19,62,47,T,0.0,0
1915-02-20,62,49,0.77,0.0,0
1915-02-21,62,41,T,0.0,0
1915-02-22,65,43,0.29,0.0,0
1915-02-23,54,39,0.00,0.0,0
1915-02-24,60,35,0.00,0.0,0
1915-02-25,64,47,0.00,0.0,0
1915-02-26,53,45,0.25,0.0,0
1915-02-27,55,44,0.33,0.0,0
1915-02-28,48,36,0.01,0.0,0
1915-03-01,45,36,0.00,0.0,0
1915-03-02,50,40,0.08,0.0,0
1915-03-03,52,44,1.52,0.0,0
1915-03-04,50,41,0.16,0.0,0
1915-03-05,52,34,0.00,0.0,0
1915-03-06,41,35,T,T,0
1915-03-07,43,31,T,T,0
1915-03-08,37,31,0.00,0.0,0
1915-03-09,38,32,0.14,1.3,0
1915-03-10,44,36,T,0.0,0
1915-03-11,53,40,T,0.0,0
1915-03-12,54,43,T,0.0,0
1915-03-13,59,38,0.00,0.0,0
1915-03-14,69,41,0.00,0.0,0
1915-03-15,57,37,0.00,0.0,0
1915-03-16,49,32,0.00,0.0,0
1915-03-17,53,30,0.00,0.0,0
1915-03-18,74,41,0.00,0.0,0
1915-03-19,58,36,0.00,0.0,0
1915-03-20,50,29,0.00,0.0,0
1915-03-21,41,30,0.00,0.0,0
1915-03-22,56,32,0.01,0.0,0
1915-03-23,54,34,0.00,0.0,0
1915-03-24,72,36,0.00,0.0,0
1915-03-25,77,54,0.00,0.0,0
1915-03-26,54,43,T,0.0,0
1915-03-27,56,39,0.02,0.0,0
1915-03-28,67,43,T,0.0,0
1915-03-29,74,58,T,0.0,0
1915-03-30,69,41,T,0.0,0
1915-03-31,54,36,0.00,0.0,0
1915-04-01,53,42,T,0.0,0
1915-04-02,56,40,T,0.0,0
1915-04-03,63,34,0.00,0.0,0
1915-04-04,75,46,0.00,0.0,0
1915-04-05,73,56,0.00,0.0,0
1915-04-06,76,60,T,0.0,0
1915-04-07,70,59,0.09,0.0,0
1915-04-08,80,61,0.01,0.0,0
1915-04-09,77,61,0.17,0.0,0
1915-04-10,70,56,0.01,0.0,0
1915-04-11,79,55,0.00,0.0,0
1915-04-12,76,54,0.00,0.0,0
1915-04-13,79,56,0.00,0.0,0
1915-04-14,78,57,0.00,0.0,0
1915-04-15,80,58,0.00,0.0,0
1915-04-16,81,58,0.00,0.0,0
1915-04-17,77,59,0.08,0.0,0
1915-04-18,78,57,0.00,0.0,0
1915-04-19,69,58,0.07,0.0,0
1915-04-20,79,55,T,0.0,0
1915-04-21,75,67,T,0.0,0
1915-04-22,76,59,1.87,0.0,0
1915-04-23,70,60,1.13,0.0,0
1915-04-24,77,62,T,0.0,0
1915-04-25,73,63,0.36,0.0,0
1915-04-26,82,65,0.00,0.0,0
1915-04-27,80,70,0.00,0.0,0
1915-04-28,84,67,0.00,0.0,0
1915-04-29,86,71,0.01,0.0,0
1915-04-30,80,64,0.06,0.0,0
1915-05-01,81,67,0.00,0.0,0
1915-05-02,83,68,T,0.0,0
1915-05-03,85,67,0.00,0.0,0
1915-05-04,75,62,0.01,0.0,0
1915-05-05,69,57,0.10,0.0,0
1915-05-06,72,58,0.76,0.0,0
1915-05-07,66,51,T,0.0,0
1915-05-08,81,50,0.00,0.0,0
1915-05-09,80,61,0.00,0.0,0
1915-05-10,72,60,0.14,0.0,0
1915-05-11,80,56,0.00,0.0,0
1915-05-12,86,59,0.00,0.0,0
1915-05-13,90,62,0.00,0.0,0
1915-05-14,90,68,0.00,0.0,0
1915-05-15,88,65,0.00,0.0,0
1915-05-16,88,67,0.00,0.0,0
1915-05-17,83,62,0.00,0.0,0
1915-05-18,84,65,0.00,0.0,0
1915-05-19,81,69,0.01,0.0,0
1915-05-20,87,68,0.29,0.0,0
1915-05-21,87,66,T,0.0,0
1915-05-22,87,72,0.00,0.0,0
1915-05-23,91,73,T,0.0,0
1915-05-24,90,73,0.00,0.0,0
1915-05-25,90,74,0.00,0.0,0
1915-05-26,88,64,0.30,0.0,0
1915-05-27,87,69,T,0.0,0
1915-05-28,77,59,0.00,0.0,0
1915-05-29,92,63,0.10,0.0,0
1915-05-30,81,62,0.02,0.0,0
1915-05-31,75,58,0.00,0.0,0
1915-06-01,81,59,0.00,0.0,0
1915-06-02,89,63,0.00,0.0,0
1915-06-03,88,71,T,0.0,0
1915-06-04,88,73,T,0.0,0
1915-06-05,91,65,1.96,0.0,0
1915-06-06,89,67,1.64,0.0,0
1915-06-07,73,64,0.03,0.0,0
1915-06-08,81,62,T,0.0,0
1915-06-09,86,66,0.00,0.0,0
1915-06-10,91,72,0.00,0.0,0
1915-06-11,92,73,0.00,0.0,0
1915-06-12,94,75,0.00,0.0,0
1915-06-13,95,78,0.02,0.0,0
1915-06-14,89,68,1.05,0.0,0
1915-06-15,88,68,0.00,0.0,0
1915-06-16,81,71,T,0.0,0
1915-06-17,91,73,0.00,0.0,0
1915-06-18,94,75,0.00,0.0,0
1915-06-19,94,75,0.00,0.0,0
1915-06-20,95,73,0.00,0.0,0
1915-06-21,99,76,0.00,0.0,0
1915-06-22,96,76,0.00,0.0,0
1915-06-23,94,76,0.00,0.0,0
1915-06-24,90,76,0.00,0.0,0
1915-06-25,82,70,1.33,0.0,0
1915-06-26,89,71,0.16,0.0,0
1915-06-27,95,75,T,0.0,0
1915-06-28,97,76,0.00,0.0,0
1915-06-29,84,68,0.26,0.0,0
1915-06-30,94,72,T,0.0,0
1915-07-01,95,73,0.00,0.0,0
1915-07-02,87,70,0.01,0.0,0
1915-07-03,86,68,T,0.0,0
1915-07-04,78,67,0.11,0.0,0
1915-07-05,82,59,0.00,0.0,0
1915-07-06,91,66,0.00,0.0,0
1915-07-07,94,76,0.00,0.0,0
1915-07-08,96,78,0.00,0.0,0
1915-07-09,93,74,0.00,0.0,0
1915-07-10,94,76,0.00,0.0,0
1915-07-11,95,77,0.00,0.0,0
1915-07-12,96,77,0.00,0.0,0
1915-07-13,95,75,0.00,0.0,0
1915-07-14,95,76,0.00,0.0,0
1915-07-15,96,74,0.00,0.0,0
1915-07-16,95,71,0.00,0.0,0
1915-07-17,96,79,0.00,0.0,0
1915-07-18,97,78,0.00,0.0,0
1915-07-19,95,77,0.00,0.0,0
1915-07-20,85,76,T,0.0,0
1915-07-21,84,71,0.00,0.0,0
1915-07-22,86,63,0.00,0.0,0
1915-07-23,89,63,0.00,0.0,0
1915-07-24,90,66,0.00,0.0,0
1915-07-25,90,68,0.00,0.0,0
1915-07-26,93,70,0.00,0.0,0
1915-07-27,91,71,T,0.0,0
1915-07-28,96,78,0.00,0.0,0
1915-07-29,98,77,0.00,0.0,0
1915-07-30,96,78,0.00,0.0,0
1915-07-31,96,76,0.00,0.0,0
1915-08-01,93,81,T,0.0,0
1915-08-02,93,80,T,0.0,0
1915-08-03,87,70,0.00,0.0,0
1915-08-04,92,66,0.00,0.0,0
1915-08-05,98,74,0.01,0.0,0
1915-08-06,96,73,0.00,0.0,0
1915-08-07,99,73,0.00,0.0,0
1915-08-08,98,74,T,0.0,0
1915-08-09,95,73,0.00,0.0,0
1915-08-10,83,71,0.09,0.0,0
1915-08-11,90,67,0.00,0.0,0
1915-08-12,96,71,0.01,0.0,0
1915-08-13,85,68,0.02,0.0,0
1915-08-14,94,70,T,0.0,0
1915-08-15,91,70,0.00,0.0,0
1915-08-16,93,71,0.00,0.0,0
1915-08-17,81,71,2.65,0.0,0
1915-08-18,74,72,4.38,0.0,0
1915-08-19,80,70,0.03,0.0,0
1915-08-20,86,68,0.00,0.0,0
1915-08-21,88,70,0.00,0.0,0
1915-08-22,91,72,0.00,0.0,0
1915-08-23,90,72,0.00,0.0,0
1915-08-24,81,70,2.87,0.0,0
1915-08-25,88,71,0.26,0.0,0
1915-08-26,90,69,0.37,0.0,0
1915-08-27,85,68,0.13,0.0,0
1915-08-28,88,70,0.00,0.0,0
1915-08-29,81,70,T,0.0,0
1915-08-30,75,61,0.00,0.0,0
1915-08-31,77,57,0.00,0.0,0
1915-09-01,78,61,0.00,0.0,0
1915-09-02,81,60,0.00,0.0,0
1915-09-03,84,68,0.00,0.0,0
1915-09-04,88,66,0.00,0.0,0
1915-09-05,90,68,0.00,0.0,0
1915-09-06,89,69,0.00,0.0,0
1915-09-07,88,71,0.00,0.0,0
1915-09-08,90,72,0.00,0.0,0
1915-09-09,90,72,0.00,0.0,0
1915-09-10,90,74,0.00,0.0,0
1915-09-11,90,71,0.00,0.0,0
1915-09-12,89,72,0.00,0.0,0
1915-09-13,87,74,0.00,0.0,0
1915-09-14,91,76,0.00,0.0,0
1915-09-15,78,69,0.26,0.0,0
1915-09-16,89,72,T,0.0,0
1915-09-17,90,73,0.00,0.0,0
1915-09-18,91,73,T,0.0,0
1915-09-19,90,75,0.00,0.0,0
1915-09-20,92,69,0.01,0.0,0
1915-09-21,74,65,0.01,0.0,0
1915-09-22,73,61,0.00,0.0,0
1915-09-23,73,63,T,0.0,0
1915-09-24,80,65,0.25,0.0,0
1915-09-25,88,74,T,0.0,0
1915-09-26,90,74,T,0.0,0
1915-09-27,90,72,0.00,0.0,0
1915-09-28,92,71,0.00,0.0,0
1915-09-29,89,71,T,0.0,0
1915-09-30,78,65,0.00,0.0,0
1915-10-01,76,58,0.00,0.0,0
1915-10-02,85,51,0.00,0.0,0
1915-10-03,90,64,0.00,0.0,0
1915-10-04,78,60,T,0.0,0
1915-10-05,68,49,0.00,0.0,0
1915-10-06,75,45,0.00,0.0,0
1915-10-07,72,48,0.00,0.0,0
1915-10-08,75,47,0.00,0.0,0
1915-10-09,76,48,0.00,0.0,0
1915-10-10,79,50,0.00,0.0,0
1915-10-11,78,50,0.00,0.0,0
1915-10-12,73,57,0.01,0.0,0
1915-10-13,75,47,0.00,0.0,0
1915-10-14,81,55,0.00,0.0,0
1915-10-15,78,66,0.06,0.0,0
1915-10-16,88,72,0.01,0.0,0
1915-10-17,82,63,0.88,0.0,0
1915-10-18,76,63,1.02,0.0,0
1915-10-19,83,58,0.00,0.0,0
1915-10-20,83,60,0.00,0.0,0
1915-10-21,79,52,0.00,0.0,0
1915-10-22,76,51,0.00,0.0,0
1915-10-23,79,50,0.00,0.0,0
1915-10-24,80,52,0.00,0.0,0
1915-10-25,82,54,0.00,0.0,0
1915-10-26,81,53,0.00,0.0,0
1915-10-27,84,55,0.00,0.0,0
1915-10-28,86,58,0.00,0.0,0
1915-10-29,87,58,0.00,0.0,0
1915-10-30,87,56,0.00,0.0,0
1915-10-31,84,56,0.00,0.0,0
1915-11-01,83,65,0.00,0.0,0
1915-11-02,82,54,0.00,0.0,0
1915-11-03,80,60,0.00,0.0,0
1915-11-04,82,58,0.00,0.0,0
1915-11-05,82,64,0.00,0.0,0
1915-11-06,82,66,0.00,0.0,0
1915-11-07,83,67,0.20,0.0,0
1915-11-08,86,65,0.00,0.0,0
1915-11-09,79,53,0.00,0.0,0
1915-11-10,82,69,0.00,0.0,0
1915-11-11,75,54,0.21,0.0,0
1915-11-12,66,52,0.06,0.0,0
1915-11-13,55,51,0.20,0.0,0
1915-11-14,56,38,0.34,0.0,0
1915-11-15,61,31,0.00,0.0,0
1915-11-16,60,37,0.00,0.0,0
1915-11-17,70,42,0.00,0.0,0
1915-11-18,60,43,0.00,0.0,0
1915-11-19,66,44,0.00,0.0,0
1915-11-20,77,42,0.00,0.0,0
1915-11-21,65,45,0.00,0.0,0
1915-11-22,62,35,0.00,0.0,0
1915-11-23,69,41,0.00,0.0,0
1915-11-24,75,50,T,0.0,0
1915-11-25,75,49,0.07,0.0,0
1915-11-26,62,44,T,0.0,0
1915-11-27,70,40,0.00,0.0,0
1915-11-28,54,38,T,0.0,0
1915-11-29,57,31,0.00,0.0,0
1915-11-30,64,33,0.00,0.0,0
1915-12-01,61,42,0.00,0.0,0
1915-12-02,55,30,0.00,0.0,0
1915-12-03,61,33,0.00,0.0,0
1915-12-04,71,45,0.00,0.0,0
1915-12-05,71,51,0.00,0.0,0
1915-12-06,61,55,0.79,0.0,0
1915-12-07,57,51,0.21,0.0,0
1915-12-08,68,47,0.00,0.0,0
1915-12-09,71,47,0.00,0.0,0
1915-12-10,75,47,0.00,0.0,0
1915-12-11,52,39,0.00,0.0,0
1915-12-12,55,34,0.00,0.0,0
1915-12-13,60,36,0.00,0.0,0
1915-12-14,63,46,T,0.0,0
1915-12-15,73,58,T,0.0,0
1915-12-16,68,38,1.24,0.0,0
1915-12-17,47,30,0.00,0.0,0
1915-12-18,51,35,0.00,0.0,0
1915-12-19,47,35,0.00,0.0,0
1915-12-20,57,31,0.00,0.0,0
1915-12-21,59,35,0.00,0.0,0
1915-12-22,70,37,0.00,0.0,0
1915-12-23,70,42,0.00,0.0,0
1915-12-24,60,38,T,0.0,0
1915-12-25,52,30,0.00,0.0,0
1915-12-26,66,39,0.00,0.0,0
1915-12-27,59,31,0.04,0.0,0
1915-12-28,32,25,0.14,0.6,1
1915-12-29,54,22,0.00,0.0,0
1915-12-30,59,43,0.05,0.0,0
1915-12-31,70,53,0.05,0.0,0
1916-01-01,72,56,0.75,0.0,0
1916-01-02,67,42,0.00,0.0,0
1916-01-03,65,49,T,0.0,0
1916-01-04,69,58,T,0.0,0
1916-01-05,79,40,T,0.0,0
1916-01-06,40,35,T,0.0,0
1916-01-07,39,35,T,0.0,0
1916-01-08,48,36,T,0.0,0
1916-01-09,64,46,0.02,0.0,0
1916-01-10,76,60,0.00,0.0,0
1916-01-11,79,67,0.00,0.0,0
1916-01-12,70,14,0.50,T,0
1916-01-13,28,9,0.00,0.0,0
1916-01-14,40,20,0.00,0.0,0
1916-01-15,59,32,T,0.0,0
1916-01-16,43,19,0.01,0.1,T
1916-01-17,28,19,T,T,T
1916-01-18,32,26,T,T,T
1916-01-19,43,26,0.06,T,T
1916-01-20,72,43,0.09,0.0,0
1916-01-21,68,50,1.01,0.0,0
1916-01-22,63,39,0.00,0.0,0
1916-01-23,63,40,0.00,0.0,0
1916-01-24,68,42,0.00,0.0,0
1916-01-25,67,52,T,0.0,0
1916-01-26,69,54,2.66,0.0,0
1916-01-27,58,30,0.04,0.0,0
1916-01-28,42,30,0.03,0.0,0
1916-01-29,53,33,0.21,0.0,0
1916-01-30,35,29,0.47,0.0,0
1916-01-31,34,26,0.03,0.0,0
1916-02-01,30,23,0.00,0.0,0
1916-02-02,38,18,0.00,0.0,0
1916-02-03,46,26,0.00,0.0,0
1916-02-04,51,34,0.00,0.0,0
1916-02-05,70,38,T,0.0,0
1916-02-06,38,27,T,T,0
1916-02-07,38,29,0.00,0.0,0
1916-02-08,62,38,0.00,0.0,0
1916-02-09,55,46,T,0.0,0
1916-02-10,58,49,T,0.0,0
1916-02-11,76,49,T,0.0,0
1916-02-12,66,37,T,0.0,0
1916-02-13,47,28,0.00,0.0,0
1916-02-14,56,27,0.00,0.0,0
1916-02-15,70,34,0.00,0.0,0
1916-02-16,73,39,0.00,0.0,0
1916-02-17,78,48,0.00,0.0,0
1916-02-18,60,41,0.00,0.0,0
1916-02-19,64,33,0.00,0.0,0
1916-02-20,75,43,0.00,0.0,0
1916-02-21,73,45,0.00,0.0,0
1916-02-22,82,60,0.00,0.0,0
1916-02-23,62,43,0.00,0.0,0
1916-02-24,74,41,0.00,0.0,0
1916-02-25,63,44,0.00,0.0,0
1916-02-26,62,41,0.00,0.0,0
1916-02-27,51,43,0.00,0.0,0
1916-02-28,50,35,0.00,0.0,0
1916-02-29,50,34,T,0.0,0
1916-03-01,77,40,T,0.0,0
1916-03-02,54,37,T,0.0,0
1916-03-03,49,24,0.00,0.0,0
1916-03-04,70,32,0.00,0.0,0
1916-03-05,86,54,0.00,0.0,0
1916-03-06,89,59,0.00,0.0,0
1916-03-07,70,46,0.00,0.0,0
1916-03-08,59,38,0.00,0.0,0
1916-03-09,71,45,0.00,0.0,0
1916-03-10,81,50,0.00,0.0,0
1916-03-11,70,46,0.00,0.0,0
1916-03-12,85,56,0.00,0.0,0
1916-03-13,88,61,0.00,0.0,0
1916-03-14,73,48,0.00,0.0,0
1916-03-15,60,40,0.00,0.0,0
1916-03-16,74,38,0.00,0.0,0
1916-03-17,82,52,0.00,0.0,0
1916-03-18,84,58,0.00,0.0,0
1916-03-19,84,61,0.00,0.0,0
1916-03-20,89,61,0.00,0.0,0
1916-03-21,96,65,0.00,0.0,0
1916-03-22,81,62,0.00,0.0,0
1916-03-23,70,50,0.17,0.0,0
1916-03-24,80,56,0.61,0.0,0
1916-03-25,59,50,T,0.0,0
1916-03-26,55,39,0.00,0.0,0
1916-03-27,69,42,0.00,0.0,0
1916-03-28,85,49,0.00,0.0,0
1916-03-29,81,58,0.00,0.0,0
1916-03-30,77,56,0.01,0.0,0
1916-03-31,73,52,1.54,0.0,0
1916-04-01,60,54,1.97,0.0,0
1916-04-02,55,50,0.20,0.0,0
1916-04-03,66,47,0.00,0.0,0
1916-04-04,70,53,0.02,0.0,0
1916-04-05,64,53,T,0.0,0
1916-04-06,56,48,1.26,0.0,0
1916-04-07,54,44,T,0.0,0
1916-04-08,49,39,0.00,0.0,0
1916-04-09,57,35,0.00,0.0,0
1916-04-10,76,45,0.00,0.0,0
1916-04-11,77,60,0.00,0.0,0
1916-04-12,79,64,0.00,0.0,0
1916-04-13,72,65,T,0.0,0
1916-04-14,76,65,T,0.0,0
1916-04-15,69,55,1.12,0.0,0
1916-04-16,78,56,0.00,0.0,0
1916-04-17,83,57,0.00,0.0,0
1916-04-18,82,62,0.00,0.0,0
1916-04-19,85,67,0.00,0.0,0
1916-04-20,74,62,T,0.0,0
1916-04-21,80,54,0.00,0.0,0
1916-04-22,85,54,0.00,0.0,0
1916-04-23,84,59,0.31,0.0,0
1916-04-24,79,62,0.00,0.0,0
1916-04-25,77,57,T,0.0,0
1916-04-26,64,52,0.22,0.0,0
1916-04-27,61,44,0.00,0.0,0
1916-04-28,69,43,0.00,0.0,0
1916-04-29,77,50,0.00,0.0,0
1916-04-30,81,59,0.05,0.0,0
1916-05-01,65,53,2.30,0.0,0
1916-05-02,61,53,0.16,0.0,0
1916-05-03,68,50,0.00,0.0,0
1916-05-04,79,56,0.00,0.0,0
1916-05-05,83,59,0.00,0.0,0
1916-05-06,83,65,0.00,0.0,0
1916-05-07,84,64,0.00,0.0,0
1916-05-08,86,67,0.00,0.0,0
1916-05-09,86,67,0.00,0.0,0
1916-05-10,91,68,0.00,0.0,0
1916-05-11,86,67,0.00,0.0,0
1916-05-12,86,65,0.00,0.0,0
1916-05-13,88,64,0.00,0.0,0
1916-05-14,86,71,0.00,0.0,0
1916-05-15,73,48,0.46,0.0,0
1916-05-16,74,51,0.00,0.0,0
1916-05-17,74,55,0.45,0.0,0
1916-05-18,65,54,0.17,0.0,0
1916-05-19,68,54,0.00,0.0,0
1916-05-20,76,60,0.01,0.0,0
1916-05-21,77,66,0.08,0.0,0
1916-05-22,87,65,0.00,0.0,0
1916-05-23,89,68,0.00,0.0,0
1916-05-24,86,68,0.00,0.0,0
1916-05-25,87,74,0.00,0.0,0
1916-05-26,90,73,0.00,0.0,0
1916-05-27,91,75,0.00,0.0,0
1916-05-28,90,71,0.00,0.0,0
1916-05-29,95,70,0.00,0.0,0
1916-05-30,94,71,0.00,0.0,0
1916-05-31,92,70,0.00,0.0,0
1916-06-01,94,73,0.00,0.0,0
1916-06-02,96,74,0.00,0.0,0
1916-06-03,92,74,0.00,0.0,0
1916-06-04,85,75,T,0.0,0
1916-06-05,86,70,T,0.0,0
1916-06-06,88,63,0.00,0.0,0
1916-06-07,76,65,0.47,0.0,0
1916-06-08,84,60,0.00,0.0,0
1916-06-09,88,65,0.00,0.0,0
1916-06-10,90,65,0.09,0.0,0
1916-06-11,91,73,0.00,0.0,0
1916-06-12,90,73,T,0.0,0
1916-06-13,94,71,0.00,0.0,0
1916-06-14,88,64,1.23,0.0,0
1916-06-15,86,65,0.06,0.0,0
1916-06-16,88,66,0.01,0.0,0
1916-06-17,82,62,1.83,0.0,0
1916-06-18,92,69,0.00,0.0,0
1916-06-19,91,72,0.00,0.0,0
1916-06-20,91,73,0.00,0.0,0
1916-06-21,92,73,0.00,0.0,0
1916-06-22,93,77,0.00,0.0,0
1916-06-23,95,77,0.00,0.0,0
1916-06-24,94,66,0.17,0.0,0
1916-06-25,89,69,0.06,0.0,0
1916-06-26,94,70,0.16,0.0,0
1916-06-27,92,72,0.00,0.0,0
1916-06-28,91,73,0.00,0.0,0
1916-06-29,89,70,0.00,0.0,0
1916-06-30,93,74,0.00,0.0,0
1916-07-01,93,70,0.00,0.0,0
1916-07-02,92,73,0.00,0.0,0
1916-07-03,93,72,0.00,0.0,0
1916-07-04,94,73,0.07,0.0,0
1916-07-05,92,74,0.00,0.0,0
1916-07-06,93,74,0.00,0.0,0
1916-07-07,96,75,0.00,0.0,0
1916-07-08,96,73,0.00,0.0,0
1916-07-09,96,73,0.00,0.0,0
1916-07-10,99,74,0.00,0.0,0
1916-07-11,98,77,T,0.0,0
1916-07-12,95,78,0.00,0.0,0
1916-07-13,95,77,0.00,0.0,0
1916-07-14,95,78,0.00,0.0,0
1916-07-15,97,77,0.00,0.0,0
1916-07-16,101,77,0.00,0.0,0
1916-07-17,97,75,0.00,0.0,0
1916-07-18,98,77,0.00,0.0,0
1916-07-19,99,76,0.00,0.0,0
1916-07-20,95,76,T,0.0,0
1916-07-21,95,76,T,0.0,0
1916-07-22,97,75,0.00,0.0,0
1916-07-23,97,79,0.00,0.0,0
1916-07-24,95,76,0.00,0.0,0
1916-07-25,96,76,0.00,0.0,0
1916-07-26,88,72,0.19,0.0,0
1916-07-27,94,73,0.00,0.0,0
1916-07-28,96,74,0.20,0.0,0
1916-07-29,88,71,0.02,0.0,0
1916-07-30,92,75,0.05,0.0,0
1916-07-31,95,75,0.00,0.0,0
1916-08-01,99,75,0.35,0.0,0
1916-08-02,98,77,0.00,0.0,0
1916-08-03,96,77,0.00,0.0,0
1916-08-04,93,75,0.00,0.0,0
1916-08-05,88,74,1.98,0.0,0
1916-08-06,92,74,0.02,0.0,0
1916-08-07,93,73,0.00,0.0,0
1916-08-08,96,77,0.00,0.0,0
1916-08-09,93,75,0.00,0.0,0
1916-08-10,95,76,0.00,0.0,0
1916-08-11,95,76,0.00,0.0,0
1916-08-12,96,77,0.00,0.0,0
1916-08-13,97,78,0.00,0.0,0
1916-08-14,95,79,0.00,0.0,0
1916-08-15,95,76,0.00,0.0,0
1916-08-16,94,76,0.00,0.0,0
1916-08-17,94,73,0.00,0.0,0
1916-08-18,95,76,0.00,0.0,0
1916-08-19,95,76,0.00,0.0,0
1916-08-20,98,76,0.00,0.0,0
1916-08-21,100,77,0.00,0.0,0
1916-08-22,97,72,0.18,0.0,0
1916-08-23,90,72,T,0.0,0
1916-08-24,90,66,0.00,0.0,0
1916-08-25,93,66,0.00,0.0,0
1916-08-26,94,75,0.00,0.0,0
1916-08-27,94,70,0.15,0.0,0
1916-08-28,85,66,0.00,0.0,0
1916-08-29,92,68,0.00,0.0,0
1916-08-30,90,72,0.00,0.0,0
1916-08-31,90,70,T,0.0,0
1916-09-01,92,73,0.10,0.0,0
1916-09-02,93,74,0.02,0.0,0
1916-09-03,96,72,T,0.0,0
1916-09-04,96,73,0.00,0.0,0
1916-09-05,94,75,0.00,0.0,0
1916-09-06,94,74,0.00,0.0,0
1916-09-07,94,75,0.00,0.0,0
1916-09-08,92,74,0.32,0.0,0
1916-09-09,95,72,0.00,0.0,0
1916-09-10,93,73,0.00,0.0,0
1916-09-11,95,74,0.00,0.0,0
1916-09-12,90,72,0.14,0.0,0
1916-09-13,88,69,0.28,0.0,0
1916-09-14,86,71,0.00,0.0,0
1916-09-15,77,60,0.00,0.0,0
1916-09-16,78,59,0.00,0.0,0
1916-09-17,84,56,0.00,0.0,0
1916-09-18,86,59,0.00,0.0,0
1916-09-19,86,63,0.00,0.0,0
1916-09-20,91,62,0.00,0.0,0
1916-09-21,92,65,0.00,0.0,0
1916-09-22,92,72,0.00,0.0,0
1916-09-23,91,66,0.00,0.0,0
1916-09-24,87,67,0.00,0.0,0
1916-09-25,82,64,0.45,0.0,0
1916-09-26,85,65,T,0.0,0
1916-09-27,92,72,0.00,0.0,0
1916-09-28,81,58,0.00,0.0,0
1916-09-29,72,45,0.00,0.0,0
1916-09-30,74,49,0.00,0.0,0
1916-10-01,78,51,0.00,0.0,0
1916-10-02,84,54,0.00,0.0,0
1916-10-03,86,64,0.00,0.0,0
1916-10-04,86,65,0.00,0.0,0
1916-10-05,89,62,0.00,0.0,0
1916-10-06,86,63,0.00,0.0,0
1916-10-07,90,62,0.00,0.0,0
1916-10-08,89,67,0.00,0.0,0
1916-10-09,89,68,0.00,0.0,0
1916-10-10,76,58,0.00,0.0,0
1916-10-11,80,59,0.00,0.0,0
1916-10-12,87,64,T,0.0,0
1916-10-13,83,66,2.80,0.0,0
1916-10-14,85,63,T,0.0,0
1916-10-15,80,67,0.33,0.0,0
1916-10-16,79,65,T,0.0,0
1916-10-17,73,62,0.19,0.0,0
1916-10-18,74,62,0.43,0.0,0
1916-10-19,65,40,0.00,0.0,0
1916-10-20,59,34,0.00,0.0,0
1916-10-21,71,43,0.00,0.0,0
1916-10-22,75,44,0.00,0.0,0
1916-10-23,79,56,0.00,0.0,0
1916-10-24,78,53,T,0.0,0
1916-10-25,66,45,0.00,0.0,0
1916-10-26,72,41,0.00,0.0,0
1916-10-27,74,46,0.00,0.0,0
1916-10-28,77,45,0.00,0.0,0
1916-10-29,86,56,0.00,0.0,0
1916-10-30,86,57,0.00,0.0,0
1916-10-31,85,52,0.00,0.0,0
1916-11-01,85,59,0.00,0.0,0
1916-11-02,82,58,0.00,0.0,0
1916-11-03,82,56,0.00,0.0,0
1916-11-04,81,56,0.00,0.0,0
1916-11-05,80,51,0.00,0.0,0
1916-11-06,82,63,0.00,0.0,0
1916-11-07,81,66,0.00,0.0,0
1916-11-08,78,51,0.31,0.0,0
1916-11-09,62,44,0.00,0.0,0
1916-11-10,70,40,0.00,0.0,0
1916-11-11,75,43,0.00,0.0,0
1916-11-12,52,43,0.00,0.0,0
1916-11-13,49,28,0.08,T,T
1916-11-14,38,22,0.00,0.0,0
1916-11-15,55,22,0.00,0.0,0
1916-11-16,66,34,0.00,0.0,0
1916-11-17,61,38,0.00,0.0,0
1916-11-18,66,35,0.00,0.0,0
1916-11-19,69,38,0.00,0.0,0
1916-11-20,74,46,0.00,0.0,0
1916-11-21,65,42,1.89,0.0,0
1916-11-22,45,40,0.10,0.0,0
1916-11-23,58,36,0.00,0.0,0
1916-11-24,51,37,0.00,0.0,0
1916-11-25,55,31,0.00,0.0,0
1916-11-26,59,33,0.00,0.0,0
1916-11-27,69,50,0.09,0.0,0
1916-11-28,71,45,0.00,0.0,0
1916-11-29,64,44,0.00,0.0,0
1916-11-30,61,33,0.00,0.0,0
1916-12-01,69,37,0.00,0.0,0
1916-12-02,74,50,0.00,0.0,0
1916-12-03,80,60,0.00,0.0,0
1916-12-04,79,55,0.00,0.0,0
1916-12-05,75,47,0.00,0.0,0
1916-12-06,74,56,T,0.0,0
1916-12-07,80,50,T,0.0,0
1916-12-08,50,32,T,T,0
1916-12-09,50,27,0.00,0.0,0
1916-12-10,61,30,0.00,0.0,0
1916-12-11,37,25,0.00,0.0,0
1916-12-12,58,25,0.00,0.0,0
1916-12-13,52,30,0.01,0.0,0
1916-12-14,49,21,0.01,0.0,0
1916-12-15,55,20,0.00,0.0,0
1916-12-16,66,31,0.00,0.0,0
1916-12-17,65,35,0.00,0.0,0
1916-12-18,45,34,0.00,0.0,0
1916-12-19,66,31,0.00,0.0,0
1916-12-20,57,19,0.00,0.0,0
1916-12-21,27,17,T,T,0
1916-12-22,45,14,0.00,0.0,0
1916-12-23,54,33,T,0.0,0
1916-12-24,59,43,0.00,0.0,0
1916-12-25,71,49,T,0.0,0
1916-12-26,68,49,T,0.0,0
1916-12-27,55,42,T,0.0,0
1916-12-28,61,31,0.00,0.0,0
1916-12-29,58,38,0.00,0.0,0
1916-12-30,49,42,T,0.0,0
1916-12-31,51,43,0.06,0.0,0
1917-01-01,65,48,0.05,0.0,0
1917-01-02,73,60,T,0.0,0
1917-01-03,73,58,T,0.0,0
1917-01-04,76,51,0.04,0.0,0
1917-01-05,58,42,0.00,0.0,0
1917-01-06,63,36,0.00,0.0,0
1917-01-07,67,44,0.00,0.0,0
1917-01-08,78,49,0.00,0.0,0
1917-01-09,72,51,0.00,0.0,0
1917-01-10,63,38,0.00,0.0,0
1917-01-11,54,33,0.00,0.0,0
1917-01-12,66,33,T,0.0,0
1917-01-13,33,22,0.00,0.0,0
1917-01-14,25,20,0.69,7.1,6
1917-01-15,32,22,0.00,0.0,6
1917-01-16,31,24,0.13,0.0,4
1917-01-17,34,30,0.07,0.0,2
1917-01-18,41,33,T,0.0,T
1917-01-19,45,35,T,0.0,T
1917-01-20,67,41,T,0.0,T
1917-01-21,66,44,0.01,0.0,0
1917-01-22,44,25,0.00,0.0,0
1917-01-23,37,22,T,T,0
1917-01-24,48,33,T,0.0,0
1917-01-25,58,25,0.00,0.0,0
1917-01-26,62,39,0.00,0.0,0
1917-01-27,67,48,0.00,0.0,0
1917-01-28,67,42,0.01,0.0,0
1917-01-29,79,54,0.00,0.0,0
1917-01-30,84,57,0.00,0.0,0
1917-01-31,69,21,T,0.0,0
1917-02-01,27,13,0.00,0.0,0
1917-02-02,35,13,0.00,0.0,0
1917-02-03,57,20,0.00,0.0,0
1917-02-04,61,22,0.00,0.0,0
1917-02-05,47,18,0.00,0.0,0
1917-02-06,46,29,0.34,0.0,0
1917-02-07,47,38,0.30,0.0,0
1917-02-08,63,42,0.00,0.0,0
1917-02-09,52,35,0.00,0.0,0
1917-02-10,70,41,0.35,0.0,0
1917-02-11,51,35,0.09,0.0,0
1917-02-12,39,32,0.00,0.0,0
1917-02-13,52,37,T,0.0,0
1917-02-14,51,35,0.08,0.0,0
1917-02-15,52,33,0.00,0.0,0
1917-02-16,60,39,0.00,0.0,0
1917-02-17,73,48,0.00,0.0,0
1917-02-18,72,44,0.00,0.0,0
1917-02-19,71,52,0.00,0.0,0
1917-02-20,70,48,0.00,0.0,0
1917-02-21,79,45,0.00,0.0,0
1917-02-22,81,50,0.02,0.0,0
1917-02-23,76,48,0.00,0.0,0
1917-02-24,72,38,0.00,0.0,0
1917-02-25,90,54,0.00,0.0,0
1917-02-26,89,62,0.00,0.0,0
1917-02-27,73,44,0.00,0.0,0
1917-02-28,50,41,0.13,0.0,0
1917-03-01,43,40,1.04,0.0,0
1917-03-02,42,38,0.52,0.0,0
1917-03-03,40,31,0.08,0.8,0
1917-03-04,41,27,0.05,0.4,T
1917-03-05,55,30,0.00,0.0,0
1917-03-06,74,36,0.27,0.0,0
1917-03-07,60,41,0.00,0.0,0
1917-03-08,69,38,0.00,0.0,0
1917-03-09,71,43,0.00,0.0,0
1917-03-10,82,59,0.01,0.0,0
1917-03-11,79,69,0.00,0.0,0
1917-03-12,79,69,T,0.0,0
1917-03-13,74,49,T,0.0,0
1917-03-14,69,40,0.00,0.0,0
1917-03-15,79,59,T,0.0,0
1917-03-16,70,46,1.29,0.0,0
1917-03-17,58,37,0.00,0.0,0
1917-03-18,63,36,0.00,0.0,0
1917-03-19,65,47,T,0.0,0
1917-03-20,75,58,T,0.0,0
1917-03-21,83,66,0.00,0.0,0
1917-03-22,80,59,0.14,0.0,0
1917-03-23,70,48,0.00,0.0,0
1917-03-24,70,39,0.00,0.0,0
1917-03-25,83,48,0.00,0.0,0
1917-03-26,73,49,0.00,0.0,0
1917-03-27,59,36,0.00,0.0,0
1917-03-28,73,41,0.00,0.0,0
1917-03-29,81,49,0.00,0.0,0
1917-03-30,85,63,0.00,0.0,0
1917-03-31,82,69,T,0.0,0
1917-04-01,74,52,0.74,0.0,0
1917-04-02,62,43,0.00,0.0,0
1917-04-03,74,44,0.00,0.0,0
1917-04-04,67,54,T,0.0,0
1917-04-05,68,44,0.00,0.0,0
1917-04-06,77,43,0.00,0.0,0
1917-04-07,70,54,0.00,0.0,0
1917-04-08,62,41,0.00,0.0,0
1917-04-09,67,41,0.00,0.0,0
1917-04-10,71,48,0.00,0.0,0
1917-04-11,68,58,0.76,0.0,0
1917-04-12,69,52,0.07,0.0,0
1917-04-13,70,48,0.00,0.0,0
1917-04-14,71,42,0.00,0.0,0
1917-04-15,76,50,0.00,0.0,0
1917-04-16,79,61,0.00,0.0,0
1917-04-17,81,65,T,0.0,0
1917-04-18,78,67,T,0.0,0
1917-04-19,73,58,0.81,0.0,0
1917-04-20,68,48,0.00,0.0,0
1917-04-21,78,49,0.00,0.0,0
1917-04-22,82,53,0.00,0.0,0
1917-04-23,84,55,T,0.0,0
1917-04-24,86,61,T,0.0,0
1917-04-25,81,62,0.00,0.0,0
1917-04-26,84,62,0.00,0.0,0
1917-04-27,82,60,2.35,0.0,0
1917-04-28,76,60,0.01,0.0,0
1917-04-29,76,52,0.11,0.0,0
1917-04-30,74,54,0.39,0.0,0
1917-05-01,72,48,0.00,0.0,0
1917-05-02,78,55,T,0.0,0
1917-05-03,82,59,0.00,0.0,0
1917-05-04,70,50,0.00,0.0,0
1917-05-05,58,46,T,0.0,0
1917-05-06,52,48,0.43,0.0,0
1917-05-07,62,45,0.00,0.0,0
1917-05-08,66,44,0.00,0.0,0
1917-05-09,60,51,0.04,0.0,0
1917-05-10,69,53,0.36,0.0,0
1917-05-11,75,58,0.09,0.0,0
1917-05-12,76,58,0.01,0.0,0
1917-05-13,79,57,0.00,0.0,0
1917-05-14,79,57,0.00,0.0,0
1917-05-15,79,52,0.00,0.0,0
1917-05-16,81,56,0.00,0.0,0
1917-05-17,86,62,0.00,0.0,0
1917-05-18,85,65,0.00,0.0,0
1917-05-19,84,68,T,0.0,0
1917-05-20,78,61,1.38,0.0,0
1917-05-21,80,62,0.29,0.0,0
1917-05-22,74,57,0.00,0.0,0
1917-05-23,72,50,0.00,0.0,0
1917-05-24,80,60,0.00,0.0,0
1917-05-25,92,69,0.00,0.0,0
1917-05-26,91,72,T,0.0,0
1917-05-27,79,62,0.26,0.0,0
1917-05-28,79,57,0.00,0.0,0
1917-05-29,85,60,0.00,0.0,0
1917-05-30,87,69,0.39,0.0,0
1917-05-31,91,66,0.00,0.0,0
1917-06-01,85,69,0.01,0.0,0
1917-06-02,79,60,T,0.0,0
1917-06-03,86,65,T,0.0,0
1917-06-04,88,69,0.00,0.0,0
1917-06-05,93,72,0.00,0.0,0
1917-06-06,89,75,0.00,0.0,0
1917-06-07,93,73,T,0.0,0
1917-06-08,95,74,T,0.0,0
1917-06-09,93,72,0.00,0.0,0
1917-06-10,98,71,0.00,0.0,0
1917-06-11,96,76,0.00,0.0,0
1917-06-12,97,75,0.00,0.0,0
1917-06-13,95,74,0.00,0.0,0
1917-06-14,87,66,0.00,0.0,0
1917-06-15,84,64,0.00,0.0,0
1917-06-16,81,61,0.00,0.0,0
1917-06-17,86,58,0.00,0.0,0
1917-06-18,94,62,0.00,0.0,0
1917-06-19,97,67,0.00,0.0,0
1917-06-20,96,75,0.00,0.0,0
1917-06-21,93,74,0.00,0.0,0
1917-06-22,96,74,0.00,0.0,0
1917-06-23,97,76,0.00,0.0,0
1917-06-24,87,71,0.15,0.0,0
1917-06-25,89,71,0.30,0.0,0
1917-06-26,92,73,0.00,0.0,0
1917-06-27,93,72,0.00,0.0,0
1917-06-28,96,70,0.00,0.0,0
1917-06-29,98,76,0.00,0.0,0
1917-06-30,101,82,0.00,0.0,0
1917-07-01,103,80,0.00,0.0,0
1917-07-02,92,79,0.00,0.0,0
1917-07-03,84,72,0.01,0.0,0
1917-07-04,77,68,1.31,0.0,0
1917-07-05,96,68,0.00,0.0,0
1917-07-06,98,77,0.00,0.0,0
1917-07-07,98,77,0.00,0.0,0
1917-07-08,100,80,0.00,0.0,0
1917-07-09,103,79,0.00,0.0,0
1917-07-10,104,80,0.00,0.0,0
1917-07-11,89,76,0.04,0.0,0
1917-07-12,97,73,0.00,0.0,0
1917-07-13,103,72,0.00,0.0,0
1917-07-14,98,78,0.00,0.0,0
1917-07-15,99,78,0.02,0.0,0
1917-07-16,89,68,0.16,0.0,0
1917-07-17,94,73,T,0.0,0
1917-07-18,93,72,0.00,0.0,0
1917-07-19,79,70,0.63,0.0,0
1917-07-20,88,70,0.01,0.0,0
1917-07-21,94,70,0.00,0.0,0
1917-07-22,93,72,0.00,0.0,0
1917-07-23,96,75,0.00,0.0,0
1917-07-24,95,80,0.17,0.0,0
1917-07-25,92,78,0.00,0.0,0
1917-07-26,96,75,0.00,0.0,0
1917-07-27,97,78,0.00,0.0,0
1917-07-28,94,76,0.00,0.0,0
1917-07-29,96,75,0.00,0.0,0
1917-07-30,97,77,0.00,0.0,0
1917-07-31,97,77,0.00,0.0,0
1917-08-01,96,76,0.00,0.0,0
1917-08-02,99,77,0.00,0.0,0
1917-08-03,96,77,0.01,0.0,0
1917-08-04,97,74,0.00,0.0,0
1917-08-05,98,76,0.00,0.0,0
1917-08-06,98,78,T,0.0,0
1917-08-07,98,79,0.00,0.0,0
1917-08-08,97,79,0.00,0.0,0
1917-08-09,101,78,0.00,0.0,0
1917-08-10,85,74,T,0.0,0
1917-08-11,93,72,T,0.0,0
1917-08-12,96,78,T,0.0,0
1917-08-13,97,78,0.00,0.0,0
1917-08-14,98,79,0.00,0.0,0
1917-08-15,100,81,0.00,0.0,0
1917-08-16,101,83,0.00,0.0,0
1917-08-17,93,79,0.00,0.0,0
1917-08-18,91,70,1.67,0.0,0
1917-08-19,89,71,0.05,0.0,0
1917-08-20,94,71,0.45,0.0,0
1917-08-21,97,76,0.00,0.0,0
1917-08-22,98,79,0.00,0.0,0
1917-08-23,97,77,T,0.0,0
1917-08-24,91,66,0.00,0.0,0
1917-08-25,94,68,0.00,0.0,0
1917-08-26,95,71,0.00,0.0,0
1917-08-27,93,70,0.00,0.0,0
1917-08-28,87,69,0.49,0.0,0
1917-08-29,79,65,T,0.0,0
1917-08-30,83,60,0.00,0.0,0
1917-08-31,89,64,0.00,0.0,0
1917-09-01,93,69,0.00,0.0,0
1917-09-02,92,72,0.00,0.0,0
1917-09-03,86,72,0.30,0.0,0
1917-09-04,80,71,0.56,0.0,0
1917-09-05,85,71,0.32,0.0,0
1917-09-06,90,73,0.00,0.0,0
1917-09-07,92,75,0.00,0.0,0
1917-09-08,94,75,0.00,0.0,0
1917-09-09,96,74,0.00,0.0,0
1917-09-10,86,72,0.38,0.0,0
1917-09-11,80,64,0.00,0.0,0
1917-09-12,84,61,0.00,0.0,0
1917-09-13,88,61,T,0.0,0
1917-09-14,87,68,0.00,0.0,0
1917-09-15,84,62,0.00,0.0,0
1917-09-16,84,71,0.01,0.0,0
1917-09-17,86,65,0.00,0.0,0
1917-09-18,85,67,0.00,0.0,0
1917-09-19,86,67,0.00,0.0,0
1917-09-20,89,68,0.00,0.0,0
1917-09-21,85,68,0.00,0.0,0
1917-09-22,82,58,0.00,0.0,0
1917-09-23,83,58,0.00,0.0,0
1917-09-24,86,62,0.00,0.0,0
1917-09-25,88,63,0.00,0.0,0
1917-09-26,88,65,0.33,0.0,0
1917-09-27,74,56,T,0.0,0
1917-09-28,80,49,0.00,0.0,0
1917-09-29,89,54,0.00,0.0,0
1917-09-30,83,57,0.00,0.0,0
1917-10-01,85,57,0.00,0.0,0
1917-10-02,88,59,0.00,0.0,0
1917-10-03,91,66,0.00,0.0,0
1917-10-04,91,63,0.00,0.0,0
1917-10-05,90,62,0.00,0.0,0
1917-10-06,83,56,0.00,0.0,0
1917-10-07,97,67,0.00,0.0,0
1917-10-08,68,47,0.10,0.0,0
1917-10-09,70,38,0.00,0.0,0
1917-10-10,86,50,0.00,0.0,0
1917-10-11,92,64,0.00,0.0,0
1917-10-12,67,48,0.00,0.0,0
1917-10-13,80,44,0.00,0.0,0
1917-10-14,83,56,0.00,0.0,0
1917-10-15,88,64,0.00,0.0,0
1917-10-16,86,65,0.00,0.0,0
1917-10-17,85,64,0.00,0.0,0
1917-10-18,77,47,0.01,0.0,0
1917-10-19,64,35,0.00,0.0,0
1917-10-20,72,40,0.00,0.0,0
1917-10-21,64,36,0.00,0.0,0
1917-10-22,78,41,0.00,0.0,0
1917-10-23,56,39,0.00,0.0,0
1917-10-24,64,36,0.00,0.0,0
1917-10-25,83,55,0.00,0.0,0
1917-10-26,76,45,0.00,0.0,0
1917-10-27,73,56,0.00,0.0,0
1917-10-28,88,51,0.00,0.0,0
1917-10-29,51,34,0.00,0.0,0
1917-10-30,56,26,0.00,0.0,0
1917-10-31,72,35,0.00,0.0,0
1917-11-01,68,43,0.00,0.0,0
1917-11-02,68,37,0.00,0.0,0
1917-11-03,70,41,0.00,0.0,0
1917-11-04,72,40,0.00,0.0,0
1917-11-05,72,45,0.00,0.0,0
1917-11-06,75,45,0.00,0.0,0
1917-11-07,75,46,0.00,0.0,0
1917-11-08,77,50,0.00,0.0,0
1917-11-09,79,55,0.00,0.0,0
1917-11-10,83,52,0.00,0.0,0
1917-11-11,72,47,0.00,0.0,0
1917-11-12,70,45,0.00,0.0,0
1917-11-13,73,42,0.00,0.0,0
1917-11-14,71,41,0.00,0.0,0
1917-11-15,67,40,0.00,0.0,0
1917-11-16,71,39,0.00,0.0,0
1917-11-17,58,52,0.06,0.0,0
1917-11-18,60,44,0.03,0.0,0
1917-11-19,55,40,T,0.0,0
1917-11-20,71,35,0.00,0.0,0
1917-11-21,80,45,0.00,0.0,0
1917-11-22,67,51,0.00,0.0,0
1917-11-23,64,43,0.00,0.0,0
1917-11-24,57,35,0.00,0.0,0
1917-11-25,63,44,0.00,0.0,0
1917-11-26,72,57,0.00,0.0,0
1917-11-27,73,60,0.08,0.0,0
1917-11-28,63,45,1.82,0.0,0
1917-11-29,62,39,0.00,0.0,0
1917-11-30,71,42,0.00,0.0,0
1917-12-01,76,46,0.00,0.0,0
1917-12-02,77,59,0.00,0.0,0
1917-12-03,71,52,0.00,0.0,0
1917-12-04,59,42,0.00,0.0,0
1917-12-05,61,37,0.00,0.0,0
1917-12-06,50,32,0.00,0.0,0
1917-12-07,57,25,T,T,0
1917-12-08,29,13,0.00,0.0,0
1917-12-09,44,20,0.00,0.0,0
1917-12-10,34,14,0.00,0.0,0
1917-12-11,37,27,T,0.0,0
1917-12-12,40,21,0.00,0.0,0
1917-12-13,32,15,0.00,0.0,0
1917-12-14,41,20,0.00,0.0,0
1917-12-15,38,26,T,0.0,0
1917-12-16,37,31,0.01,0.0,0
1917-12-17,42,34,0.01,0.0,0
1917-12-18,51,42,0.01,0.0,0
1917-12-19,58,46,0.01,0.0,0
1917-12-20,66,43,0.00,0.0,0
1917-12-21,60,46,T,0.0,0
1917-12-22,59,44,T,0.0,0
1917-12-23,74,47,0.00,0.0,0
1917-12-24,76,38,0.00,0.0,0
1917-12-25,40,33,0.00,0.0,0
1917-12-26,46,34,0.00,0.0,0
1917-12-27,60,32,0.00,0.0,0
1917-12-28,42,20,0.00,0.0,0
1917-12-29,23,14,0.00,0.0,0
1917-12-30,36,13,0.00,0.0,0
1917-12-31,52,21,0.00,0.0,0
1918-01-01,63,30,0.00,0.0,0
1918-01-02,63,35,0.00,0.0,0
1918-01-03,48,25,0.00,0.0,0
1918-01-04,70,38,0.00,0.0,0
1918-01-05,60,44,0.00,0.0,0
1918-01-06,44,29,0.00,0.0,0
1918-01-07,47,22,0.00,0.0,0
1918-01-08,59,37,0.00,0.0,0
1918-01-09,55,31,0.00,0.0,0
1918-01-10,46,14,0.61,4.5,T
1918-01-11,15,5,0.18,1.8,4
1918-01-12,26,3,0.00,0.0,3
1918-01-13,37,12,T,0.0,2
1918-01-14,41,27,0.75,0.1,T
1918-01-15,48,23,0.00,0.0,T
1918-01-16,48,26,0.00,0.0,T
1918-01-17,41,29,0.00,0.0,T
1918-01-18,45,25,0.00,0.0,T
1918-01-19,43,27,0.00,0.0,T
1918-01-20,30,20,0.00,0.0,T
1918-01-21,27,18,0.23,2.6,3
1918-01-22,41,5,0.00,0.0,2
1918-01-23,59,27,0.00,0.0,T
1918-01-24,62,32,0.00,0.0,T
1918-01-25,76,36,0.00,0.0,0
1918-01-26,74,38,T,0.0,0
1918-01-27,38,23,0.07,0.0,T
1918-01-28,35,18,0.00,0.0,0
1918-01-29,44,21,0.00,0.0,0
1918-01-30,44,19,0.00,0.0,0
1918-01-31,29,14,0.00,0.0,0
1918-02-01,19,12,0.02,0.2,T
1918-02-02,45,19,0.00,0.0,0
1918-02-03,57,25,0.00,0.0,0
1918-02-04,64,28,0.00,0.0,0
1918-02-05,69,36,0.00,0.0,0
1918-02-06,71,55,0.00,0.0,0
1918-02-07,75,45,0.00,0.0,0
1918-02-08,77,43,0.00,0.0,0
1918-02-09,47,38,0.00,0.0,0
1918-02-10,60,40,0.00,0.0,0
1918-02-11,56,46,0.04,0.0,0
1918-02-12,64,47,0.00,0.0,0
1918-02-13,84,42,0.00,0.0,0
1918-02-14,73,56,0.00,0.0,0
1918-02-15,70,49,0.00,0.0,0
1918-02-16,59,36,0.01,0.0,0
1918-02-17,50,32,T,0.0,0
1918-02-18,51,42,T,0.0,0
1918-02-19,74,40,0.01,0.0,0
1918-02-20,40,24,0.00,0.0,0
1918-02-21,37,27,0.02,0.0,0
1918-02-22,68,37,T,0.0,0
1918-02-23,80,48,0.00,0.0,0
1918-02-24,91,58,0.00,0.0,0
1918-02-25,93,52,0.00,0.0,0
1918-02-26,69,40,0.00,0.0,0
1918-02-27,85,54,0.00,0.0,0
1918-02-28,71,41,0.53,0.0,0
1918-03-01,45,39,0.11,0.0,0
1918-03-02,56,45,0.19,0.0,0
1918-03-03,66,51,0.70,0.0,0
1918-03-04,78,55,0.00,0.0,0
1918-03-05,82,57,0.00,0.0,0
1918-03-06,69,41,0.00,0.0,0
1918-03-07,62,36,0.00,0.0,0
1918-03-08,85,53,T,0.0,0
1918-03-09,76,54,0.00,0.0,0
1918-03-10,58,37,0.00,0.0,0
1918-03-11,73,47,0.00,0.0,0
1918-03-12,89,65,0.00,0.0,0
1918-03-13,89,67,0.00,0.0,0
1918-03-14,81,54,T,0.0,0
1918-03-15,59,43,0.00,0.0,0
1918-03-16,62,41,0.00,0.0,0
1918-03-17,70,37,0.00,0.0,0
1918-03-18,69,48,0.00,0.0,0
1918-03-19,76,46,0.00,0.0,0
1918-03-20,84,47,0.00,0.0,0
1918-03-21,76,62,T,0.0,0
1918-03-22,82,61,T,0.0,0
1918-03-23,74,49,0.00,0.0,0
1918-03-24,73,46,0.00,0.0,0
1918-03-25,76,42,0.00,0.0,0
1918-03-26,84,48,0.00,0.0,0
1918-03-27,84,59,0.00,0.0,0
1918-03-28,79,65,0.02,0.0,0
1918-03-29,76,57,0.38,0.0,0
1918-03-30,62,54,T,0.0,0
1918-03-31,79,53,0.00,0.0,0
1918-04-01,93,62,0.00,0.0,0
1918-04-02,94,65,T,0.0,0
1918-04-03,92,67,T,0.0,0
1918-04-04,75,53,0.00,0.0,0
1918-04-05,72,56,3.51,0.0,0
1918-04-06,69,56,0.00,0.0,0
1918-04-07,71,48,0.00,0.0,0
1918-04-08,68,53,0.00,0.0,0
1918-04-09,65,46,0.00,0.0,0
1918-04-10,66,41,0.00,0.0,0
1918-04-11,69,45,0.00,0.0,0
1918-04-12,72,47,0.00,0.0,0
1918-04-13,64,51,1.17,0.0,0
1918-04-14,72,54,0.01,0.0,0
1918-04-15,80,60,0.31,0.0,0
1918-04-16,82,65,T,0.0,0
1918-04-17,73,58,0.00,0.0,0
1918-04-18,76,55,0.11,0.0,0
1918-04-19,66,50,T,0.0,0
1918-04-20,56,44,0.00,0.0,0
1918-04-21,69,41,0.00,0.0,0
1918-04-22,81,54,0.00,0.0,0
1918-04-23,84,62,0.00,0.0,0
1918-04-24,82,56,0.16,0.0,0
1918-04-25,70,51,0.00,0.0,0
1918-04-26,79,52,0.00,0.0,0
1918-04-27,79,58,0.87,0.0,0
1918-04-28,67,50,T,0.0,0
1918-04-29,73,49,0.00,0.0,0
1918-04-30,70,48,0.00,0.0,0
1918-05-01,70,50,0.00,0.0,0
1918-05-02,73,55,0.00,0.0,0
1918-05-03,77,59,T,0.0,0
1918-05-04,75,63,T,0.0,0
1918-05-05,74,64,1.59,0.0,0
1918-05-06,85,66,T,0.0,0
1918-05-07,88,71,0.00,0.0,0
1918-05-08,89,71,0.00,0.0,0
1918-05-09,88,70,0.00,0.0,0
1918-05-10,79,61,T,0.0,0
1918-05-11,86,70,0.01,0.0,0
1918-05-12,74,58,0.00,0.0,0
1918-05-13,81,52,0.00,0.0,0
1918-05-14,83,57,0.00,0.0,0
1918-05-15,84,61,0.00,0.0,0
1918-05-16,85,64,T,0.0,0
1918-05-17,78,62,2.24,0.0,0
1918-05-18,82,65,T,0.0,0
1918-05-19,84,69,T,0.0,0
1918-05-20,85,71,T,0.0,0
1918-05-21,86,69,0.00,0.0,0
1918-05-22,87,72,0.00,0.0,0
1918-05-23,88,67,0.00,0.0,0
1918-05-24,89,66,0.00,0.0,0
1918-05-25,88,71,0.00,0.0,0
1918-05-26,88,70,0.00,0.0,0
1918-05-27,89,69,0.00,0.0,0
1918-05-28,89,72,0.00,0.0,0
1918-05-29,90,73,0.00,0.0,0
1918-05-30,91,73,0.00,0.0,0
1918-05-31,89,73,0.03,0.0,0
1918-06-01,90,74,0.01,0.0,0
1918-06-02,93,69,0.27,0.0,0
1918-06-03,85,69,0.00,0.0,0
1918-06-04,88,71,T,0.0,0
1918-06-05,90,71,0.00,0.0,0
1918-06-06,90,73,0.00,0.0,0
1918-06-07,87,73,0.18,0.0,0
1918-06-08,84,70,0.90,0.0,0
1918-06-09,76,68,1.53,0.0,0
1918-06-10,94,69,0.00,0.0,0
1918-06-11,93,75,0.00,0.0,0
1918-06-12,100,77,0.00,0.0,0
1918-06-13,94,79,0.00,0.0,0
1918-06-14,93,74,0.00,0.0,0
1918-06-15,93,75,0.00,0.0,0
1918-06-16,93,75,0.00,0.0,0
1918-06-17,98,76,0.00,0.0,0
1918-06-18,103,79,0.00,0.0,0
1918-06-19,101,80,0.00,0.0,0
1918-06-20,101,79,0.00,0.0,0
1918-06-21,103,78,0.00,0.0,0
1918-06-22,97,80,0.00,0.0,0
1918-06-23,97,77,0.09,0.0,0
1918-06-24,97,77,0.00,0.0,0
1918-06-25,101,80,0.00,0.0,0
1918-06-26,104,78,0.00,0.0,0
1918-06-27,99,66,1.25,0.0,0
1918-06-28,98,78,0.00,0.0,0
1918-06-29,94,76,T,0.0,0
1918-06-30,95,76,0.00,0.0,0
1918-07-01,86,73,0.01,0.0,0
1918-07-02,82,66,0.78,0.0,0
1918-07-03,89,68,0.00,0.0,0
1918-07-04,90,72,0.00,0.0,0
1918-07-05,93,74,0.00,0.0,0
1918-07-06,94,77,0.00,0.0,0
1918-07-07,96,76,0.00,0.0,0
1918-07-08,100,76,0.00,0.0,0
1918-07-09,94,78,0.00,0.0,0
1918-07-10,96,73,0.00,0.0,0
1918-07-11,98,78,T,0.0,0
1918-07-12,96,73,T,0.0,0
1918-07-13,93,74,0.00,0.0,0
1918-07-14,94,74,0.00,0.0,0
1918-07-15,97,74,0.00,0.0,0
1918-07-16,97,79,0.00,0.0,0
1918-07-17,102,78,0.00,0.0,0
1918-07-18,95,81,0.00,0.0,0
1918-07-19,93,74,0.00,0.0,0
1918-07-20,96,74,0.00,0.0,0
1918-07-21,97,76,0.00,0.0,0
1918-07-22,97,77,0.00,0.0,0
1918-07-23,96,77,0.00,0.0,0
1918-07-24,98,78,0.00,0.0,0
1918-07-25,98,74,0.00,0.0,0
1918-07-26,98,76,0.00,0.0,0
1918-07-27,97,76,0.00,0.0,0
1918-07-28,99,79,0.00,0.0,0
1918-07-29,102,78,0.05,0.0,0
1918-07-30,95,75,T,0.0,0
1918-07-31,98,70,0.00,0.0,0
1918-08-01,98,76,0.00,0.0,0
1918-08-02,100,74,0.00,0.0,0
1918-08-03,98,75,0.00,0.0,0
1918-08-04,100,81,0.00,0.0,0
1918-08-05,97,78,0.00,0.0,0
1918-08-06,95,74,0.00,0.0,0
1918-08-07,99,78,0.00,0.0,0
1918-08-08,99,77,0.00,0.0,0
1918-08-09,98,76,0.00,0.0,0
1918-08-10,98,78,0.00,0.0,0
1918-08-11,98,79,0.00,0.0,0
1918-08-12,96,79,0.00,0.0,0
1918-08-13,95,78,T,0.0,0
1918-08-14,95,73,0.00,0.0,0
1918-08-15,96,77,0.00,0.0,0
1918-08-16,98,77,0.00,0.0,0
1918-08-17,100,75,0.00,0.0,0
1918-08-18,102,76,0.00,0.0,0
1918-08-19,104,79,0.00,0.0,0
1918-08-20,98,75,T,0.0,0
1918-08-21,97,75,0.00,0.0,0
1918-08-22,94,77,0.03,0.0,0
1918-08-23,96,75,0.00,0.0,0
1918-08-24,93,72,2.41,0.0,0
1918-08-25,89,72,0.04,0.0,0
1918-08-26,91,72,0.00,0.0,0
1918-08-27,93,71,0.00,0.0,0
1918-08-28,95,73,0.00,0.0,0
1918-08-29,96,75,0.00,0.0,0
1918-08-30,98,76,0.00,0.0,0
1918-08-31,90,76,0.00,0.0,0
1918-09-01,96,71,0.00,0.0,0
1918-09-02,96,77,0.00,0.0,0
1918-09-03,91,80,0.00,0.0,0
1918-09-04,84,67,1.25,0.0,0
1918-09-05,68,63,0.51,0.0,0
1918-09-06,74,60,0.00,0.0,0
1918-09-07,77,55,0.00,0.0,0
1918-09-08,80,58,0.00,0.0,0
1918-09-09,85,60,0.00,0.0,0
1918-09-10,87,62,0.00,0.0,0
1918-09-11,93,65,0.00,0.0,0
1918-09-12,92,70,0.00,0.0,0
1918-09-13,96,67,0.00,0.0,0
1918-09-14,100,70,0.00,0.0,0
1918-09-15,97,72,0.00,0.0,0
1918-09-16,81,64,T,0.0,0
1918-09-17,80,61,T,0.0,0
1918-09-18,91,66,0.00,0.0,0
1918-09-19,79,62,0.57,0.0,0
1918-09-20,68,55,T,0.0,0
1918-09-21,70,47,0.00,0.0,0
1918-09-22,76,51,0.00,0.0,0
1918-09-23,80,53,0.00,0.0,0
1918-09-24,85,55,0.00,0.0,0
1918-09-25,87,60,1.07,0.0,0
1918-09-26,72,63,0.88,0.0,0
1918-09-27,72,55,0.00,0.0,0
1918-09-28,75,48,0.00,0.0,0
1918-09-29,85,51,0.00,0.0,0
1918-09-30,88,60,0.00,0.0,0
1918-10-01,89,62,0.00,0.0,0
1918-10-02,87,61,0.00,0.0,0
1918-10-03,89,63,0.00,0.0,0
1918-10-04,89,66,0.00,0.0,0
1918-10-05,89,67,0.00,0.0,0
1918-10-06,88,69,0.00,0.0,0
1918-10-07,81,69,0.00,0.0,0
1918-10-08,86,64,0.00,0.0,0
1918-10-09,84,65,0.00,0.0,0
1918-10-10,76,64,T,0.0,0
1918-10-11,77,64,0.02,0.0,0
1918-10-12,84,62,0.00,0.0,0
1918-10-13,83,64,T,0.0,0
1918-10-14,79,59,0.00,0.0,0
1918-10-15,76,49,0.00,0.0,0
1918-10-16,76,62,0.00,0.0,0
1918-10-17,72,63,0.18,0.0,0
1918-10-18,79,66,T,0.0,0
1918-10-19,79,64,0.00,0.0,0
1918-10-20,86,68,T,0.0,0
1918-10-21,81,64,2.31,0.0,0
1918-10-22,69,63,1.41,0.0,0
1918-10-23,69,62,0.01,0.0,0
1918-10-24,69,62,0.00,0.0,0
1918-10-25,74,56,0.00,0.0,0
1918-10-26,66,43,2.67,0.0,0
1918-10-27,59,42,0.00,0.0,0
1918-10-28,71,46,0.00,0.0,0
1918-10-29,67,54,0.00,0.0,0
1918-10-30,68,47,0.00,0.0,0
1918-10-31,64,48,0.00,0.0,0
1918-11-01,69,42,0.00,0.0,0
1918-11-02,73,48,0.00,0.0,0
1918-11-03,75,52,0.00,0.0,0
1918-11-04,75,54,0.00,0.0,0
1918-11-05,76,57,T,0.0,0
1918-11-06,78,68,1.11,0.0,0
1918-11-07,72,65,2.74,0.0,0
1918-11-08,65,58,1.87,0.0,0
1918-11-09,67,51,0.00,0.0,0
1918-11-10,65,46,0.00,0.0,0
1918-11-11,65,46,0.00,0.0,0
1918-11-12,69,46,0.00,0.0,0
1918-11-13,69,46,0.00,0.0,0
1918-11-14,60,49,0.81,0.0,0
1918-11-15,72,58,0.83,0.0,0
1918-11-16,72,58,0.00,0.0,0
1918-11-17,63,48,0.00,0.0,0
1918-11-18,61,44,0.00,0.0,0
1918-11-19,69,41,0.00,0.0,0
1918-11-20,66,45,T,0.0,0
1918-11-21,45,41,0.00,0.0,0
1918-11-22,41,37,0.00,0.0,0
1918-11-23,37,34,0.00,0.0,0
1918-11-24,42,30,0.00,0.0,0
1918-11-25,40,34,0.23,0.6,0
1918-11-26,41,37,0.18,0.0,0
1918-11-27,42,35,0.55,0.0,0
1918-11-28,51,35,0.00,0.0,0
1918-11-29,51,33,0.00,0.0,0
1918-11-30,50,38,0.00,0.0,0
1918-12-01,54,34,0.00,0.0,0
1918-12-02,60,38,0.00,0.0,0
1918-12-03,64,41,0.00,0.0,0
1918-12-04,68,39,0.00,0.0,0
1918-12-05,72,43,0.00,0.0,0
1918-12-06,72,44,0.00,0.0,0
1918-12-07,73,54,0.00,0.0,0
1918-12-08,74,65,0.00,0.0,0
1918-12-09,77,61,0.00,0.0,0
1918-12-10,68,50,0.00,0.0,0
1918-12-11,58,41,0.00,0.0,0
1918-12-12,54,48,0.72,0.0,0
1918-12-13,56,45,0.63,0.0,0
1918-12-14,58,38,0.00,0.0,0
1918-12-15,63,38,0.00,0.0,0
1918-12-16,57,39,0.00,0.0,0
1918-12-17,61,45,T,0.0,0
1918-12-18,56,49,0.07,0.0,0
1918-12-19,56,50,0.78,0.0,0
1918-12-20,61,49,0.08,0.0,0
1918-12-21,68,44,0.00,0.0,0
1918-12-22,57,44,0.01,0.0,0
1918-12-23,56,27,1.33,0.0,0
1918-12-24,34,24,0.00,0.0,0
1918-12-25,33,19,0.00,0.0,0
1918-12-26,43,25,0.00,0.0,0
1918-12-27,51,30,0.00,0.0,0
1918-12-28,52,26,0.00,0.0,0
1918-12-29,57,36,0.00,0.0,0
1918-12-30,57,44,T,0.0,0
1918-12-31,59,27,0.16,0.0,0
1919-01-01,27,21,0.03,0.2,T
1919-01-02,32,19,0.00,0.0,T
1919-01-03,25,17,0.00,0.0,T
1919-01-04,45,17,0.00,0.0,T
1919-01-05,43,28,0.00,0.0,T
1919-01-06,54,30,T,0.0,0
1919-01-07,50,33,0.03,0.0,0
1919-01-08,50,28,0.00,0.0,0
1919-01-09,52,32,0.00,0.0,0
1919-01-10,58,31,0.00,0.0,0
1919-01-11,63,33,0.00,0.0,0
1919-01-12,65,35,0.00,0.0,0
1919-01-13,62,46,0.03,0.0,0
1919-01-14,54,38,0.10,0.0,0
1919-01-15,41,34,0.08,0.0,0
1919-01-16,40,36,0.95,0.0,0
1919-01-17,55,38,0.08,0.0,0
1919-01-18,62,33,0.00,0.0,0
1919-01-19,56,39,0.00,0.0,0
1919-01-20,62,47,T,0.0,0
1919-01-21,67,52,0.00,0.0,0
1919-01-22,60,51,0.27,0.0,0
1919-01-23,58,41,0.00,0.0,0
1919-01-24,62,41,0.00,0.0,0
1919-01-25,56,46,0.00,0.0,0
1919-01-26,61,39,0.05,0.0,0
1919-01-27,53,46,0.18,0.0,0
1919-01-28,56,38,0.00,0.0,0
1919-01-29,62,39,0.00,0.0,0
1919-01-30,63,41,0.00,0.0,0
1919-01-31,63,47,0.00,0.0,0
1919-02-01,62,47,1.15,0.0,0
1919-02-02,60,49,0.26,0.0,0
1919-02-03,54,40,0.01,0.0,0
1919-02-04,40,33,0.00,0.0,0
1919-02-05,53,33,0.00,0.0,0
1919-02-06,60,37,0.00,0.0,0
1919-02-07,43,36,0.00,0.0,0
1919-02-08,45,31,0.00,0.0,0
1919-02-09,42,28,0.00,0.0,0
1919-02-10,54,32,0.00,0.0,0
1919-02-11,72,37,0.00,0.0,0
1919-02-12,67,52,0.24,0.0,0
1919-02-13,61,47,0.00,0.0,0
1919-02-14,53,39,0.00,0.0,0
1919-02-15,55,35,0.00,0.0,0
1919-02-16,58,34,0.00,0.0,0
1919-02-17,54,42,0.00,0.0,0
1919-02-18,53,36,0.00,0.0,0
1919-02-19,54,43,0.55,0.0,0
1919-02-20,62,47,0.00,0.0,0
1919-02-21,62,41,0.07,0.0,0
1919-02-22,54,43,0.00,0.0,0
1919-02-23,61,36,0.00,0.0,0
1919-02-24,59,46,T,0.0,0
1919-02-25,56,30,0.01,0.1,0
1919-02-26,54,28,0.00,0.0,0
1919-02-27,64,35,0.00,0.0,0
1919-02-28,59,25,0.00,0.0,0
1919-03-01,56,28,0.01,0.0,0
1919-03-02,73,43,0.00,0.0,0
1919-03-03,75,49,0.00,0.0,0
1919-03-04,76,32,T,0.0,0
1919-03-05,52,29,0.00,0.0,0
1919-03-06,66,32,0.00,0.0,0
1919-03-07,62,39,0.00,0.0,0
1919-03-08,56,43,0.29,0.0,0
1919-03-09,56,38,0.00,0.0,0
1919-03-10,57,46,0.00,0.0,0
1919-03-11,60,40,0.00,0.0,0
1919-03-12,66,41,0.00,0.0,0
1919-03-13,68,53,0.00,0.0,0
1919-03-14,72,62,0.06,0.0,0
1919-03-15,75,57,0.27,0.0,0
1919-03-16,76,58,0.01,0.0,0
1919-03-17,69,47,0.00,0.0,0
1919-03-18,65,45,0.00,0.0,0
1919-03-19,71,46,0.00,0.0,0
1919-03-20,73,51,0.00,0.0,0
1919-03-21,76,51,0.00,0.0,0
1919-03-22,76,54,0.00,0.0,0
1919-03-23,73,58,T,0.0,0
1919-03-24,65,56,1.08,0.0,0
1919-03-25,65,56,0.15,0.0,0
1919-03-26,59,41,T,0.0,0
1919-03-27,64,37,0.00,0.0,0
1919-03-28,70,44,0.00,0.0,0
1919-03-29,68,52,0.79,0.0,0
1919-03-30,66,55,0.31,0.0,0
1919-03-31,70,50,0.00,0.0,0
1919-04-01,66,51,0.00,0.0,0
1919-04-02,68,52,T,0.0,0
1919-04-03,68,54,0.72,0.0,0
1919-04-04,72,50,0.25,0.0,0
1919-04-05,80,55,0.01,0.0,0
1919-04-06,80,65,0.00,0.0,0
1919-04-07,78,58,0.21,0.0,0
1919-04-08,82,60,T,0.0,0
1919-04-09,73,44,0.23,0.0,0
1919-04-10,65,40,0.00,0.0,0
1919-04-11,78,47,0.00,0.0,0
1919-04-12,83,58,0.00,0.0,0
1919-04-13,81,58,0.00,0.0,0
1919-04-14,75,62,0.00,0.0,0
1919-04-15,68,55,0.10,0.0,0
1919-04-16,64,46,0.00,0.0,0
1919-04-17,70,47,0.00,0.0,0
1919-04-18,78,51,0.00,0.0,0
1919-04-19,79,56,0.00,0.0,0
1919-04-20,80,57,0.00,0.0,0
1919-04-21,81,58,0.00,0.0,0
1919-04-22,82,61,0.00,0.0,0
1919-04-23,83,63,0.00,0.0,0
1919-04-24,84,63,0.00,0.0,0
1919-04-25,82,60,0.00,0.0,0
1919-04-26,66,52,0.10,0.0,0
1919-04-27,80,54,T,0.0,0
1919-04-28,76,64,0.44,0.0,0
1919-04-29,72,60,0.47,0.0,0
1919-04-30,77,57,0.02,0.0,0
1919-05-01,80,57,0.00,0.0,0
1919-05-02,83,62,0.00,0.0,0
1919-05-03,83,64,0.00,0.0,0
1919-05-04,87,68,0.00,0.0,0
1919-05-05,84,65,0.35,0.0,0
1919-05-06,78,67,0.01,0.0,0
1919-05-07,70,55,0.47,0.0,0
1919-05-08,62,54,T,0.0,0
1919-05-09,63,58,0.00,0.0,0
1919-05-10,71,57,0.00,0.0,0
1919-05-11,69,59,0.84,0.0,0
1919-05-12,78,62,0.00,0.0,0
1919-05-13,86,61,0.00,0.0,0
1919-05-14,77,66,T,0.0,0
1919-05-15,86,65,0.00,0.0,0
1919-05-16,86,57,1.57,0.0,0
1919-05-17,82,59,0.11,0.0,0
1919-05-18,78,67,0.00,0.0,0
1919-05-19,77,59,0.27,0.0,0
1919-05-20,76,55,0.00,0.0,0
1919-05-21,75,53,0.00,0.0,0
1919-05-22,84,56,0.00,0.0,0
1919-05-23,80,63,T,0.0,0
1919-05-24,75,65,0.49,0.0,0
1919-05-25,82,63,0.09,0.0,0
1919-05-26,77,63,0.05,0.0,0
1919-05-27,82,62,0.03,0.0,0
1919-05-28,80,64,0.07,0.0,0
1919-05-29,80,66,0.03,0.0,0
1919-05-30,80,64,0.00,0.0,0
1919-05-31,84,67,T,0.0,0
1919-06-01,86,67,0.00,0.0,0
1919-06-02,67,54,0.57,0.0,0
1919-06-03,72,53,0.00,0.0,0
1919-06-04,81,54,0.00,0.0,0
1919-06-05,83,62,0.00,0.0,0
1919-06-06,93,67,0.00,0.0,0
1919-06-07,92,69,0.00,0.0,0
1919-06-08,89,71,0.00,0.0,0
1919-06-09,82,70,T,0.0,0
1919-06-10,82,67,0.04,0.0,0
1919-06-11,88,70,0.00,0.0,0
1919-06-12,90,70,T,0.0,0
1919-06-13,89,70,T,0.0,0
1919-06-14,87,71,0.10,0.0,0
1919-06-15,84,72,T,0.0,0
1919-06-16,83,70,0.04,0.0,0
1919-06-17,94,69,0.00,0.0,0
1919-06-18,92,74,0.00,0.0,0
1919-06-19,84,73,0.00,0.0,0
1919-06-20,88,68,0.38,0.0,0
1919-06-21,86,71,T,0.0,0
1919-06-22,90,72,0.01,0.0,0
1919-06-23,90,72,T,0.0,0
1919-06-24,87,74,T,0.0,0
1919-06-25,88,74,0.04,0.0,0
1919-06-26,86,72,0.14,0.0,0
1919-06-27,88,72,0.00,0.0,0
1919-06-28,89,72,0.00,0.0,0
1919-06-29,90,73,0.00,0.0,0
1919-06-30,87,73,0.10,0.0,0
1919-07-01,87,72,0.53,0.0,0
1919-07-02,86,71,0.11,0.0,0
1919-07-03,91,73,0.10,0.0,0
1919-07-04,92,73,0.00,0.0,0
1919-07-05,92,76,0.00,0.0,0
1919-07-06,92,72,0.00,0.0,0
1919-07-07,89,74,0.00,0.0,0
1919-07-08,94,75,0.00,0.0,0
1919-07-09,95,76,0.00,0.0,0
1919-07-10,97,76,0.00,0.0,0
1919-07-11,98,80,0.00,0.0,0
1919-07-12,93,74,0.00,0.0,0
1919-07-13,93,75,0.00,0.0,0
1919-07-14,95,76,0.00,0.0,0
1919-07-15,98,78,0.00,0.0,0
1919-07-16,93,78,0.00,0.0,0
1919-07-17,85,70,0.80,0.0,0
1919-07-18,79,69,1.04,0.0,0
1919-07-19,85,73,0.31,0.0,0
1919-07-20,84,74,0.02,0.0,0
1919-07-21,91,74,0.00,0.0,0
1919-07-22,90,70,0.39,0.0,0
1919-07-23,89,72,0.00,0.0,0
1919-07-24,91,73,0.00,0.0,0
1919-07-25,92,76,0.00,0.0,0
1919-07-26,92,76,0.00,0.0,0
1919-07-27,90,73,0.00,0.0,0
1919-07-28,91,74,0.00,0.0,0
1919-07-29,92,75,0.00,0.0,0
1919-07-30,93,77,0.00,0.0,0
1919-07-31,93,75,0.00,0.0,0
1919-08-01,93,76,0.00,0.0,0
1919-08-02,95,76,0.00,0.0,0
1919-08-03,94,76,0.00,0.0,0
1919-08-04,93,74,0.00,0.0,0
1919-08-05,94,72,0.00,0.0,0
1919-08-06,96,73,0.00,0.0,0
1919-08-07,99,74,0.00,0.0,0
1919-08-08,98,78,0.00,0.0,0
1919-08-09,92,75,0.35,0.0,0
1919-08-10,91,74,0.00,0.0,0
1919-08-11,95,74,0.00,0.0,0
1919-08-12,95,75,0.00,0.0,0
1919-08-13,99,76,0.00,0.0,0
1919-08-14,96,78,0.00,0.0,0
1919-08-15,95,77,0.00,0.0,0
1919-08-16,96,77,0.01,0.0,0
1919-08-17,96,76,T,0.0,0
1919-08-18,82,74,0.63,0.0,0
1919-08-19,91,71,0.00,0.0,0
1919-08-20,87,72,0.18,0.0,0
1919-08-21,75,70,0.83,0.0,0
1919-08-22,79,70,2.13,0.0,0
1919-08-23,88,73,0.02,0.0,0
1919-08-24,85,74,T,0.0,0
1919-08-25,89,71,0.11,0.0,0
1919-08-26,90,70,0.00,0.0,0
1919-08-27,89,72,0.00,0.0,0
1919-08-28,89,72,0.00,0.0,0
1919-08-29,92,74,0.00,0.0,0
1919-08-30,90,70,0.36,0.0,0
1919-08-31,90,73,0.00,0.0,0
1919-09-01,82,71,T,0.0,0
1919-09-02,82,65,0.00,0.0,0
1919-09-03,83,63,0.00,0.0,0
1919-09-04,85,67,0.00,0.0,0
1919-09-05,87,68,0.00,0.0,0
1919-09-06,85,66,0.00,0.0,0
1919-09-07,85,69,0.00,0.0,0
1919-09-08,88,70,0.00,0.0,0
1919-09-09,91,72,0.00,0.0,0
1919-09-10,96,73,0.00,0.0,0
1919-09-11,96,75,0.00,0.0,0
1919-09-12,89,73,0.00,0.0,0
1919-09-13,86,63,0.00,0.0,0
1919-09-14,86,71,0.07,0.0,0
1919-09-15,87,75,T,0.0,0
1919-09-16,90,74,0.00,0.0,0
1919-09-17,84,71,0.02,0.0,0
1919-09-18,87,72,0.00,0.0,0
1919-09-19,88,70,0.91,0.0,0
1919-09-20,86,72,T,0.0,0
1919-09-21,85,67,1.99,0.0,0
1919-09-22,67,61,0.56,0.0,0
1919-09-23,73,61,T,0.0,0
1919-09-24,74,63,0.00,0.0,0
1919-09-25,66,61,0.30,0.0,0
1919-09-26,69,62,0.04,0.0,0
1919-09-27,86,67,0.00,0.0,0
1919-09-28,84,72,0.00,0.0,0
1919-09-29,86,70,0.00,0.0,0
1919-09-30,86,69,0.00,0.0,0
1919-10-01,85,66,0.00,0.0,0
1919-10-02,83,63,0.00,0.0,0
1919-10-03,86,68,0.00,0.0,0
1919-10-04,82,67,0.19,0.0,0
1919-10-05,80,66,0.31,0.0,0
1919-10-06,82,66,0.00,0.0,0
1919-10-07,73,64,1.23,0.0,0
1919-10-08,84,64,0.01,0.0,0
1919-10-09,86,73,0.00,0.0,0
1919-10-10,84,51,1.85,0.0,0
1919-10-11,62,48,0.04,0.0,0
1919-10-12,64,53,T,0.0,0
1919-10-13,62,58,0.06,0.0,0
1919-10-14,74,60,T,0.0,0
1919-10-15,77,66,0.05,0.0,0
1919-10-16,69,53,1.69,0.0,0
1919-10-17,67,52,T,0.0,0
1919-10-18,71,52,0.00,0.0,0
1919-10-19,72,56,0.00,0.0,0
1919-10-20,79,64,0.00,0.0,0
1919-10-21,72,60,1.73,0.0,0
1919-10-22,68,63,0.14,0.0,0
1919-10-23,84,65,T,0.0,0
1919-10-24,85,72,0.00,0.0,0
1919-10-25,85,73,0.00,0.0,0
1919-10-26,85,72,0.00,0.0,0
1919-10-27,84,56,T,0.0,0
1919-10-28,56,47,0.14,0.0,0
1919-10-29,63,47,0.02,0.0,0
1919-10-30,79,63,0.01,0.0,0
1919-10-31,83,M,3.47,0.0,0
1919-11-01,M,48,T,0.0,0
1919-11-02,63,45,0.00,0.0,0
1919-11-03,79,50,0.00,0.0,0
1919-11-04,65,50,0.00,0.0,0
1919-11-05,73,50,0.00,0.0,0
1919-11-06,77,53,T,0.0,0
1919-11-07,53,50,0.12,0.0,0
1919-11-08,61,53,0.06,0.0,0
1919-11-09,68,51,0.76,0.0,0
1919-11-10,59,47,0.00,0.0,0
1919-11-11,62,40,0.00,0.0,0
1919-11-12,49,34,0.00,0.0,0
1919-11-13,50,28,0.00,0.0,0
1919-11-14,57,32,0.00,0.0,0
1919-11-15,62,38,0.00,0.0,0
1919-11-16,69,46,0.00,0.0,0
1919-11-17,72,44,0.00,0.0,0
1919-11-18,72,45,0.00,0.0,0
1919-11-19,62,48,T,0.0,0
1919-11-20,71,50,0.00,0.0,0
1919-11-21,75,55,0.00,0.0,0
1919-11-22,72,50,0.00,0.0,0
1919-11-23,78,54,0.00,0.0,0
1919-11-24,77,57,T,0.0,0
1919-11-25,75,50,0.49,0.0,0
1919-11-26,50,44,T,0.0,0
1919-11-27,45,37,0.28,0.0,0
1919-11-28,38,34,2.06,0.0,0
1919-11-29,44,35,0.02,0.0,0
1919-11-30,54,33,0.00,0.0,0
1919-12-01,64,40,0.00,0.0,0
1919-12-02,49,28,T,0.0,0
1919-12-03,34,27,0.01,0.0,0
1919-12-04,45,34,0.05,0.0,0
1919-12-05,58,45,0.04,0.0,0
1919-12-06,78,56,T,0.0,0
1919-12-07,60,39,0.00,0.0,0
1919-12-08,55,42,0.03,0.0,0
1919-12-09,55,19,T,T,0
1919-12-10,32,15,0.00,0.0,0
1919-12-11,50,26,0.00,0.0,0
1919-12-12,68,28,0.00,0.0,0
1919-12-13,28,17,T,T,0
1919-12-14,33,15,0.00,0.0,0
1919-12-15,47,21,0.00,0.0,0
1919-12-16,53,30,0.00,0.0,0
1919-12-17,61,45,0.00,0.0,0
1919-12-18,61,52,0.35,0.0,0
1919-12-19,58,40,0.00,0.0,0
1919-12-20,43,38,0.00,0.0,0
1919-12-21,48,39,0.00,0.0,0
1919-12-22,58,31,0.00,0.0,0
1919-12-23,69,37,0.00,0.0,0
1919-12-24,49,36,0.00,0.0,0
1919-12-25,39,35,T,0.0,0
1919-12-26,43,36,T,0.0,0
1919-12-27,66,34,0.00,0.0,0
1919-12-28,59,41,0.00,0.0,0
1919-12-29,73,42,0.00,0.0,0
1919-12-30,76,42,0.00,0.0,0
1919-12-31,65,38,0.00,0.0,0
1920-01-01,42,28,0.00,0.0,0
1920-01-02,52,24,0.00,0.0,0
1920-01-03,56,30,0.00,0.0,0
1920-01-04,51,39,0.00,0.0,0
1920-01-05,41,31,1.24,0.2,T
1920-01-06,43,33,0.01,0.0,0
1920-01-07,43,32,1.20,0.0,0
1920-01-08,32,29,0.22,T,0
1920-01-09,36,27,0.00,0.0,0
1920-01-10,42,32,0.04,0.0,0
1920-01-11,39,35,0.45,0.0,0
1920-01-12,47,37,T,0.0,0
1920-01-13,57,44,0.01,0.0,0
1920-01-14,48,42,0.00,0.0,0
1920-01-15,56,45,T,0.0,0
1920-01-16,63,50,T,0.0,0
1920-01-17,72,44,0.00,0.0,0
1920-01-18,71,45,0.00,0.0,0
1920-01-19,72,52,0.00,0.0,0
1920-01-20,76,44,T,0.0,0
1920-01-21,44,30,0.56,0.2,0
1920-01-22,35,30,1.12,0.0,0
1920-01-23,39,34,0.08,0.0,0
1920-01-24,37,30,T,T,0
1920-01-25,44,30,0.00,0.0,0
1920-01-26,51,27,0.00,0.0,0
1920-01-27,48,33,0.00,0.0,0
1920-01-28,50,32,0.00,0.0,0
1920-01-29,55,31,0.00,0.0,0
1920-01-30,63,33,0.00,0.0,0
1920-01-31,65,36,0.00,0.0,0
1920-02-01,63,46,0.00,0.0,0
1920-02-02,65,50,0.00,0.0,0
1920-02-03,60,47,T,0.0,0
1920-02-04,47,41,0.00,0.0,0
1920-02-05,65,36,0.00,0.0,0
1920-02-06,61,48,0.00,0.0,0
1920-02-07,64,40,0.00,0.0,0
1920-02-08,72,50,0.00,0.0,0
1920-02-09,61,45,0.23,0.0,0
1920-02-10,54,44,0.04,0.0,0
1920-02-11,57,41,0.52,0.0,0
1920-02-12,56,40,0.00,0.0,0
1920-02-13,69,40,0.00,0.0,0
1920-02-14,47,33,0.00,0.0,0
1920-02-15,58,30,0.00,0.0,0
1920-02-16,45,23,0.00,0.0,0
1920-02-17,60,43,0.00,0.0,0
1920-02-18,68,49,T,0.0,0
1920-02-19,75,50,0.00,0.0,0
1920-02-20,74,57,0.00,0.0,0
1920-02-21,78,52,0.00,0.0,0
1920-02-22,60,47,0.00,0.0,0
1920-02-23,55,47,0.00,0.0,0
1920-02-24,50,38,0.00,0.0,0
1920-02-25,51,35,0.00,0.0,0
1920-02-26,46,33,0.00,0.0,0
1920-02-27,59,34,0.00,0.0,0
1920-02-28,61,35,0.00,0.0,0
1920-02-29,42,27,0.00,0.0,0
1920-03-01,53,25,0.00,0.0,0
1920-03-02,73,44,0.00,0.0,0
1920-03-03,80,38,T,0.0,0
1920-03-04,44,29,0.00,0.0,0
1920-03-05,47,23,0.00,0.0,0
1920-03-06,44,22,0.00,0.0,0
1920-03-07,36,20,0.00,0.0,0
1920-03-08,48,31,T,T,0
1920-03-09,55,43,0.01,0.0,0
1920-03-10,72,48,T,0.0,0
1920-03-11,78,56,0.11,0.0,0
1920-03-12,60,44,0.00,0.0,0
1920-03-13,77,45,0.00,0.0,0
1920-03-14,75,49,0.00,0.0,0
1920-03-15,74,60,0.00,0.0,0
1920-03-16,75,56,0.00,0.0,0
1920-03-17,69,54,0.00,0.0,0
1920-03-18,82,61,T,0.0,0
1920-03-19,69,53,0.00,0.0,0
1920-03-20,69,41,0.00,0.0,0
1920-03-21,74,46,0.00,0.0,0
1920-03-22,73,49,0.00,0.0,0
1920-03-23,68,56,T,0.0,0
1920-03-24,69,59,3.98,0.0,0
1920-03-25,65,53,0.41,0.0,0
1920-03-26,79,54,0.00,0.0,0
1920-03-27,80,54,0.09,0.0,0
1920-03-28,68,52,0.00,0.0,0
1920-03-29,73,48,0.00,0.0,0
1920-03-30,79,54,0.00,0.0,0
1920-03-31,74,60,1.02,0.0,0
1920-04-01,79,48,0.00,0.0,0
1920-04-02,66,41,0.00,0.0,0
1920-04-03,81,41,0.00,0.0,0
1920-04-04,48,33,0.00,0.0,0
1920-04-05,67,32,0.00,0.0,0
1920-04-06,84,52,0.00,0.0,0
1920-04-07,68,57,T,0.0,0
1920-04-08,81,57,0.84,0.0,0
1920-04-09,70,58,T,0.0,0
1920-04-10,73,54,0.00,0.0,0
1920-04-11,82,44,0.09,0.0,0
1920-04-12,64,42,0.00,0.0,0
1920-04-13,67,41,0.00,0.0,0
1920-04-14,77,50,0.00,0.0,0
1920-04-15,85,63,0.00,0.0,0
1920-04-16,91,62,0.00,0.0,0
1920-04-17,92,63,0.00,0.0,0
1920-04-18,79,68,0.00,0.0,0
1920-04-19,75,60,0.00,0.0,0
1920-04-20,76,53,T,0.0,0
1920-04-21,92,61,0.00,0.0,0
1920-04-22,77,57,0.00,0.0,0
1920-04-23,80,52,0.00,0.0,0
1920-04-24,70,54,1.03,0.0,0
1920-04-25,67,54,0.16,0.0,0
1920-04-26,58,47,0.00,0.0,0
1920-04-27,66,43,0.00,0.0,0
1920-04-28,81,46,0.00,0.0,0
1920-04-29,86,57,0.00,0.0,0
1920-04-30,88,67,0.00,0.0,0
1920-05-01,84,66,0.00,0.0,0
1920-05-02,92,72,0.00,0.0,0
1920-05-03,95,65,0.57,0.0,0
1920-05-04,80,62,1.96,0.0,0
1920-05-05,84,62,1.90,0.0,0
1920-05-06,82,66,1.16,0.0,0
1920-05-07,80,65,0.01,0.0,0
1920-05-08,79,64,0.00,0.0,0
1920-05-09,78,63,1.04,0.0,0
1920-05-10,80,63,2.06,0.0,0
1920-05-11,83,65,1.53,0.0,0
1920-05-12,86,72,0.20,0.0,0
1920-05-13,76,60,0.00,0.0,0
1920-05-14,64,56,0.52,0.0,0
1920-05-15,61,53,1.94,0.0,0
1920-05-16,63,54,0.03,0.0,0
1920-05-17,73,58,0.00,0.0,0
1920-05-18,81,60,0.00,0.0,0
1920-05-19,87,65,0.00,0.0,0
1920-05-20,83,69,0.00,0.0,0
1920-05-21,86,70,0.00,0.0,0
1920-05-22,86,68,0.00,0.0,0
1920-05-23,87,68,T,0.0,0
1920-05-24,89,73,T,0.0,0
1920-05-25,91,70,0.00,0.0,0
1920-05-26,94,72,0.00,0.0,0
1920-05-27,83,72,T,0.0,0
1920-05-28,80,67,0.00,0.0,0
1920-05-29,85,62,0.00,0.0,0
1920-05-30,92,70,0.00,0.0,0
1920-05-31,88,69,0.00,0.0,0
1920-06-01,88,68,0.44,0.0,0
1920-06-02,80,69,0.04,0.0,0
1920-06-03,78,69,1.98,0.0,0
1920-06-04,84,69,0.02,0.0,0
1920-06-05,80,68,T,0.0,0
1920-06-06,85,67,0.00,0.0,0
1920-06-07,89,68,0.00,0.0,0
1920-06-08,88,71,0.00,0.0,0
1920-06-09,91,69,0.00,0.0,0
1920-06-10,90,73,0.00,0.0,0
1920-06-11,90,69,0.00,0.0,0
1920-06-12,87,72,0.00,0.0,0
1920-06-13,92,72,0.00,0.0,0
1920-06-14,93,69,0.00,0.0,0
1920-06-15,93,71,0.00,0.0,0
1920-06-16,94,71,0.00,0.0,0
1920-06-17,92,74,T,0.0,0
1920-06-18,84,64,0.38,0.0,0
1920-06-19,73,62,1.26,0.0,0
1920-06-20,77,63,0.00,0.0,0
1920-06-21,88,64,0.00,0.0,0
1920-06-22,89,69,0.17,0.0,0
1920-06-23,84,65,0.00,0.0,0
1920-06-24,89,70,0.00,0.0,0
1920-06-25,92,73,0.00,0.0,0
1920-06-26,90,73,0.00,0.0,0
1920-06-27,90,73,T,0.0,0
1920-06-28,88,72,0.00,0.0,0
1920-06-29,91,72,T,0.0,0
1920-06-30,94,75,0.00,0.0,0
1920-07-01,96,77,0.00,0.0,0
1920-07-02,97,75,0.00,0.0,0
1920-07-03,96,75,0.00,0.0,0
1920-07-04,96,76,T,0.0,0
1920-07-05,87,73,0.00,0.0,0
1920-07-06,90,68,0.40,0.0,0
1920-07-07,94,72,0.00,0.0,0
1920-07-08,91,74,T,0.0,0
1920-07-09,91,69,0.43,0.0,0
1920-07-10,88,66,0.00,0.0,0
1920-07-11,92,70,0.00,0.0,0
1920-07-12,92,74,0.00,0.0,0
1920-07-13,92,73,0.00,0.0,0
1920-07-14,93,75,0.00,0.0,0
1920-07-15,97,76,0.00,0.0,0
1920-07-16,99,78,0.00,0.0,0
1920-07-17,94,79,T,0.0,0
1920-07-18,91,70,0.73,0.0,0
1920-07-19,93,76,0.00,0.0,0
1920-07-20,89,73,T,0.0,0
1920-07-21,94,72,0.00,0.0,0
1920-07-22,96,76,0.00,0.0,0
1920-07-23,95,75,0.00,0.0,0
1920-07-24,96,76,0.00,0.0,0
1920-07-25,95,77,0.00,0.0,0
1920-07-26,96,77,0.00,0.0,0
1920-07-27,96,73,0.27,0.0,0
1920-07-28,84,72,0.06,0.0,0
1920-07-29,89,73,0.00,0.0,0
1920-07-30,92,70,0.00,0.0,0
1920-07-31,89,70,0.00,0.0,0
1920-08-01,101,73,0.15,0.0,0
1920-08-02,90,72,0.73,0.0,0
1920-08-03,84,72,0.00,0.0,0
1920-08-04,87,68,0.00,0.0,0
1920-08-05,82,70,1.03,0.0,0
1920-08-06,80,70,0.45,0.0,0
1920-08-07,89,67,0.27,0.0,0
1920-08-08,90,70,0.01,0.0,0
1920-08-09,89,71,0.04,0.0,0
1920-08-10,91,72,0.08,0.0,0
1920-08-11,90,73,0.08,0.0,0
1920-08-12,83,73,T,0.0,0
1920-08-13,79,67,0.02,0.0,0
1920-08-14,72,68,0.06,0.0,0
1920-08-15,79,66,0.01,0.0,0
1920-08-16,86,70,T,0.0,0
1920-08-17,89,72,0.00,0.0,0
1920-08-18,88,72,0.00,0.0,0
1920-08-19,90,73,0.00,0.0,0
1920-08-20,92,74,0.00,0.0,0
1920-08-21,87,72,T,0.0,0
1920-08-22,81,67,0.17,0.0,0
1920-08-23,82,64,0.00,0.0,0
1920-08-24,86,68,1.78,0.0,0
1920-08-25,87,66,0.02,0.0,0
1920-08-26,81,71,0.16,0.0,0
1920-08-27,79,70,1.42,0.0,0
1920-08-28,89,70,0.02,0.0,0
1920-08-29,90,74,0.00,0.0,0
1920-08-30,91,74,0.00,0.0,0
1920-08-31,91,74,0.00,0.0,0
1920-09-01,91,73,0.00,0.0,0
1920-09-02,88,70,0.00,0.0,0
1920-09-03,86,70,0.00,0.0,0
1920-09-04,81,65,0.39,0.0,0
1920-09-05,81,67,0.01,0.0,0
1920-09-06,79,67,0.66,0.0,0
1920-09-07,86,67,0.47,0.0,0
1920-09-08,82,69,0.03,0.0,0
1920-09-09,90,74,T,0.0,0
1920-09-10,88,74,0.00,0.0,0
1920-09-11,90,74,0.00,0.0,0
1920-09-12,90,74,0.00,0.0,0
1920-09-13,91,74,0.00,0.0,0
1920-09-14,91,75,0.00,0.0,0
1920-09-15,94,75,0.00,0.0,0
1920-09-16,95,73,0.14,0.0,0
1920-09-17,86,70,0.00,0.0,0
1920-09-18,86,63,0.00,0.0,0
1920-09-19,90,63,0.00,0.0,0
1920-09-20,90,66,0.00,0.0,0
1920-09-21,85,71,0.00,0.0,0
1920-09-22,84,69,0.00,0.0,0
1920-09-23,95,71,0.00,0.0,0
1920-09-24,93,72,0.00,0.0,0
1920-09-25,90,70,0.00,0.0,0
1920-09-26,91,72,0.00,0.0,0
1920-09-27,93,71,0.00,0.0,0
1920-09-28,93,73,0.02,0.0,0
1920-09-29,73,52,0.00,0.0,0
1920-09-30,69,43,0.00,0.0,0
1920-10-01,73,48,0.00,0.0,0
1920-10-02,81,54,0.00,0.0,0
1920-10-03,84,64,T,0.0,0
1920-10-04,85,64,0.00,0.0,0
1920-10-05,87,61,0.00,0.0,0
1920-10-06,82,63,0.00,0.0,0
1920-10-07,79,54,0.00,0.0,0
1920-10-08,81,53,0.00,0.0,0
1920-10-09,82,55,0.00,0.0,0
1920-10-10,82,60,0.00,0.0,0
1920-10-11,84,64,0.00,0.0,0
1920-10-12,84,64,0.00,0.0,0
1920-10-13,84,65,0.00,0.0,0
1920-10-14,84,71,0.01,0.0,0
1920-10-15,83,56,0.00,0.0,0
1920-10-16,75,60,0.00,0.0,0
1920-10-17,81,64,0.00,0.0,0
1920-10-18,81,62,0.96,0.0,0
1920-10-19,82,62,0.03,0.0,0
1920-10-20,81,69,T,0.0,0
1920-10-21,75,66,0.22,0.0,0
1920-10-22,77,67,0.01,0.0,0
1920-10-23,74,59,1.30,0.0,0
1920-10-24,63,53,0.40,0.0,0
1920-10-25,56,51,0.35,0.0,0
1920-10-26,63,48,0.00,0.0,0
1920-10-27,61,46,0.00,0.0,0
1920-10-28,67,42,0.00,0.0,0
1920-10-29,69,46,0.00,0.0,0
1920-10-30,67,50,T,0.0,0
1920-10-31,67,56,0.50,0.0,0
1920-11-01,73,47,0.02,0.0,0
1920-11-02,62,40,0.00,0.0,0
1920-11-03,72,44,0.00,0.0,0
1920-11-04,76,46,0.00,0.0,0
1920-11-05,76,55,0.00,0.0,0
1920-11-06,74,59,0.00,0.0,0
1920-11-07,75,61,0.00,0.0,0
1920-11-08,76,64,T,0.0,0
1920-11-09,76,53,0.15,0.0,0
1920-11-10,53,42,0.28,0.0,0
1920-11-11,55,39,0.00,0.0,0
1920-11-12,41,31,0.00,0.0,0
1920-11-13,38,31,T,T,0
1920-11-14,41,31,0.04,0.3,0
1920-11-15,42,30,0.00,0.0,0
1920-11-16,42,22,0.00,0.0,0
1920-11-17,55,31,0.00,0.0,0
1920-11-18,65,35,0.00,0.0,0
1920-11-19,70,46,0.00,0.0,0
1920-11-20,74,57,T,0.0,0
1920-11-21,70,50,0.00,0.0,0
1920-11-22,64,42,0.00,0.0,0
1920-11-23,73,40,0.00,0.0,0
1920-11-24,64,35,0.00,0.0,0
1920-11-25,58,38,0.09,0.0,0
1920-11-26,50,45,1.07,0.0,0
1920-11-27,55,44,0.00,0.0,0
1920-11-28,55,42,0.00,0.0,0
1920-11-29,57,41,0.00,0.0,0
1920-11-30,56,36,0.00,0.0,0
1920-12-01,62,36,0.00,0.0,0
1920-12-02,69,47,0.00,0.0,0
1920-12-03,66,56,0.02,0.0,0
1920-12-04,65,46,0.00,0.0,0
1920-12-05,60,42,0.16,0.0,0
1920-12-06,54,46,0.28,0.0,0
1920-12-07,46,37,0.02,0.0,0
1920-12-08,52,32,0.00,0.0,0
1920-12-09,65,38,0.00,0.0,0
1920-12-10,63,37,0.00,0.0,0
1920-12-11,73,44,0.00,0.0,0
1920-12-12,77,52,T,0.0,0
1920-12-13,59,43,0.00,0.0,0
1920-12-14,65,38,0.00,0.0,0
1920-12-15,53,36,0.00,0.0,0
1920-12-16,65,37,0.00,0.0,0
1920-12-17,57,38,0.00,0.0,0
1920-12-18,56,41,T,0.0,0
1920-12-19,56,38,0.00,0.0,0
1920-12-20,65,42,0.05,0.0,0
1920-12-21,66,34,0.47,0.0,0
1920-12-22,36,25,0.00,0.0,0
1920-12-23,37,24,0.00,0.0,0
1920-12-24,42,28,0.00,0.0,0
1920-12-25,57,32,0.01,0.0,0
1920-12-26,58,34,0.00,0.0,0
1920-12-27,35,25,0.00,0.0,0
1920-12-28,46,22,0.00,0.0,0
1920-12-29,61,33,0.00,0.0,0
1920-12-30,71,49,T,0.0,0
1920-12-31,74,50,0.00,0.0,0
1921-01-01,63,42,0.00,0.0,0
1921-01-02,64,34,0.00,0.0,0
1921-01-03,72,35,0.00,0.0,0
1921-01-04,81,47,0.00,0.0,0
1921-01-05,71,38,0.00,0.0,0
1921-01-06,77,52,T,0.0,0
1921-01-07,76,49,0.00,0.0,0
1921-01-08,53,41,0.02,0.0,0
1921-01-09,53,32,0.00,0.0,0
1921-01-10,54,33,T,0.0,0
1921-01-11,49,35,1.62,0.0,0
1921-01-12,38,32,1.02,0.0,0
1921-01-13,51,31,0.33,2.1,T
1921-01-14,51,31,0.00,0.0,0
1921-01-15,66,38,0.00,0.0,0
1921-01-16,76,53,0.00,0.0,0
1921-01-17,56,41,T,0.0,0
1921-01-18,65,46,0.00,0.0,0
1921-01-19,69,53,T,0.0,0
1921-01-20,72,59,T,0.0,0
1921-01-21,70,60,0.00,0.0,0
1921-01-22,66,58,0.02,0.0,0
1921-01-23,67,58,0.00,0.0,0
1921-01-24,68,53,0.14,0.0,0
1921-01-25,55,39,0.00,0.0,0
1921-01-26,46,33,0.00,0.0,0
1921-01-27,50,29,0.00,0.0,0
1921-01-28,62,43,T,0.0,0
1921-01-29,73,52,0.00,0.0,0
1921-01-30,52,36,0.00,0.0,0
1921-01-31,42,30,T,0.0,0
1921-02-01,54,37,0.00,0.0,0
1921-02-02,43,31,0.00,0.0,0
1921-02-03,62,32,0.00,0.0,0
1921-02-04,74,50,T,0.0,0
1921-02-05,69,41,0.00,0.0,0
1921-02-06,75,54,T,0.0,0
1921-02-07,58,35,T,0.0,0
1921-02-08,47,33,0.00,0.0,0
1921-02-09,55,37,0.00,0.0,0
1921-02-10,60,42,0.00,0.0,0
1921-02-11,73,39,0.00,0.0,0
1921-02-12,73,41,0.00,0.0,0
1921-02-13,80,46,0.00,0.0,0
1921-02-14,78,51,0.00,0.0,0
1921-02-15,77,54,0.00,0.0,0
1921-02-16,70,53,0.04,0.0,0
1921-02-17,54,42,0.53,0.0,0
1921-02-18,43,33,1.39,T,T
1921-02-19,36,31,T,T,0
1921-02-20,43,30,0.00,0.0,0
1921-02-21,55,34,0.00,0.0,0
1921-02-22,64,43,0.00,0.0,0
1921-02-23,65,36,0.00,0.0,0
1921-02-24,77,44,0.00,0.0,0
1921-02-25,64,41,0.00,0.0,0
1921-02-26,75,48,0.00,0.0,0
1921-02-27,67,48,0.00,0.0,0
1921-02-28,65,51,0.01,0.0,0
1921-03-01,68,51,0.00,0.0,0
1921-03-02,75,57,0.00,0.0,0
1921-03-03,74,59,0.00,0.0,0
1921-03-04,76,50,0.00,0.0,0
1921-03-05,77,58,T,0.0,0
1921-03-06,80,65,0.00,0.0,0
1921-03-07,77,65,T,0.0,0
1921-03-08,77,50,0.68,0.0,0
1921-03-09,59,46,0.00,0.0,0
1921-03-10,64,42,0.00,0.0,0
1921-03-11,64,53,1.31,0.0,0
1921-03-12,74,50,0.00,0.0,0
1921-03-13,69,59,0.08,0.0,0
1921-03-14,80,53,0.00,0.0,0
1921-03-15,82,66,T,0.0,0
1921-03-16,86,68,0.00,0.0,0
1921-03-17,85,65,0.00,0.0,0
1921-03-18,80,64,0.00,0.0,0
1921-03-19,81,65,0.43,0.0,0
1921-03-20,81,69,T,0.0,0
1921-03-21,78,45,T,0.0,0
1921-03-22,51,43,0.12,0.0,0
1921-03-23,67,49,0.11,0.0,0
1921-03-24,80,57,T,0.0,0
1921-03-25,85,56,0.00,0.0,0
1921-03-26,80,65,T,0.0,0
1921-03-27,79,41,0.02,0.0,0
1921-03-28,53,38,0.00,0.0,0
1921-03-29,60,32,0.00,0.0,0
1921-03-30,68,45,0.00,0.0,0
1921-03-31,61,44,0.00,0.0,0
1921-04-01,69,38,0.00,0.0,0
1921-04-02,76,47,0.00,0.0,0
1921-04-03,79,52,T,0.0,0
1921-04-04,73,62,0.13,0.0,0
1921-04-05,73,65,T,0.0,0
1921-04-06,76,60,0.35,0.0,0
1921-04-07,75,52,T,0.0,0
1921-04-08,70,55,T,0.0,0
1921-04-09,68,48,0.00,0.0,0
1921-04-10,58,39,0.00,0.0,0
1921-04-11,66,41,0.00,0.0,0
1921-04-12,64,49,0.84,0.0,0
1921-04-13,78,55,0.01,0.0,0
1921-04-14,81,54,0.00,0.0,0
1921-04-15,80,63,0.00,0.0,0
1921-04-16,64,37,0.00,0.0,0
1921-04-17,61,34,0.00,0.0,0
1921-04-18,69,38,0.00,0.0,0
1921-04-19,77,47,0.00,0.0,0
1921-04-20,73,59,T,0.0,0
1921-04-21,73,56,1.66,0.0,0
1921-04-22,81,52,0.00,0.0,0
1921-04-23,82,60,0.00,0.0,0
1921-04-24,81,63,T,0.0,0
1921-04-25,81,65,0.08,0.0,0
1921-04-26,76,57,0.04,0.0,0
1921-04-27,81,55,0.26,0.0,0
1921-04-28,76,56,0.00,0.0,0
1921-04-29,68,50,0.60,0.0,0
1921-04-30,81,54,0.00,0.0,0
1921-05-01,81,60,1.41,0.0,0
1921-05-02,66,53,0.00,0.0,0
1921-05-03,68,49,0.00,0.0,0
1921-05-04,73,56,0.00,0.0,0
1921-05-05,78,57,0.00,0.0,0
1921-05-06,82,59,0.00,0.0,0
1921-05-07,81,65,0.00,0.0,0
1921-05-08,74,64,0.46,0.0,0
1921-05-09,74,59,0.13,0.0,0
1921-05-10,85,54,0.00,0.0,0
1921-05-11,87,66,0.00,0.0,0
1921-05-12,92,61,0.00,0.0,0
1921-05-13,90,70,T,0.0,0
1921-05-14,81,65,T,0.0,0
1921-05-15,81,61,0.00,0.0,0
1921-05-16,80,60,0.00,0.0,0
1921-05-17,83,60,0.00,0.0,0
1921-05-18,84,62,0.00,0.0,0
1921-05-19,87,65,0.00,0.0,0
1921-05-20,87,66,0.00,0.0,0
1921-05-21,89,70,0.00,0.0,0
1921-05-22,89,68,0.00,0.0,0
1921-05-23,88,70,0.00,0.0,0
1921-05-24,89,70,0.00,0.0,0
1921-05-25,90,70,0.00,0.0,0
1921-05-26,88,71,0.00,0.0,0
1921-05-27,90,69,0.08,0.0,0
1921-05-28,90,67,0.00,0.0,0
1921-05-29,92,72,T,0.0,0
1921-05-30,93,70,0.00,0.0,0
1921-05-31,95,69,0.70,0.0,0
1921-06-01,93,68,0.00,0.0,0
1921-06-02,92,68,0.06,0.0,0
1921-06-03,84,68,0.23,0.0,0
1921-06-04,88,73,0.00,0.0,0
1921-06-05,89,71,0.00,0.0,0
1921-06-06,86,72,0.09,0.0,0
1921-06-07,84,72,1.12,0.0,0
1921-06-08,83,65,0.66,0.0,0
1921-06-09,87,69,0.02,0.0,0
1921-06-10,84,68,0.00,0.0,0
1921-06-11,86,73,0.05,0.0,0
1921-06-12,85,71,0.42,0.0,0
1921-06-13,89,71,0.01,0.0,0
1921-06-14,90,74,T,0.0,0
1921-06-15,88,75,T,0.0,0
1921-06-16,90,73,0.00,0.0,0
1921-06-17,89,73,0.21,0.0,0
1921-06-18,90,71,0.01,0.0,0
1921-06-19,93,74,0.00,0.0,0
1921-06-20,88,73,0.01,0.0,0
1921-06-21,85,70,T,0.0,0
1921-06-22,75,68,0.86,0.0,0
1921-06-23,76,66,1.50,0.0,0
1921-06-24,89,67,0.35,0.0,0
1921-06-25,78,68,0.08,0.0,0
1921-06-26,86,66,T,0.0,0
1921-06-27,88,73,0.00,0.0,0
1921-06-28,91,73,0.00,0.0,0
1921-06-29,92,74,0.00,0.0,0
1921-06-30,91,72,0.00,0.0,0
1921-07-01,89,74,0.00,0.0,0
1921-07-02,89,74,0.00,0.0,0
1921-07-03,91,76,0.00,0.0,0
1921-07-04,92,74,0.00,0.0,0
1921-07-05,93,74,0.00,0.0,0
1921-07-06,98,74,T,0.0,0
1921-07-07,97,75,0.00,0.0,0
1921-07-08,96,75,0.00,0.0,0
1921-07-09,91,72,T,0.0,0
1921-07-10,82,72,0.52,0.0,0
1921-07-11,81,73,0.08,0.0,0
1921-07-12,89,73,0.01,0.0,0
1921-07-13,93,75,0.00,0.0,0
1921-07-14,98,77,0.00,0.0,0
1921-07-15,93,76,0.02,0.0,0
1921-07-16,94,77,T,0.0,0
1921-07-17,95,78,0.00,0.0,0
1921-07-18,96,78,0.00,0.0,0
1921-07-19,96,77,0.00,0.0,0
1921-07-20,91,76,T,0.0,0
1921-07-21,94,73,T,0.0,0
1921-07-22,93,76,0.00,0.0,0
1921-07-23,92,76,0.00,0.0,0
1921-07-24,87,74,T,0.0,0
1921-07-25,90,71,0.00,0.0,0
1921-07-26,91,72,T,0.0,0
1921-07-27,94,73,0.00,0.0,0
1921-07-28,96,73,0.00,0.0,0
1921-07-29,97,74,0.00,0.0,0
1921-07-30,96,73,0.00,0.0,0
1921-07-31,96,74,0.00,0.0,0
1921-08-01,96,75,0.00,0.0,0
1921-08-02,97,76,0.00,0.0,0
1921-08-03,97,79,0.00,0.0,0
1921-08-04,99,78,0.00,0.0,0
1921-08-05,101,80,0.00,0.0,0
1921-08-06,99,77,0.00,0.0,0
1921-08-07,98,76,0.00,0.0,0
1921-08-08,97,77,0.00,0.0,0
1921-08-09,97,76,0.00,0.0,0
1921-08-10,96,73,0.00,0.0,0
1921-08-11,97,77,0.00,0.0,0
1921-08-12,94,78,0.00,0.0,0
1921-08-13,95,75,0.00,0.0,0
1921-08-14,92,76,T,0.0,0
1921-08-15,94,71,1.12,0.0,0
1921-08-16,95,76,0.00,0.0,0
1921-08-17,97,76,0.00,0.0,0
1921-08-18,98,78,0.00,0.0,0
1921-08-19,98,75,0.00,0.0,0
1921-08-20,100,75,0.00,0.0,0
1921-08-21,101,76,0.00,0.0,0
1921-08-22,101,75,0.00,0.0,0
1921-08-23,102,77,0.00,0.0,0
1921-08-24,100,78,0.00,0.0,0
1921-08-25,102,76,0.00,0.0,0
1921-08-26,97,76,T,0.0,0
1921-08-27,95,72,T,0.0,0
1921-08-28,90,75,T,0.0,0
1921-08-29,90,74,T,0.0,0
1921-08-30,89,71,T,0.0,0
1921-08-31,87,70,T,0.0,0
1921-09-01,93,72,0.00,0.0,0
1921-09-02,94,79,0.00,0.0,0
1921-09-03,95,76,0.00,0.0,0
1921-09-04,95,76,0.00,0.0,0
1921-09-05,95,75,0.00,0.0,0
1921-09-06,83,73,0.10,0.0,0
1921-09-07,91,74,T,0.0,0
1921-09-08,85,73,T,0.0,0
1921-09-09,82,71,T,0.0,0
1921-09-10,87,74,0.08,0.0,0
1921-09-11,90,75,T,0.0,0
1921-09-12,93,73,0.00,0.0,0
1921-09-13,93,75,0.00,0.0,0
1921-09-14,94,75,0.00,0.0,0
1921-09-15,94,76,0.00,0.0,0
1921-09-16,92,75,0.00,0.0,0
1921-09-17,93,73,0.00,0.0,0
1921-09-18,92,76,T,0.0,0
1921-09-19,93,73,0.00,0.0,0
1921-09-20,93,74,0.00,0.0,0
1921-09-21,96,77,T,0.0,0
1921-09-22,95,77,0.00,0.0,0
1921-09-23,94,74,0.00,0.0,0
1921-09-24,93,74,0.00,0.0,0
1921-09-25,82,69,0.11,0.0,0
1921-09-26,86,68,0.01,0.0,0
1921-09-27,92,69,0.00,0.0,0
1921-09-28,92,68,0.00,0.0,0
1921-09-29,90,69,0.02,0.0,0
1921-09-30,76,58,0.00,0.0,0
1921-10-01,81,57,0.00,0.0,0
1921-10-02,92,68,0.10,0.0,0
1921-10-03,83,63,0.00,0.0,0
1921-10-04,84,60,0.00,0.0,0
1921-10-05,86,59,0.00,0.0,0
1921-10-06,86,61,0.00,0.0,0
1921-10-07,78,50,0.00,0.0,0
1921-10-08,72,42,0.00,0.0,0
1921-10-09,86,48,0.00,0.0,0
1921-10-10,89,60,0.00,0.0,0
1921-10-11,74,58,0.09,0.0,0
1921-10-12,67,49,0.00,0.0,0
1921-10-13,70,51,0.00,0.0,0
1921-10-14,79,50,0.00,0.0,0
1921-10-15,78,53,0.00,0.0,0
1921-10-16,84,59,0.00,0.0,0
1921-10-17,86,58,0.00,0.0,0
1921-10-18,91,60,0.00,0.0,0
1921-10-19,95,66,0.00,0.0,0
1921-10-20,77,51,0.00,0.0,0
1921-10-21,78,51,0.00,0.0,0
1921-10-22,81,51,0.00,0.0,0
1921-10-23,82,55,0.00,0.0,0
1921-10-24,84,54,0.00,0.0,0
1921-10-25,85,65,0.00,0.0,0
1921-10-26,75,51,0.00,0.0,0
1921-10-27,84,48,0.00,0.0,0
1921-10-28,73,57,0.15,0.0,0
1921-10-29,66,49,T,0.0,0
1921-10-30,62,52,T,0.0,0
1921-10-31,67,46,0.00,0.0,0
1921-11-01,74,48,0.00,0.0,0
1921-11-02,78,46,0.00,0.0,0
1921-11-03,76,43,0.00,0.0,0
1921-11-04,83,49,0.00,0.0,0
1921-11-05,81,54,0.00,0.0,0
1921-11-06,78,60,0.00,0.0,0
1921-11-07,79,53,0.00,0.0,0
1921-11-08,82,50,0.00,0.0,0
1921-11-09,60,44,0.00,0.0,0
1921-11-10,64,35,0.00,0.0,0
1921-11-11,71,47,0.00,0.0,0
1921-11-12,68,41,0.00,0.0,0
1921-11-13,84,55,0.00,0.0,0
1921-11-14,72,44,0.00,0.0,0
1921-11-15,81,48,T,0.0,0
1921-11-16,86,72,0.00,0.0,0
1921-11-17,86,74,0.00,0.0,0
1921-11-18,80,41,0.05,0.0,0
1921-11-19,57,35,0.00,0.0,0
1921-11-20,60,34,0.00,0.0,0
1921-11-21,75,39,0.00,0.0,0
1921-11-22,73,65,T,0.0,0
1921-11-23,80,66,0.02,0.0,0
1921-11-24,75,54,0.00,0.0,0
1921-11-25,70,52,0.00,0.0,0
1921-11-26,76,58,0.00,0.0,0
1921-11-27,64,44,0.00,0.0,0
1921-11-28,67,38,0.00,0.0,0
1921-11-29,64,41,T,0.0,0
1921-11-30,71,54,1.12,0.0,0
1921-12-01,66,56,0.39,0.0,0
1921-12-02,75,50,0.00,0.0,0
1921-12-03,62,35,0.00,0.0,0
1921-12-04,48,33,0.00,0.0,0
1921-12-05,63,36,0.00,0.0,0
1921-12-06,64,41,0.00,0.0,0
1921-12-07,54,46,0.25,0.0,0
1921-12-08,46,37,0.00,0.0,0
1921-12-09,48,37,0.00,0.0,0
1921-12-10,63,36,0.00,0.0,0
1921-12-11,68,40,0.00,0.0,0
1921-12-12,73,40,0.00,0.0,0
1921-12-13,77,43,0.00,0.0,0
1921-12-14,75,45,0.00,0.0,0
1921-12-15,64,53,T,0.0,0
1921-12-16,77,46,0.00,0.0,0
1921-12-17,46,33,0.00,0.0,0
1921-12-18,55,26,0.00,0.0,0
1921-12-19,69,46,0.00,0.0,0
1921-12-20,76,43,T,0.0,0
1921-12-21,M,36,T,0.0,0
1921-12-22,69,41,0.02,0.0,0
1921-12-23,73,40,0.01,0.0,0
1921-12-24,40,26,0.00,0.0,0
1921-12-25,42,19,0.00,0.0,0
1921-12-26,59,30,0.00,0.0,0
1921-12-27,65,40,0.00,0.0,0
1921-12-28,80,48,0.00,0.0,0
1921-12-29,63,43,0.00,0.0,0
1921-12-30,72,39,0.00,0.0,0
1921-12-31,63,41,0.00,0.0,0
1922-01-01,49,30,0.00,0.0,0
1922-01-02,58,38,0.00,0.0,0
1922-01-03,72,56,T,0.0,0
1922-01-04,70,39,0.05,0.0,0
1922-01-05,50,27,0.00,0.0,0
1922-01-06,54,36,0.00,0.0,0
1922-01-07,43,35,0.03,0.0,0
1922-01-08,57,40,T,0.0,0
1922-01-09,55,40,0.07,0.0,0
1922-01-10,55,48,0.39,0.0,0
1922-01-11,48,32,0.00,0.0,0
1922-01-12,56,29,0.00,0.0,0
1922-01-13,60,33,0.00,0.0,0
1922-01-14,71,42,0.00,0.0,0
1922-01-15,70,39,0.00,0.0,0
1922-01-16,51,34,0.00,0.0,0
1922-01-17,60,40,T,0.0,0
1922-01-18,74,35,T,0.0,0
1922-01-19,35,22,T,T,0
1922-01-20,29,23,T,T,0
1922-01-21,43,25,0.00,0.0,0
1922-01-22,40,34,0.09,0.0,0
1922-01-23,41,30,0.07,0.0,0
1922-01-24,31,27,0.33,0.0,T
1922-01-25,37,31,0.04,0.0,0
1922-01-26,43,35,T,0.0,0
1922-01-27,40,35,0.01,0.0,0
1922-01-28,38,34,0.18,0.0,0
1922-01-29,46,37,0.67,0.0,0
1922-01-30,51,43,0.00,0.0,0
1922-01-31,52,47,0.16,0.0,0
1922-02-01,62,52,0.02,0.0,0
1922-02-02,53,43,T,0.0,0
1922-02-03,58,38,0.00,0.0,0
1922-02-04,54,44,0.55,0.0,0
1922-02-05,66,45,0.00,0.0,0
1922-02-06,48,35,0.17,0.8,0
1922-02-07,60,31,0.00,0.0,0
1922-02-08,62,35,0.00,0.0,0
1922-02-09,78,50,T,0.0,0
1922-02-10,83,56,0.00,0.0,0
1922-02-11,88,61,0.00,0.0,0
1922-02-12,70,42,0.00,0.0,0
1922-02-13,49,33,T,0.0,0
1922-02-14,44,35,0.10,0.0,0
1922-02-15,52,30,0.00,0.0,0
1922-02-16,54,31,0.00,0.0,0
1922-02-17,67,36,0.00,0.0,0
1922-02-18,78,56,0.00,0.0,0
1922-02-19,82,62,0.00,0.0,0
1922-02-20,78,63,0.00,0.0,0
1922-02-21,77,64,T,0.0,0
1922-02-22,77,55,0.59,0.0,0
1922-02-23,59,36,T,0.0,0
1922-02-24,48,33,0.05,0.0,0
1922-02-25,43,39,0.50,0.0,0
1922-02-26,52,43,0.10,0.0,0
1922-02-27,50,39,0.07,0.0,0
1922-02-28,39,21,0.23,0.1,T
1922-03-01,29,20,0.01,0.1,0
1922-03-02,32,18,0.00,0.0,0
1922-03-03,45,22,0.00,0.0,0
1922-03-04,59,29,0.00,0.0,0
1922-03-05,75,41,0.00,0.0,0
1922-03-06,65,45,0.00,0.0,0
1922-03-07,61,34,0.00,0.0,0
1922-03-08,65,40,T,0.0,0
1922-03-09,68,43,0.11,0.0,0
1922-03-10,59,42,0.00,0.0,0
1922-03-11,70,33,0.00,0.0,0
1922-03-12,73,47,0.00,0.0,0
1922-03-13,77,54,0.19,0.0,0
1922-03-14,71,52,0.00,0.0,0
1922-03-15,72,52,0.00,0.0,0
1922-03-16,73,49,0.00,0.0,0
1922-03-17,77,54,0.00,0.0,0
1922-03-18,80,62,0.12,0.0,0
1922-03-19,62,46,0.00,0.0,0
1922-03-20,73,38,0.00,0.0,0
1922-03-21,78,50,0.00,0.0,0
1922-03-22,80,53,0.00,0.0,0
1922-03-23,74,58,0.00,0.0,0
1922-03-24,76,59,0.01,0.0,0
1922-03-25,66,52,1.00,0.0,0
1922-03-26,61,47,0.00,0.0,0
1922-03-27,62,47,0.04,0.0,0
1922-03-28,72,56,0.01,0.0,0
1922-03-29,63,54,0.32,0.0,0
1922-03-30,80,49,0.01,0.0,0
1922-03-31,66,45,0.00,0.0,0
1922-04-01,70,45,0.00,0.0,0
1922-04-02,70,54,T,0.0,0
1922-04-03,66,60,4.65,0.0,0
1922-04-04,64,57,1.56,0.0,0
1922-04-05,81,57,T,0.0,0
1922-04-06,80,66,0.00,0.0,0
1922-04-07,79,69,T,0.0,0
1922-04-08,73,57,0.32,0.0,0
1922-04-09,83,59,0.00,0.0,0
1922-04-10,74,55,0.20,0.0,0
1922-04-11,73,48,0.00,0.0,0
1922-04-12,80,54,0.00,0.0,0
1922-04-13,83,72,0.00,0.0,0
1922-04-14,77,61,T,0.0,0
1922-04-15,79,51,0.00,0.0,0
1922-04-16,84,66,T,0.0,0
1922-04-17,77,53,0.45,0.0,0
1922-04-18,58,47,T,0.0,0
1922-04-19,73,43,0.00,0.0,0
1922-04-20,74,50,0.00,0.0,0
1922-04-21,75,60,0.00,0.0,0
1922-04-22,78,58,0.00,0.0,0
1922-04-23,69,62,0.06,0.0,0
1922-04-24,75,61,0.16,0.0,0
1922-04-25,73,60,4.96,0.0,0
1922-04-26,77,64,0.67,0.0,0
1922-04-27,75,64,0.01,0.0,0
1922-04-28,68,54,T,0.0,0
1922-04-29,69,53,T,0.0,0
1922-04-30,69,58,0.00,0.0,0
1922-05-01,66,61,0.33,0.0,0
1922-05-02,77,60,T,0.0,0
1922-05-03,83,65,0.00,0.0,0
1922-05-04,84,64,0.02,0.0,0
1922-05-05,89,68,0.00,0.0,0
1922-05-06,89,71,0.00,0.0,0
1922-05-07,86,71,0.00,0.0,0
1922-05-08,76,63,4.36,0.0,0
1922-05-09,79,67,0.02,0.0,0
1922-05-10,84,72,T,0.0,0
1922-05-11,82,72,T,0.0,0
1922-05-12,87,69,0.02,0.0,0
1922-05-13,86,66,0.00,0.0,0
1922-05-14,83,63,0.00,0.0,0
1922-05-15,71,59,0.71,0.0,0
1922-05-16,75,54,T,0.0,0
1922-05-17,79,55,0.00,0.0,0
1922-05-18,85,65,0.00,0.0,0
1922-05-19,86,66,0.00,0.0,0
1922-05-20,95,74,T,0.0,0
1922-05-21,87,70,0.08,0.0,0
1922-05-22,81,64,0.25,0.0,0
1922-05-23,81,65,0.00,0.0,0
1922-05-24,81,64,0.00,0.0,0
1922-05-25,89,63,0.00,0.0,0
1922-05-26,93,69,0.00,0.0,0
1922-05-27,95,71,0.00,0.0,0
1922-05-28,86,70,T,0.0,0
1922-05-29,85,66,0.82,0.0,0
1922-05-30,82,67,T,0.0,0
1922-05-31,76,65,0.05,0.0,0
1922-06-01,84,59,0.00,0.0,0
1922-06-02,76,65,0.28,0.0,0
1922-06-03,81,62,0.00,0.0,0
1922-06-04,83,67,0.00,0.0,0
1922-06-05,86,62,0.84,0.0,0
1922-06-06,76,66,1.21,0.0,0
1922-06-07,76,64,0.37,0.0,0
1922-06-08,82,69,T,0.0,0
1922-06-09,82,68,0.03,0.0,0
1922-06-10,88,71,T,0.0,0
1922-06-11,89,72,T,0.0,0
1922-06-12,90,73,0.00,0.0,0
1922-06-13,92,74,0.00,0.0,0
1922-06-14,94,73,0.00,0.0,0
1922-06-15,92,73,0.00,0.0,0
1922-06-16,94,72,0.00,0.0,0
1922-06-17,93,75,0.00,0.0,0
1922-06-18,89,79,0.00,0.0,0
1922-06-19,96,73,0.00,0.0,0
1922-06-20,96,70,0.00,0.0,0
1922-06-21,95,71,0.00,0.0,0
1922-06-22,93,72,0.00,0.0,0
1922-06-23,98,75,0.00,0.0,0
1922-06-24,97,76,0.00,0.0,0
1922-06-25,97,76,0.00,0.0,0
1922-06-26,98,76,T,0.0,0
1922-06-27,89,67,0.65,0.0,0
1922-06-28,93,72,0.00,0.0,0
1922-06-29,95,76,0.00,0.0,0
1922-06-30,94,75,0.00,0.0,0
1922-07-01,94,74,T,0.0,0
1922-07-02,90,70,1.20,0.0,0
1922-07-03,86,72,0.01,0.0,0
1922-07-04,84,67,0.00,0.0,0
1922-07-05,86,66,0.00,0.0,0
1922-07-06,92,67,0.00,0.0,0
1922-07-07,92,74,0.00,0.0,0
1922-07-08,93,76,0.00,0.0,0
1922-07-09,95,76,0.00,0.0,0
1922-07-10,96,75,0.00,0.0,0
1922-07-11,94,76,0.00,0.0,0
1922-07-12,93,74,T,0.0,0
1922-07-13,88,75,T,0.0,0
1922-07-14,93,73,0.15,0.0,0
1922-07-15,92,71,0.03,0.0,0
1922-07-16,92,72,T,0.0,0
1922-07-17,93,74,0.00,0.0,0
1922-07-18,97,76,0.00,0.0,0
1922-07-19,99,74,0.01,0.0,0
1922-07-20,97,69,0.00,0.0,0
1922-07-21,101,76,0.00,0.0,0
1922-07-22,98,75,0.00,0.0,0
1922-07-23,97,77,0.00,0.0,0
1922-07-24,96,77,0.00,0.0,0
1922-07-25,98,79,0.00,0.0,0
1922-07-26,101,77,0.00,0.0,0
1922-07-27,100,79,T,0.0,0
1922-07-28,98,77,0.00,0.0,0
1922-07-29,94,76,0.00,0.0,0
1922-07-30,99,78,0.00,0.0,0
1922-07-31,100,81,0.00,0.0,0
1922-08-01,101,81,0.00,0.0,0
1922-08-02,102,80,0.00,0.0,0
1922-08-03,96,83,T,0.0,0
1922-08-04,100,78,0.00,0.0,0
1922-08-05,96,77,0.11,0.0,0
1922-08-06,96,76,0.00,0.0,0
1922-08-07,97,73,0.12,0.0,0
1922-08-08,89,74,0.16,0.0,0
1922-08-09,90,65,0.00,0.0,0
1922-08-10,90,73,0.00,0.0,0
1922-08-11,91,69,0.00,0.0,0
1922-08-12,85,72,T,0.0,0
1922-08-13,91,70,0.00,0.0,0
1922-08-14,87,73,0.10,0.0,0
1922-08-15,89,72,T,0.0,0
1922-08-16,91,72,0.00,0.0,0
1922-08-17,96,76,0.00,0.0,0
1922-08-18,97,77,T,0.0,0
1922-08-19,98,77,0.00,0.0,0
1922-08-20,99,78,0.00,0.0,0
1922-08-21,100,77,0.00,0.0,0
1922-08-22,99,78,0.00,0.0,0
1922-08-23,98,75,0.00,0.0,0
1922-08-24,101,79,0.00,0.0,0
1922-08-25,98,80,T,0.0,0
1922-08-26,98,75,0.04,0.0,0
1922-08-27,89,67,0.00,0.0,0
1922-08-28,91,70,0.00,0.0,0
1922-08-29,93,68,0.00,0.0,0
1922-08-30,97,73,0.00,0.0,0
1922-08-31,97,77,0.00,0.0,0
1922-09-01,96,76,0.00,0.0,0
1922-09-02,94,74,0.00,0.0,0
1922-09-03,93,72,0.00,0.0,0
1922-09-04,95,73,0.00,0.0,0
1922-09-05,95,73,0.00,0.0,0
1922-09-06,97,75,0.00,0.0,0
1922-09-07,98,76,0.00,0.0,0
1922-09-08,95,76,0.00,0.0,0
1922-09-09,94,75,0.00,0.0,0
1922-09-10,82,70,0.02,0.0,0
1922-09-11,81,60,0.00,0.0,0
1922-09-12,85,54,0.00,0.0,0
1922-09-13,87,63,0.00,0.0,0
1922-09-14,94,70,0.00,0.0,0
1922-09-15,92,74,0.01,0.0,0
1922-09-16,90,70,0.63,0.0,0
1922-09-17,87,70,0.00,0.0,0
1922-09-18,91,70,0.00,0.0,0
1922-09-19,86,69,0.02,0.0,0
1922-09-20,83,62,0.00,0.0,0
1922-09-21,84,54,0.00,0.0,0
1922-09-22,85,65,0.00,0.0,0
1922-09-23,90,66,0.00,0.0,0
1922-09-24,91,66,0.00,0.0,0
1922-09-25,92,65,0.00,0.0,0
1922-09-26,90,68,0.00,0.0,0
1922-09-27,92,66,0.00,0.0,0
1922-09-28,90,70,T,0.0,0
1922-09-29,88,68,0.00,0.0,0
1922-09-30,91,66,0.00,0.0,0
1922-10-01,89,66,0.09,0.0,0
1922-10-02,87,61,0.40,0.0,0
1922-10-03,89,64,0.00,0.0,0
1922-10-04,88,61,0.00,0.0,0
1922-10-05,89,67,0.00,0.0,0
1922-10-06,89,69,0.00,0.0,0
1922-10-07,76,60,T,0.0,0
1922-10-08,69,52,0.00,0.0,0
1922-10-09,78,47,0.00,0.0,0
1922-10-10,80,45,0.00,0.0,0
1922-10-11,84,48,0.00,0.0,0
1922-10-12,83,57,0.00,0.0,0
1922-10-13,82,56,0.00,0.0,0
1922-10-14,86,64,0.00,0.0,0
1922-10-15,88,66,0.01,0.0,0
1922-10-16,74,66,0.06,0.0,0
1922-10-17,69,47,1.02,0.0,0
1922-10-18,66,42,0.00,0.0,0
1922-10-19,69,51,0.00,0.0,0
1922-10-20,74,57,T,0.0,0
1922-10-21,81,51,0.00,0.0,0
1922-10-22,81,56,0.13,0.0,0
1922-10-23,70,50,T,0.0,0
1922-10-24,74,42,0.00,0.0,0
1922-10-25,65,54,T,0.0,0
1922-10-26,82,55,0.00,0.0,0
1922-10-27,82,55,0.00,0.0,0
1922-10-28,82,52,0.00,0.0,0
1922-10-29,78,53,0.00,0.0,0
1922-10-30,80,61,T,0.0,0
1922-10-31,62,55,1.16,0.0,0
1922-11-01,74,50,0.00,0.0,0
1922-11-02,75,50,0.00,0.0,0
1922-11-03,82,62,T,0.0,0
1922-11-04,80,66,0.01,0.0,0
1922-11-05,75,60,0.08,0.0,0
1922-11-06,71,52,0.00,0.0,0
1922-11-07,74,44,0.00,0.0,0
1922-11-08,75,51,0.00,0.0,0
1922-11-09,75,54,0.00,0.0,0
1922-11-10,74,57,0.00,0.0,0
1922-11-11,79,59,0.00,0.0,0
1922-11-12,72,43,0.82,0.0,0
1922-11-13,47,39,0.35,0.0,0
1922-11-14,57,45,0.06,0.0,0
1922-11-15,57,45,0.00,0.0,0
1922-11-16,53,48,0.05,0.0,0
1922-11-17,49,43,1.53,0.0,0
1922-11-18,64,49,0.01,0.0,0
1922-11-19,64,46,0.00,0.0,0
1922-11-20,60,37,0.00,0.0,0
1922-11-21,57,40,T,0.0,0
1922-11-22,62,44,0.00,0.0,0
1922-11-23,67,43,0.00,0.0,0
1922-11-24,66,42,0.00,0.0,0
1922-11-25,50,42,0.02,0.0,0
1922-11-26,65,38,0.00,0.0,0
1922-11-27,73,50,0.00,0.0,0
1922-11-28,57,41,0.00,0.0,0
1922-11-29,70,42,0.00,0.0,0
1922-11-30,74,64,0.01,0.0,0
1922-12-01,70,61,0.13,0.0,0
1922-12-02,78,65,0.03,0.0,0
1922-12-03,75,64,0.01,0.0,0
1922-12-04,79,65,0.00,0.0,0
1922-12-05,65,49,0.00,0.0,0
1922-12-06,69,59,0.04,0.0,0
1922-12-07,81,66,0.01,0.0,0
1922-12-08,72,38,T,0.0,0
1922-12-09,46,33,T,0.0,0
1922-12-10,40,27,T,0.0,0
1922-12-11,70,39,0.00,0.0,0
1922-12-12,52,32,0.00,0.0,0
1922-12-13,44,30,0.01,0.0,0
1922-12-14,71,40,0.01,0.0,0
1922-12-15,44,30,0.00,0.0,0
1922-12-16,56,41,0.00,0.0,0
1922-12-17,49,33,0.00,0.0,0
1922-12-18,43,30,0.00,0.0,0
1922-12-19,50,23,0.00,0.0,0
1922-12-20,57,31,0.00,0.0,0
1922-12-21,63,34,0.00,0.0,0
1922-12-22,70,37,0.00,0.0,0
1922-12-23,72,41,0.00,0.0,0
1922-12-24,75,42,0.00,0.0,0
1922-12-25,78,43,0.00,0.0,0
1922-12-26,72,51,T,0.0,0
1922-12-27,60,44,0.00,0.0,0
1922-12-28,67,35,0.00,0.0,0
1922-12-29,69,40,0.00,0.0,0
1922-12-30,71,49,0.13,0.0,0
1922-12-31,55,36,0.00,0.0,0
1923-01-01,69,37,0.00,0.0,0
1923-01-02,57,40,0.00,0.0,0
1923-01-03,64,31,0.00,0.0,0
1923-01-04,66,36,0.00,0.0,0
1923-01-05,66,43,0.00,0.0,0
1923-01-06,65,33,0.00,0.0,0
1923-01-07,73,46,0.00,0.0,0
1923-01-08,80,43,0.00,0.0,0
1923-01-09,63,43,0.00,0.0,0
1923-01-10,72,41,0.00,0.0,0
1923-01-11,77,53,0.00,0.0,0
1923-01-12,69,42,0.00,0.0,0
1923-01-13,75,54,T,0.0,0
1923-01-14,70,44,0.13,0.0,0
1923-01-15,65,33,0.00,0.0,0
1923-01-16,69,36,0.00,0.0,0
1923-01-17,72,39,0.00,0.0,0
1923-01-18,80,58,T,0.0,0
1923-01-19,74,54,T,0.0,0
1923-01-20,75,54,0.16,0.0,0
1923-01-21,62,45,2.30,0.0,0
1923-01-22,45,35,0.53,0.3,T
1923-01-23,41,32,T,T,0
1923-01-24,57,34,0.00,0.0,0
1923-01-25,60,44,0.00,0.0,0
1923-01-26,73,58,0.03,0.0,0
1923-01-27,66,58,0.05,0.0,0
1923-01-28,58,44,T,0.0,0
1923-01-29,54,48,0.72,0.0,0
1923-01-30,73,52,0.02,0.0,0
1923-01-31,72,64,0.10,0.0,0
1923-02-01,73,50,0.00,0.0,0
1923-02-02,53,41,0.16,0.0,0
1923-02-03,51,25,0.23,T,0
1923-02-04,28,18,0.24,2.4,2
1923-02-05,36,28,T,T,T
1923-02-06,50,26,0.00,0.0,T
1923-02-07,51,29,0.00,0.0,T
1923-02-08,57,34,0.04,0.0,0
1923-02-09,58,43,0.06,0.0,0
1923-02-10,51,37,0.15,0.0,0
1923-02-11,47,38,T,0.0,0
1923-02-12,70,45,0.01,0.0,0
1923-02-13,65,45,0.00,0.0,0
1923-02-14,50,38,0.00,0.0,0
1923-02-15,48,30,0.00,0.0,0
1923-02-16,47,37,0.01,0.0,0
1923-02-17,52,28,0.00,0.0,0
1923-02-18,49,28,0.00,0.0,0
1923-02-19,69,33,0.00,0.0,0
1923-02-20,69,44,0.00,0.0,0
1923-02-21,62,50,0.01,0.0,0
1923-02-22,57,48,0.00,0.0,0
1923-02-23,53,49,T,0.0,0
1923-02-24,52,43,0.29,0.0,0
1923-02-25,50,43,0.66,0.0,0
1923-02-26,64,46,T,0.0,0
1923-02-27,54,44,0.12,0.0,0
1923-02-28,58,38,0.01,0.0,0
1923-03-01,69,46,0.00,0.0,0
1923-03-02,72,48,0.00,0.0,0
1923-03-03,77,60,0.10,0.0,0
1923-03-04,62,42,0.25,0.0,0
1923-03-05,52,42,0.17,0.0,0
1923-03-06,55,44,0.01,0.0,0
1923-03-07,63,38,0.00,0.0,0
1923-03-08,73,44,0.00,0.0,0
1923-03-09,71,54,0.00,0.0,0
1923-03-10,71,61,T,0.0,0
1923-03-11,69,53,0.08,0.0,0
1923-03-12,63,46,0.00,0.0,0
1923-03-13,66,39,0.00,0.0,0
1923-03-14,72,44,0.00,0.0,0
1923-03-15,70,36,0.15,0.0,0
1923-03-16,53,31,0.00,0.0,0
1923-03-17,65,35,0.00,0.0,0
1923-03-18,52,24,0.00,0.0,0
1923-03-19,42,16,0.00,0.0,0
1923-03-20,59,28,0.00,0.0,0
1923-03-21,76,47,0.00,0.0,0
1923-03-22,65,43,0.00,0.0,0
1923-03-23,65,37,0.00,0.0,0
1923-03-24,69,39,0.00,0.0,0
1923-03-25,73,48,0.00,0.0,0
1923-03-26,61,43,0.33,0.0,0
1923-03-27,52,45,0.48,0.0,0
1923-03-28,63,45,0.04,0.0,0
1923-03-29,58,45,T,0.0,0
1923-03-30,66,48,0.01,0.0,0
1923-03-31,59,40,0.00,0.0,0
1923-04-01,66,40,0.00,0.0,0
1923-04-02,63,54,0.07,0.0,0
1923-04-03,80,59,1.39,0.0,0
1923-04-04,73,49,T,0.0,0
1923-04-05,68,42,0.00,0.0,0
1923-04-06,79,48,0.00,0.0,0
1923-04-07,90,60,0.00,0.0,0
1923-04-08,70,51,0.00,0.0,0
1923-04-09,71,52,T,0.0,0
1923-04-10,76,55,0.00,0.0,0
1923-04-11,74,60,1.29,0.0,0
1923-04-12,73,60,0.40,0.0,0
1923-04-13,75,57,T,0.0,0
1923-04-14,73,57,0.03,0.0,0
1923-04-15,72,52,0.01,0.0,0
1923-04-16,69,52,0.00,0.0,0
1923-04-17,72,53,0.00,0.0,0
1923-04-18,74,53,0.00,0.0,0
1923-04-19,73,54,0.00,0.0,0
1923-04-20,74,55,0.81,0.0,0
1923-04-21,78,50,0.00,0.0,0
1923-04-22,80,64,0.01,0.0,0
1923-04-23,82,71,T,0.0,0
1923-04-24,85,67,0.12,0.0,0
1923-04-25,78,62,1.96,0.0,0
1923-04-26,80,64,0.12,0.0,0
1923-04-27,78,63,0.18,0.0,0
1923-04-28,84,66,0.00,0.0,0
1923-04-29,79,60,0.00,0.0,0
1923-04-30,79,64,0.00,0.0,0
1923-05-01,83,66,0.01,0.0,0
1923-05-02,76,59,T,0.0,0
1923-05-03,81,58,0.00,0.0,0
1923-05-04,76,61,T,0.0,0
1923-05-05,78,53,0.00,0.0,0
1923-05-06,84,60,0.00,0.0,0
1923-05-07,84,66,T,0.0,0
1923-05-08,82,56,0.00,0.0,0
1923-05-09,72,46,0.00,0.0,0
1923-05-10,86,56,0.00,0.0,0
1923-05-11,88,69,T,0.0,0
1923-05-12,76,58,0.00,0.0,0
1923-05-13,76,56,0.00,0.0,0
1923-05-14,86,69,0.01,0.0,0
1923-05-15,76,61,0.00,0.0,0
1923-05-16,72,52,0.00,0.0,0
1923-05-17,79,57,T,0.0,0
1923-05-18,87,68,0.00,0.0,0
1923-05-19,86,65,0.50,0.0,0
1923-05-20,86,72,T,0.0,0
1923-05-21,90,70,0.00,0.0,0
1923-05-22,80,72,0.02,0.0,0
1923-05-23,85,71,0.00,0.0,0
1923-05-24,87,70,0.00,0.0,0
1923-05-25,77,63,0.00,0.0,0
1923-05-26,86,60,0.00,0.0,0
1923-05-27,89,65,0.00,0.0,0
1923-05-28,87,70,0.02,0.0,0
1923-05-29,87,65,0.79,0.0,0
1923-05-30,95,72,0.00,0.0,0
1923-05-31,91,75,0.00,0.0,0
1923-06-01,89,75,0.00,0.0,0
1923-06-02,85,67,3.46,0.0,0
1923-06-03,87,67,0.08,0.0,0
1923-06-04,87,70,0.00,0.0,0
1923-06-05,87,64,0.10,0.0,0
1923-06-06,91,74,0.00,0.0,0
1923-06-07,88,71,0.00,0.0,0
1923-06-08,89,75,0.00,0.0,0
1923-06-09,84,65,1.04,0.0,0
1923-06-10,86,66,3.66,0.0,0
1923-06-11,84,72,0.04,0.0,0
1923-06-12,85,70,0.00,0.0,0
1923-06-13,79,66,0.60,0.0,0
1923-06-14,91,73,0.00,0.0,0
1923-06-15,92,73,0.00,0.0,0
1923-06-16,92,76,0.00,0.0,0
1923-06-17,91,75,0.00,0.0,0
1923-06-18,92,73,0.00,0.0,0
1923-06-19,91,74,0.00,0.0,0
1923-06-20,90,74,0.00,0.0,0
1923-06-21,91,74,0.00,0.0,0
1923-06-22,92,74,0.00,0.0,0
1923-06-23,94,75,0.00,0.0,0
1923-06-24,94,75,0.00,0.0,0
1923-06-25,93,76,0.00,0.0,0
1923-06-26,96,76,0.00,0.0,0
1923-06-27,98,78,0.00,0.0,0
1923-06-28,88,72,0.01,0.0,0
1923-06-29,84,65,0.00,0.0,0
1923-06-30,84,65,T,0.0,0
1923-07-01,87,69,T,0.0,0
1923-07-02,89,71,T,0.0,0
1923-07-03,91,71,0.00,0.0,0
1923-07-04,92,72,0.00,0.0,0
1923-07-05,92,72,0.00,0.0,0
1923-07-06,91,74,0.00,0.0,0
1923-07-07,89,74,0.61,0.0,0
1923-07-08,92,71,0.00,0.0,0
1923-07-09,94,72,0.00,0.0,0
1923-07-10,95,75,0.00,0.0,0
1923-07-11,97,79,0.00,0.0,0
1923-07-12,99,77,0.00,0.0,0
1923-07-13,100,79,0.00,0.0,0
1923-07-14,101,80,T,0.0,0
1923-07-15,99,82,0.00,0.0,0
1923-07-16,93,80,T,0.0,0
1923-07-17,93,79,T,0.0,0
1923-07-18,100,80,0.00,0.0,0
1923-07-19,90,73,0.00,0.0,0
1923-07-20,85,70,T,0.0,0
1923-07-21,90,69,T,0.0,0
1923-07-22,91,71,T,0.0,0
1923-07-23,96,77,0.00,0.0,0
1923-07-24,100,81,0.00,0.0,0
1923-07-25,103,83,0.00,0.0,0
1923-07-26,100,83,0.00,0.0,0
1923-07-27,102,82,0.01,0.0,0
1923-07-28,94,77,0.00,0.0,0
1923-07-29,98,75,T,0.0,0
1923-07-30,98,80,T,0.0,0
1923-07-31,103,80,0.00,0.0,0
1923-08-01,104,82,0.00,0.0,0
1923-08-02,102,80,0.00,0.0,0
1923-08-03,103,82,0.00,0.0,0
1923-08-04,102,82,0.00,0.0,0
1923-08-05,98,81,0.00,0.0,0
1923-08-06,98,77,0.00,0.0,0
1923-08-07,98,79,0.00,0.0,0
1923-08-08,96,80,T,0.0,0
1923-08-09,94,77,0.00,0.0,0
1923-08-10,95,77,0.00,0.0,0
1923-08-11,97,81,0.00,0.0,0
1923-08-12,98,77,0.00,0.0,0
1923-08-13,99,82,0.00,0.0,0
1923-08-14,100,81,0.00,0.0,0
1923-08-15,99,78,0.00,0.0,0
1923-08-16,99,80,0.00,0.0,0
1923-08-17,101,72,0.48,0.0,0
1923-08-18,88,75,0.15,0.0,0
1923-08-19,96,73,0.00,0.0,0
1923-08-20,92,75,0.00,0.0,0
1923-08-21,96,76,0.00,0.0,0
1923-08-22,84,71,0.03,0.0,0
1923-08-23,77,68,0.06,0.0,0
1923-08-24,88,67,0.00,0.0,0
1923-08-25,93,69,0.00,0.0,0
1923-08-26,93,69,0.00,0.0,0
1923-08-27,83,72,0.06,0.0,0
1923-08-28,90,70,0.00,0.0,0
1923-08-29,94,69,0.00,0.0,0
1923-08-30,94,72,0.00,0.0,0
1923-08-31,97,74,0.19,0.0,0
1923-09-01,96,76,T,0.0,0
1923-09-02,93,78,0.02,0.0,0
1923-09-03,92,70,0.72,0.0,0
1923-09-04,87,68,0.11,0.0,0
1923-09-05,85,71,T,0.0,0
1923-09-06,92,70,T,0.0,0
1923-09-07,82,72,0.00,0.0,0
1923-09-08,87,62,0.00,0.0,0
1923-09-09,91,65,0.00,0.0,0
1923-09-10,91,65,0.00,0.0,0
1923-09-11,92,68,0.00,0.0,0
1923-09-12,93,70,0.00,0.0,0
1923-09-13,92,71,0.00,0.0,0
1923-09-14,90,71,0.00,0.0,0
1923-09-15,84,64,1.25,0.0,0
1923-09-16,79,69,0.04,0.0,0
1923-09-17,81,71,0.95,0.0,0
1923-09-18,86,70,0.01,0.0,0
1923-09-19,89,74,0.04,0.0,0
1923-09-20,90,69,T,0.0,0
1923-09-21,83,61,0.00,0.0,0
1923-09-22,80,61,0.00,0.0,0
1923-09-23,80,60,0.00,0.0,0
1923-09-24,84,62,0.00,0.0,0
1923-09-25,89,69,T,0.0,0
1923-09-26,90,72,0.00,0.0,0
1923-09-27,89,75,0.00,0.0,0
1923-09-28,87,69,0.00,0.0,0
1923-09-29,90,70,0.00,0.0,0
1923-09-30,90,69,0.00,0.0,0
1923-10-01,93,70,0.22,0.0,0
1923-10-02,84,68,T,0.0,0
1923-10-03,76,65,0.39,0.0,0
1923-10-04,78,66,0.01,0.0,0
1923-10-05,76,61,0.00,0.0,0
1923-10-06,79,62,0.00,0.0,0
1923-10-07,81,64,0.00,0.0,0
1923-10-08,82,60,0.00,0.0,0
1923-10-09,81,65,0.00,0.0,0
1923-10-10,81,63,0.00,0.0,0
1923-10-11,81,60,0.00,0.0,0
1923-10-12,83,60,0.00,0.0,0
1923-10-13,75,53,0.81,0.0,0
1923-10-14,55,53,3.06,0.0,0
1923-10-15,68,53,0.31,0.0,0
1923-10-16,67,59,0.04,0.0,0
1923-10-17,73,56,0.00,0.0,0
1923-10-18,71,53,0.00,0.0,0
1923-10-19,69,45,0.00,0.0,0
1923-10-20,67,48,0.00,0.0,0
1923-10-21,67,44,0.00,0.0,0
1923-10-22,68,47,0.00,0.0,0
1923-10-23,64,43,0.00,0.0,0
1923-10-24,67,43,0.00,0.0,0
1923-10-25,70,47,T,0.0,0
1923-10-26,58,52,0.01,0.0,0
1923-10-27,60,53,T,0.0,0
1923-10-28,68,54,0.37,0.0,0
1923-10-29,67,61,0.10,0.0,0
1923-10-30,62,41,0.02,0.0,0
1923-10-31,50,41,T,0.0,0
1923-11-01,45,40,0.31,0.0,0
1923-11-02,49,42,0.46,0.0,0
1923-11-03,53,47,0.00,0.0,0
1923-11-04,63,46,0.00,0.0,0
1923-11-05,59,41,0.00,0.0,0
1923-11-06,58,36,0.00,0.0,0
1923-11-07,72,39,0.00,0.0,0
1923-11-08,69,44,0.00,0.0,0
1923-11-09,70,44,0.00,0.0,0
1923-11-10,68,45,0.00,0.0,0
1923-11-11,71,50,0.00,0.0,0
1923-11-12,74,56,0.00,0.0,0
1923-11-13,70,59,0.00,0.0,0
1923-11-14,63,52,0.94,0.0,0
1923-11-15,71,46,0.02,0.0,0
1923-11-16,65,47,0.00,0.0,0
1923-11-17,61,39,0.00,0.0,0
1923-11-18,59,43,0.00,0.0,0
1923-11-19,72,49,0.00,0.0,0
1923-11-20,75,48,0.00,0.0,0
1923-11-21,70,50,T,0.0,0
1923-11-22,68,58,0.00,0.0,0
1923-11-23,74,50,0.00,0.0,0
1923-11-24,74,49,0.00,0.0,0
1923-11-25,78,59,T,0.0,0
1923-11-26,64,48,0.00,0.0,0
1923-11-27,58,47,0.00,0.0,0
1923-11-28,47,38,0.32,0.0,0
1923-11-29,54,39,0.00,0.0,0
1923-11-30,65,35,0.00,0.0,0
1923-12-01,62,53,0.16,0.0,0
1923-12-02,57,50,0.44,0.0,0
1923-12-03,52,45,0.10,0.0,0
1923-12-04,55,42,0.11,0.0,0
1923-12-05,55,37,0.00,0.0,0
1923-12-06,67,36,0.00,0.0,0
1923-12-07,72,48,0.00,0.0,0
1923-12-08,78,64,0.00,0.0,0
1923-12-09,77,61,T,0.0,0
1923-12-10,61,44,0.57,0.0,0
1923-12-11,51,44,2.18,0.0,0
1923-12-12,50,42,2.00,0.0,0
1923-12-13,46,37,0.00,0.0,0
1923-12-14,47,31,0.00,0.0,0
1923-12-15,47,33,0.00,0.0,0
1923-12-16,52,31,0.00,0.0,0
1923-12-17,51,40,T,0.0,0
1923-12-18,48,42,0.40,0.0,0
1923-12-19,57,46,0.12,0.0,0
1923-12-20,56,44,0.14,0.0,0
1923-12-21,60,50,0.26,0.0,0
1923-12-22,50,45,0.04,0.0,0
1923-12-23,49,42,0.00,0.0,0
1923-12-24,57,37,0.00,0.0,0
1923-12-25,57,40,0.00,0.0,0
1923-12-26,69,48,0.00,0.0,0
1923-12-27,74,57,0.00,0.0,0
1923-12-28,66,47,T,0.0,0
1923-12-29,80,54,T,0.0,0
1923-12-30,74,33,0.01,0.0,0
1923-12-31,33,20,0.00,0.0,0
1924-01-01,33,20,0.00,0.0,0
1924-01-02,38,32,0.02,0.0,0
1924-01-03,46,28,0.00,0.0,0
1924-01-04,38,27,0.00,0.0,0
1924-01-05,30,18,0.00,0.0,0
1924-01-06,44,17,0.00,0.0,0
1924-01-07,59,25,0.00,0.0,0
1924-01-08,58,28,0.00,0.0,0
1924-01-09,59,42,0.05,0.0,0
1924-01-10,43,29,T,0.0,0
1924-01-11,64,28,0.00,0.0,0
1924-01-12,50,31,0.00,0.0,0
1924-01-13,46,21,0.00,0.0,0
1924-01-14,52,27,0.04,0.0,0
1924-01-15,44,38,0.48,0.0,0
1924-01-16,50,33,0.00,0.0,0
1924-01-17,37,28,T,0.0,0
1924-01-18,60,32,0.00,0.0,0
1924-01-19,57,28,T,0.0,0
1924-01-20,36,21,0.00,0.0,0
1924-01-21,45,21,0.00,0.0,0
1924-01-22,50,23,0.00,0.0,0
1924-01-23,49,42,0.51,0.0,0
1924-01-24,67,46,T,0.0,0
1924-01-25,57,37,0.00,0.0,0
1924-01-26,55,30,0.00,0.0,0
1924-01-27,58,37,0.04,0.0,0
1924-01-28,59,46,T,0.0,0
1924-01-29,66,51,0.00,0.0,0
1924-01-30,71,40,0.00,0.0,0
1924-01-31,72,52,0.00,0.0,0
1924-02-01,71,45,0.00,0.0,0
1924-02-02,78,45,0.00,0.0,0
1924-02-03,72,44,0.00,0.0,0
1924-02-04,44,32,T,T,0
1924-02-05,38,24,0.00,0.0,0
1924-02-06,51,23,0.00,0.0,0
1924-02-07,52,34,0.00,0.0,0
1924-02-08,55,42,T,0.0,0
1924-02-09,66,48,T,0.0,0
1924-02-10,57,42,T,0.0,0
1924-02-11,51,44,0.86,0.0,0
1924-02-12,64,36,0.00,0.0,0
1924-02-13,77,45,0.00,0.0,0
1924-02-14,78,48,0.00,0.0,0
1924-02-15,66,50,0.02,0.0,0
1924-02-16,70,49,0.13,0.0,0
1924-02-17,52,42,0.00,0.0,0
1924-02-18,46,39,0.26,0.0,0
1924-02-19,52,41,0.15,0.0,0
1924-02-20,41,33,0.00,0.0,0
1924-02-21,38,27,0.00,0.0,0
1924-02-22,43,34,0.02,0.0,0
1924-02-23,50,43,0.14,0.0,0
1924-02-24,51,35,0.00,0.0,0
1924-02-25,40,33,0.66,5.5,1
1924-02-26,53,33,0.00,0.0,T
1924-02-27,57,32,0.00,0.0,0
1924-02-28,54,38,0.00,0.0,0
1924-02-29,66,35,0.00,0.0,0
1924-03-01,66,41,0.00,0.0,0
1924-03-02,71,40,0.00,0.0,0
1924-03-03,66,50,T,0.0,0
1924-03-04,67,53,0.01,0.0,0
1924-03-05,65,44,0.00,0.0,0
1924-03-06,64,45,T,0.0,0
1924-03-07,63,47,0.00,0.0,0
1924-03-08,58,42,0.68,0.0,0
1924-03-09,43,31,0.04,0.0,0
1924-03-10,45,28,0.00,0.0,0
1924-03-11,50,33,0.00,0.0,0
1924-03-12,46,39,0.11,0.1,0
1924-03-13,41,33,0.83,3.4,T
1924-03-14,43,31,0.00,0.0,T
1924-03-15,58,35,0.00,0.0,0
1924-03-16,62,49,0.03,0.0,0
1924-03-17,57,39,0.90,0.0,0
1924-03-18,52,34,T,0.0,0
1924-03-19,47,32,0.88,0.8,0
1924-03-20,48,34,T,0.0,0
1924-03-21,55,34,0.00,0.0,0
1924-03-22,50,45,0.16,0.0,0
1924-03-23,59,46,0.00,0.0,0
1924-03-24,64,42,0.00,0.0,0
1924-03-25,75,53,0.00,0.0,0
1924-03-26,68,56,T,0.0,0
1924-03-27,80,54,0.04,0.0,0
1924-03-28,75,66,0.30,0.0,0
1924-03-29,74,55,0.00,0.0,0
1924-03-30,69,47,0.00,0.0,0
1924-03-31,55,39,0.00,0.0,0
1924-04-01,60,38,0.00,0.0,0
1924-04-02,65,42,0.00,0.0,0
1924-04-03,68,49,0.12,0.0,0
1924-04-04,59,51,T,0.0,0
1924-04-05,79,50,0.00,0.0,0
1924-04-06,75,56,0.00,0.0,0
1924-04-07,80,53,0.00,0.0,0
1924-04-08,86,61,0.00,0.0,0
1924-04-09,75,60,T,0.0,0
1924-04-10,63,55,T,0.0,0
1924-04-11,69,47,0.00,0.0,0
1924-04-12,78,52,0.00,0.0,0
1924-04-13,80,63,0.01,0.0,0
1924-04-14,91,64,0.00,0.0,0
1924-04-15,91,69,0.00,0.0,0
1924-04-16,87,69,0.02,0.0,0
1924-04-17,69,50,0.00,0.0,0
1924-04-18,71,45,0.00,0.0,0
1924-04-19,85,49,0.00,0.0,0
1924-04-20,84,60,0.00,0.0,0
1924-04-21,92,62,0.00,0.0,0
1924-04-22,85,64,0.17,0.0,0
1924-04-23,81,63,0.00,0.0,0
1924-04-24,85,71,0.03,0.0,0
1924-04-25,76,61,1.19,0.0,0
1924-04-26,64,52,T,0.0,0
1924-04-27,72,50,0.00,0.0,0
1924-04-28,80,59,0.00,0.0,0
1924-04-29,80,58,T,0.0,0
1924-04-30,69,53,T,0.0,0
1924-05-01,75,52,0.00,0.0,0
1924-05-02,79,53,0.00,0.0,0
1924-05-03,82,56,0.00,0.0,0
1924-05-04,84,61,0.00,0.0,0
1924-05-05,85,63,0.00,0.0,0
1924-05-06,76,65,T,0.0,0
1924-05-07,75,60,0.08,0.0,0
1924-05-08,74,51,T,0.0,0
1924-05-09,68,53,0.17,0.0,0
1924-05-10,68,54,T,0.0,0
1924-05-11,70,49,0.00,0.0,0
1924-05-12,78,53,0.00,0.0,0
1924-05-13,89,62,T,0.0,0
1924-05-14,75,58,0.16,0.0,0
1924-05-15,75,53,0.01,0.0,0
1924-05-16,80,54,0.00,0.0,0
1924-05-17,84,61,0.00,0.0,0
1924-05-18,90,65,0.00,0.0,0
1924-05-19,89,66,0.00,0.0,0
1924-05-20,92,68,0.05,0.0,0
1924-05-21,77,63,T,0.0,0
1924-05-22,78,62,0.00,0.0,0
1924-05-23,88,67,T,0.0,0
1924-05-24,80,57,0.10,0.0,0
1924-05-25,73,62,0.16,0.0,0
1924-05-26,81,65,2.76,0.0,0
1924-05-27,90,70,0.00,0.0,0
1924-05-28,88,75,0.08,0.0,0
1924-05-29,80,66,0.12,0.0,0
1924-05-30,68,59,0.03,0.0,0
1924-05-31,69,58,T,0.0,0
1924-06-01,79,64,0.33,0.0,0
1924-06-02,82,64,0.17,0.0,0
1924-06-03,85,61,0.00,0.0,0
1924-06-04,89,69,0.00,0.0,0
1924-06-05,90,69,0.00,0.0,0
1924-06-06,92,74,0.00,0.0,0
1924-06-07,92,75,0.00,0.0,0
1924-06-08,93,77,0.00,0.0,0
1924-06-09,94,76,0.00,0.0,0
1924-06-10,94,73,0.08,0.0,0
1924-06-11,97,77,0.00,0.0,0
1924-06-12,98,77,0.00,0.0,0
1924-06-13,101,75,0.00,0.0,0
1924-06-14,102,79,0.00,0.0,0
1924-06-15,102,78,0.00,0.0,0
1924-06-16,102,78,0.00,0.0,0
1924-06-17,99,78,0.00,0.0,0
1924-06-18,98,77,0.00,0.0,0
1924-06-19,95,75,0.00,0.0,0
1924-06-20,91,75,T,0.0,0
1924-06-21,81,68,0.96,0.0,0
1924-06-22,86,70,0.11,0.0,0
1924-06-23,93,74,0.00,0.0,0
1924-06-24,95,74,0.00,0.0,0
1924-06-25,94,75,0.00,0.0,0
1924-06-26,95,75,0.00,0.0,0
1924-06-27,96,75,0.00,0.0,0
1924-06-28,97,76,0.00,0.0,0
1924-06-29,97,76,0.00,0.0,0
1924-06-30,84,70,T,0.0,0
1924-07-01,84,66,0.00,0.0,0
1924-07-02,80,67,0.00,0.0,0
1924-07-03,84,63,0.00,0.0,0
1924-07-04,72,63,0.20,0.0,0
1924-07-05,82,56,0.00,0.0,0
1924-07-06,86,65,0.00,0.0,0
1924-07-07,88,64,T,0.0,0
1924-07-08,93,69,0.00,0.0,0
1924-07-09,96,76,0.00,0.0,0
1924-07-10,96,69,0.27,0.0,0
1924-07-11,95,74,0.00,0.0,0
1924-07-12,97,78,T,0.0,0
1924-07-13,97,78,0.00,0.0,0
1924-07-14,97,77,0.00,0.0,0
1924-07-15,99,79,0.00,0.0,0
1924-07-16,99,80,0.00,0.0,0
1924-07-17,98,79,0.00,0.0,0
1924-07-18,97,78,0.00,0.0,0
1924-07-19,94,78,0.00,0.0,0
1924-07-20,95,79,T,0.0,0
1924-07-21,97,78,0.00,0.0,0
1924-07-22,100,76,0.00,0.0,0
1924-07-23,99,78,0.00,0.0,0
1924-07-24,102,81,0.00,0.0,0
1924-07-25,94,79,0.00,0.0,0
1924-07-26,93,74,0.00,0.0,0
1924-07-27,97,75,0.00,0.0,0
1924-07-28,98,77,0.00,0.0,0
1924-07-29,97,78,0.00,0.0,0
1924-07-30,97,79,0.00,0.0,0
1924-07-31,96,79,T,0.0,0
1924-08-01,99,80,0.00,0.0,0
1924-08-02,98,79,0.00,0.0,0
1924-08-03,96,77,0.00,0.0,0
1924-08-04,97,77,0.00,0.0,0
1924-08-05,97,80,0.00,0.0,0
1924-08-06,99,75,0.15,0.0,0
1924-08-07,95,74,0.00,0.0,0
1924-08-08,98,76,0.00,0.0,0
1924-08-09,99,77,0.00,0.0,0
1924-08-10,99,79,0.00,0.0,0
1924-08-11,102,80,0.00,0.0,0
1924-08-12,94,74,0.00,0.0,0
1924-08-13,86,72,0.63,0.0,0
1924-08-14,94,72,0.00,0.0,0
1924-08-15,97,73,0.00,0.0,0
1924-08-16,102,79,0.00,0.0,0
1924-08-17,98,79,T,0.0,0
1924-08-18,93,75,0.00,0.0,0
1924-08-19,97,78,0.00,0.0,0
1924-08-20,97,78,0.00,0.0,0
1924-08-21,97,77,0.00,0.0,0
1924-08-22,97,78,0.00,0.0,0
1924-08-23,98,78,0.00,0.0,0
1924-08-24,103,82,T,0.0,0
1924-08-25,98,77,0.02,0.0,0
1924-08-26,92,80,T,0.0,0
1924-08-27,99,76,0.01,0.0,0
1924-08-28,99,75,0.00,0.0,0
1924-08-29,97,78,0.00,0.0,0
1924-08-30,96,77,T,0.0,0
1924-08-31,95,75,0.00,0.0,0
1924-09-01,95,73,0.00,0.0,0
1924-09-02,86,70,T,0.0,0
1924-09-03,84,67,0.00,0.0,0
1924-09-04,89,65,0.00,0.0,0
1924-09-05,95,63,0.00,0.0,0
1924-09-06,96,70,0.00,0.0,0
1924-09-07,98,70,0.00,0.0,0
1924-09-08,100,77,0.00,0.0,0
1924-09-09,90,71,0.00,0.0,0
1924-09-10,92,68,0.00,0.0,0
1924-09-11,91,72,0.51,0.0,0
1924-09-12,73,67,1.90,0.0,0
1924-09-13,73,66,0.30,0.0,0
1924-09-14,82,68,T,0.0,0
1924-09-15,85,67,0.00,0.0,0
1924-09-16,91,65,0.00,0.0,0
1924-09-17,78,63,0.20,0.0,0
1924-09-18,77,64,0.02,0.0,0
1924-09-19,91,73,T,0.0,0
1924-09-20,92,78,0.00,0.0,0
1924-09-21,90,64,0.10,0.0,0
1924-09-22,77,60,0.00,0.0,0
1924-09-23,77,54,0.00,0.0,0
1924-09-24,80,56,0.00,0.0,0
1924-09-25,85,58,0.00,0.0,0
1924-09-26,89,67,0.00,0.0,0
1924-09-27,78,56,0.01,0.0,0
1924-09-28,73,51,0.00,0.0,0
1924-09-29,74,48,0.00,0.0,0
1924-09-30,73,47,0.00,0.0,0
1924-10-01,82,50,0.00,0.0,0
1924-10-02,82,55,0.00,0.0,0
1924-10-03,81,64,0.00,0.0,0
1924-10-04,89,60,0.00,0.0,0
1924-10-05,87,72,0.13,0.0,0
1924-10-06,82,69,0.00,0.0,0
1924-10-07,84,71,T,0.0,0
1924-10-08,84,64,0.00,0.0,0
1924-10-09,86,70,0.00,0.0,0
1924-10-10,87,68,0.00,0.0,0
1924-10-11,85,66,0.00,0.0,0
1924-10-12,84,60,0.00,0.0,0
1924-10-13,83,58,0.00,0.0,0
1924-10-14,84,54,0.00,0.0,0
1924-10-15,85,56,0.00,0.0,0
1924-10-16,86,58,0.00,0.0,0
1924-10-17,84,59,0.00,0.0,0
1924-10-18,84,60,0.00,0.0,0
1924-10-19,84,58,0.00,0.0,0
1924-10-20,84,57,0.00,0.0,0
1924-10-21,80,57,0.00,0.0,0
1924-10-22,68,54,0.00,0.0,0
1924-10-23,63,45,0.00,0.0,0
1924-10-24,67,40,0.00,0.0,0
1924-10-25,69,38,0.00,0.0,0
1924-10-26,72,38,0.00,0.0,0
1924-10-27,75,43,0.00,0.0,0
1924-10-28,83,52,0.00,0.0,0
1924-10-29,85,66,0.00,0.0,0
1924-10-30,85,67,T,0.0,0
1924-10-31,71,55,0.00,0.0,0
1924-11-01,77,43,0.00,0.0,0
1924-11-02,82,44,0.00,0.0,0
1924-11-03,83,47,0.00,0.0,0
1924-11-04,80,62,0.00,0.0,0
1924-11-05,84,65,0.00,0.0,0
1924-11-06,83,70,0.00,0.0,0
1924-11-07,74,47,0.73,0.0,0
1924-11-08,54,45,1.68,0.0,0
1924-11-09,69,53,0.00,0.0,0
1924-11-10,75,63,0.00,0.0,0
1924-11-11,77,60,T,0.0,0
1924-11-12,75,52,0.00,0.0,0
1924-11-13,83,66,T,0.0,0
1924-11-14,70,48,0.10,0.0,0
1924-11-15,51,44,0.00,0.0,0
1924-11-16,63,43,0.00,0.0,0
1924-11-17,75,49,0.00,0.0,0
1924-11-18,64,40,0.00,0.0,0
1924-11-19,66,40,T,0.0,0
1924-11-20,64,50,0.85,0.0,0
1924-11-21,71,46,0.00,0.0,0
1924-11-22,72,47,0.00,0.0,0
1924-11-23,64,47,0.00,0.0,0
1924-11-24,54,36,0.00,0.0,0
1924-11-25,61,37,0.00,0.0,0
1924-11-26,73,43,0.00,0.0,0
1924-11-27,56,35,0.00,0.0,0
1924-11-28,59,37,0.00,0.0,0
1924-11-29,67,38,0.00,0.0,0
1924-11-30,74,46,0.00,0.0,0
1924-12-01,61,46,0.00,0.0,0
1924-12-02,57,47,T,0.0,0
1924-12-03,70,55,T,0.0,0
1924-12-04,66,43,0.34,0.0,0
1924-12-05,65,35,0.00,0.0,0
1924-12-06,76,55,0.00,0.0,0
1924-12-07,76,64,0.00,0.0,0
1924-12-08,69,40,0.00,0.0,0
1924-12-09,43,35,0.00,0.0,0
1924-12-10,52,31,0.00,0.0,0
1924-12-11,62,33,0.00,0.0,0
1924-12-12,74,38,0.00,0.0,0
1924-12-13,76,51,0.00,0.0,0
1924-12-14,70,40,0.00,0.0,0
1924-12-15,79,54,0.00,0.0,0
1924-12-16,79,69,T,0.0,0
1924-12-17,79,53,0.04,0.0,0
1924-12-18,70,20,1.05,0.1,0
1924-12-19,20,10,0.01,0.1,T
1924-12-20,24,13,0.00,0.0,T
1924-12-21,31,20,0.00,0.0,T
1924-12-22,35,31,T,0.0,0
1924-12-23,36,33,0.01,0.0,0
1924-12-24,33,22,0.00,0.0,0
1924-12-25,37,17,0.00,0.0,0
1924-12-26,43,20,0.00,0.0,0
1924-12-27,52,21,0.00,0.0,0
1924-12-28,34,13,0.00,0.0,0
1924-12-29,43,32,T,0.0,0
1924-12-30,47,36,0.09,0.0,0
1924-12-31,49,42,T,0.0,0
1925-01-01,48,27,0.01,0.0,0
1925-01-02,45,23,0.00,0.0,0
1925-01-03,60,28,0.00,0.0,0
1925-01-04,58,29,0.00,0.0,0
1925-01-05,61,34,0.00,0.0,0
1925-01-06,71,35,0.00,0.0,0
1925-01-07,64,43,0.00,0.0,0
1925-01-08,49,37,0.01,0.0,0
1925-01-09,51,38,0.02,0.0,0
1925-01-10,48,36,0.42,0.0,0
1925-01-11,55,32,0.01,0.0,0
1925-01-12,43,31,0.00,0.0,0
1925-01-13,57,24,0.00,0.0,0
1925-01-14,57,29,0.00,0.0,0
1925-01-15,54,46,0.03,0.0,0
1925-01-16,54,29,0.01,0.0,0
1925-01-17,35,29,0.85,0.0,0
1925-01-18,35,32,0.31,T,0
1925-01-19,48,33,0.01,0.0,0
1925-01-20,50,30,0.00,0.0,0
1925-01-21,56,32,T,0.0,0
1925-01-22,67,34,0.00,0.0,0
1925-01-23,65,39,0.00,0.0,0
1925-01-24,68,44,0.00,0.0,0
1925-01-25,66,50,0.00,0.0,0
1925-01-26,58,24,0.00,0.0,0
1925-01-27,37,19,0.00,0.0,0
1925-01-28,48,21,0.00,0.0,0
1925-01-29,52,31,0.00,0.0,0
1925-01-30,61,32,0.00,0.0,0
1925-01-31,67,44,0.00,0.0,0
1925-02-01,78,47,0.00,0.0,0
1925-02-02,50,27,0.00,0.0,0
1925-02-03,62,29,0.00,0.0,0
1925-02-04,76,40,0.00,0.0,0
1925-02-05,78,49,0.00,0.0,0
1925-02-06,80,57,0.00,0.0,0
1925-02-07,80,61,0.00,0.0,0
1925-02-08,67,49,0.16,0.0,0
1925-02-09,71,40,0.00,0.0,0
1925-02-10,58,40,0.00,0.0,0
1925-02-11,56,33,0.00,0.0,0
1925-02-12,64,32,0.00,0.0,0
1925-02-13,68,43,0.00,0.0,0
1925-02-14,58,32,0.00,0.0,0
1925-02-15,60,37,0.00,0.0,0
1925-02-16,74,45,T,0.0,0
1925-02-17,61,31,0.00,0.0,0
1925-02-18,66,38,0.00,0.0,0
1925-02-19,75,48,0.00,0.0,0
1925-02-20,69,51,T,0.0,0
1925-02-21,84,64,0.00,0.0,0
1925-02-22,72,54,1.02,0.0,0
1925-02-23,67,48,0.00,0.0,0
1925-02-24,74,51,0.00,0.0,0
1925-02-25,72,52,0.00,0.0,0
1925-02-26,75,44,0.00,0.0,0
1925-02-27,44,35,0.02,0.0,0
1925-02-28,57,35,0.00,0.0,0
1925-03-01,59,38,0.00,0.0,0
1925-03-02,49,32,0.00,0.0,0
1925-03-03,82,32,0.00,0.0,0
1925-03-04,75,44,0.00,0.0,0
1925-03-05,84,51,0.00,0.0,0
1925-03-06,82,54,0.00,0.0,0
1925-03-07,80,55,0.00,0.0,0
1925-03-08,81,60,0.00,0.0,0
1925-03-09,77,63,T,0.0,0
1925-03-10,81,65,0.00,0.0,0
1925-03-11,71,58,0.00,0.0,0
1925-03-12,78,52,T,0.0,0
1925-03-13,82,51,0.01,0.0,0
1925-03-14,53,33,0.00,0.0,0
1925-03-15,58,31,T,0.0,0
1925-03-16,72,52,0.00,0.0,0
1925-03-17,81,50,T,0.0,0
1925-03-18,71,55,0.00,0.0,0
1925-03-19,72,41,0.00,0.0,0
1925-03-20,76,46,0.00,0.0,0
1925-03-21,75,48,0.00,0.0,0
1925-03-22,79,53,0.00,0.0,0
1925-03-23,81,56,0.00,0.0,0
1925-03-24,83,56,0.00,0.0,0
1925-03-25,88,58,0.00,0.0,0
1925-03-26,84,65,0.00,0.0,0
1925-03-27,70,50,0.00,0.0,0
1925-03-28,64,53,0.02,0.0,0
1925-03-29,67,52,0.05,0.0,0
1925-03-30,62,53,0.14,0.0,0
1925-03-31,71,55,0.18,0.0,0
1925-04-01,78,52,T,0.0,0
1925-04-02,87,64,T,0.0,0
1925-04-03,72,55,0.00,0.0,0
1925-04-04,70,52,0.00,0.0,0
1925-04-05,76,47,0.00,0.0,0
1925-04-06,71,57,0.00,0.0,0
1925-04-07,75,56,T,0.0,0
1925-04-08,83,65,0.19,0.0,0
1925-04-09,82,54,0.00,0.0,0
1925-04-10,79,56,0.00,0.0,0
1925-04-11,84,54,0.00,0.0,0
1925-04-12,87,64,T,0.0,0
1925-04-13,88,67,T,0.0,0
1925-04-14,76,60,0.24,0.0,0
1925-04-15,88,62,0.00,0.0,0
1925-04-16,90,65,0.00,0.0,0
1925-04-17,92,64,0.00,0.0,0
1925-04-18,96,68,0.00,0.0,0
1925-04-19,84,71,T,0.0,0
1925-04-20,91,70,0.00,0.0,0
1925-04-21,92,71,0.00,0.0,0
1925-04-22,90,71,0.00,0.0,0
1925-04-23,87,72,T,0.0,0
1925-04-24,88,74,T,0.0,0
1925-04-25,84,64,1.20,0.0,0
1925-04-26,86,62,1.02,0.0,0
1925-04-27,74,61,0.02,0.0,0
1925-04-28,69,59,0.02,0.0,0
1925-04-29,64,51,0.00,0.0,0
1925-04-30,66,50,0.00,0.0,0
1925-05-01,73,48,0.00,0.0,0
1925-05-02,80,55,0.00,0.0,0
1925-05-03,89,62,0.00,0.0,0
1925-05-04,79,62,0.00,0.0,0
1925-05-05,77,56,T,0.0,0
1925-05-06,68,55,1.03,0.0,0
1925-05-07,70,54,3.23,0.0,0
1925-05-08,79,62,0.24,0.0,0
1925-05-09,79,64,0.48,0.0,0
1925-05-10,78,61,1.56,0.0,0
1925-05-11,73,62,0.00,0.0,0
1925-05-12,79,60,T,0.0,0
1925-05-13,83,66,T,0.0,0
1925-05-14,84,70,T,0.0,0
1925-05-15,92,67,0.00,0.0,0
1925-05-16,89,69,0.00,0.0,0
1925-05-17,87,67,0.00,0.0,0
1925-05-18,85,63,0.00,0.0,0
1925-05-19,84,66,0.00,0.0,0
1925-05-20,90,63,0.00,0.0,0
1925-05-21,93,66,0.00,0.0,0
1925-05-22,91,64,0.00,0.0,0
1925-05-23,94,72,0.00,0.0,0
1925-05-24,90,71,0.00,0.0,0
1925-05-25,71,56,0.00,0.0,0
1925-05-26,77,55,T,0.0,0
1925-05-27,81,60,0.00,0.0,0
1925-05-28,87,66,0.00,0.0,0
1925-05-29,89,69,0.00,0.0,0
1925-05-30,90,70,0.00,0.0,0
1925-05-31,89,72,0.00,0.0,0
1925-06-01,93,73,0.00,0.0,0
1925-06-02,96,76,0.00,0.0,0
1925-06-03,95,78,0.00,0.0,0
1925-06-04,94,76,T,0.0,0
1925-06-05,91,71,0.00,0.0,0
1925-06-06,92,74,0.01,0.0,0
1925-06-07,93,74,T,0.0,0
1925-06-08,90,69,2.56,0.0,0
1925-06-09,92,73,0.00,0.0,0
1925-06-10,92,73,0.00,0.0,0
1925-06-11,90,72,0.00,0.0,0
1925-06-12,94,72,0.00,0.0,0
1925-06-13,99,78,0.65,0.0,0
1925-06-14,98,78,0.00,0.0,0
1925-06-15,98,77,0.00,0.0,0
1925-06-16,98,81,0.00,0.0,0
1925-06-17,98,77,0.00,0.0,0
1925-06-18,96,77,0.00,0.0,0
1925-06-19,98,80,0.00,0.0,0
1925-06-20,100,77,0.00,0.0,0
1925-06-21,99,77,0.00,0.0,0
1925-06-22,99,81,0.00,0.0,0
1925-06-23,99,80,0.00,0.0,0
1925-06-24,98,79,0.05,0.0,0
1925-06-25,84,71,0.60,0.0,0
1925-06-26,92,68,0.00,0.0,0
1925-06-27,98,72,0.00,0.0,0
1925-06-28,102,73,0.00,0.0,0
1925-06-29,99,74,0.00,0.0,0
1925-06-30,99,72,0.05,0.0,0
1925-07-01,93,72,T,0.0,0
1925-07-02,94,74,0.00,0.0,0
1925-07-03,96,75,T,0.0,0
1925-07-04,94,75,0.29,0.0,0
1925-07-05,93,77,0.84,0.0,0
1925-07-06,96,77,0.00,0.0,0
1925-07-07,98,79,0.00,0.0,0
1925-07-08,101,80,0.00,0.0,0
1925-07-09,97,78,T,0.0,0
1925-07-10,97,78,T,0.0,0
1925-07-11,92,75,0.00,0.0,0
1925-07-12,97,76,0.00,0.0,0
1925-07-13,101,80,0.00,0.0,0
1925-07-14,105,76,0.18,0.0,0
1925-07-15,88,73,0.11,0.0,0
1925-07-16,98,76,0.00,0.0,0
1925-07-17,100,82,0.00,0.0,0
1925-07-18,104,78,T,0.0,0
1925-07-19,102,78,0.00,0.0,0
1925-07-20,101,79,0.00,0.0,0
1925-07-21,100,78,0.00,0.0,0
1925-07-22,100,79,0.00,0.0,0
1925-07-23,100,81,T,0.0,0
1925-07-24,102,83,0.00,0.0,0
1925-07-25,102,79,0.00,0.0,0
1925-07-26,103,83,0.00,0.0,0
1925-07-27,101,83,0.00,0.0,0
1925-07-28,94,74,0.02,0.0,0
1925-07-29,89,75,T,0.0,0
1925-07-30,93,75,0.00,0.0,0
1925-07-31,75,69,0.34,0.0,0
1925-08-01,80,65,0.00,0.0,0
1925-08-02,86,65,0.00,0.0,0
1925-08-03,89,70,0.00,0.0,0
1925-08-04,89,73,0.12,0.0,0
1925-08-05,91,72,0.00,0.0,0
1925-08-06,94,73,0.00,0.0,0
1925-08-07,96,76,0.00,0.0,0
1925-08-08,96,82,T,0.0,0
1925-08-09,97,78,T,0.0,0
1925-08-10,99,78,0.00,0.0,0
1925-08-11,100,81,0.00,0.0,0
1925-08-12,101,82,0.00,0.0,0
1925-08-13,93,75,0.01,0.0,0
1925-08-14,99,74,0.00,0.0,0
1925-08-15,100,81,0.00,0.0,0
1925-08-16,102,78,0.00,0.0,0
1925-08-17,101,78,0.00,0.0,0
1925-08-18,100,79,0.00,0.0,0
1925-08-19,100,79,0.00,0.0,0
1925-08-20,104,84,0.00,0.0,0
1925-08-21,96,77,0.00,0.0,0
1925-08-22,94,73,0.53,0.0,0
1925-08-23,95,74,0.00,0.0,0
1925-08-24,93,74,0.00,0.0,0
1925-08-25,78,69,0.54,0.0,0
1925-08-26,89,73,0.00,0.0,0
1925-08-27,92,74,0.00,0.0,0
1925-08-28,93,74,0.00,0.0,0
1925-08-29,96,72,0.00,0.0,0
1925-08-30,96,75,T,0.0,0
1925-08-31,92,75,T,0.0,0
1925-09-01,93,74,0.00,0.0,0
1925-09-02,94,74,0.00,0.0,0
1925-09-03,96,76,0.00,0.0,0
1925-09-04,97,77,0.00,0.0,0
1925-09-05,98,79,0.00,0.0,0
1925-09-06,100,80,0.00,0.0,0
1925-09-07,101,79,0.09,0.0,0
1925-09-08,99,77,0.00,0.0,0
1925-09-09,97,80,0.00,0.0,0
1925-09-10,95,77,0.00,0.0,0
1925-09-11,90,70,1.33,0.0,0
1925-09-12,84,70,0.13,0.0,0
1925-09-13,88,69,0.01,0.0,0
1925-09-14,91,73,0.00,0.0,0
1925-09-15,92,72,0.00,0.0,0
1925-09-16,94,76,0.00,0.0,0
1925-09-17,96,75,0.00,0.0,0
1925-09-18,94,74,0.00,0.0,0
1925-09-19,93,76,0.00,0.0,0
1925-09-20,94,76,0.00,0.0,0
1925-09-21,95,76,0.00,0.0,0
1925-09-22,94,76,0.00,0.0,0
1925-09-23,90,69,0.06,0.0,0
1925-09-24,71,64,2.16,0.0,0
1925-09-25,78,66,T,0.0,0
1925-09-26,80,62,0.00,0.0,0
1925-09-27,82,64,T,0.0,0
1925-09-28,89,71,0.00,0.0,0
1925-09-29,90,73,0.00,0.0,0
1925-09-30,89,73,0.00,0.0,0
1925-10-01,89,71,0.00,0.0,0
1925-10-02,91,71,0.00,0.0,0
1925-10-03,92,74,0.00,0.0,0
1925-10-04,94,73,0.00,0.0,0
1925-10-05,88,64,0.00,0.0,0
1925-10-06,93,74,0.00,0.0,0
1925-10-07,92,69,0.06,0.0,0
1925-10-08,76,62,0.01,0.0,0
1925-10-09,62,48,1.64,0.0,0
1925-10-10,58,44,0.00,0.0,0
1925-10-11,72,49,T,0.0,0
1925-10-12,82,65,0.22,0.0,0
1925-10-13,71,67,0.28,0.0,0
1925-10-14,79,68,0.01,0.0,0
1925-10-15,72,63,0.27,0.0,0
1925-10-16,74,62,1.53,0.0,0
1925-10-17,65,53,0.00,0.0,0
1925-10-18,74,48,0.00,0.0,0
1925-10-19,55,42,0.00,0.0,0
1925-10-20,55,46,0.00,0.0,0
1925-10-21,72,47,0.00,0.0,0
1925-10-22,82,54,0.00,0.0,0
1925-10-23,90,68,0.00,0.0,0
1925-10-24,76,48,T,0.0,0
1925-10-25,60,40,0.00,0.0,0
1925-10-26,67,52,0.00,0.0,0
1925-10-27,68,46,0.00,0.0,0
1925-10-28,57,33,T,0.0,0
1925-10-29,37,35,0.45,0.0,0
1925-10-30,47,33,0.00,0.0,0
1925-10-31,53,33,0.00,0.0,0
1925-11-01,59,39,0.00,0.0,0
1925-11-02,52,45,0.01,0.0,0
1925-11-03,61,51,0.20,0.0,0
1925-11-04,73,61,0.02,0.0,0
1925-11-05,65,54,0.27,0.0,0
1925-11-06,68,59,1.37,0.0,0
1925-11-07,71,40,0.93,0.0,0
1925-11-08,50,33,0.00,0.0,0
1925-11-09,60,34,0.00,0.0,0
1925-11-10,66,42,0.00,0.0,0
1925-11-11,68,52,0.10,0.0,0
1925-11-12,76,46,0.01,0.0,0
1925-11-13,77,50,0.00,0.0,0
1925-11-14,79,47,0.00,0.0,0
1925-11-15,59,41,0.00,0.0,0
1925-11-16,68,45,0.00,0.0,0
1925-11-17,66,42,0.00,0.0,0
1925-11-18,64,54,0.02,0.0,0
1925-11-19,67,47,0.00,0.0,0
1925-11-20,66,40,0.00,0.0,0
1925-11-21,68,46,0.01,0.0,0
1925-11-22,53,39,0.00,0.0,0
1925-11-23,64,33,0.00,0.0,0
1925-11-24,71,41,0.00,0.0,0
1925-11-25,78,59,0.02,0.0,0
1925-11-26,69,52,0.00,0.0,0
1925-11-27,63,44,0.00,0.0,0
1925-11-28,60,42,0.00,0.0,0
1925-11-29,63,41,0.00,0.0,0
1925-11-30,69,44,0.00,0.0,0
1925-12-01,70,47,0.00,0.0,0
1925-12-02,69,51,0.00,0.0,0
1925-12-03,80,53,T,0.0,0
1925-12-04,53,41,0.00,0.0,0
1925-12-05,52,35,0.00,0.0,0
1925-12-06,65,33,0.00,0.0,0
1925-12-07,68,41,0.00,0.0,0
1925-12-08,60,42,0.00,0.0,0
1925-12-09,67,38,0.00,0.0,0
1925-12-10,69,43,T,0.0,0
1925-12-11,70,48,0.00,0.0,0
1925-12-12,71,39,0.00,0.0,0
1925-12-13,67,54,0.03,0.0,0
1925-12-14,67,40,0.00,0.0,0
1925-12-15,40,29,T,T,0
1925-12-16,46,30,0.00,0.0,0
1925-12-17,52,28,0.00,0.0,0
1925-12-18,52,32,0.00,0.0,0
1925-12-19,55,35,0.00,0.0,0
1925-12-20,57,34,0.00,0.0,0
1925-12-21,37,27,0.00,0.0,0
1925-12-22,35,24,0.00,0.0,0
1925-12-23,48,19,0.00,0.0,0
1925-12-24,63,32,0.00,0.0,0
1925-12-25,54,34,0.00,0.0,0
1925-12-26,70,35,0.00,0.0,0
1925-12-27,40,19,T,T,0
1925-12-28,27,15,0.00,0.0,0
1925-12-29,32,25,T,T,T
1925-12-30,44,30,T,0.0,0
1925-12-31,46,30,0.00,0.0,0
1926-01-01,49,40,0.34,0.0,0
1926-01-02,44,40,0.59,0.0,0
1926-01-03,53,40,T,0.0,0
1926-01-04,61,46,0.01,0.0,0
1926-01-05,51,40,0.13,0.0,0
1926-01-06,58,35,0.00,0.0,0
1926-01-07,54,35,0.00,0.0,0
1926-01-08,35,30,0.05,0.5,T
1926-01-09,43,27,0.00,0.0,0
1926-01-10,48,26,0.00,0.0,0
1926-01-11,54,31,0.00,0.0,0
1926-01-12,46,28,0.00,0.0,0
1926-01-13,52,35,0.00,0.0,0
1926-01-14,57,38,0.00,0.0,0
1926-01-15,64,36,0.00,0.0,0
1926-01-16,59,50,1.60,0.0,0
1926-01-17,54,44,0.14,0.0,0
1926-01-18,61,38,0.00,0.0,0
1926-01-19,67,45,0.00,0.0,0
1926-01-20,60,35,0.10,0.0,0
1926-01-21,35,28,0.76,0.1,T
1926-01-22,28,20,0.00,0.0,T
1926-01-23,30,20,0.01,0.1,T
1926-01-24,32,28,0.04,0.4,T
1926-01-25,44,26,0.00,0.0,0
1926-01-26,52,28,0.00,0.0,0
1926-01-27,65,32,0.00,0.0,0
1926-01-28,61,37,0.00,0.0,0
1926-01-29,65,52,T,0.0,0
1926-01-30,66,50,T,0.0,0
1926-01-31,58,45,0.00,0.0,0
1926-02-01,53,35,0.00,0.0,0
1926-02-02,62,46,0.01,0.0,0
1926-02-03,62,39,0.00,0.0,0
1926-02-04,66,42,0.00,0.0,0
1926-02-05,61,34,0.00,0.0,0
1926-02-06,71,43,0.00,0.0,0
1926-02-07,80,44,0.00,0.0,0
1926-02-08,76,45,0.00,0.0,0
1926-02-09,58,43,0.00,0.0,0
1926-02-10,58,38,0.00,0.0,0
1926-02-11,67,35,0.00,0.0,0
1926-02-12,81,55,0.00,0.0,0
1926-02-13,81,64,0.00,0.0,0
1926-02-14,70,49,0.00,0.0,0
1926-02-15,57,36,0.00,0.0,0
1926-02-16,69,39,0.00,0.0,0
1926-02-17,64,54,0.04,0.0,0
1926-02-18,62,37,0.00,0.0,0
1926-02-19,57,29,0.00,0.0,0
1926-02-20,76,42,0.00,0.0,0
1926-02-21,70,52,0.00,0.0,0
1926-02-22,68,53,0.00,0.0,0
1926-02-23,70,39,0.00,0.0,0
1926-02-24,73,53,0.05,0.0,0
1926-02-25,72,45,0.00,0.0,0
1926-02-26,59,44,0.00,0.0,0
1926-02-27,71,43,0.00,0.0,0
1926-02-28,71,47,0.00,0.0,0
1926-03-01,68,49,0.00,0.0,0
1926-03-02,74,43,0.00,0.0,0
1926-03-03,57,45,0.04,0.0,0
1926-03-04,51,44,0.22,0.0,0
1926-03-05,50,44,0.05,0.0,0
1926-03-06,67,49,0.20,0.0,0
1926-03-07,59,41,0.00,0.0,0
1926-03-08,68,42,0.00,0.0,0
1926-03-09,63,50,0.06,0.0,0
1926-03-10,59,49,0.33,0.0,0
1926-03-11,55,45,T,0.0,0
1926-03-12,70,38,0.00,0.0,0
1926-03-13,47,34,0.00,0.0,0
1926-03-14,49,31,0.03,0.2,0
1926-03-15,61,37,0.00,0.0,0
1926-03-16,69,42,0.00,0.0,0
1926-03-17,62,53,0.07,0.0,0
1926-03-18,68,53,T,0.0,0
1926-03-19,74,59,0.00,0.0,0
1926-03-20,72,60,T,0.0,0
1926-03-21,69,60,1.59,0.0,0
1926-03-22,69,55,0.00,0.0,0
1926-03-23,75,50,0.00,0.0,0
1926-03-24,85,54,0.08,0.0,0
1926-03-25,58,42,0.37,0.0,0
1926-03-26,51,37,T,0.0,0
1926-03-27,53,37,T,0.0,0
1926-03-28,52,45,0.02,0.0,0
1926-03-29,54,47,0.05,0.0,0
1926-03-30,53,31,0.18,0.7,T
1926-03-31,54,31,T,T,0
1926-04-01,66,39,0.00,0.0,0
1926-04-02,67,42,0.00,0.0,0
1926-04-03,62,37,0.00,0.0,0
1926-04-04,74,49,0.01,0.0,0
1926-04-05,74,58,0.00,0.0,0
1926-04-06,76,63,0.03,0.0,0
1926-04-07,63,47,T,0.0,0
1926-04-08,65,46,0.00,0.0,0
1926-04-09,59,51,0.35,0.0,0
1926-04-10,62,52,2.37,0.0,0
1926-04-11,55,52,T,0.0,0
1926-04-12,57,50,0.00,0.0,0
1926-04-13,62,47,0.00,0.0,0
1926-04-14,65,49,0.00,0.0,0
1926-04-15,62,42,0.00,0.0,0
1926-04-16,78,45,0.00,0.0,0
1926-04-17,76,54,0.00,0.0,0
1926-04-18,81,59,0.04,0.0,0
1926-04-19,73,55,0.00,0.0,0
1926-04-20,73,53,0.00,0.0,0
1926-04-21,65,60,3.05,0.0,0
1926-04-22,78,59,0.00,0.0,0
1926-04-23,78,63,T,0.0,0
1926-04-24,71,56,0.00,0.0,0
1926-04-25,72,50,0.00,0.0,0
1926-04-26,79,53,0.00,0.0,0
1926-04-27,82,57,T,0.0,0
1926-04-28,71,52,0.02,0.0,0
1926-04-29,78,55,0.00,0.0,0
1926-04-30,79,60,0.00,0.0,0
1926-05-01,70,62,T,0.0,0
1926-05-02,83,62,T,0.0,0
1926-05-03,78,62,T,0.0,0
1926-05-04,78,62,0.00,0.0,0
1926-05-05,70,61,0.03,0.0,0
1926-05-06,74,60,0.53,0.0,0
1926-05-07,86,66,0.13,0.0,0
1926-05-08,85,65,0.22,0.0,T
1926-05-09,88,66,0.00,0.0,0
1926-05-10,74,59,0.09,0.0,0
1926-05-11,79,57,0.02,0.0,0
1926-05-12,70,55,0.00,0.0,0
1926-05-13,74,53,0.00,0.0,0
1926-05-14,63,52,0.28,0.0,0
1926-05-15,75,46,0.00,0.0,0
1926-05-16,82,54,0.00,0.0,0
1926-05-17,86,60,0.00,0.0,0
1926-05-18,86,64,0.67,0.0,0
1926-05-19,75,63,0.24,0.0,0
1926-05-20,82,58,0.00,0.0,0
1926-05-21,84,62,0.00,0.0,0
1926-05-22,86,66,0.00,0.0,0
1926-05-23,90,67,0.00,0.0,0
1926-05-24,89,68,0.00,0.0,0
1926-05-25,87,64,0.00,0.0,0
1926-05-26,85,67,0.00,0.0,0
1926-05-27,89,68,0.00,0.0,0
1926-05-28,92,72,0.00,0.0,0
1926-05-29,92,67,0.48,0.0,0
1926-05-30,90,71,0.69,0.0,0
1926-05-31,91,64,1.19,0.0,0
1926-06-01,87,65,0.18,0.0,0
1926-06-02,91,72,0.00,0.0,0
1926-06-03,87,65,0.12,0.0,0
1926-06-04,79,67,T,0.0,0
1926-06-05,80,63,0.00,0.0,0
1926-06-06,91,62,0.00,0.0,0
1926-06-07,95,70,0.00,0.0,0
1926-06-08,88,68,0.00,0.0,0
1926-06-09,90,69,0.00,0.0,0
1926-06-10,90,72,0.00,0.0,0
1926-06-11,93,75,T,0.0,0
1926-06-12,94,75,0.00,0.0,0
1926-06-13,93,75,0.00,0.0,0
1926-06-14,97,76,0.00,0.0,0
1926-06-15,97,77,0.00,0.0,0
1926-06-16,97,76,0.00,0.0,0
1926-06-17,88,77,0.01,0.0,0
1926-06-18,88,72,0.43,0.0,0
1926-06-19,85,68,0.00,0.0,0
1926-06-20,93,73,0.00,0.0,0
1926-06-21,94,71,0.21,0.0,0
1926-06-22,88,70,0.00,0.0,0
1926-06-23,90,66,0.00,0.0,0
1926-06-24,86,67,0.58,0.0,0
1926-06-25,93,71,0.06,0.0,0
1926-06-26,90,69,0.87,0.0,0
1926-06-27,84,68,0.00,0.0,0
1926-06-28,87,71,0.00,0.0,0
1926-06-29,88,69,0.00,0.0,0
1926-06-30,92,70,0.00,0.0,0
1926-07-01,93,74,0.00,0.0,0
1926-07-02,93,73,0.00,0.0,0
1926-07-03,94,74,0.00,0.0,0
1926-07-04,97,76,0.00,0.0,0
1926-07-05,97,75,0.00,0.0,0
1926-07-06,95,72,0.00,0.0,0
1926-07-07,94,69,1.65,0.0,0
1926-07-08,91,68,0.27,0.0,0
1926-07-09,93,77,0.00,0.0,0
1926-07-10,84,68,1.35,0.0,0
1926-07-11,88,71,0.00,0.0,0
1926-07-12,89,72,0.34,0.0,0
1926-07-13,83,70,0.41,0.0,0
1926-07-14,84,71,0.00,0.0,0
1926-07-15,83,67,0.00,0.0,0
1926-07-16,86,68,0.00,0.0,0
1926-07-17,89,71,0.00,0.0,0
1926-07-18,90,73,0.00,0.0,0
1926-07-19,92,72,0.00,0.0,0
1926-07-20,84,75,T,0.0,0
1926-07-21,89,72,0.61,0.0,0
1926-07-22,84,71,0.66,0.0,0
1926-07-23,85,71,0.62,0.0,0
1926-07-24,87,70,0.04,0.0,0
1926-07-25,87,74,0.02,0.0,0
1926-07-26,84,73,0.00,0.0,0
1926-07-27,92,74,0.00,0.0,0
1926-07-28,92,76,0.00,0.0,0
1926-07-29,92,76,0.00,0.0,0
1926-07-30,95,76,0.00,0.0,0
1926-07-31,95,78,0.00,0.0,0
1926-08-01,94,74,0.00,0.0,0
1926-08-02,98,76,0.00,0.0,0
1926-08-03,98,78,0.00,0.0,0
1926-08-04,96,76,0.00,0.0,0
1926-08-05,98,80,0.00,0.0,0
1926-08-06,101,80,0.00,0.0,0
1926-08-07,99,78,0.00,0.0,0
1926-08-08,100,77,0.00,0.0,0
1926-08-09,94,74,0.00,0.0,0
1926-08-10,93,73,0.00,0.0,0
1926-08-11,93,74,0.00,0.0,0
1926-08-12,95,74,0.00,0.0,0
1926-08-13,95,75,0.00,0.0,0
1926-08-14,95,73,0.03,0.0,0
1926-08-15,94,71,0.00,0.0,0
1926-08-16,94,75,0.06,0.0,0
1926-08-17,89,76,0.90,0.0,0
1926-08-18,92,69,1.90,0.0,0
1926-08-19,95,73,T,0.0,0
1926-08-20,97,78,0.00,0.0,0
1926-08-21,95,76,0.08,0.0,0
1926-08-22,92,73,0.00,0.0,0
1926-08-23,93,71,0.56,0.0,0
1926-08-24,86,72,0.00,0.0,0
1926-08-25,84,64,0.00,0.0,0
1926-08-26,86,60,0.00,0.0,0
1926-08-27,84,69,0.03,0.0,0
1926-08-28,84,69,0.07,0.0,0
1926-08-29,89,70,0.00,0.0,0
1926-08-30,90,74,0.00,0.0,0
1926-08-31,91,72,0.00,0.0,0
1926-09-01,92,76,0.00,0.0,0
1926-09-02,93,76,0.00,0.0,0
1926-09-03,92,75,0.00,0.0,0
1926-09-04,91,73,0.01,0.0,0
1926-09-05,92,74,0.13,0.0,0
1926-09-06,79,69,2.28,0.0,0
1926-09-07,89,72,0.00,0.0,0
1926-09-08,91,74,0.00,0.0,0
1926-09-09,84,72,T,0.0,0
1926-09-10,89,68,0.00,0.0,0
1926-09-11,91,73,0.00,0.0,0
1926-09-12,93,73,0.00,0.0,0
1926-09-13,94,76,0.00,0.0,0
1926-09-14,93,72,0.00,0.0,0
1926-09-15,90,71,0.00,0.0,0
1926-09-16,91,72,0.00,0.0,0
1926-09-17,91,73,0.00,0.0,0
1926-09-18,93,74,0.00,0.0,0
1926-09-19,92,73,0.00,0.0,0
1926-09-20,93,75,0.00,0.0,0
1926-09-21,95,70,0.00,0.0,0
1926-09-22,95,68,0.00,0.0,0
1926-09-23,94,72,0.00,0.0,0
1926-09-24,95,78,0.00,0.0,0
1926-09-25,82,53,T,0.0,0
1926-09-26,71,51,0.00,0.0,0
1926-09-27,75,60,0.01,0.0,0
1926-09-28,88,62,0.21,0.0,0
1926-09-29,90,64,T,0.0,0
1926-09-30,92,76,T,0.0,0
1926-10-01,90,75,0.00,0.0,0
1926-10-02,88,73,0.00,0.0,0
1926-10-03,90,67,0.05,0.0,0
1926-10-04,83,62,0.39,0.0,0
1926-10-05,78,56,0.00,0.0,0
1926-10-06,81,59,0.00,0.0,0
1926-10-07,72,65,T,0.0,0
1926-10-08,83,61,0.00,0.0,0
1926-10-09,83,70,0.11,0.0,0
1926-10-10,89,71,0.48,0.0,0
1926-10-11,86,67,0.00,0.0,0
1926-10-12,88,66,0.10,0.0,0
1926-10-13,76,65,0.00,0.0,0
1926-10-14,76,68,0.02,0.0,0
1926-10-15,70,67,0.30,0.0,0
1926-10-16,80,65,0.01,0.0,0
1926-10-17,84,65,0.00,0.0,0
1926-10-18,86,66,0.00,0.0,0
1926-10-19,86,66,0.16,0.0,0
1926-10-20,70,54,0.00,0.0,0
1926-10-21,72,50,0.00,0.0,0
1926-10-22,80,57,0.00,0.0,0
1926-10-23,65,56,0.03,0.0,0
1926-10-24,63,47,0.00,0.0,0
1926-10-25,85,48,0.00,0.0,0
1926-10-26,76,55,0.00,0.0,0
1926-10-27,80,54,0.00,0.0,0
1926-10-28,81,68,0.00,0.0,0
1926-10-29,77,62,0.36,0.0,0
1926-10-30,64,52,0.00,0.0,0
1926-10-31,61,46,0.00,0.0,0
1926-11-01,60,50,0.28,0.0,0
1926-11-02,60,41,0.19,0.0,0
1926-11-03,65,44,0.00,0.0,0
1926-11-04,57,46,T,0.0,0
1926-11-05,65,41,0.00,0.0,0
1926-11-06,70,44,0.00,0.0,0
1926-11-07,75,55,0.00,0.0,0
1926-11-08,60,43,0.00,0.0,0
1926-11-09,54,36,0.00,0.0,0
1926-11-10,59,33,0.00,0.0,0
1926-11-11,65,38,0.00,0.0,0
1926-11-12,68,46,0.00,0.0,0
1926-11-13,75,59,0.00,0.0,0
1926-11-14,69,51,0.48,0.0,0
1926-11-15,64,47,0.00,0.0,0
1926-11-16,72,47,0.00,0.0,0
1926-11-17,54,33,T,0.0,0
1926-11-18,54,27,0.00,0.0,0
1926-11-19,66,35,0.00,0.0,0
1926-11-20,53,40,0.00,0.0,0
1926-11-21,41,30,0.00,0.0,0
1926-11-22,50,26,0.00,0.0,0
1926-11-23,64,38,0.00,0.0,0
1926-11-24,70,55,0.00,0.0,0
1926-11-25,85,64,0.00,0.0,0
1926-11-26,66,47,0.00,0.0,0
1926-11-27,74,45,0.00,0.0,0
1926-11-28,80,57,0.00,0.0,0
1926-11-29,71,44,0.00,0.0,0
1926-11-30,70,47,0.00,0.0,0
1926-12-01,75,46,0.00,0.0,0
1926-12-02,72,47,0.00,0.0,0
1926-12-03,74,52,0.00,0.0,0
1926-12-04,71,56,0.00,0.0,0
1926-12-05,56,46,0.06,0.0,0
1926-12-06,61,42,1.09,0.0,0
1926-12-07,63,43,0.33,0.0,0
1926-12-08,53,45,0.33,0.0,0
1926-12-09,47,38,T,0.0,0
1926-12-10,51,35,0.00,0.0,0
1926-12-11,59,46,0.00,0.0,0
1926-12-12,74,56,0.02,0.0,0
1926-12-13,64,23,0.00,0.0,0
1926-12-14,26,21,T,T,0
1926-12-15,30,20,0.00,0.0,0
1926-12-16,45,20,0.00,0.0,0
1926-12-17,56,36,0.00,0.0,0
1926-12-18,54,38,0.00,0.0,0
1926-12-19,63,46,0.09,0.0,0
1926-12-20,65,56,0.26,0.0,0
1926-12-21,56,46,0.20,0.0,0
1926-12-22,65,42,0.00,0.0,0
1926-12-23,68,48,0.07,0.0,0
1926-12-24,48,30,0.03,0.1,0
1926-12-25,45,26,0.63,6.3,2
1926-12-26,45,28,0.00,0.0,1
1926-12-27,43,39,0.18,0.0,T
1926-12-28,47,35,0.00,0.0,0
1926-12-29,54,28,0.00,0.0,0
1926-12-30,63,40,0.00,0.0,0
1926-12-31,61,35,0.00,0.0,0
1927-01-01,63,38,0.00,0.0,0
1927-01-02,72,40,0.00,0.0,0
1927-01-03,75,44,0.00,0.0,0
1927-01-04,72,41,0.00,0.0,0
1927-01-05,78,52,0.00,0.0,0
1927-01-06,78,56,0.00,0.0,0
1927-01-07,68,45,0.00,0.0,0
1927-01-08,62,44,0.00,0.0,0
1927-01-09,52,36,0.00,0.0,0
1927-01-10,47,24,0.00,0.0,0
1927-01-11,51,28,0.00,0.0,0
1927-01-12,58,40,0.23,0.0,0
1927-01-13,52,28,0.09,0.0,0
1927-01-14,37,24,0.00,0.0,0
1927-01-15,35,17,0.00,0.0,0
1927-01-16,60,29,0.00,0.0,0
1927-01-17,69,50,0.00,0.0,0
1927-01-18,61,36,T,0.0,0
1927-01-19,45,37,0.09,0.0,0
1927-01-20,49,36,T,0.0,0
1927-01-21,65,40,0.08,0.0,0
1927-01-22,40,27,0.08,0.0,0
1927-01-23,36,27,0.38,0.0,0
1927-01-24,40,35,0.20,0.0,0
1927-01-25,47,38,0.03,0.0,0
1927-01-26,46,36,0.09,0.0,0
1927-01-27,48,35,T,0.0,0
1927-01-28,73,48,0.00,0.0,0
1927-01-29,76,53,0.00,0.0,0
1927-01-30,62,47,0.00,0.0,0
1927-01-31,60,42,T,0.0,0
1927-02-01,60,52,0.06,0.0,0
1927-02-02,74,55,T,0.0,0
1927-02-03,75,56,0.00,0.0,0
1927-02-04,74,60,0.00,0.0,0
1927-02-05,68,59,0.14,0.0,0
1927-02-06,70,56,0.67,0.0,0
1927-02-07,64,51,0.00,0.0,0
1927-02-08,63,47,0.44,0.0,0
1927-02-09,47,30,0.54,0.1,T
1927-02-10,34,27,0.07,T,0
1927-02-11,43,34,0.07,0.0,0
1927-02-12,49,43,0.02,0.0,0
1927-02-13,70,45,0.00,0.0,0
1927-02-14,73,54,T,0.0,0
1927-02-15,80,56,0.00,0.0,0
1927-02-16,83,59,0.00,0.0,0
1927-02-17,77,35,0.00,0.0,0
1927-02-18,39,22,T,T,0
1927-02-19,48,26,0.00,0.0,0
1927-02-20,56,28,0.00,0.0,0
1927-02-21,70,39,0.00,0.0,0
1927-02-22,78,58,0.00,0.0,0
1927-02-23,72,48,0.00,0.0,0
1927-02-24,78,49,0.00,0.0,0
1927-02-25,64,46,0.00,0.0,0
1927-02-26,68,41,0.00,0.0,0
1927-02-27,63,40,0.30,0.0,0
1927-02-28,41,35,1.10,0.0,0
1927-03-01,42,30,T,0.0,0
1927-03-02,44,29,0.00,0.0,0
1927-03-03,49,33,T,T,0
1927-03-04,52,38,0.00,0.0,0
1927-03-05,73,52,T,0.0,0
1927-03-06,71,57,T,0.0,0
1927-03-07,66,52,3.06,0.0,0
1927-03-08,53,45,T,0.0,0
1927-03-09,65,41,0.00,0.0,0
1927-03-10,69,50,T,0.0,0
1927-03-11,72,58,0.21,0.0,0
1927-03-12,64,45,0.01,0.0,0
1927-03-13,70,40,0.00,0.0,0
1927-03-14,78,46,0.00,0.0,0
1927-03-15,73,54,0.00,0.0,0
1927-03-16,75,56,T,0.0,0
1927-03-17,72,57,T,0.0,0
1927-03-18,79,58,T,0.0,0
1927-03-19,77,41,T,0.0,0
1927-03-20,43,30,0.49,0.0,0
1927-03-21,50,32,T,T,0
1927-03-22,69,39,0.00,0.0,0
1927-03-23,63,46,0.00,0.0,0
1927-03-24,65,40,0.00,0.0,0
1927-03-25,79,47,0.00,0.0,0
1927-03-26,74,55,0.00,0.0,0
1927-03-27,75,54,0.00,0.0,0
1927-03-28,76,57,0.64,0.0,0
1927-03-29,71,62,T,0.0,0
1927-03-30,72,66,T,0.0,0
1927-03-31,78,63,0.23,0.0,0
1927-04-01,78,59,0.00,0.0,0
1927-04-02,79,51,0.00,0.0,0
1927-04-03,90,64,0.00,0.0,0
1927-04-04,86,64,1.21,0.0,0
1927-04-05,74,59,0.01,0.0,0
1927-04-06,79,65,0.05,0.0,0
1927-04-07,79,60,1.59,0.0,0
1927-04-08,82,65,T,0.0,0
1927-04-09,85,69,0.00,0.0,0
1927-04-10,83,66,0.00,0.0,0
1927-04-11,80,69,T,0.0,0
1927-04-12,84,70,0.05,0.0,0
1927-04-13,75,63,0.43,0.0,0
1927-04-14,72,53,0.28,0.0,0
1927-04-15,75,56,0.01,0.0,0
1927-04-16,81,56,0.00,0.0,0
1927-04-17,78,64,0.10,0.0,0
1927-04-18,78,68,T,0.0,0
1927-04-19,85,65,0.01,0.0,0
1927-04-20,82,59,0.82,0.0,0
1927-04-21,60,46,0.13,0.0,0
1927-04-22,59,40,0.00,0.0,0
1927-04-23,65,47,0.00,0.0,0
1927-04-24,60,49,0.55,0.0,0
1927-04-25,63,48,0.00,0.0,0
1927-04-26,78,52,0.00,0.0,0
1927-04-27,82,61,0.00,0.0,0
1927-04-28,82,64,0.00,0.0,0
1927-04-29,83,66,0.00,0.0,0
1927-04-30,80,59,0.00,0.0,0
1927-05-01,79,60,0.00,0.0,0
1927-05-02,84,63,0.00,0.0,0
1927-05-03,81,66,T,0.0,0
1927-05-04,82,63,T,0.0,0
1927-05-05,84,69,0.00,0.0,0
1927-05-06,86,73,0.00,0.0,0
1927-05-07,86,74,T,0.0,0
1927-05-08,84,71,0.11,0.0,0
1927-05-09,86,67,1.73,0.0,0
1927-05-10,75,56,0.00,0.0,0
1927-05-11,75,54,0.00,0.0,0
1927-05-12,64,51,1.38,0.0,0
1927-05-13,78,57,0.01,0.0,0
1927-05-14,86,62,T,0.0,0
1927-05-15,77,61,T,0.0,0
1927-05-16,82,62,0.00,0.0,0
1927-05-17,85,66,0.00,0.0,0
1927-05-18,89,71,0.00,0.0,0
1927-05-19,81,68,T,0.0,0
1927-05-20,86,71,0.00,0.0,0
1927-05-21,82,69,T,0.0,0
1927-05-22,92,71,0.00,0.0,0
1927-05-23,91,78,0.00,0.0,0
1927-05-24,85,72,T,0.0,0
1927-05-25,89,61,0.00,0.0,0
1927-05-26,93,69,0.00,0.0,0
1927-05-27,94,72,0.00,0.0,0
1927-05-28,103,75,0.00,0.0,0
1927-05-29,96,76,0.00,0.0,0
1927-05-30,95,74,0.00,0.0,0
1927-05-31,92,74,0.00,0.0,0
1927-06-01,93,76,0.00,0.0,0
1927-06-02,95,73,0.00,0.0,0
1927-06-03,92,74,T,0.0,0
1927-06-04,90,70,0.05,0.0,0
1927-06-05,85,67,0.03,0.0,0
1927-06-06,84,65,0.00,0.0,0
1927-06-07,84,66,0.00,0.0,0
1927-06-08,87,65,0.00,0.0,0
1927-06-09,90,66,0.00,0.0,0
1927-06-10,92,72,0.00,0.0,0
1927-06-11,91,72,0.00,0.0,0
1927-06-12,90,74,0.00,0.0,0
1927-06-13,81,66,1.09,0.0,0
1927-06-14,69,63,0.06,0.0,0
1927-06-15,74,62,T,0.0,0
1927-06-16,81,64,T,0.0,0
1927-06-17,92,71,0.00,0.0,0
1927-06-18,92,72,0.00,0.0,0
1927-06-19,93,74,0.03,0.0,0
1927-06-20,89,69,0.48,0.0,0
1927-06-21,79,63,0.83,0.0,0
1927-06-22,86,68,0.00,0.0,0
1927-06-23,87,70,0.00,0.0,0
1927-06-24,91,71,0.00,0.0,0
1927-06-25,93,74,0.00,0.0,0
1927-06-26,97,76,0.00,0.0,0
1927-06-27,93,77,0.00,0.0,0
1927-06-28,89,71,T,0.0,0
1927-06-29,89,70,0.04,0.0,0
1927-06-30,88,70,T,0.0,0
1927-07-01,89,68,0.50,0.0,0
1927-07-02,88,67,0.00,0.0,0
1927-07-03,88,74,0.00,0.0,0
1927-07-04,90,69,0.00,0.0,0
1927-07-05,90,71,0.00,0.0,0
1927-07-06,93,74,0.00,0.0,0
1927-07-07,96,77,0.00,0.0,0
1927-07-08,95,78,0.00,0.0,0
1927-07-09,93,74,0.00,0.0,0
1927-07-10,91,74,0.00,0.0,0
1927-07-11,93,75,0.00,0.0,0
1927-07-12,92,75,0.00,0.0,0
1927-07-13,90,78,T,0.0,0
1927-07-14,88,72,0.38,0.0,0
1927-07-15,90,72,1.30,0.0,0
1927-07-16,93,75,0.00,0.0,0
1927-07-17,97,76,0.00,0.0,0
1927-07-18,97,81,0.00,0.0,0
1927-07-19,97,76,0.00,0.0,0
1927-07-20,95,76,0.00,0.0,0
1927-07-21,94,76,0.00,0.0,0
1927-07-22,97,67,1.64,0.0,0
1927-07-23,81,71,0.44,0.0,0
1927-07-24,84,70,0.00,0.0,0
1927-07-25,86,70,0.00,0.0,0
1927-07-26,90,72,0.00,0.0,0
1927-07-27,87,69,0.53,0.0,0
1927-07-28,92,72,0.00,0.0,0
1927-07-29,93,75,0.00,0.0,0
1927-07-30,90,78,0.02,0.0,0
1927-07-31,97,76,0.00,0.0,0
1927-08-01,94,76,0.00,0.0,0
1927-08-02,95,79,0.00,0.0,0
1927-08-03,96,77,0.00,0.0,0
1927-08-04,95,79,0.00,0.0,0
1927-08-05,96,80,0.00,0.0,0
1927-08-06,98,80,0.00,0.0,0
1927-08-07,97,79,0.00,0.0,0
1927-08-08,98,79,0.00,0.0,0
1927-08-09,95,76,0.13,0.0,0
1927-08-10,94,74,T,0.0,0
1927-08-11,88,68,1.15,0.0,0
1927-08-12,85,73,0.00,0.0,0
1927-08-13,95,76,0.00,0.0,0
1927-08-14,96,76,0.00,0.0,0
1927-08-15,97,76,0.00,0.0,0
1927-08-16,99,78,0.00,0.0,0
1927-08-17,87,74,T,0.0,0
1927-08-18,91,65,0.00,0.0,0
1927-08-19,83,64,0.00,0.0,0
1927-08-20,78,66,0.00,0.0,0
1927-08-21,89,62,0.00,0.0,0
1927-08-22,92,69,0.00,0.0,0
1927-08-23,94,72,T,0.0,0
1927-08-24,92,73,0.00,0.0,0
1927-08-25,91,72,0.00,0.0,0
1927-08-26,90,68,0.00,0.0,0
1927-08-27,90,69,0.00,0.0,0
1927-08-28,98,71,0.00,0.0,0
1927-08-29,98,76,0.00,0.0,0
1927-08-30,102,78,0.00,0.0,0
1927-08-31,95,75,0.00,0.0,0
1927-09-01,96,67,0.20,0.0,0
1927-09-02,86,67,0.31,0.0,0
1927-09-03,93,74,0.00,0.0,0
1927-09-04,92,66,1.19,0.0,0
1927-09-05,90,71,0.58,0.0,0
1927-09-06,92,71,0.00,0.0,0
1927-09-07,90,72,0.00,0.0,0
1927-09-08,89,72,0.00,0.0,0
1927-09-09,90,74,0.00,0.0,0
1927-09-10,91,76,0.00,0.0,0
1927-09-11,94,74,0.00,0.0,0
1927-09-12,91,73,0.00,0.0,0
1927-09-13,91,71,0.00,0.0,0
1927-09-14,92,73,0.01,0.0,0
1927-09-15,89,71,T,0.0,0
1927-09-16,93,72,0.00,0.0,0
1927-09-17,95,75,0.00,0.0,0
1927-09-18,94,70,0.03,0.0,0
1927-09-19,70,56,0.07,0.0,0
1927-09-20,82,58,0.00,0.0,0
1927-09-21,75,60,T,0.0,0
1927-09-22,79,65,T,0.0,0
1927-09-23,84,61,T,0.0,0
1927-09-24,81,61,0.00,0.0,0
1927-09-25,84,61,0.00,0.0,0
1927-09-26,86,61,0.00,0.0,0
1927-09-27,61,51,0.79,0.0,0
1927-09-28,66,51,0.75,0.0,0
1927-09-29,90,66,0.00,0.0,0
1927-09-30,88,75,0.00,0.0,0
1927-10-01,79,67,3.05,0.0,0
1927-10-02,79,67,0.04,0.0,0
1927-10-03,87,64,0.00,0.0,0
1927-10-04,84,65,0.00,0.0,0
1927-10-05,84,65,0.00,0.0,0
1927-10-06,88,69,0.00,0.0,0
1927-10-07,74,59,0.75,0.0,0
1927-10-08,61,55,1.16,0.0,0
1927-10-09,74,53,0.00,0.0,0
1927-10-10,77,58,0.00,0.0,0
1927-10-11,87,61,0.00,0.0,0
1927-10-12,68,52,0.00,0.0,0
1927-10-13,77,52,0.00,0.0,0
1927-10-14,78,58,0.00,0.0,0
1927-10-15,76,56,0.00,0.0,0
1927-10-16,79,52,0.00,0.0,0
1927-10-17,82,53,0.00,0.0,0
1927-10-18,74,55,0.00,0.0,0
1927-10-19,85,59,0.00,0.0,0
1927-10-20,88,56,0.00,0.0,0
1927-10-21,86,55,0.00,0.0,0
1927-10-22,86,59,0.00,0.0,0
1927-10-23,88,64,0.00,0.0,0
1927-10-24,87,62,0.00,0.0,0
1927-10-25,86,64,0.00,0.0,0
1927-10-26,87,67,0.00,0.0,0
1927-10-27,86,62,0.00,0.0,0
1927-10-28,84,65,0.00,0.0,0
1927-10-29,81,63,0.01,0.0,0
1927-10-30,77,63,0.02,0.0,0
1927-10-31,72,60,T,0.0,0
1927-11-01,82,65,0.00,0.0,0
1927-11-02,72,53,0.00,0.0,0
1927-11-03,75,43,0.00,0.0,0
1927-11-04,81,54,0.00,0.0,0
1927-11-05,83,58,0.00,0.0,0
1927-11-06,62,52,0.00,0.0,0
1927-11-07,81,52,T,0.0,0
1927-11-08,85,61,0.00,0.0,0
1927-11-09,72,54,T,0.0,0
1927-11-10,82,66,0.00,0.0,0
1927-11-11,83,53,0.00,0.0,0
1927-11-12,63,41,0.00,0.0,0
1927-11-13,69,46,0.00,0.0,0
1927-11-14,76,62,T,0.0,0
1927-11-15,71,40,0.35,0.0,0
1927-11-16,50,35,0.00,0.0,0
1927-11-17,59,32,0.00,0.0,0
1927-11-18,67,41,0.00,0.0,0
1927-11-19,60,46,0.00,0.0,0
1927-11-20,75,47,0.00,0.0,0
1927-11-21,80,65,0.00,0.0,0
1927-11-22,80,68,0.00,0.0,0
1927-11-23,78,46,0.00,0.0,0
1927-11-24,65,43,0.00,0.0,0
1927-11-25,74,55,0.00,0.0,0
1927-11-26,79,66,0.00,0.0,0
1927-11-27,79,64,0.00,0.0,0
1927-11-28,78,63,0.00,0.0,0
1927-11-29,82,65,0.00,0.0,0
1927-11-30,73,39,0.00,0.0,0
1927-12-01,51,34,0.00,0.0,0
1927-12-02,57,30,0.00,0.0,0
1927-12-03,60,38,0.00,0.0,0
1927-12-04,60,38,0.00,0.0,0
1927-12-05,55,30,0.00,0.0,0
1927-12-06,63,50,0.59,0.0,0
1927-12-07,58,21,0.00,0.0,0
1927-12-08,30,15,0.00,0.0,0
1927-12-09,44,21,0.00,0.0,0
1927-12-10,58,42,0.01,0.0,0
1927-12-11,65,47,0.86,0.0,0
1927-12-12,71,46,0.39,0.0,0
1927-12-13,74,59,0.31,0.0,0
1927-12-14,64,55,0.00,0.0,0
1927-12-15,61,27,0.00,0.0,0
1927-12-16,46,25,0.00,0.0,0
1927-12-17,47,31,0.00,0.0,0
1927-12-18,32,25,T,T,0
1927-12-19,38,25,0.00,0.0,0
1927-12-20,33,21,0.00,0.0,0
1927-12-21,35,28,0.09,0.9,T
1927-12-22,44,34,0.00,0.0,0
1927-12-23,51,32,0.00,0.0,0
1927-12-24,50,35,0.00,0.0,0
1927-12-25,52,44,0.00,0.0,0
1927-12-26,52,42,T,0.0,0
1927-12-27,58,48,0.52,0.0,0
1927-12-28,68,53,0.12,0.0,0
1927-12-29,72,52,0.00,0.0,0
1927-12-30,60,23,0.00,0.0,0
1927-12-31,23,14,T,T,0
1928-01-01,18,9,0.00,0.0,0
1928-01-02,30,12,0.00,0.0,0
1928-01-03,31,15,0.00,0.0,0
1928-01-04,44,18,0.00,0.0,0
1928-01-05,51,28,T,0.0,0
1928-01-06,55,41,T,0.0,0
1928-01-07,56,47,0.27,0.0,0
1928-01-08,56,38,0.00,0.0,0
1928-01-09,60,34,0.00,0.0,0
1928-01-10,73,40,0.00,0.0,0
1928-01-11,79,50,0.00,0.0,0
1928-01-12,70,45,0.00,0.0,0
1928-01-13,73,47,T,0.0,0
1928-01-14,76,50,0.00,0.0,0
1928-01-15,76,60,0.00,0.0,0
1928-01-16,72,60,T,0.0,0
1928-01-17,75,53,0.02,0.0,0
1928-01-18,65,53,0.54,0.0,0
1928-01-19,57,42,0.00,0.0,0
1928-01-20,43,33,0.00,0.0,0
1928-01-21,38,28,0.00,0.0,0
1928-01-22,54,33,0.00,0.0,0
1928-01-23,64,38,0.00,0.0,0
1928-01-24,56,39,0.00,0.0,0
1928-01-25,61,35,0.00,0.0,0
1928-01-26,60,41,0.00,0.0,0
1928-01-27,56,34,0.00,0.0,0
1928-01-28,67,38,0.00,0.0,0
1928-01-29,72,39,0.00,0.0,0
1928-01-30,66,46,0.00,0.0,0
1928-01-31,56,41,T,0.0,0
1928-02-01,57,41,0.00,0.0,0
1928-02-02,60,44,0.00,0.0,0
1928-02-03,67,53,T,0.0,0
1928-02-04,68,60,0.40,0.0,0
1928-02-05,67,57,T,0.0,0
1928-02-06,71,53,0.84,0.0,0
1928-02-07,64,48,0.00,0.0,0
1928-02-08,62,45,0.00,0.0,0
1928-02-09,53,41,0.00,0.0,0
1928-02-10,59,35,0.00,0.0,0
1928-02-11,65,41,0.00,0.0,0
1928-02-12,53,45,0.33,0.0,0
1928-02-13,59,39,0.00,0.0,0
1928-02-14,56,33,0.00,0.0,0
1928-02-15,48,41,0.10,0.0,0
1928-02-16,48,37,0.09,0.0,0
1928-02-17,50,31,0.00,0.0,0
1928-02-18,48,30,0.00,0.0,0
1928-02-19,64,33,0.00,0.0,0
1928-02-20,67,45,T,0.0,0
1928-02-21,55,46,2.14,0.0,0
1928-02-22,67,44,T,0.0,0
1928-02-23,59,29,T,0.0,0
1928-02-24,40,25,0.00,0.0,0
1928-02-25,43,28,0.00,0.0,0
1928-02-26,49,34,0.00,0.0,0
1928-02-27,62,37,0.00,0.0,0
1928-02-28,69,46,0.00,0.0,0
1928-02-29,71,45,0.00,0.0,0
1928-03-01,57,40,0.00,0.0,0
1928-03-02,59,44,T,0.0,0
1928-03-03,58,52,T,0.0,0
1928-03-04,66,48,0.00,0.0,0
1928-03-05,62,47,0.00,0.0,0
1928-03-06,57,50,0.08,0.0,0
1928-03-07,60,49,0.01,0.0,0
1928-03-08,76,57,T,0.0,0
1928-03-09,72,56,0.00,0.0,0
1928-03-10,74,52,T,0.0,0
1928-03-11,80,53,T,0.0,0
1928-03-12,88,59,0.00,0.0,0
1928-03-13,73,54,0.00,0.0,0
1928-03-14,67,54,0.00,0.0,0
1928-03-15,70,48,0.89,0.0,0
1928-03-16,48,36,0.00,0.0,0
1928-03-17,57,33,0.00,0.0,0
1928-03-18,57,42,0.00,0.0,0
1928-03-19,52,35,0.01,0.0,0
1928-03-20,68,41,0.00,0.0,0
1928-03-21,73,46,0.00,0.0,0
1928-03-22,80,53,0.00,0.0,0
1928-03-23,71,59,0.00,0.0,0
1928-03-24,87,61,T,0.0,0
1928-03-25,91,62,0.00,0.0,0
1928-03-26,78,58,0.00,0.0,0
1928-03-27,71,48,0.00,0.0,0
1928-03-28,86,56,0.00,0.0,0
1928-03-29,71,41,0.00,0.0,0
1928-03-30,63,35,0.00,0.0,0
1928-03-31,78,45,0.00,0.0,0
1928-04-01,80,57,0.00,0.0,0
1928-04-02,75,62,0.00,0.0,0
1928-04-03,72,61,0.17,0.0,0
1928-04-04,77,65,0.01,0.0,0
1928-04-05,74,57,2.02,0.0,0
1928-04-06,58,47,0.00,0.0,0
1928-04-07,53,39,0.12,0.0,0
1928-04-08,46,36,0.35,0.0,0
1928-04-09,47,37,0.07,0.0,0
1928-04-10,60,39,0.00,0.0,0
1928-04-11,72,43,0.00,0.0,0
1928-04-12,70,49,0.00,0.0,0
1928-04-13,82,58,0.21,0.0,0
1928-04-14,58,37,T,T,0
1928-04-15,57,32,0.00,0.0,0
1928-04-16,69,43,0.00,0.0,0
1928-04-17,82,51,0.00,0.0,0
1928-04-18,83,60,0.00,0.0,0
1928-04-19,85,63,0.00,0.0,0
1928-04-20,78,58,0.16,0.0,0
1928-04-21,80,57,0.49,0.0,0
1928-04-22,57,50,0.00,0.0,0
1928-04-23,72,46,0.00,0.0,0
1928-04-24,79,56,0.00,0.0,0
1928-04-25,80,57,0.00,0.0,0
1928-04-26,67,48,0.28,0.0,0
1928-04-27,63,46,0.00,0.0,0
1928-04-28,74,49,0.00,0.0,0
1928-04-29,86,58,0.00,0.0,0
1928-04-30,89,61,0.00,0.0,0
1928-05-01,78,66,0.00,0.0,0
1928-05-02,84,65,0.00,0.0,0
1928-05-03,76,64,0.01,0.0,0
1928-05-04,68,55,0.02,0.0,0
1928-05-05,73,49,0.00,0.0,0
1928-05-06,78,51,0.00,0.0,0
1928-05-07,82,55,0.00,0.0,0
1928-05-08,88,63,0.00,0.0,0
1928-05-09,90,62,T,0.0,0
1928-05-10,84,62,T,0.0,0
1928-05-11,83,65,T,0.0,0
1928-05-12,82,65,0.00,0.0,0
1928-05-13,76,63,0.06,0.0,0
1928-05-14,79,63,0.14,0.0,0
1928-05-15,87,65,0.10,0.0,0
1928-05-16,86,63,1.23,0.0,0
1928-05-17,85,67,0.00,0.0,0
1928-05-18,84,68,0.26,0.0,0
1928-05-19,85,67,0.10,0.0,0
1928-05-20,85,63,0.10,0.0,0
1928-05-21,72,59,T,0.0,0
1928-05-22,77,53,0.00,0.0,0
1928-05-23,83,55,0.00,0.0,0
1928-05-24,86,62,0.00,0.0,0
1928-05-25,89,67,0.00,0.0,0
1928-05-26,86,62,0.00,0.0,0
1928-05-27,99,72,0.00,0.0,0
1928-05-28,91,65,T,0.0,0
1928-05-29,94,70,0.00,0.0,0
1928-05-30,96,70,0.00,0.0,0
1928-05-31,94,74,0.00,0.0,0
1928-06-01,94,70,0.01,0.0,0
1928-06-02,84,68,0.22,0.0,0
1928-06-03,86,62,0.58,0.0,0
1928-06-04,74,59,0.48,0.0,0
1928-06-05,76,54,0.00,0.0,0
1928-06-06,87,64,0.00,0.0,0
1928-06-07,88,66,T,0.0,0
1928-06-08,91,74,0.00,0.0,0
1928-06-09,88,65,0.39,0.0,0
1928-06-10,74,67,0.08,0.0,0
1928-06-11,86,70,0.00,0.0,0
1928-06-12,86,74,T,0.0,0
1928-06-13,85,64,0.25,0.0,0
1928-06-14,86,68,0.00,0.0,0
1928-06-15,87,68,0.02,0.0,0
1928-06-16,89,70,0.00,0.0,0
1928-06-17,92,74,0.00,0.0,0
1928-06-18,90,75,0.00,0.0,0
1928-06-19,92,77,0.00,0.0,0
1928-06-20,93,76,0.00,0.0,0
1928-06-21,89,63,0.08,0.0,0
1928-06-22,95,74,0.00,0.0,0
1928-06-23,93,72,0.00,0.0,0
1928-06-24,84,71,T,0.0,0
1928-06-25,84,62,0.00,0.0,0
1928-06-26,72,61,0.80,0.0,0
1928-06-27,81,66,0.83,0.0,0
1928-06-28,93,75,0.00,0.0,0
1928-06-29,92,73,0.00,0.0,0
1928-06-30,94,74,0.00,0.0,0
1928-07-01,90,74,0.00,0.0,0
1928-07-02,95,74,0.00,0.0,0
1928-07-03,96,75,0.00,0.0,0
1928-07-04,97,76,0.00,0.0,0
1928-07-05,91,74,0.00,0.0,0
1928-07-06,90,74,0.00,0.0,0
1928-07-07,89,72,T,0.0,0
1928-07-08,85,71,0.72,0.0,0
1928-07-09,90,70,0.00,0.0,0
1928-07-10,93,75,0.00,0.0,0
1928-07-11,93,76,0.00,0.0,0
1928-07-12,89,78,T,0.0,0
1928-07-13,93,76,0.00,0.0,0
1928-07-14,92,74,0.00,0.0,0
1928-07-15,95,76,0.01,0.0,0
1928-07-16,92,76,0.01,0.0,0
1928-07-17,92,75,0.00,0.0,0
1928-07-18,94,75,0.00,0.0,0
1928-07-19,93,75,0.00,0.0,0
1928-07-20,94,77,0.00,0.0,0
1928-07-21,96,76,0.00,0.0,0
1928-07-22,97,78,0.00,0.0,0
1928-07-23,83,73,0.72,0.0,0
1928-07-24,88,75,T,0.0,0
1928-07-25,88,71,0.23,0.0,0
1928-07-26,78,70,0.63,0.0,0
1928-07-27,85,71,0.00,0.0,0
1928-07-28,82,69,1.32,0.0,0
1928-07-29,92,72,0.00,0.0,0
1928-07-30,90,74,0.00,0.0,0
1928-07-31,91,70,0.00,0.0,0
1928-08-01,93,72,0.00,0.0,0
1928-08-02,92,75,0.00,0.0,0
1928-08-03,92,75,0.01,0.0,0
1928-08-04,88,68,0.55,0.0,0
1928-08-05,93,75,0.00,0.0,0
1928-08-06,92,73,0.00,0.0,0
1928-08-07,93,76,0.00,0.0,0
1928-08-08,93,76,0.00,0.0,0
1928-08-09,96,79,0.00,0.0,0
1928-08-10,96,75,T,0.0,0
1928-08-11,95,73,0.00,0.0,0
1928-08-12,95,78,0.00,0.0,0
1928-08-13,92,73,0.00,0.0,0
1928-08-14,96,76,0.00,0.0,0
1928-08-15,95,76,0.00,0.0,0
1928-08-16,95,76,0.00,0.0,0
1928-08-17,98,75,T,0.0,0
1928-08-18,94,76,0.00,0.0,0
1928-08-19,92,74,0.03,0.0,0
1928-08-20,95,77,0.00,0.0,0
1928-08-21,98,80,0.00,0.0,0
1928-08-22,96,79,0.00,0.0,0
1928-08-23,97,76,0.00,0.0,0
1928-08-24,79,68,0.03,0.0,0
1928-08-25,89,66,0.00,0.0,0
1928-08-26,94,72,0.00,0.0,0
1928-08-27,96,74,0.00,0.0,0
1928-08-28,97,77,0.00,0.0,0
1928-08-29,97,77,0.00,0.0,0
1928-08-30,90,70,0.05,0.0,0
1928-08-31,85,73,0.27,0.0,0
1928-09-01,86,68,0.00,0.0,0
1928-09-02,92,68,0.00,0.0,0
1928-09-03,86,70,0.00,0.0,0
1928-09-04,86,64,0.00,0.0,0
1928-09-05,86,64,0.00,0.0,0
1928-09-06,84,62,0.00,0.0,0
1928-09-07,89,64,0.00,0.0,0
1928-09-08,87,71,0.00,0.0,0
1928-09-09,85,73,0.06,0.0,0
1928-09-10,89,72,0.02,0.0,0
1928-09-11,92,73,0.00,0.0,0
1928-09-12,93,72,0.00,0.0,0
1928-09-13,93,72,0.00,0.0,0
1928-09-14,93,73,0.01,0.0,0
1928-09-15,93,71,0.00,0.0,0
1928-09-16,91,71,T,0.0,0
1928-09-17,92,73,0.00,0.0,0
1928-09-18,84,66,0.00,0.0,0
1928-09-19,83,61,0.00,0.0,0
1928-09-20,88,60,0.00,0.0,0
1928-09-21,75,64,0.00,0.0,0
1928-09-22,69,61,0.34,0.0,0
1928-09-23,78,61,0.01,0.0,0
1928-09-24,78,57,0.00,0.0,0
1928-09-25,83,60,0.00,0.0,0
1928-09-26,76,65,0.00,0.0,0
1928-09-27,75,62,T,0.0,0
1928-09-28,84,64,0.00,0.0,0
1928-09-29,93,69,0.00,0.0,0
1928-09-30,91,56,0.00,0.0,0
1928-10-01,95,62,0.00,0.0,0
1928-10-02,85,65,0.35,0.0,0
1928-10-03,86,65,0.37,0.0,0
1928-10-04,92,73,0.00,0.0,0
1928-10-05,91,74,0.11,0.0,0
1928-10-06,93,72,T,0.0,0
1928-10-07,91,69,0.00,0.0,0
1928-10-08,92,72,0.00,0.0,0
1928-10-09,90,69,0.00,0.0,0
1928-10-10,85,65,0.00,0.0,0
1928-10-11,86,69,T,0.0,0
1928-10-12,87,72,0.00,0.0,0
1928-10-13,86,70,0.00,0.0,0
1928-10-14,86,68,0.00,0.0,0
1928-10-15,86,71,T,0.0,0
1928-10-16,79,62,0.04,0.0,0
1928-10-17,71,52,0.00,0.0,0
1928-10-18,82,54,0.00,0.0,0
1928-10-19,84,57,0.00,0.0,0
1928-10-20,84,57,0.00,0.0,0
1928-10-21,78,58,0.10,0.0,0
1928-10-22,65,48,0.01,0.0,0
1928-10-23,78,44,0.00,0.0,0
1928-10-24,80,52,0.00,0.0,0
1928-10-25,80,55,0.00,0.0,0
1928-10-26,80,53,0.00,0.0,0
1928-10-27,82,62,1.24,0.0,0
1928-10-28,68,61,0.03,0.0,0
1928-10-29,64,45,0.53,0.0,0
1928-10-30,56,44,0.07,0.0,0
1928-10-31,55,46,1.49,0.0,0
1928-11-01,69,43,0.01,0.0,0
1928-11-02,49,37,0.00,0.0,0
1928-11-03,53,33,0.00,0.0,0
1928-11-04,59,35,0.00,0.0,0
1928-11-05,64,46,0.00,0.0,0
1928-11-06,64,55,0.01,0.0,0
1928-11-07,78,56,T,0.0,0
1928-11-08,61,55,T,0.0,0
1928-11-09,59,52,T,0.0,0
1928-11-10,63,43,0.01,0.0,0
1928-11-11,72,47,0.00,0.0,0
1928-11-12,72,51,0.00,0.0,0
1928-11-13,72,48,0.00,0.0,0
1928-11-14,76,62,0.65,0.0,0
1928-11-15,76,68,0.43,0.0,0
1928-11-16,79,54,0.11,0.0,0
1928-11-17,55,48,0.01,0.0,0
1928-11-18,55,44,T,0.0,0
1928-11-19,52,36,0.00,0.0,0
1928-11-20,55,33,0.00,0.0,0
1928-11-21,69,43,0.00,0.0,0
1928-11-22,64,41,0.00,0.0,0
1928-11-23,61,43,0.00,0.0,0
1928-11-24,70,48,0.00,0.0,0
1928-11-25,52,39,0.00,0.0,0
1928-11-26,44,38,0.03,T,0
1928-11-27,43,37,0.30,0.0,0
1928-11-28,58,43,0.01,0.0,0
1928-11-29,69,50,0.04,0.0,0
1928-11-30,50,42,0.00,0.0,0
1928-12-01,61,40,0.00,0.0,0
1928-12-02,73,48,0.00,0.0,0
1928-12-03,63,35,0.00,0.0,0
1928-12-04,66,38,0.00,0.0,0
1928-12-05,50,31,0.00,0.0,0
1928-12-06,46,36,0.08,0.0,0
1928-12-07,52,35,0.00,0.0,0
1928-12-08,53,28,0.00,0.0,0
1928-12-09,49,30,0.01,0.0,0
1928-12-10,44,41,0.67,0.0,0
1928-12-11,46,41,0.10,0.0,0
1928-12-12,55,46,1.15,0.0,0
1928-12-13,61,48,0.28,0.0,0
1928-12-14,65,43,0.00,0.0,0
1928-12-15,61,50,0.22,0.0,0
1928-12-16,62,44,4.11,0.0,0
1928-12-17,48,35,0.06,0.0,0
1928-12-18,50,31,0.00,0.0,0
1928-12-19,46,31,0.00,0.0,0
1928-12-20,49,25,0.00,0.0,0
1928-12-21,55,35,0.00,0.0,0
1928-12-22,51,32,0.00,0.0,0
1928-12-23,61,36,0.00,0.0,0
1928-12-24,57,32,0.00,0.0,0
1928-12-25,60,38,0.00,0.0,0
1928-12-26,66,44,0.00,0.0,0
1928-12-27,70,38,0.00,0.0,0
1928-12-28,78,44,0.00,0.0,0
1928-12-29,66,41,0.00,0.0,0
1928-12-30,56,35,0.00,0.0,0
1928-12-31,56,35,0.00,0.0,0
1929-01-01,38,26,0.00,0.0,0
1929-01-02,47,24,0.00,0.0,0
1929-01-03,61,37,0.00,0.0,0
1929-01-04,58,48,1.36,0.0,0
1929-01-05,48,28,T,T,0
1929-01-06,44,26,0.00,0.0,0
1929-01-07,53,31,0.00,0.0,0
1929-01-08,54,42,0.00,0.0,0
1929-01-09,67,44,0.25,0.0,0
1929-01-10,46,38,0.00,0.0,0
1929-01-11,49,33,0.00,0.0,0
1929-01-12,62,32,0.00,0.0,0
1929-01-13,63,37,0.00,0.0,0
1929-01-14,68,46,0.00,0.0,0
1929-01-15,58,35,T,0.0,0
1929-01-16,46,33,T,0.0,0
1929-01-17,67,46,0.01,0.0,0
1929-01-18,69,49,0.10,0.0,0
1929-01-19,71,42,0.00,0.0,0
1929-01-20,60,36,T,0.0,0
1929-01-21,53,39,T,0.0,0
1929-01-22,70,49,0.13,0.0,0
1929-01-23,49,39,1.08,0.0,0
1929-01-24,48,24,0.39,0.0,0
1929-01-25,34,19,0.00,0.0,0
1929-01-26,42,27,0.00,0.0,0
1929-01-27,50,35,0.00,0.0,0
1929-01-28,55,33,0.00,0.0,0
1929-01-29,54,34,0.00,0.0,0
1929-01-30,62,42,T,0.0,0
1929-01-31,47,26,0.00,0.0,0
1929-02-01,33,24,0.07,0.0,T
1929-02-02,38,32,0.06,0.0,0
1929-02-03,40,34,0.01,0.0,0
1929-02-04,41,38,T,0.0,0
1929-02-05,40,35,T,0.0,0
1929-02-06,39,34,T,0.0,0
1929-02-07,37,28,0.05,0.0,0
1929-02-08,28,16,0.12,1.2,1
1929-02-09,24,12,0.00,0.0,1
1929-02-10,36,16,0.00,0.0,T
1929-02-11,41,23,0.00,0.0,T
1929-02-12,49,27,0.00,0.0,T
1929-02-13,43,30,0.00,0.0,T
1929-02-14,44,32,0.01,0.0,T
1929-02-15,42,36,0.01,0.0,T
1929-02-16,54,30,0.00,0.0,T
1929-02-17,69,41,0.00,0.0,T
1929-02-18,59,32,0.00,0.0,0
1929-02-19,32,23,0.01,T,0
1929-02-20,32,23,0.52,0.8,T
1929-02-21,34,30,T,0.0,T
1929-02-22,50,32,0.00,0.0,0
1929-02-23,56,35,0.00,0.0,0
1929-02-24,56,46,0.03,0.0,0
1929-02-25,60,46,0.80,0.0,0
1929-02-26,57,38,0.00,0.0,0
1929-02-27,46,40,0.06,0.0,0
1929-02-28,60,39,0.00,0.0,0
1929-03-01,52,38,0.00,0.0,0
1929-03-02,64,40,0.00,0.0,0
1929-03-03,74,47,0.00,0.0,0
1929-03-04,64,46,0.03,0.0,0
1929-03-05,65,37,0.00,0.0,0
1929-03-06,88,54,0.00,0.0,0
1929-03-07,65,50,0.00,0.0,0
1929-03-08,74,50,0.00,0.0,0
1929-03-09,62,49,T,0.0,0
1929-03-10,62,39,0.00,0.0,0
1929-03-11,62,52,0.23,0.0,0
1929-03-12,62,51,1.26,0.0,0
1929-03-13,66,51,T,0.0,0
1929-03-14,65,43,0.34,0.0,0
1929-03-15,60,39,0.00,0.0,0
1929-03-16,59,40,0.00,0.0,0
1929-03-17,60,42,0.00,0.0,0
1929-03-18,63,51,T,0.0,0
1929-03-19,74,50,0.00,0.0,0
1929-03-20,70,56,0.47,0.0,0
1929-03-21,69,56,0.00,0.0,0
1929-03-22,82,59,0.00,0.0,0
1929-03-23,90,68,0.00,0.0,0
1929-03-24,88,59,0.00,0.0,0
1929-03-25,79,59,0.00,0.0,0
1929-03-26,68,53,T,0.0,0
1929-03-27,80,64,T,0.0,0
1929-03-28,69,57,0.10,0.0,0
1929-03-29,76,49,0.00,0.0,0
1929-03-30,83,60,0.00,0.0,0
1929-03-31,89,54,T,0.0,0
1929-04-01,68,44,0.00,0.0,0
1929-04-02,76,56,T,0.0,0
1929-04-03,83,68,T,0.0,0
1929-04-04,85,68,0.00,0.0,0
1929-04-05,84,68,0.00,0.0,0
1929-04-06,83,68,0.00,0.0,0
1929-04-07,79,71,T,0.0,0
1929-04-08,74,59,1.23,0.0,0
1929-04-09,78,60,0.00,0.0,0
1929-04-10,78,65,0.00,0.0,0
1929-04-11,66,47,0.00,0.0,0
1929-04-12,74,52,0.03,0.0,0
1929-04-13,71,58,0.27,0.0,0
1929-04-14,81,59,0.03,0.0,0
1929-04-15,70,52,0.00,0.0,0
1929-04-16,75,53,0.00,0.0,0
1929-04-17,81,60,0.00,0.0,0
1929-04-18,79,62,T,0.0,0
1929-04-19,73,62,0.45,0.0,0
1929-04-20,85,68,0.00,0.0,0
1929-04-21,76,55,0.00,0.0,0
1929-04-22,73,50,0.00,0.0,0
1929-04-23,81,53,0.00,0.0,0
1929-04-24,86,61,0.61,0.0,0
1929-04-25,70,52,0.00,0.0,0
1929-04-26,68,53,0.00,0.0,0
1929-04-27,75,58,0.00,0.0,0
1929-04-28,84,67,T,0.0,0
1929-04-29,83,63,0.02,0.0,0
1929-04-30,88,65,T,0.0,0
1929-05-01,89,50,T,0.0,0
1929-05-02,66,48,0.00,0.0,0
1929-05-03,78,53,0.00,0.0,0
1929-05-04,86,60,0.00,0.0,0
1929-05-05,88,65,T,0.0,0
1929-05-06,82,60,0.00,0.0,0
1929-05-07,72,56,T,0.0,0
1929-05-08,90,65,0.16,0.0,0
1929-05-09,72,62,1.06,0.0,0
1929-05-10,79,62,0.00,0.0,0
1929-05-11,84,69,0.00,0.0,0
1929-05-12,77,66,0.86,0.0,0
1929-05-13,76,64,3.50,0.0,0
1929-05-14,84,63,0.00,0.0,0
1929-05-15,84,67,0.00,0.0,0
1929-05-16,74,62,0.00,0.0,0
1929-05-17,82,60,0.80,0.0,0
1929-05-18,72,60,0.22,0.0,0
1929-05-19,73,59,0.00,0.0,0
1929-05-20,76,53,0.00,0.0,0
1929-05-21,78,61,0.00,0.0,0
1929-05-22,74,63,0.00,0.0,0
1929-05-23,76,61,0.00,0.0,0
1929-05-24,74,63,0.21,0.0,0
1929-05-25,83,67,0.15,0.0,0
1929-05-26,74,64,0.60,0.0,0
1929-05-27,85,68,0.14,0.0,0
1929-05-28,72,66,1.87,0.0,0
1929-05-29,77,65,0.15,0.0,0
1929-05-30,78,69,0.57,0.0,0
1929-05-31,84,70,0.09,0.0,0
1929-06-01,88,71,0.00,0.0,0
1929-06-02,89,73,0.00,0.0,0
1929-06-03,90,68,0.00,0.0,0
1929-06-04,76,63,0.01,0.0,0
1929-06-05,82,64,0.18,0.0,0
1929-06-06,85,67,T,0.0,0
1929-06-07,91,71,0.00,0.0,0
1929-06-08,94,74,0.00,0.0,0
1929-06-09,91,73,0.00,0.0,0
1929-06-10,97,73,0.00,0.0,0
1929-06-11,97,76,0.00,0.0,0
1929-06-12,93,71,0.00,0.0,0
1929-06-13,87,73,0.00,0.0,0
1929-06-14,94,70,0.00,0.0,0
1929-06-15,91,70,0.00,0.0,0
1929-06-16,91,71,0.00,0.0,0
1929-06-17,92,72,0.00,0.0,0
1929-06-18,90,74,0.00,0.0,0
1929-06-19,90,73,0.00,0.0,0
1929-06-20,94,75,0.00,0.0,0
1929-06-21,97,76,0.00,0.0,0
1929-06-22,98,79,0.00,0.0,0
1929-06-23,92,73,0.00,0.0,0
1929-06-24,93,74,T,0.0,0
1929-06-25,87,67,0.00,0.0,0
1929-06-26,88,66,0.00,0.0,0
1929-06-27,91,70,0.00,0.0,0
1929-06-28,90,72,T,0.0,0
1929-06-29,89,72,0.14,0.0,0
1929-06-30,92,74,0.00,0.0,0
1929-07-01,96,75,0.00,0.0,0
1929-07-02,82,71,0.09,0.0,0
1929-07-03,84,70,0.08,0.0,0
1929-07-04,91,71,0.10,0.0,0
1929-07-05,81,70,0.04,0.0,0
1929-07-06,90,72,T,0.0,0
1929-07-07,91,75,0.00,0.0,0
1929-07-08,91,71,0.00,0.0,0
1929-07-09,94,74,0.00,0.0,0
1929-07-10,92,75,0.00,0.0,0
1929-07-11,91,73,0.00,0.0,0
1929-07-12,92,74,0.00,0.0,0
1929-07-13,93,77,0.00,0.0,0
1929-07-14,94,78,0.00,0.0,0
1929-07-15,96,77,0.00,0.0,0
1929-07-16,99,78,0.00,0.0,0
1929-07-17,101,81,0.00,0.0,0
1929-07-18,95,80,0.02,0.0,0
1929-07-19,94,78,0.00,0.0,0
1929-07-20,96,77,0.00,0.0,0
1929-07-21,93,74,0.00,0.0,0
1929-07-22,94,74,0.00,0.0,0
1929-07-23,92,72,0.00,0.0,0
1929-07-24,93,74,T,0.0,0
1929-07-25,85,72,0.20,0.0,0
1929-07-26,88,71,T,0.0,0
1929-07-27,92,71,0.00,0.0,0
1929-07-28,94,75,0.00,0.0,0
1929-07-29,97,76,0.00,0.0,0
1929-07-30,99,76,0.00,0.0,0
1929-07-31,97,78,0.00,0.0,0
1929-08-01,95,78,0.00,0.0,0
1929-08-02,98,78,0.00,0.0,0
1929-08-03,102,76,0.00,0.0,0
1929-08-04,101,81,T,0.0,0
1929-08-05,100,82,0.00,0.0,0
1929-08-06,100,79,0.00,0.0,0
1929-08-07,96,79,0.00,0.0,0
1929-08-08,97,80,0.00,0.0,0
1929-08-09,95,77,0.00,0.0,0
1929-08-10,98,79,0.00,0.0,0
1929-08-11,101,80,0.00,0.0,0
1929-08-12,97,81,0.03,0.0,0
1929-08-13,94,81,0.01,0.0,0
1929-08-14,92,77,0.00,0.0,0
1929-08-15,91,70,0.00,0.0,0
1929-08-16,91,68,0.00,0.0,0
1929-08-17,94,70,0.00,0.0,0
1929-08-18,97,72,0.00,0.0,0
1929-08-19,96,78,0.00,0.0,0
1929-08-20,98,80,0.00,0.0,0
1929-08-21,97,76,0.00,0.0,0
1929-08-22,96,79,0.00,0.0,0
1929-08-23,95,75,0.00,0.0,0
1929-08-24,92,74,0.00,0.0,0
1929-08-25,94,73,0.00,0.0,0
1929-08-26,96,76,0.00,0.0,0
1929-08-27,98,76,0.00,0.0,0
1929-08-28,98,76,0.00,0.0,0
1929-08-29,93,75,0.00,0.0,0
1929-08-30,94,70,0.00,0.0,0
1929-08-31,94,73,0.00,0.0,0
1929-09-01,94,73,0.00,0.0,0
1929-09-02,92,72,0.00,0.0,0
1929-09-03,91,72,0.00,0.0,0
1929-09-04,95,76,0.00,0.0,0
1929-09-05,87,69,1.35,0.0,0
1929-09-06,83,70,0.09,0.0,0
1929-09-07,86,73,T,0.0,0
1929-09-08,89,68,0.70,0.0,0
1929-09-09,90,68,T,0.0,0
1929-09-10,68,60,T,0.0,0
1929-09-11,74,64,0.00,0.0,0
1929-09-12,90,67,0.04,0.0,0
1929-09-13,92,71,T,0.0,0
1929-09-14,84,70,0.00,0.0,0
1929-09-15,85,64,0.00,0.0,0
1929-09-16,82,70,0.05,0.0,0
1929-09-17,86,68,0.00,0.0,0
1929-09-18,86,67,0.00,0.0,0
1929-09-19,84,64,0.00,0.0,0
1929-09-20,85,64,0.00,0.0,0
1929-09-21,84,66,0.00,0.0,0
1929-09-22,83,64,0.00,0.0,0
1929-09-23,82,67,0.00,0.0,0
1929-09-24,85,64,0.00,0.0,0
1929-09-25,87,65,0.00,0.0,0
1929-09-26,88,67,0.00,0.0,0
1929-09-27,89,69,0.00,0.0,0
1929-09-28,89,71,0.00,0.0,0
1929-09-29,89,72,0.00,0.0,0
1929-09-30,84,65,0.00,0.0,0
1929-10-01,82,64,0.00,0.0,0
1929-10-02,83,67,0.00,0.0,0
1929-10-03,84,63,0.01,0.0,0
1929-10-04,88,69,T,0.0,0
1929-10-05,75,58,0.00,0.0,0
1929-10-06,80,54,0.00,0.0,0
1929-10-07,81,58,0.00,0.0,0
1929-10-08,80,63,0.00,0.0,0
1929-10-09,84,60,0.00,0.0,0
1929-10-10,83,68,T,0.0,0
1929-10-11,84,66,T,0.0,0
1929-10-12,78,68,T,0.0,0
1929-10-13,77,67,0.03,0.0,0
1929-10-14,78,65,0.10,0.0,0
1929-10-15,83,65,0.00,0.0,0
1929-10-16,85,66,0.00,0.0,0
1929-10-17,87,62,0.00,0.0,0
1929-10-18,84,68,0.00,0.0,0
1929-10-19,83,61,0.17,0.0,0
1929-10-20,77,58,0.00,0.0,0
1929-10-21,70,50,0.00,0.0,0
1929-10-22,60,45,T,0.0,0
1929-10-23,61,43,0.00,0.0,0
1929-10-24,64,37,0.00,0.0,0
1929-10-25,69,40,0.00,0.0,0
1929-10-26,66,52,0.00,0.0,0
1929-10-27,63,53,0.87,0.0,0
1929-10-28,74,57,0.01,0.0,0
1929-10-29,77,58,T,0.0,0
1929-10-30,77,55,0.42,0.0,0
1929-10-31,65,50,0.02,0.0,0
1929-11-01,68,53,0.00,0.0,0
1929-11-02,64,49,0.00,0.0,0
1929-11-03,72,49,0.00,0.0,0
1929-11-04,56,40,0.00,0.0,0
1929-11-05,62,42,0.00,0.0,0
1929-11-06,63,46,0.02,0.0,0
1929-11-07,63,52,T,0.0,0
1929-11-08,62,52,0.59,0.0,0
1929-11-09,56,51,0.72,0.0,0
1929-11-10,72,47,0.00,0.0,0
1929-11-11,74,58,0.00,0.0,0
1929-11-12,67,43,0.04,0.0,0
1929-11-13,43,39,T,0.0,0
1929-11-14,44,33,0.00,0.0,0
1929-11-15,47,39,0.00,0.0,0
1929-11-16,52,37,0.00,0.0,0
1929-11-17,50,41,0.00,0.0,0
1929-11-18,61,39,0.00,0.0,0
1929-11-19,54,36,0.00,0.0,0
1929-11-20,44,37,T,0.0,0
1929-11-21,40,31,0.20,1.6,T
1929-11-22,33,29,0.00,0.0,T
1929-11-23,42,28,0.00,0.0,0
1929-11-24,44,32,0.00,0.0,0
1929-11-25,43,38,0.01,0.0,0
1929-11-26,57,40,T,0.0,0
1929-11-27,68,38,0.00,0.0,0
1929-11-28,75,44,0.00,0.0,0
1929-11-29,47,33,0.00,0.0,0
1929-11-30,45,30,0.00,0.0,0
1929-12-01,43,37,0.01,0.0,0
1929-12-02,37,25,0.00,0.0,0
1929-12-03,54,23,0.00,0.0,0
1929-12-04,64,34,0.00,0.0,0
1929-12-05,65,39,0.00,0.0,0
1929-12-06,74,45,0.09,0.0,0
1929-12-07,54,42,0.00,0.0,0
1929-12-08,70,36,0.00,0.0,0
1929-12-09,75,54,0.00,0.0,0
1929-12-10,77,57,0.00,0.0,0
1929-12-11,74,63,0.00,0.0,0
1929-12-12,72,64,0.01,0.0,0
1929-12-13,70,64,0.19,0.0,0
1929-12-14,68,61,T,0.0,0
1929-12-15,68,60,1.23,0.0,0
1929-12-16,64,58,T,0.0,0
1929-12-17,65,35,0.00,0.0,0
1929-12-18,35,22,0.00,0.0,0
1929-12-19,27,14,0.00,0.0,0
1929-12-20,33,24,0.00,0.0,0
1929-12-21,33,28,0.01,0.1,T
1929-12-22,40,19,0.00,0.0,T
1929-12-23,40,24,0.00,0.0,0
1929-12-24,40,24,0.00,0.0,0
1929-12-25,65,39,0.00,0.0,0
1929-12-26,66,40,0.00,0.0,0
1929-12-27,68,43,0.00,0.0,0
1929-12-28,63,36,0.00,0.0,0
1929-12-29,63,34,0.00,0.0,0
1929-12-30,67,41,0.00,0.0,0
1929-12-31,74,43,0.00,0.0,0
1930-01-01,67,48,0.07,0.0,0
1930-01-02,59,38,0.00,0.0,0
1930-01-03,51,33,0.00,0.0,0
1930-01-04,50,33,0.00,0.0,0
1930-01-05,60,35,0.00,0.0,0
1930-01-06,64,50,T,0.0,0
1930-01-07,60,28,0.06,0.0,0
1930-01-08,29,22,0.01,0.0,T
1930-01-09,27,18,0.12,T,T
1930-01-10,22,14,T,0.0,T
1930-01-11,33,22,0.03,0.0,T
1930-01-12,41,33,0.33,0.0,T
1930-01-13,50,38,0.01,0.0,0
1930-01-14,40,26,0.00,0.0,0
1930-01-15,30,16,0.00,0.0,0
1930-01-16,28,11,0.00,0.0,0
1930-01-17,23,-1,0.04,0.4,T
1930-01-18,26,-3,0.00,0.0,T
1930-01-19,30,14,T,0.0,T
1930-01-20,32,29,0.33,0.0,T
1930-01-21,31,9,0.01,0.1,T
1930-01-22,24,4,0.00,0.0,T
1930-01-23,44,18,0.00,0.0,T
1930-01-24,47,27,0.00,0.0,T
1930-01-25,48,30,0.00,0.0,0
1930-01-26,50,41,0.04,0.0,0
1930-01-27,47,34,0.01,0.0,0
1930-01-28,35,30,0.24,0.0,0
1930-01-29,44,30,T,T,0
1930-01-30,52,31,0.00,0.0,0
1930-01-31,55,28,0.00,0.0,0
1930-02-01,50,44,0.20,0.0,0
1930-02-02,59,47,0.01,0.0,0
1930-02-03,60,53,0.74,0.0,0
1930-02-04,55,42,0.02,0.0,0
1930-02-05,63,35,0.00,0.0,0
1930-02-06,71,45,0.00,0.0,0
1930-02-07,72,47,0.00,0.0,0
1930-02-08,72,47,0.00,0.0,0
1930-02-09,74,47,0.00,0.0,0
1930-02-10,56,41,0.00,0.0,0
1930-02-11,61,41,T,0.0,0
1930-02-12,75,59,T,0.0,0
1930-02-13,67,46,0.00,0.0,0
1930-02-14,56,42,T,0.0,0
1930-02-15,52,39,0.00,0.0,0
1930-02-16,57,34,0.00,0.0,0
1930-02-17,68,40,0.00,0.0,0
1930-02-18,75,44,0.00,0.0,0
1930-02-19,69,48,0.00,0.0,0
1930-02-20,69,49,0.00,0.0,0
1930-02-21,71,59,0.27,0.0,0
1930-02-22,80,58,0.47,0.0,0
1930-02-23,76,62,0.00,0.0,0
1930-02-24,79,67,0.00,0.0,0
1930-02-25,70,53,0.16,0.0,0
1930-02-26,62,46,0.00,0.0,0
1930-02-27,55,45,0.03,0.0,0
1930-02-28,59,44,T,0.0,0
1930-03-01,56,37,0.01,0.0,0
1930-03-02,46,30,0.00,0.0,0
1930-03-03,47,26,0.00,0.0,0
1930-03-04,62,37,0.00,0.0,0
1930-03-05,74,46,0.00,0.0,0
1930-03-06,80,57,0.00,0.0,0
1930-03-07,57,40,0.00,0.0,0
1930-03-08,60,33,0.00,0.0,0
1930-03-09,70,42,0.00,0.0,0
1930-03-10,72,52,0.00,0.0,0
1930-03-11,72,40,0.00,0.0,0
1930-03-12,75,51,0.00,0.0,0
1930-03-13,67,50,0.09,0.0,0
1930-03-14,72,52,0.00,0.0,0
1930-03-15,73,59,0.48,0.0,0
1930-03-16,65,56,T,0.0,0
1930-03-17,72,61,T,0.0,0
1930-03-18,69,40,0.20,0.0,0
1930-03-19,60,35,0.00,0.0,0
1930-03-20,79,48,0.00,0.0,0
1930-03-21,67,49,0.99,0.0,0
1930-03-22,68,46,0.00,0.0,0
1930-03-23,72,53,0.30,0.0,0
1930-03-24,65,49,0.01,0.0,0
1930-03-25,55,40,0.00,0.0,0
1930-03-26,50,41,T,0.0,0
1930-03-27,49,37,0.28,T,0
1930-03-28,56,39,0.00,0.0,0
1930-03-29,59,37,0.00,0.0,0
1930-03-30,69,41,0.00,0.0,0
1930-03-31,69,46,0.00,0.0,0
1930-04-01,70,59,T,0.0,0
1930-04-02,82,65,T,0.0,0
1930-04-03,78,54,0.00,0.0,0
1930-04-04,82,54,0.00,0.0,0
1930-04-05,84,59,0.00,0.0,0
1930-04-06,84,54,0.00,0.0,0
1930-04-07,95,63,0.00,0.0,0
1930-04-08,92,62,0.00,0.0,0
1930-04-09,88,60,0.00,0.0,0
1930-04-10,86,59,0.00,0.0,0
1930-04-11,80,58,0.00,0.0,0
1930-04-12,79,57,0.00,0.0,0
1930-04-13,82,62,0.09,0.0,0
1930-04-14,80,61,0.00,0.0,0
1930-04-15,73,64,0.85,0.0,0
1930-04-16,80,62,0.00,0.0,0
1930-04-17,78,56,0.00,0.0,0
1930-04-18,81,58,0.00,0.0,0
1930-04-19,83,58,0.00,0.0,0
1930-04-20,85,59,0.00,0.0,0
1930-04-21,84,61,0.00,0.0,0
1930-04-22,87,65,0.00,0.0,0
1930-04-23,85,67,0.00,0.0,0
1930-04-24,78,59,0.00,0.0,0
1930-04-25,76,59,T,0.0,0
1930-04-26,80,59,0.41,0.0,0
1930-04-27,77,61,0.00,0.0,0
1930-04-28,74,64,0.05,0.0,0
1930-04-29,77,60,0.21,0.0,0
1930-04-30,77,62,T,0.0,0
1930-05-01,78,64,T,0.0,0
1930-05-02,76,62,0.16,0.0,0
1930-05-03,72,60,1.54,0.0,0
1930-05-04,72,67,0.18,0.0,0
1930-05-05,75,67,T,0.0,0
1930-05-06,73,59,0.84,0.0,0
1930-05-07,84,61,0.00,0.0,0
1930-05-08,77,66,0.01,0.0,0
1930-05-09,80,70,0.02,0.0,0
1930-05-10,72,63,0.78,0.0,0
1930-05-11,78,57,0.00,0.0,0
1930-05-12,76,61,2.60,0.0,0
1930-05-13,79,61,0.99,0.0,0
1930-05-14,80,66,T,0.0,0
1930-05-15,80,64,0.33,0.0,0
1930-05-16,79,69,0.01,0.0,0
1930-05-17,79,63,0.71,0.0,0
1930-05-18,79,62,1.23,0.0,0
1930-05-19,79,62,0.00,0.0,0
1930-05-20,80,67,0.00,0.0,0
1930-05-21,83,66,0.00,0.0,0
1930-05-22,83,70,0.00,0.0,0
1930-05-23,75,56,1.83,0.0,0
1930-05-24,73,57,0.00,0.0,0
1930-05-25,73,59,0.00,0.0,0
1930-05-26,78,59,0.00,0.0,0
1930-05-27,82,64,0.00,0.0,0
1930-05-28,81,69,0.00,0.0,0
1930-05-29,85,67,0.00,0.0,0
1930-05-30,78,65,0.00,0.0,0
1930-05-31,76,58,0.00,0.0,0
1930-06-01,82,58,0.00,0.0,0
1930-06-02,83,63,0.00,0.0,0
1930-06-03,84,66,0.00,0.0,0
1930-06-04,88,69,0.00,0.0,0
1930-06-05,90,68,0.02,0.0,0
1930-06-06,82,67,0.00,0.0,0
1930-06-07,83,63,0.00,0.0,0
1930-06-08,84,66,T,0.0,0
1930-06-09,84,64,0.00,0.0,0
1930-06-10,85,67,0.00,0.0,0
1930-06-11,85,64,0.00,0.0,0
1930-06-12,85,68,T,0.0,0
1930-06-13,84,74,0.02,0.0,0
1930-06-14,85,70,T,0.0,0
1930-06-15,84,68,0.15,0.0,0
1930-06-16,88,69,0.11,0.0,0
1930-06-17,92,67,0.00,0.0,0
1930-06-18,95,74,0.00,0.0,0
1930-06-19,93,76,0.00,0.0,0
1930-06-20,94,74,0.00,0.0,0
1930-06-21,95,72,0.00,0.0,0
1930-06-22,95,75,0.00,0.0,0
1930-06-23,95,76,0.00,0.0,0
1930-06-24,96,78,0.00,0.0,0
1930-06-25,100,75,0.00,0.0,0
1930-06-26,100,78,0.00,0.0,0
1930-06-27,100,76,0.00,0.0,0
1930-06-28,102,78,0.00,0.0,0
1930-06-29,96,78,0.00,0.0,0
1930-06-30,95,77,0.00,0.0,0
1930-07-01,98,79,0.00,0.0,0
1930-07-02,91,70,T,0.0,0
1930-07-03,94,73,0.00,0.0,0
1930-07-04,94,73,0.00,0.0,0
1930-07-05,93,72,T,0.0,0
1930-07-06,92,71,0.01,0.0,0
1930-07-07,94,74,T,0.0,0
1930-07-08,94,76,0.00,0.0,0
1930-07-09,93,76,0.00,0.0,0
1930-07-10,95,76,0.00,0.0,0
1930-07-11,97,77,0.00,0.0,0
1930-07-12,99,78,0.00,0.0,0
1930-07-13,103,80,0.00,0.0,0
1930-07-14,93,76,0.00,0.0,0
1930-07-15,91,73,0.00,0.0,0
1930-07-16,93,66,0.00,0.0,0
1930-07-17,96,73,0.00,0.0,0
1930-07-18,94,78,0.00,0.0,0
1930-07-19,95,76,0.00,0.0,0
1930-07-20,95,78,0.00,0.0,0
1930-07-21,96,78,0.00,0.0,0
1930-07-22,95,78,0.00,0.0,0
1930-07-23,94,74,0.00,0.0,0
1930-07-24,95,79,0.00,0.0,0
1930-07-25,97,78,0.00,0.0,0
1930-07-26,98,79,0.00,0.0,0
1930-07-27,100,79,0.00,0.0,0
1930-07-28,99,79,0.00,0.0,0
1930-07-29,102,81,0.00,0.0,0
1930-07-30,103,78,0.00,0.0,0
1930-07-31,99,83,0.00,0.0,0
1930-08-01,99,77,0.00,0.0,0
1930-08-02,101,76,0.00,0.0,0
1930-08-03,100,80,0.00,0.0,0
1930-08-04,94,77,0.00,0.0,0
1930-08-05,89,74,0.02,0.0,0
1930-08-06,93,70,0.00,0.0,0
1930-08-07,96,76,0.00,0.0,0
1930-08-08,97,79,0.00,0.0,0
1930-08-09,94,81,0.00,0.0,0
1930-08-10,98,76,0.00,0.0,0
1930-08-11,100,80,0.00,0.0,0
1930-08-12,102,79,T,0.0,0
1930-08-13,101,77,0.00,0.0,0
1930-08-14,100,79,0.00,0.0,0
1930-08-15,99,80,0.00,0.0,0
1930-08-16,98,80,0.00,0.0,0
1930-08-17,98,78,0.00,0.0,0
1930-08-18,101,80,0.00,0.0,0
1930-08-19,104,82,T,0.0,0
1930-08-20,91,72,0.17,0.0,0
1930-08-21,95,71,0.00,0.0,0
1930-08-22,96,68,0.04,0.0,0
1930-08-23,93,69,0.00,0.0,0
1930-08-24,80,70,0.42,0.0,0
1930-08-25,80,70,0.00,0.0,0
1930-08-26,88,68,0.00,0.0,0
1930-08-27,91,71,0.00,0.0,0
1930-08-28,93,69,0.00,0.0,0
1930-08-29,91,71,0.00,0.0,0
1930-08-30,86,72,0.56,0.0,0
1930-08-31,94,70,0.00,0.0,0
1930-09-01,94,75,0.00,0.0,0
1930-09-02,93,75,0.00,0.0,0
1930-09-03,97,73,0.00,0.0,0
1930-09-04,90,72,0.00,0.0,0
1930-09-05,94,71,0.00,0.0,0
1930-09-06,94,74,0.00,0.0,0
1930-09-07,96,76,0.00,0.0,0
1930-09-08,95,76,0.00,0.0,0
1930-09-09,88,72,0.25,0.0,0
1930-09-10,91,71,0.00,0.0,0
1930-09-11,97,77,0.00,0.0,0
1930-09-12,98,78,0.00,0.0,0
1930-09-13,96,76,0.00,0.0,0
1930-09-14,92,68,0.18,0.0,0
1930-09-15,84,64,0.00,0.0,0
1930-09-16,87,64,0.00,0.0,0
1930-09-17,88,62,0.00,0.0,0
1930-09-18,88,64,0.00,0.0,0
1930-09-19,90,67,0.00,0.0,0
1930-09-20,88,68,0.00,0.0,0
1930-09-21,92,70,0.00,0.0,0
1930-09-22,87,68,0.00,0.0,0
1930-09-23,83,73,0.03,0.0,0
1930-09-24,90,73,0.00,0.0,0
1930-09-25,91,62,0.68,0.0,0
1930-09-26,70,55,0.01,0.0,0
1930-09-27,75,56,0.00,0.0,0
1930-09-28,65,56,0.50,0.0,0
1930-09-29,74,59,0.00,0.0,0
1930-09-30,80,62,0.00,0.0,0
1930-10-01,82,62,0.00,0.0,0
1930-10-02,79,62,0.00,0.0,0
1930-10-03,76,58,0.00,0.0,0
1930-10-04,69,62,0.07,0.0,0
1930-10-05,64,59,0.65,0.0,0
1930-10-06,70,62,2.39,0.0,0
1930-10-07,77,60,0.00,0.0,0
1930-10-08,83,62,0.00,0.0,0
1930-10-09,84,65,0.00,0.0,0
1930-10-10,82,65,0.00,0.0,0
1930-10-11,84,70,0.00,0.0,0
1930-10-12,78,70,0.00,0.0,0
1930-10-13,78,65,0.00,0.0,0
1930-10-14,82,65,0.00,0.0,0
1930-10-15,81,64,0.00,0.0,0
1930-10-16,82,59,0.00,0.0,0
1930-10-17,69,47,0.00,0.0,0
1930-10-18,70,48,0.00,0.0,0
1930-10-19,58,51,0.60,0.0,0
1930-10-20,64,52,0.00,0.0,0
1930-10-21,73,56,0.00,0.0,0
1930-10-22,77,55,T,0.0,0
1930-10-23,68,48,1.37,0.0,0
1930-10-24,62,44,0.00,0.0,0
1930-10-25,64,48,0.00,0.0,0
1930-10-26,75,50,0.00,0.0,0
1930-10-27,68,61,0.00,0.0,0
1930-10-28,69,52,0.04,0.0,0
1930-10-29,64,44,T,0.0,0
1930-10-30,59,44,0.00,0.0,0
1930-10-31,62,41,0.00,0.0,0
1930-11-01,64,41,0.00,0.0,0
1930-11-02,70,52,0.00,0.0,0
1930-11-03,74,45,0.00,0.0,0
1930-11-04,72,48,0.00,0.0,0
1930-11-05,66,47,0.00,0.0,0
1930-11-06,61,40,0.00,0.0,0
1930-11-07,60,38,0.00,0.0,0
1930-11-08,62,44,0.00,0.0,0
1930-11-09,69,52,T,0.0,0
1930-11-10,58,50,0.09,0.0,0
1930-11-11,60,54,T,0.0,0
1930-11-12,67,57,0.00,0.0,0
1930-11-13,65,58,0.00,0.0,0
1930-11-14,79,60,0.32,0.0,0
1930-11-15,79,58,0.32,0.0,0
1930-11-16,69,49,0.00,0.0,0
1930-11-17,77,58,0.00,0.0,0
1930-11-18,76,55,0.00,0.0,0
1930-11-19,77,51,0.36,0.0,0
1930-11-20,61,46,0.00,0.0,0
1930-11-21,56,38,0.00,0.0,0
1930-11-22,53,43,T,0.0,0
1930-11-23,58,39,0.00,0.0,0
1930-11-24,50,38,0.00,0.0,0
1930-11-25,65,38,0.00,0.0,0
1930-11-26,51,36,0.00,0.0,0
1930-11-27,65,38,0.00,0.0,0
1930-11-28,64,44,0.07,0.0,0
1930-11-29,61,52,1.06,0.0,0
1930-11-30,54,42,0.00,0.0,0
1930-12-01,67,39,0.00,0.0,0
1930-12-02,61,42,T,0.0,0
1930-12-03,54,47,0.29,0.0,0
1930-12-04,58,47,1.26,0.0,0
1930-12-05,49,40,T,0.0,0
1930-12-06,44,41,0.00,0.0,0
1930-12-07,55,38,0.00,0.0,0
1930-12-08,64,40,0.00,0.0,0
1930-12-09,60,40,T,0.0,0
1930-12-10,64,50,T,0.0,0
1930-12-11,60,50,0.01,0.0,0
1930-12-12,63,40,0.00,0.0,0
1930-12-13,63,40,0.00,0.0,0
1930-12-14,66,42,T,0.0,0
1930-12-15,44,36,0.00,0.0,0
1930-12-16,37,33,T,T,0
1930-12-17,44,34,0.00,0.0,0
1930-12-18,51,36,0.00,0.0,0
1930-12-19,54,31,0.00,0.0,0
1930-12-20,57,38,0.00,0.0,0
1930-12-21,46,30,0.26,2.4,2
1930-12-22,46,24,0.00,0.0,T
1930-12-23,55,30,0.00,0.0,T
1930-12-24,51,35,0.00,0.0,0
1930-12-25,50,39,0.12,0.0,0
1930-12-26,51,30,0.00,0.0,0
1930-12-27,42,34,T,0.0,0
1930-12-28,50,34,0.00,0.0,0
1930-12-29,54,32,0.00,0.0,0
1930-12-30,46,34,0.00,0.0,0
1930-12-31,55,37,0.01,0.0,0
1931-01-01,51,28,0.00,0.0,0
1931-01-02,60,40,0.00,0.0,0
1931-01-03,66,40,0.00,0.0,0
1931-01-04,57,45,0.07,0.0,0
1931-01-05,57,37,0.00,0.0,0
1931-01-06,59,36,0.00,0.0,0
1931-01-07,63,45,0.00,0.0,0
1931-01-08,58,35,0.00,0.0,0
1931-01-09,47,39,0.02,0.0,0
1931-01-10,49,40,0.21,0.0,0
1931-01-11,47,41,0.31,0.0,0
1931-01-12,50,36,0.00,0.0,0
1931-01-13,55,28,0.00,0.0,0
1931-01-14,41,22,0.00,0.0,0
1931-01-15,47,28,0.00,0.0,0
1931-01-16,49,35,0.13,0.0,0
1931-01-17,52,43,0.17,0.0,0
1931-01-18,51,41,T,0.0,0
1931-01-19,46,29,0.00,0.0,0
1931-01-20,50,32,0.00,0.0,0
1931-01-21,64,38,0.00,0.0,0
1931-01-22,65,38,0.00,0.0,0
1931-01-23,68,44,0.00,0.0,0
1931-01-24,66,46,0.00,0.0,0
1931-01-25,59,50,0.00,0.0,0
1931-01-26,58,47,T,0.0,0
1931-01-27,56,51,0.35,0.0,0
1931-01-28,60,53,0.03,0.0,0
1931-01-29,66,49,0.00,0.0,0
1931-01-30,68,44,0.00,0.0,0
1931-01-31,69,52,0.00,0.0,0
1931-02-01,58,50,0.18,0.0,0
1931-02-02,55,46,0.35,0.0,0
1931-02-03,68,41,0.00,0.0,0
1931-02-04,65,45,0.00,0.0,0
1931-02-05,69,48,0.00,0.0,0
1931-02-06,68,54,T,0.0,0
1931-02-07,65,59,0.32,0.0,0
1931-02-08,62,46,0.41,0.0,0
1931-02-09,52,39,0.00,0.0,0
1931-02-10,55,37,0.00,0.0,0
1931-02-11,59,40,0.00,0.0,0
1931-02-12,59,50,0.13,0.0,0
1931-02-13,62,40,0.06,0.0,0
1931-02-14,50,33,0.00,0.0,0
1931-02-15,45,39,0.15,0.0,0
1931-02-16,69,40,0.03,0.0,0
1931-02-17,52,40,0.00,0.0,0
1931-02-18,63,40,0.00,0.0,0
1931-02-19,68,45,0.00,0.0,0
1931-02-20,70,47,0.00,0.0,0
1931-02-21,66,49,T,0.0,0
1931-02-22,61,52,0.29,0.0,0
1931-02-23,54,45,0.40,0.0,0
1931-02-24,51,45,0.03,0.0,0
1931-02-25,59,40,0.00,0.0,0
1931-02-26,63,42,0.00,0.0,0
1931-02-27,52,46,0.01,0.0,0
1931-02-28,54,46,T,0.0,0
1931-03-01,52,32,1.13,0.5,0
1931-03-02,46,34,0.07,0.0,0
1931-03-03,51,38,0.00,0.0,0
1931-03-04,59,36,0.00,0.0,0
1931-03-05,72,45,0.00,0.0,0
1931-03-06,61,35,0.23,T,0
1931-03-07,46,30,0.00,0.0,0
1931-03-08,47,32,0.00,0.0,0
1931-03-09,55,29,0.00,0.0,0
1931-03-10,65,37,0.00,0.0,0
1931-03-11,70,40,0.00,0.0,0
1931-03-12,75,47,0.00,0.0,0
1931-03-13,66,56,T,0.0,0
1931-03-14,68,57,T,0.0,0
1931-03-15,60,50,T,0.0,0
1931-03-16,62,40,0.00,0.0,0
1931-03-17,70,43,0.00,0.0,0
1931-03-18,74,51,0.00,0.0,0
1931-03-19,70,54,0.57,0.0,0
1931-03-20,60,48,0.01,0.0,0
1931-03-21,59,43,0.00,0.0,0
1931-03-22,66,41,0.00,0.0,0
1931-03-23,73,55,0.00,0.0,0
1931-03-24,64,49,0.00,0.0,0
1931-03-25,63,46,0.00,0.0,0
1931-03-26,56,47,0.45,0.0,0
1931-03-27,48,29,0.46,0.0,0
1931-03-28,46,27,0.00,0.0,0
1931-03-29,56,32,0.00,0.0,0
1931-03-30,58,44,0.37,0.0,0
1931-03-31,49,39,0.00,0.0,0
1931-04-01,65,40,0.00,0.0,0
1931-04-02,82,56,T,0.0,0
1931-04-03,69,49,0.00,0.0,0
1931-04-04,56,42,0.00,0.0,0
1931-04-05,63,37,0.00,0.0,0
1931-04-06,71,48,0.00,0.0,0
1931-04-07,73,50,0.00,0.0,0
1931-04-08,68,53,T,0.0,0
1931-04-09,67,49,0.03,0.0,0
1931-04-10,70,44,0.00,0.0,0
1931-04-11,76,47,0.00,0.0,0
1931-04-12,77,55,0.00,0.0,0
1931-04-13,75,61,T,0.0,0
1931-04-14,78,58,0.00,0.0,0
1931-04-15,78,58,0.00,0.0,0
1931-04-16,81,62,T,0.0,0
1931-04-17,82,62,0.00,0.0,0
1931-04-18,75,63,0.00,0.0,0
1931-04-19,75,60,0.02,0.0,0
1931-04-20,76,45,0.33,0.0,0
1931-04-21,57,44,0.00,0.0,0
1931-04-22,60,37,0.00,0.0,0
1931-04-23,56,49,0.23,0.0,0
1931-04-24,61,49,0.05,0.0,0
1931-04-25,84,57,T,0.0,0
1931-04-26,66,50,0.00,0.0,0
1931-04-27,70,52,0.00,0.0,0
1931-04-28,71,56,T,0.0,0
1931-04-29,64,56,0.74,0.0,0
1931-04-30,71,57,0.10,0.0,0
1931-05-01,74,60,T,0.0,0
1931-05-02,74,56,T,0.0,0
1931-05-03,78,58,T,0.0,0
1931-05-04,78,60,0.18,0.0,0
1931-05-05,70,57,0.44,0.0,0
1931-05-06,57,47,0.04,0.0,0
1931-05-07,69,44,0.00,0.0,0
1931-05-08,76,57,0.00,0.0,0
1931-05-09,72,54,0.00,0.0,0
1931-05-10,74,53,T,0.0,0
1931-05-11,68,55,T,0.0,0
1931-05-12,72,47,0.00,0.0,0
1931-05-13,77,55,0.00,0.0,0
1931-05-14,81,52,0.00,0.0,0
1931-05-15,90,58,0.00,0.0,0
1931-05-16,87,66,0.00,0.0,0
1931-05-17,83,60,0.00,0.0,0
1931-05-18,73,61,0.78,0.0,0
1931-05-19,67,62,0.41,0.0,0
1931-05-20,72,57,0.00,0.0,0
1931-05-21,77,57,0.13,0.0,0
1931-05-22,73,52,0.00,0.0,0
1931-05-23,75,56,0.00,0.0,0
1931-05-24,86,63,0.00,0.0,0
1931-05-25,88,67,0.00,0.0,0
1931-05-26,86,66,0.00,0.0,0
1931-05-27,84,65,0.00,0.0,0
1931-05-28,83,67,0.00,0.0,0
1931-05-29,77,69,T,0.0,0
1931-05-30,74,63,1.03,0.0,0
1931-05-31,75,59,0.00,0.0,0
1931-06-01,81,62,0.00,0.0,0
1931-06-02,88,63,0.00,0.0,0
1931-06-03,87,67,0.00,0.0,0
1931-06-04,88,67,0.00,0.0,0
1931-06-05,90,69,0.00,0.0,0
1931-06-06,92,73,0.00,0.0,0
1931-06-07,91,70,0.00,0.0,0
1931-06-08,85,66,0.00,0.0,0
1931-06-09,88,66,0.34,0.0,0
1931-06-10,87,67,0.07,0.0,0
1931-06-11,87,70,0.01,0.0,0
1931-06-12,94,70,T,0.0,0
1931-06-13,97,70,T,0.0,0
1931-06-14,93,72,0.00,0.0,0
1931-06-15,95,75,0.04,0.0,0
1931-06-16,86,71,T,0.0,0
1931-06-17,86,68,0.48,0.0,0
1931-06-18,89,72,T,0.0,0
1931-06-19,90,74,0.00,0.0,0
1931-06-20,91,74,0.00,0.0,0
1931-06-21,92,74,0.00,0.0,0
1931-06-22,93,78,0.00,0.0,0
1931-06-23,92,73,0.00,0.0,0
1931-06-24,92,75,0.00,0.0,0
1931-06-25,95,77,0.00,0.0,0
1931-06-26,97,79,0.00,0.0,0
1931-06-27,93,77,T,0.0,0
1931-06-28,95,78,T,0.0,0
1931-06-29,93,78,0.00,0.0,0
1931-06-30,94,77,0.00,0.0,0
1931-07-01,98,79,0.00,0.0,0
1931-07-02,100,82,0.00,0.0,0
1931-07-03,100,81,0.00,0.0,0
1931-07-04,98,82,0.00,0.0,0
1931-07-05,90,76,0.00,0.0,0
1931-07-06,95,73,T,0.0,0
1931-07-07,98,76,T,0.0,0
1931-07-08,97,68,T,0.0,0
1931-07-09,90,70,0.00,0.0,0
1931-07-10,94,75,0.00,0.0,0
1931-07-11,94,74,0.00,0.0,0
1931-07-12,96,75,0.00,0.0,0
1931-07-13,95,73,0.00,0.0,0
1931-07-14,90,70,T,0.0,0
1931-07-15,84,73,0.60,0.0,0
1931-07-16,88,72,0.07,0.0,0
1931-07-17,88,74,0.88,0.0,0
1931-07-18,87,73,0.06,0.0,0
1931-07-19,90,73,T,0.0,0
1931-07-20,93,75,0.00,0.0,0
1931-07-21,92,78,T,0.0,0
1931-07-22,95,78,0.00,0.0,0
1931-07-23,95,78,0.00,0.0,0
1931-07-24,95,78,0.00,0.0,0
1931-07-25,95,79,0.00,0.0,0
1931-07-26,96,77,0.00,0.0,0
1931-07-27,98,78,0.00,0.0,0
1931-07-28,97,78,0.00,0.0,0
1931-07-29,94,76,T,0.0,0
1931-07-30,91,71,0.00,0.0,0
1931-07-31,94,74,0.00,0.0,0
1931-08-01,94,75,0.00,0.0,0
1931-08-02,92,77,0.00,0.0,0
1931-08-03,95,75,0.00,0.0,0
1931-08-04,95,76,0.00,0.0,0
1931-08-05,96,76,0.00,0.0,0
1931-08-06,96,78,0.00,0.0,0
1931-08-07,97,77,0.00,0.0,0
1931-08-08,96,78,0.00,0.0,0
1931-08-09,98,76,0.00,0.0,0
1931-08-10,88,76,0.00,0.0,0
1931-08-11,85,68,0.00,0.0,0
1931-08-12,88,66,0.00,0.0,0
1931-08-13,92,67,0.00,0.0,0
1931-08-14,92,68,0.00,0.0,0
1931-08-15,82,66,0.00,0.0,0
1931-08-16,84,66,0.03,0.0,0
1931-08-17,89,68,T,0.0,0
1931-08-18,86,67,0.95,0.0,0
1931-08-19,88,69,0.09,0.0,0
1931-08-20,92,71,0.00,0.0,0
1931-08-21,90,73,0.00,0.0,0
1931-08-22,89,71,0.00,0.0,0
1931-08-23,88,69,0.00,0.0,0
1931-08-24,89,68,0.00,0.0,0
1931-08-25,91,70,0.00,0.0,0
1931-08-26,97,74,0.00,0.0,0
1931-08-27,95,77,0.00,0.0,0
1931-08-28,94,72,T,0.0,0
1931-08-29,86,67,0.16,0.0,0
1931-08-30,92,69,0.00,0.0,0
1931-08-31,91,73,0.00,0.0,0
1931-09-01,93,76,T,0.0,0
1931-09-02,95,77,T,0.0,0
1931-09-03,96,73,0.00,0.0,0
1931-09-04,98,77,0.00,0.0,0
1931-09-05,100,77,0.00,0.0,0
1931-09-06,98,74,0.00,0.0,0
1931-09-07,94,72,0.00,0.0,0
1931-09-08,94,74,0.00,0.0,0
1931-09-09,98,77,0.00,0.0,0
1931-09-10,92,70,0.02,0.0,0
1931-09-11,82,64,2.74,0.0,0
1931-09-12,90,70,0.00,0.0,0
1931-09-13,94,69,0.00,0.0,0
1931-09-14,94,74,0.00,0.0,0
1931-09-15,92,74,0.00,0.0,0
1931-09-16,94,75,0.00,0.0,0
1931-09-17,94,74,0.00,0.0,0
1931-09-18,92,76,T,0.0,0
1931-09-19,91,69,0.00,0.0,0
1931-09-20,94,76,0.00,0.0,0
1931-09-21,93,74,0.00,0.0,0
1931-09-22,93,74,0.00,0.0,0
1931-09-23,94,74,0.00,0.0,0
1931-09-24,94,76,0.00,0.0,0
1931-09-25,98,79,T,0.0,0
1931-09-26,85,69,T,0.0,0
1931-09-27,81,62,T,0.0,0
1931-09-28,83,60,0.00,0.0,0
1931-09-29,83,60,0.00,0.0,0
1931-09-30,83,58,0.00,0.0,0
1931-10-01,85,63,0.00,0.0,0
1931-10-02,87,65,0.00,0.0,0
1931-10-03,87,65,0.00,0.0,0
1931-10-04,89,67,0.00,0.0,0
1931-10-05,89,69,0.00,0.0,0
1931-10-06,90,71,0.00,0.0,0
1931-10-07,90,68,0.00,0.0,0
1931-10-08,90,69,0.00,0.0,0
1931-10-09,92,65,0.00,0.0,0
1931-10-10,91,71,0.00,0.0,0
1931-10-11,90,72,0.05,0.0,0
1931-10-12,79,71,0.16,0.0,0
1931-10-13,78,70,0.18,0.0,0
1931-10-14,84,67,0.04,0.0,0
1931-10-15,78,64,0.05,0.0,0
1931-10-16,76,57,0.00,0.0,0
1931-10-17,73,53,0.00,0.0,0
1931-10-18,75,53,0.00,0.0,0
1931-10-19,77,53,0.00,0.0,0
1931-10-20,80,56,0.00,0.0,0
1931-10-21,80,65,0.01,0.0,0
1931-10-22,84,62,1.65,0.0,0
1931-10-23,80,62,0.12,0.0,0
1931-10-24,87,68,0.00,0.0,0
1931-10-25,85,69,0.00,0.0,0
1931-10-26,83,68,0.00,0.0,0
1931-10-27,76,58,T,0.0,0
1931-10-28,72,50,0.00,0.0,0
1931-10-29,68,49,0.00,0.0,0
1931-10-30,63,45,0.00,0.0,0
1931-10-31,59,42,0.00,0.0,0
1931-11-01,67,43,0.00,0.0,0
1931-11-02,77,52,0.00,0.0,0
1931-11-03,80,60,0.00,0.0,0
1931-11-04,81,60,0.00,0.0,0
1931-11-05,75,55,0.00,0.0,0
1931-11-06,75,54,0.00,0.0,0
1931-11-07,81,56,0.00,0.0,0
1931-11-08,78,59,0.00,0.0,0
1931-11-09,78,58,0.00,0.0,0
1931-11-10,80,65,0.00,0.0,0
1931-11-11,77,64,0.02,0.0,0
1931-11-12,75,68,0.02,0.0,0
1931-11-13,79,65,0.01,0.0,0
1931-11-14,74,62,0.05,0.0,0
1931-11-15,79,60,T,0.0,0
1931-11-16,76,65,0.01,0.0,0
1931-11-17,72,57,0.26,0.0,0
1931-11-18,73,53,0.00,0.0,0
1931-11-19,68,53,0.00,0.0,0
1931-11-20,69,47,0.00,0.0,0
1931-11-21,69,46,T,0.0,0
1931-11-22,76,68,T,0.0,0
1931-11-23,78,48,0.50,0.0,0
1931-11-24,51,40,0.13,0.0,0
1931-11-25,49,39,0.00,0.0,0
1931-11-26,46,42,0.17,0.0,0
1931-11-27,48,44,0.00,0.0,0
1931-11-28,49,44,0.31,0.0,0
1931-11-29,52,47,0.65,0.0,0
1931-11-30,47,38,0.25,0.0,0
1931-12-01,50,38,0.59,0.0,0
1931-12-02,44,38,0.03,0.0,0
1931-12-03,54,40,0.00,0.0,0
1931-12-04,62,40,0.00,0.0,0
1931-12-05,64,40,0.00,0.0,0
1931-12-06,52,42,0.00,0.0,0
1931-12-07,47,41,0.25,0.0,0
1931-12-08,47,40,0.06,0.0,0
1931-12-09,61,40,0.00,0.0,0
1931-12-10,70,52,0.03,0.0,0
1931-12-11,69,59,0.00,0.0,0
1931-12-12,68,55,0.03,0.0,0
1931-12-13,68,37,0.21,0.0,0
1931-12-14,48,32,0.00,0.0,0
1931-12-15,52,33,0.01,0.0,0
1931-12-16,46,40,0.88,0.0,0
1931-12-17,44,39,0.02,0.0,0
1931-12-18,44,36,0.08,0.0,0
1931-12-19,52,40,0.41,0.0,0
1931-12-20,52,42,0.20,0.0,0
1931-12-21,56,44,0.01,0.0,0
1931-12-22,66,44,0.00,0.0,0
1931-12-23,73,61,T,0.0,0
1931-12-24,66,46,0.00,0.0,0
1931-12-25,63,47,0.00,0.0,0
1931-12-26,62,42,0.00,0.0,0
1931-12-27,67,50,0.00,0.0,0
1931-12-28,71,47,0.00,0.0,0
1931-12-29,72,57,0.00,0.0,0
1931-12-30,65,45,T,0.0,0
1931-12-31,45,40,0.00,0.0,0
1932-01-01,48,39,0.00,0.0,0
1932-01-02,54,35,0.00,0.0,0
1932-01-03,48,44,0.86,0.0,0
1932-01-04,47,44,1.34,0.0,0
1932-01-05,50,39,0.01,0.0,0
1932-01-06,49,32,0.00,0.0,0
1932-01-07,52,35,0.00,0.0,0
1932-01-08,52,30,0.00,0.0,0
1932-01-09,49,30,0.00,0.0,0
1932-01-10,59,38,0.00,0.0,0
1932-01-11,53,45,1.40,0.0,0
1932-01-12,60,43,0.00,0.0,0
1932-01-13,70,48,0.00,0.0,0
1932-01-14,75,64,0.00,0.0,0
1932-01-15,68,40,0.37,0.0,0
1932-01-16,50,39,0.92,0.0,0
1932-01-17,64,44,0.00,0.0,0
1932-01-18,57,40,0.00,0.0,0
1932-01-19,59,40,0.00,0.0,0
1932-01-20,67,48,T,0.0,0
1932-01-21,68,47,0.28,0.0,0
1932-01-22,47,40,1.95,0.0,0
1932-01-23,43,34,T,0.0,0
1932-01-24,40,32,T,0.0,T
1932-01-25,40,38,0.35,0.0,0
1932-01-26,60,36,0.00,0.0,0
1932-01-27,66,45,0.00,0.0,0
1932-01-28,73,53,0.00,0.0,0
1932-01-29,63,33,0.05,0.2,T
1932-01-30,50,28,0.00,0.0,T
1932-01-31,55,36,0.00,0.0,0
1932-02-01,49,43,0.12,0.0,0
1932-02-02,71,47,0.01,0.0,0
1932-02-03,72,36,T,0.0,0
1932-02-04,45,27,0.00,0.0,0
1932-02-05,58,35,0.00,0.0,0
1932-02-06,75,47,0.00,0.0,0
1932-02-07,82,47,0.00,0.0,0
1932-02-08,70,48,0.00,0.0,0
1932-02-09,80,54,0.00,0.0,0
1932-02-10,77,67,T,0.0,0
1932-02-11,72,55,0.09,0.0,0
1932-02-12,69,48,0.00,0.0,0
1932-02-13,62,50,0.03,0.0,0
1932-02-14,58,46,0.86,0.0,0
1932-02-15,52,46,0.05,0.0,0
1932-02-16,67,50,1.00,0.0,0
1932-02-17,64,37,T,0.0,0
1932-02-18,47,41,0.68,0.0,0
1932-02-19,52,46,0.01,0.0,0
1932-02-20,50,45,0.08,0.0,0
1932-02-21,53,46,0.03,0.0,0
1932-02-22,51,46,0.46,0.0,0
1932-02-23,60,44,0.00,0.0,0
1932-02-24,65,47,0.00,0.0,0
1932-02-25,71,53,0.00,0.0,0
1932-02-26,75,51,0.00,0.0,0
1932-02-27,81,50,0.00,0.0,0
1932-02-28,85,55,0.00,0.0,0
1932-02-29,79,60,0.00,0.0,0
1932-03-01,74,60,T,0.0,0
1932-03-02,68,52,0.21,0.0,0
1932-03-03,72,49,T,0.0,0
1932-03-04,74,36,0.77,0.0,0
1932-03-05,39,26,0.00,0.0,0
1932-03-06,53,30,0.00,0.0,0
1932-03-07,46,30,T,0.0,0
1932-03-08,33,24,T,0.0,0
1932-03-09,33,20,0.00,0.0,0
1932-03-10,30,20,0.02,0.2,T
1932-03-11,35,22,0.02,0.2,T
1932-03-12,37,24,0.00,0.0,0
1932-03-13,57,25,0.00,0.0,0
1932-03-14,67,37,0.00,0.0,0
1932-03-15,73,44,0.00,0.0,0
1932-03-16,82,58,T,0.0,0
1932-03-17,66,47,0.00,0.0,0
1932-03-18,80,48,0.00,0.0,0
1932-03-19,83,49,0.00,0.0,0
1932-03-20,89,61,0.00,0.0,0
1932-03-21,72,40,0.00,0.0,0
1932-03-22,59,35,0.00,0.0,0
1932-03-23,66,48,0.00,0.0,0
1932-03-24,75,46,0.00,0.0,0
1932-03-25,83,54,0.00,0.0,0
1932-03-26,79,59,0.00,0.0,0
1932-03-27,67,47,0.08,0.0,0
1932-03-28,72,45,0.00,0.0,0
1932-03-29,67,49,0.02,0.0,0
1932-03-30,72,50,0.06,0.0,0
1932-03-31,71,42,0.00,0.0,0
1932-04-01,82,57,0.00,0.0,0
1932-04-02,80,57,0.00,0.0,0
1932-04-03,77,56,0.00,0.0,0
1932-04-04,80,60,0.00,0.0,0
1932-04-05,80,61,0.00,0.0,0
1932-04-06,73,65,T,0.0,0
1932-04-07,72,57,T,0.0,0
1932-04-08,75,45,0.00,0.0,0
1932-04-09,77,53,0.01,0.0,0
1932-04-10,57,45,0.00,0.0,0
1932-04-11,65,41,0.00,0.0,0
1932-04-12,80,44,0.00,0.0,0
1932-04-13,86,57,0.00,0.0,0
1932-04-14,85,57,0.00,0.0,0
1932-04-15,76,61,0.00,0.0,0
1932-04-16,79,59,0.00,0.0,0
1932-04-17,83,61,0.00,0.0,0
1932-04-18,81,62,0.54,0.0,0
1932-04-19,81,61,0.01,0.0,0
1932-04-20,82,65,0.00,0.0,0
1932-04-21,76,67,T,0.0,0
1932-04-22,74,68,0.01,0.0,0
1932-04-23,73,63,0.49,0.0,0
1932-04-24,82,61,0.00,0.0,0
1932-04-25,80,57,0.00,0.0,0
1932-04-26,81,62,0.00,0.0,0
1932-04-27,67,56,0.00,0.0,0
1932-04-28,59,49,1.32,0.0,0
1932-04-29,70,58,0.07,0.0,0
1932-04-30,79,60,0.00,0.0,0
1932-05-01,78,61,0.00,0.0,0
1932-05-02,82,60,0.00,0.0,0
1932-05-03,82,62,0.00,0.0,0
1932-05-04,77,60,0.00,0.0,0
1932-05-05,77,63,T,0.0,0
1932-05-06,77,66,T,0.0,0
1932-05-07,76,59,1.10,0.0,0
1932-05-08,75,65,0.67,0.0,0
1932-05-09,83,65,0.00,0.0,0
1932-05-10,76,66,T,0.0,0
1932-05-11,74,58,0.00,0.0,0
1932-05-12,77,58,0.00,0.0,0
1932-05-13,84,61,0.00,0.0,0
1932-05-14,84,66,0.13,0.0,0
1932-05-15,75,62,0.90,0.0,0
1932-05-16,70,58,0.13,0.0,0
1932-05-17,75,57,0.00,0.0,0
1932-05-18,79,63,0.00,0.0,0
1932-05-19,81,61,0.00,0.0,0
1932-05-20,83,62,0.00,0.0,0
1932-05-21,78,67,T,0.0,0
1932-05-22,86,65,0.00,0.0,0
1932-05-23,86,69,0.00,0.0,0
1932-05-24,85,68,0.00,0.0,0
1932-05-25,87,69,0.00,0.0,0
1932-05-26,93,64,0.31,0.0,0
1932-05-27,85,66,T,0.0,0
1932-05-28,83,69,1.30,0.0,0
1932-05-29,73,63,0.22,0.0,0
1932-05-30,83,60,0.00,0.0,0
1932-05-31,85,69,0.00,0.0,0
1932-06-01,83,71,0.02,0.0,0
1932-06-02,84,71,T,0.0,0
1932-06-03,85,70,T,0.0,0
1932-06-04,86,71,T,0.0,0
1932-06-05,87,68,0.00,0.0,0
1932-06-06,89,68,0.00,0.0,0
1932-06-07,92,72,0.00,0.0,0
1932-06-08,95,65,0.13,0.0,0
1932-06-09,86,65,0.25,0.0,0
1932-06-10,89,68,0.00,0.0,0
1932-06-11,88,63,0.26,0.0,0
1932-06-12,85,64,0.00,0.0,0
1932-06-13,91,69,T,0.0,0
1932-06-14,90,72,0.00,0.0,0
1932-06-15,96,72,0.00,0.0,0
1932-06-16,95,75,0.00,0.0,0
1932-06-17,95,76,0.00,0.0,0
1932-06-18,95,76,0.00,0.0,0
1932-06-19,94,76,0.00,0.0,0
1932-06-20,94,73,0.00,0.0,0
1932-06-21,90,67,0.02,0.0,0
1932-06-22,93,74,0.00,0.0,0
1932-06-23,91,68,1.08,0.0,0
1932-06-24,82,72,T,0.0,0
1932-06-25,89,72,0.52,0.0,0
1932-06-26,90,76,0.00,0.0,0
1932-06-27,90,69,0.39,0.0,0
1932-06-28,89,76,0.00,0.0,0
1932-06-29,92,76,0.00,0.0,0
1932-06-30,92,77,0.00,0.0,0
1932-07-01,86,74,0.32,0.0,0
1932-07-02,80,73,0.08,0.0,0
1932-07-03,86,75,0.18,0.0,0
1932-07-04,91,76,0.00,0.0,0
1932-07-05,93,76,T,0.0,0
1932-07-06,89,70,0.99,0.0,0
1932-07-07,91,76,0.00,0.0,0
1932-07-08,93,78,0.00,0.0,0
1932-07-09,95,77,0.00,0.0,0
1932-07-10,93,74,0.00,0.0,0
1932-07-11,92,76,0.00,0.0,0
1932-07-12,91,76,0.00,0.0,0
1932-07-13,94,76,0.00,0.0,0
1932-07-14,95,79,0.00,0.0,0
1932-07-15,96,81,0.00,0.0,0
1932-07-16,100,78,0.00,0.0,0
1932-07-17,99,74,0.00,0.0,0
1932-07-18,98,80,0.00,0.0,0
1932-07-19,86,74,0.14,0.0,0
1932-07-20,85,71,0.24,0.0,0
1932-07-21,91,75,0.00,0.0,0
1932-07-22,94,74,0.00,0.0,0
1932-07-23,95,78,0.00,0.0,0
1932-07-24,94,74,0.00,0.0,0
1932-07-25,95,74,0.00,0.0,0
1932-07-26,95,77,0.00,0.0,0
1932-07-27,96,79,0.00,0.0,0
1932-07-28,98,81,0.00,0.0,0
1932-07-29,100,81,0.00,0.0,0
1932-07-30,100,82,0.00,0.0,0
1932-07-31,99,80,0.00,0.0,0
1932-08-01,98,81,0.00,0.0,0
1932-08-02,100,79,0.00,0.0,0
1932-08-03,100,76,0.09,0.0,0
1932-08-04,96,79,0.00,0.0,0
1932-08-05,97,76,0.00,0.0,0
1932-08-06,99,77,0.00,0.0,0
1932-08-07,98,79,0.02,0.0,0
1932-08-08,93,76,0.01,0.0,0
1932-08-09,90,77,T,0.0,0
1932-08-10,96,80,T,0.0,0
1932-08-11,95,78,0.00,0.0,0
1932-08-12,96,75,0.00,0.0,0
1932-08-13,94,78,0.00,0.0,0
1932-08-14,83,75,T,0.0,0
1932-08-15,92,77,0.00,0.0,0
1932-08-16,95,75,0.00,0.0,0
1932-08-17,97,75,0.53,0.0,0
1932-08-18,85,73,0.87,0.0,0
1932-08-19,87,71,0.34,0.0,0
1932-08-20,85,73,0.00,0.0,0
1932-08-21,86,69,0.00,0.0,0
1932-08-22,90,71,0.00,0.0,0
1932-08-23,91,75,0.00,0.0,0
1932-08-24,89,73,0.00,0.0,0
1932-08-25,91,73,0.00,0.0,0
1932-08-26,90,75,0.02,0.0,0
1932-08-27,91,76,0.00,0.0,0
1932-08-28,89,75,T,0.0,0
1932-08-29,93,76,0.00,0.0,0
1932-08-30,92,75,0.00,0.0,0
1932-08-31,91,75,0.00,0.0,0
1932-09-01,89,75,0.02,0.0,0
1932-09-02,93,70,0.00,0.0,0
1932-09-03,89,73,1.72,0.0,0
1932-09-04,78,71,0.69,0.0,0
1932-09-05,79,71,3.49,0.0,0
1932-09-06,85,69,0.28,0.0,0
1932-09-07,80,70,T,0.0,0
1932-09-08,78,68,T,0.0,0
1932-09-09,76,66,0.00,0.0,0
1932-09-10,82,61,0.00,0.0,0
1932-09-11,86,67,0.00,0.0,0
1932-09-12,87,71,0.00,0.0,0
1932-09-13,88,70,0.00,0.0,0
1932-09-14,90,71,0.00,0.0,0
1932-09-15,93,70,T,0.0,0
1932-09-16,91,68,0.00,0.0,0
1932-09-17,93,73,0.00,0.0,0
1932-09-18,88,71,0.00,0.0,0
1932-09-19,83,66,0.00,0.0,0
1932-09-20,91,68,0.00,0.0,0
1932-09-21,89,72,0.00,0.0,0
1932-09-22,82,68,0.00,0.0,0
1932-09-23,78,70,0.00,0.0,0
1932-09-24,73,67,T,0.0,0
1932-09-25,71,59,0.36,0.0,0
1932-09-26,79,65,0.06,0.0,0
1932-09-27,85,65,0.00,0.0,0
1932-09-28,74,63,0.00,0.0,0
1932-09-29,75,63,T,0.0,0
1932-09-30,77,64,0.00,0.0,0
1932-10-01,81,64,0.00,0.0,0
1932-10-02,73,62,0.74,0.0,0
1932-10-03,85,64,0.05,0.0,0
1932-10-04,65,52,0.04,0.0,0
1932-10-05,61,44,0.00,0.0,0
1932-10-06,72,47,0.00,0.0,0
1932-10-07,76,50,0.00,0.0,0
1932-10-08,78,53,0.00,0.0,0
1932-10-09,80,59,0.00,0.0,0
1932-10-10,69,50,T,0.0,0
1932-10-11,67,41,0.00,0.0,0
1932-10-12,74,50,0.00,0.0,0
1932-10-13,80,55,0.00,0.0,0
1932-10-14,79,59,0.00,0.0,0
1932-10-15,79,56,0.00,0.0,0
1932-10-16,83,52,0.00,0.0,0
1932-10-17,87,59,0.00,0.0,0
1932-10-18,87,62,0.00,0.0,0
1932-10-19,80,64,0.00,0.0,0
1932-10-20,69,56,0.00,0.0,0
1932-10-21,74,47,0.00,0.0,0
1932-10-22,82,54,0.00,0.0,0
1932-10-23,84,62,0.00,0.0,0
1932-10-24,83,64,0.00,0.0,0
1932-10-25,74,45,0.11,0.0,0
1932-10-26,66,40,0.00,0.0,0
1932-10-27,75,44,0.00,0.0,0
1932-10-28,76,51,0.00,0.0,0
1932-10-29,64,51,0.00,0.0,0
1932-10-30,74,50,0.00,0.0,0
1932-10-31,71,49,0.65,0.0,0
1932-11-01,61,40,0.00,0.0,0
1932-11-02,63,44,0.00,0.0,0
1932-11-03,64,48,T,0.0,0
1932-11-04,72,54,0.05,0.0,0
1932-11-05,65,53,0.00,0.0,0
1932-11-06,71,47,0.00,0.0,0
1932-11-07,82,50,0.00,0.0,0
1932-11-08,60,47,0.00,0.0,0
1932-11-09,72,42,0.00,0.0,0
1932-11-10,59,45,0.00,0.0,0
1932-11-11,49,36,0.00,0.0,0
1932-11-12,61,34,0.00,0.0,0
1932-11-13,67,44,0.00,0.0,0
1932-11-14,73,50,0.00,0.0,0
1932-11-15,66,30,0.00,0.0,0
1932-11-16,47,22,0.00,0.0,0
1932-11-17,46,36,T,T,0
1932-11-18,53,29,0.00,0.0,0
1932-11-19,66,36,0.00,0.0,0
1932-11-20,77,49,0.00,0.0,0
1932-11-21,71,47,0.00,0.0,0
1932-11-22,73,50,0.00,0.0,0
1932-11-23,61,43,0.26,0.0,0
1932-11-24,50,32,0.00,0.0,0
1932-11-25,62,35,0.00,0.0,0
1932-11-26,55,38,0.00,0.0,0
1932-11-27,57,35,0.00,0.0,0
1932-11-28,55,35,0.00,0.0,0
1932-11-29,63,38,0.00,0.0,0
1932-11-30,67,43,0.00,0.0,0
1932-12-01,70,42,0.00,0.0,0
1932-12-02,71,49,0.00,0.0,0
1932-12-03,73,59,0.00,0.0,0
1932-12-04,66,50,0.00,0.0,0
1932-12-05,73,51,0.00,0.0,0
1932-12-06,79,41,0.00,0.0,0
1932-12-07,45,30,0.00,0.0,0
1932-12-08,49,30,0.00,0.0,0
1932-12-09,44,29,0.42,0.0,T
1932-12-10,34,28,T,0.0,T
1932-12-11,36,24,0.26,0.0,T
1932-12-12,24,18,0.04,0.1,T
1932-12-13,27,22,T,0.0,T
1932-12-14,34,26,T,T,T
1932-12-15,34,26,0.79,1.1,1
1932-12-16,26,16,0.06,0.6,1
1932-12-17,36,12,0.00,0.0,1
1932-12-18,33,22,0.00,0.0,1
1932-12-19,38,28,0.00,0.0,T
1932-12-20,50,31,T,0.0,T
1932-12-21,56,48,T,0.0,0
1932-12-22,64,50,0.58,0.0,0
1932-12-23,71,48,0.99,0.0,0
1932-12-24,67,47,0.02,0.0,0
1932-12-25,59,45,0.00,0.0,0
1932-12-26,49,38,0.00,0.0,0
1932-12-27,58,34,0.00,0.0,0
1932-12-28,60,38,0.00,0.0,0
1932-12-29,47,40,0.48,0.0,0
1932-12-30,47,39,0.34,0.0,0
1932-12-31,44,30,0.00,0.0,0
1933-01-01,47,29,0.00,0.0,0
1933-01-02,58,32,0.00,0.0,0
1933-01-03,66,49,0.00,0.0,0
1933-01-04,62,49,T,0.0,0
1933-01-05,61,43,0.00,0.0,0
1933-01-06,67,47,0.02,0.0,0
1933-01-07,60,42,1.41,0.0,0
1933-01-08,54,42,0.03,0.0,0
1933-01-09,63,39,0.00,0.0,0
1933-01-10,64,45,0.00,0.0,0
1933-01-11,55,36,0.00,0.0,0
1933-01-12,49,28,0.00,0.0,0
1933-01-13,57,32,0.00,0.0,0
1933-01-14,63,37,0.00,0.0,0
1933-01-15,59,39,T,0.0,0
1933-01-16,70,57,T,0.0,0
1933-01-17,68,64,0.06,0.0,0
1933-01-18,71,60,0.11,0.0,0
1933-01-19,70,53,0.00,0.0,0
1933-01-20,72,59,0.22,0.0,0
1933-01-21,70,60,0.15,0.0,0
1933-01-22,65,50,0.00,0.0,0
1933-01-23,70,48,0.00,0.0,0
1933-01-24,73,51,0.00,0.0,0
1933-01-25,66,42,0.00,0.0,0
1933-01-26,67,47,0.00,0.0,0
1933-01-27,55,37,0.00,0.0,0
1933-01-28,48,42,0.01,0.0,0
1933-01-29,53,42,0.02,0.0,0
1933-01-30,58,51,T,0.0,0
1933-01-31,66,52,0.64,0.0,0
1933-02-01,65,42,0.00,0.0,0
1933-02-02,60,40,0.00,0.0,0
1933-02-03,47,42,0.14,0.0,0
1933-02-04,55,35,0.00,0.0,0
1933-02-05,54,43,0.00,0.0,0
1933-02-06,55,48,0.03,0.0,0
1933-02-07,55,5,0.38,1.8,T
1933-02-08,18,2,0.05,0.5,2
1933-02-09,31,11,0.00,0.0,T
1933-02-10,31,23,T,T,T
1933-02-11,35,16,0.00,0.0,T
1933-02-12,54,25,0.00,0.0,0
1933-02-13,69,49,T,0.0,0
1933-02-14,62,36,0.01,0.0,0
1933-02-15,41,30,0.00,0.0,0
1933-02-16,66,34,0.00,0.0,0
1933-02-17,67,45,0.00,0.0,0
1933-02-18,59,36,0.00,0.0,0
1933-02-19,58,48,0.00,0.0,0
1933-02-20,64,35,0.00,0.0,0
1933-02-21,65,43,0.00,0.0,0
1933-02-22,73,46,0.00,0.0,0
1933-02-23,79,44,0.00,0.0,0
1933-02-24,77,63,T,0.0,0
1933-02-25,67,46,0.41,0.0,0
1933-02-26,49,42,0.35,0.0,0
1933-02-27,44,40,1.25,0.0,0
1933-02-28,57,39,0.00,0.0,0
1933-03-01,61,38,0.00,0.0,0
1933-03-02,66,47,0.00,0.0,0
1933-03-03,68,45,0.00,0.0,0
1933-03-04,66,50,0.00,0.0,0
1933-03-05,60,39,1.12,0.0,0
1933-03-06,45,37,T,0.0,0
1933-03-07,57,36,0.00,0.0,0
1933-03-08,72,44,0.00,0.0,0
1933-03-09,65,46,0.00,0.0,0
1933-03-10,55,40,0.00,0.0,0
1933-03-11,66,52,0.01,0.0,0
1933-03-12,73,54,0.02,0.0,0
1933-03-13,88,66,0.00,0.0,0
1933-03-14,70,49,0.00,0.0,0
1933-03-15,60,42,0.00,0.0,0
1933-03-16,65,45,0.00,0.0,0
1933-03-17,79,60,0.03,0.0,0
1933-03-18,79,57,0.53,0.0,0
1933-03-19,63,37,0.00,0.0,0
1933-03-20,47,30,0.00,0.0,0
1933-03-21,75,41,0.00,0.0,0
1933-03-22,80,55,0.00,0.0,0
1933-03-23,70,43,0.00,0.0,0
1933-03-24,73,57,0.07,0.0,0
1933-03-25,66,49,0.00,0.0,0
1933-03-26,65,51,T,0.0,0
1933-03-27,68,55,0.00,0.0,0
1933-03-28,77,63,0.00,0.0,0
1933-03-29,75,62,0.01,0.0,0
1933-03-30,70,60,1.07,0.0,0
1933-03-31,74,57,T,0.0,0
1933-04-01,81,58,0.00,0.0,0
1933-04-02,71,48,0.00,0.0,0
1933-04-03,68,54,0.00,0.0,0
1933-04-04,81,55,0.05,0.0,0
1933-04-05,64,50,T,0.0,0
1933-04-06,65,43,0.00,0.0,0
1933-04-07,77,49,0.00,0.0,0
1933-04-08,75,57,0.00,0.0,0
1933-04-09,90,65,0.28,0.0,0
1933-04-10,80,56,T,0.0,0
1933-04-11,66,48,0.00,0.0,0
1933-04-12,60,49,T,0.0,0
1933-04-13,65,41,T,0.0,0
1933-04-14,51,39,0.04,0.0,0
1933-04-15,66,38,0.00,0.0,0
1933-04-16,75,44,0.00,0.0,0
1933-04-17,84,52,0.00,0.0,0
1933-04-18,75,64,0.00,0.0,0
1933-04-19,77,68,0.10,0.0,0
1933-04-20,78,55,0.03,0.0,0
1933-04-21,83,56,0.00,0.0,0
1933-04-22,81,61,0.00,0.0,0
1933-04-23,74,57,0.45,0.0,0
1933-04-24,81,58,0.00,0.0,0
1933-04-25,77,59,3.42,0.0,T
1933-04-26,84,60,0.00,0.0,0
1933-04-27,70,58,T,0.0,0
1933-04-28,89,60,0.00,0.0,0
1933-04-29,84,69,0.01,0.0,0
1933-04-30,89,67,0.00,0.0,0
1933-05-01,82,63,T,0.0,0
1933-05-02,78,54,0.00,0.0,0
1933-05-03,71,56,0.41,0.0,0
1933-05-04,75,57,0.15,0.0,0
1933-05-05,77,56,0.00,0.0,0
1933-05-06,87,64,0.00,0.0,0
1933-05-07,84,71,0.00,0.0,0
1933-05-08,92,64,0.00,0.0,0
1933-05-09,92,74,0.00,0.0,0
1933-05-10,87,75,0.00,0.0,0
1933-05-11,88,75,0.00,0.0,0
1933-05-12,88,77,T,0.0,0
1933-05-13,86,66,T,0.0,0
1933-05-14,67,57,1.35,0.0,0
1933-05-15,72,56,2.23,0.0,0
1933-05-16,80,63,T,0.0,0
1933-05-17,87,68,0.00,0.0,0
1933-05-18,90,71,0.00,0.0,0
1933-05-19,90,71,0.00,0.0,0
1933-05-20,88,70,0.00,0.0,0
1933-05-21,84,67,0.13,0.0,0
1933-05-22,87,72,0.00,0.0,0
1933-05-23,90,74,0.00,0.0,0
1933-05-24,81,65,0.31,0.0,0
1933-05-25,71,63,1.72,0.0,0
1933-05-26,82,65,0.00,0.0,0
1933-05-27,85,72,0.00,0.0,0
1933-05-28,89,69,0.00,0.0,0
1933-05-29,80,63,0.35,0.0,0
1933-05-30,86,64,0.00,0.0,0
1933-05-31,86,69,0.00,0.0,0
1933-06-01,83,67,0.00,0.0,0
1933-06-02,85,67,0.00,0.0,0
1933-06-03,89,69,0.00,0.0,0
1933-06-04,88,70,0.00,0.0,0
1933-06-05,91,71,0.00,0.0,0
1933-06-06,90,71,0.00,0.0,0
1933-06-07,88,70,0.00,0.0,0
1933-06-08,93,68,0.00,0.0,0
1933-06-09,90,72,0.00,0.0,0
1933-06-10,95,76,0.00,0.0,0
1933-06-11,91,70,T,0.0,0
1933-06-12,84,70,T,0.0,0
1933-06-13,81,69,0.00,0.0,0
1933-06-14,79,65,0.00,0.0,0
1933-06-15,77,63,0.00,0.0,0
1933-06-16,83,62,0.00,0.0,0
1933-06-17,84,64,0.00,0.0,0
1933-06-18,86,66,0.00,0.0,0
1933-06-19,91,73,0.00,0.0,0
1933-06-20,94,73,0.00,0.0,0
1933-06-21,97,74,0.00,0.0,0
1933-06-22,99,77,0.00,0.0,0
1933-06-23,100,78,0.00,0.0,0
1933-06-24,101,76,0.00,0.0,0
1933-06-25,101,79,0.00,0.0,0
1933-06-26,95,79,0.00,0.0,0
1933-06-27,94,77,0.00,0.0,0
1933-06-28,95,77,0.00,0.0,0
1933-06-29,95,78,0.00,0.0,0
1933-06-30,95,77,0.00,0.0,0
1933-07-01,96,77,0.00,0.0,0
1933-07-02,98,79,0.00,0.0,0
1933-07-03,99,80,0.00,0.0,0
1933-07-04,100,71,0.11,0.0,0
1933-07-05,96,78,T,0.0,0
1933-07-06,91,76,0.00,0.0,0
1933-07-07,93,76,0.00,0.0,0
1933-07-08,94,76,0.00,0.0,0
1933-07-09,98,78,0.00,0.0,0
1933-07-10,100,81,0.00,0.0,0
1933-07-11,104,84,0.00,0.0,0
1933-07-12,97,84,T,0.0,0
1933-07-13,99,78,0.00,0.0,0
1933-07-14,100,78,0.00,0.0,0
1933-07-15,94,73,0.01,0.0,0
1933-07-16,90,72,0.00,0.0,0
1933-07-17,92,76,0.00,0.0,0
1933-07-18,92,74,T,0.0,0
1933-07-19,88,72,0.12,0.0,0
1933-07-20,94,74,0.00,0.0,0
1933-07-21,94,76,0.00,0.0,0
1933-07-22,87,74,T,0.0,0
1933-07-23,81,74,0.98,0.0,0
1933-07-24,85,73,0.03,0.0,0
1933-07-25,85,71,T,0.0,0
1933-07-26,87,69,0.00,0.0,0
1933-07-27,88,69,0.00,0.0,0
1933-07-28,89,70,0.00,0.0,0
1933-07-29,82,69,T,0.0,0
1933-07-30,77,72,2.24,0.0,0
1933-07-31,89,75,0.00,0.0,0
1933-08-01,89,73,0.00,0.0,0
1933-08-02,92,76,0.00,0.0,0
1933-08-03,94,77,0.01,0.0,0
1933-08-04,93,76,0.00,0.0,0
1933-08-05,93,75,0.00,0.0,0
1933-08-06,95,78,0.00,0.0,0
1933-08-07,96,76,0.00,0.0,0
1933-08-08,95,77,T,0.0,0
1933-08-09,96,77,0.00,0.0,0
1933-08-10,95,78,0.00,0.0,0
1933-08-11,95,75,0.00,0.0,0
1933-08-12,96,73,0.09,0.0,0
1933-08-13,92,73,T,0.0,0
1933-08-14,97,74,0.00,0.0,0
1933-08-15,86,69,0.46,0.0,0
1933-08-16,88,72,0.00,0.0,0
1933-08-17,93,74,0.00,0.0,0
1933-08-18,94,73,0.00,0.0,0
1933-08-19,93,73,0.00,0.0,0
1933-08-20,92,76,0.00,0.0,0
1933-08-21,92,76,0.00,0.0,0
1933-08-22,96,75,0.00,0.0,0
1933-08-23,92,78,T,0.0,0
1933-08-24,90,70,0.08,0.0,0
1933-08-25,93,75,0.00,0.0,0
1933-08-26,87,72,0.54,0.0,0
1933-08-27,94,74,0.00,0.0,0
1933-08-28,90,76,0.00,0.0,0
1933-08-29,85,72,0.00,0.0,0
1933-08-30,84,69,0.00,0.0,0
1933-08-31,92,69,T,0.0,0
1933-09-01,91,73,T,0.0,0
1933-09-02,92,74,0.00,0.0,0
1933-09-03,96,77,T,0.0,0
1933-09-04,93,75,0.00,0.0,0
1933-09-05,93,74,0.00,0.0,0
1933-09-06,95,77,T,0.0,0
1933-09-07,94,74,0.00,0.0,0
1933-09-08,94,73,0.00,0.0,0
1933-09-09,92,74,T,0.0,0
1933-09-10,88,73,0.01,0.0,0
1933-09-11,78,68,1.42,0.0,0
1933-09-12,88,74,T,0.0,0
1933-09-13,90,74,0.00,0.0,0
1933-09-14,87,72,0.09,0.0,0
1933-09-15,91,73,0.00,0.0,0
1933-09-16,94,75,0.00,0.0,0
1933-09-17,95,77,0.00,0.0,0
1933-09-18,95,74,0.00,0.0,0
1933-09-19,96,77,0.00,0.0,0
1933-09-20,90,74,0.00,0.0,0
1933-09-21,91,70,0.00,0.0,0
1933-09-22,94,75,0.00,0.0,0
1933-09-23,92,74,0.00,0.0,0
1933-09-24,85,70,0.02,0.0,0
1933-09-25,83,71,0.30,0.0,0
1933-09-26,85,74,T,0.0,0
1933-09-27,88,73,T,0.0,0
1933-09-28,91,72,0.00,0.0,0
1933-09-29,92,72,0.00,0.0,0
1933-09-30,89,74,0.00,0.0,0
1933-10-01,87,72,T,0.0,0
1933-10-02,79,63,0.00,0.0,0
1933-10-03,79,58,0.00,0.0,0
1933-10-04,79,58,0.00,0.0,0
1933-10-05,81,54,0.00,0.0,0
1933-10-06,86,55,0.00,0.0,0
1933-10-07,85,60,0.00,0.0,0
1933-10-08,70,52,0.00,0.0,0
1933-10-09,74,47,0.00,0.0,0
1933-10-10,83,55,0.00,0.0,0
1933-10-11,85,66,T,0.0,0
1933-10-12,87,66,0.02,0.0,0
1933-10-13,73,62,0.52,0.0,0
1933-10-14,76,62,T,0.0,0
1933-10-15,88,66,0.01,0.0,0
1933-10-16,76,56,0.00,0.0,0
1933-10-17,80,52,0.00,0.0,0
1933-10-18,79,61,0.00,0.0,0
1933-10-19,85,62,0.00,0.0,0
1933-10-20,84,66,0.00,0.0,0
1933-10-21,84,68,0.00,0.0,0
1933-10-22,80,63,0.01,0.0,0
1933-10-23,75,59,0.00,0.0,0
1933-10-24,83,59,0.00,0.0,0
1933-10-25,71,56,0.00,0.0,0
1933-10-26,74,50,0.04,0.0,0
1933-10-27,74,54,0.00,0.0,0
1933-10-28,77,54,0.00,0.0,0
1933-10-29,79,58,0.00,0.0,0
1933-10-30,81,62,0.00,0.0,0
1933-10-31,79,62,0.00,0.0,0
1933-11-01,77,64,0.00,0.0,0
1933-11-02,68,47,0.04,0.0,0
1933-11-03,50,46,0.57,0.0,0
1933-11-04,54,46,0.00,0.0,0
1933-11-05,53,46,0.00,0.0,0
1933-11-06,47,43,0.03,0.0,0
1933-11-07,52,44,0.00,0.0,0
1933-11-08,59,37,0.00,0.0,0
1933-11-09,68,47,0.00,0.0,0
1933-11-10,69,42,0.00,0.0,0
1933-11-11,74,56,T,0.0,0
1933-11-12,78,51,0.00,0.0,0
1933-11-13,65,50,0.00,0.0,0
1933-11-14,80,51,0.00,0.0,0
1933-11-15,67,49,0.00,0.0,0
1933-11-16,64,44,0.00,0.0,0
1933-11-17,79,54,T,0.0,0
1933-11-18,69,48,0.00,0.0,0
1933-11-19,75,42,0.00,0.0,0
1933-11-20,77,58,0.00,0.0,0
1933-11-21,68,49,0.00,0.0,0
1933-11-22,70,47,0.00,0.0,0
1933-11-23,77,47,0.00,0.0,0
1933-11-24,63,42,0.00,0.0,0
1933-11-25,68,43,0.00,0.0,0
1933-11-26,66,40,0.00,0.0,0
1933-11-27,74,45,0.00,0.0,0
1933-11-28,78,55,0.00,0.0,0
1933-11-29,78,65,0.15,0.0,0
1933-11-30,76,61,T,0.0,0
1933-12-01,76,61,T,0.0,0
1933-12-02,76,59,1.15,0.0,0
1933-12-03,74,47,0.00,0.0,0
1933-12-04,72,50,0.00,0.0,0
1933-12-05,76,47,0.05,0.0,0
1933-12-06,53,39,0.00,0.0,0
1933-12-07,64,38,0.00,0.0,0
1933-12-08,62,42,0.00,0.0,0
1933-12-09,63,35,0.00,0.0,0
1933-12-10,79,49,0.00,0.0,0
1933-12-11,72,44,0.00,0.0,0
1933-12-12,57,35,0.00,0.0,0
1933-12-13,80,44,0.00,0.0,0
1933-12-14,78,61,0.00,0.0,0
1933-12-15,71,58,T,0.0,0
1933-12-16,76,55,T,0.0,0
1933-12-17,69,46,0.09,0.0,0
1933-12-18,46,35,0.01,0.0,0
1933-12-19,59,37,0.00,0.0,0
1933-12-20,71,40,0.00,0.0,0
1933-12-21,71,36,0.00,0.0,0
1933-12-22,75,45,0.00,0.0,0
1933-12-23,75,54,0.00,0.0,0
1933-12-24,65,41,0.00,0.0,0
1933-12-25,51,36,0.00,0.0,0
1933-12-26,44,27,0.00,0.0,0
1933-12-27,40,25,0.00,0.0,0
1933-12-28,40,35,0.21,0.0,0
1933-12-29,41,35,1.02,0.0,0
1933-12-30,48,41,1.08,0.0,0
1933-12-31,65,42,0.00,0.0,0
1934-01-01,62,38,0.00,0.0,0
1934-01-02,59,35,0.23,0.0,0
1934-01-03,48,36,0.67,0.0,0
1934-01-04,46,34,0.00,0.0,0
1934-01-05,58,38,0.00,0.0,0
1934-01-06,57,44,0.02,0.0,0
1934-01-07,44,32,T,0.0,0
1934-01-08,44,25,0.00,0.0,0
1934-01-09,58,33,0.00,0.0,0
1934-01-10,51,32,0.00,0.0,0
1934-01-11,45,38,0.01,0.0,0
1934-01-12,56,42,T,0.0,0
1934-01-13,63,41,0.00,0.0,0
1934-01-14,62,34,0.00,0.0,0
1934-01-15,68,46,0.00,0.0,0
1934-01-16,58,45,T,0.0,0
1934-01-17,50,44,T,0.0,0
1934-01-18,56,45,0.08,0.0,0
1934-01-19,56,50,0.02,0.0,0
1934-01-20,56,50,T,0.0,0
1934-01-21,60,44,0.00,0.0,0
1934-01-22,72,53,0.00,0.0,0
1934-01-23,70,49,0.00,0.0,0
1934-01-24,73,57,T,0.0,0
1934-01-25,60,44,0.00,0.0,0
1934-01-26,52,41,0.01,0.0,0
1934-01-27,69,45,T,0.0,0
1934-01-28,70,42,0.00,0.0,0
1934-01-29,42,27,0.00,0.0,0
1934-01-30,39,22,0.00,0.0,0
1934-01-31,38,32,0.24,0.0,0
1934-02-01,62,36,0.00,0.0,0
1934-02-02,76,50,0.00,0.0,0
1934-02-03,76,52,0.00,0.0,0
1934-02-04,69,47,0.00,0.0,0
1934-02-05,60,41,0.00,0.0,0
1934-02-06,63,38,0.00,0.0,0
1934-02-07,62,46,0.00,0.0,0
1934-02-08,58,46,1.14,0.0,0
1934-02-09,50,35,0.11,0.0,0
1934-02-10,39,32,T,0.0,0
1934-02-11,43,36,0.33,T,0
1934-02-12,61,36,0.00,0.0,0
1934-02-13,66,39,0.00,0.0,0
1934-02-14,72,51,0.00,0.0,0
1934-02-15,69,48,0.00,0.0,0
1934-02-16,69,44,0.00,0.0,0
1934-02-17,69,50,0.00,0.0,0
1934-02-18,62,32,0.16,0.0,0
1934-02-19,37,23,0.00,0.0,0
1934-02-20,55,30,0.00,0.0,0
1934-02-21,76,48,0.00,0.0,0
1934-02-22,50,36,0.00,0.0,0
1934-02-23,51,33,0.00,0.0,0
1934-02-24,63,47,T,0.0,0
1934-02-25,64,25,0.06,0.0,0
1934-02-26,32,20,0.00,0.0,0
1934-02-27,40,20,0.01,0.1,T
1934-02-28,37,33,0.04,0.0,0
1934-03-01,47,36,1.30,0.0,0
1934-03-02,54,41,0.01,0.0,0
1934-03-03,69,46,0.22,0.0,0
1934-03-04,65,45,0.00,0.0,0
1934-03-05,67,54,0.00,0.0,0
1934-03-06,76,54,T,0.0,0
1934-03-07,78,40,0.00,0.0,0
1934-03-08,51,32,0.02,T,0
1934-03-09,58,37,0.00,0.0,0
1934-03-10,47,27,0.00,0.0,0
1934-03-11,66,41,0.00,0.0,0
1934-03-12,71,47,0.00,0.0,0
1934-03-13,77,55,0.00,0.0,0
1934-03-14,65,44,T,0.0,0
1934-03-15,71,50,0.00,0.0,0
1934-03-16,78,55,0.00,0.0,0
1934-03-17,75,30,T,0.0,0
1934-03-18,43,27,0.10,0.7,T
1934-03-19,68,32,0.00,0.0,T
1934-03-20,80,45,0.00,0.0,0
1934-03-21,81,56,0.00,0.0,0
1934-03-22,88,58,0.00,0.0,0
1934-03-23,74,54,0.00,0.0,0
1934-03-24,54,37,0.52,0.0,0
1934-03-25,42,38,0.94,0.0,0
1934-03-26,48,41,T,0.0,0
1934-03-27,55,35,0.00,0.0,0
1934-03-28,62,42,0.00,0.0,0
1934-03-29,69,47,0.00,0.0,0
1934-03-30,76,47,0.00,0.0,0
1934-03-31,72,39,0.00,0.0,0
1934-04-01,79,59,0.00,0.0,0
1934-04-02,81,63,0.00,0.0,0
1934-04-03,80,69,T,0.0,0
1934-04-04,78,62,1.99,0.0,0
1934-04-05,73,60,0.80,0.0,0
1934-04-06,69,57,0.00,0.0,0
1934-04-07,63,54,T,0.0,0
1934-04-08,75,54,0.00,0.0,0
1934-04-09,78,59,0.00,0.0,0
1934-04-10,84,67,0.00,0.0,0
1934-04-11,81,62,0.00,0.0,0
1934-04-12,63,50,0.00,0.0,0
1934-04-13,71,49,0.00,0.0,0
1934-04-14,70,53,0.00,0.0,0
1934-04-15,76,60,0.12,0.0,0
1934-04-16,64,53,0.22,0.0,0
1934-04-17,75,60,0.14,0.0,0
1934-04-18,74,63,0.05,0.0,0
1934-04-19,72,60,0.20,0.0,0
1934-04-20,64,51,T,0.0,0
1934-04-21,75,48,0.00,0.0,0
1934-04-22,82,60,T,0.0,0
1934-04-23,89,60,0.00,0.0,0
1934-04-24,77,67,T,0.0,0
1934-04-25,72,61,0.03,0.0,0
1934-04-26,84,63,0.00,0.0,0
1934-04-27,71,56,T,0.0,0
1934-04-28,69,51,0.00,0.0,0
1934-04-29,75,54,0.00,0.0,0
1934-04-30,77,58,0.00,0.0,0
1934-05-01,76,59,0.00,0.0,0
1934-05-02,71,62,0.38,0.0,0
1934-05-03,76,64,0.06,0.0,0
1934-05-04,86,68,0.06,0.0,0
1934-05-05,81,62,0.00,0.0,0
1934-05-06,82,61,0.00,0.0,0
1934-05-07,87,64,0.00,0.0,0
1934-05-08,84,69,0.00,0.0,0
1934-05-09,83,67,0.00,0.0,0
1934-05-10,82,65,0.09,0.0,0
1934-05-11,83,64,0.00,0.0,0
1934-05-12,85,64,0.00,0.0,0
1934-05-13,86,65,0.00,0.0,0
1934-05-14,75,57,T,0.0,0
1934-05-15,70,56,0.00,0.0,0
1934-05-16,80,53,0.00,0.0,0
1934-05-17,84,62,0.00,0.0,0
1934-05-18,86,63,0.00,0.0,0
1934-05-19,86,68,0.00,0.0,0
1934-05-20,85,66,0.00,0.0,0
1934-05-21,89,66,0.00,0.0,0
1934-05-22,85,70,T,0.0,0
1934-05-23,89,70,T,0.0,0
1934-05-24,74,64,0.37,0.0,0
1934-05-25,77,65,0.00,0.0,0
1934-05-26,77,60,0.00,0.0,0
1934-05-27,78,61,0.00,0.0,0
1934-05-28,86,63,0.00,0.0,0
1934-05-29,94,65,0.00,0.0,0
1934-05-30,93,69,0.00,0.0,0
1934-05-31,94,71,0.00,0.0,0
1934-06-01,91,69,0.00,0.0,0
1934-06-02,89,69,0.00,0.0,0
1934-06-03,88,67,0.10,0.0,0
1934-06-04,90,72,T,0.0,0
1934-06-05,92,74,0.00,0.0,0
1934-06-06,93,76,0.00,0.0,0
1934-06-07,92,75,0.00,0.0,0
1934-06-08,93,75,0.00,0.0,0
1934-06-09,92,74,0.00,0.0,0
1934-06-10,94,75,0.00,0.0,0
1934-06-11,89,74,0.00,0.0,0
1934-06-12,90,68,T,0.0,0
1934-06-13,94,74,0.00,0.0,0
1934-06-14,96,75,0.00,0.0,0
1934-06-15,96,75,0.00,0.0,0
1934-06-16,94,75,0.00,0.0,0
1934-06-17,97,72,T,0.0,0
1934-06-18,93,76,0.00,0.0,0
1934-06-19,100,72,0.00,0.0,0
1934-06-20,95,77,0.00,0.0,0
1934-06-21,97,77,0.00,0.0,0
1934-06-22,98,77,0.00,0.0,0
1934-06-23,95,78,0.00,0.0,0
1934-06-24,92,76,0.00,0.0,0
1934-06-25,92,75,0.00,0.0,0
1934-06-26,93,76,0.00,0.0,0
1934-06-27,94,75,0.00,0.0,0
1934-06-28,95,76,0.00,0.0,0
1934-06-29,95,76,0.00,0.0,0
1934-06-30,95,79,0.00,0.0,0
1934-07-01,95,80,T,0.0,0
1934-07-02,98,74,0.01,0.0,0
1934-07-03,98,77,0.00,0.0,0
1934-07-04,96,79,0.00,0.0,0
1934-07-05,96,78,0.00,0.0,0
1934-07-06,88,77,T,0.0,0
1934-07-07,96,73,0.00,0.0,0
1934-07-08,96,76,0.00,0.0,0
1934-07-09,94,75,0.00,0.0,0
1934-07-10,93,74,0.00,0.0,0
1934-07-11,94,76,0.00,0.0,0
1934-07-12,96,75,0.00,0.0,0
1934-07-13,99,80,0.00,0.0,0
1934-07-14,98,79,0.00,0.0,0
1934-07-15,99,79,0.00,0.0,0
1934-07-16,98,76,0.00,0.0,0
1934-07-17,100,80,0.00,0.0,0
1934-07-18,101,81,0.00,0.0,0
1934-07-19,101,82,0.00,0.0,0
1934-07-20,96,80,0.00,0.0,0
1934-07-21,94,77,0.00,0.0,0
1934-07-22,94,76,0.00,0.0,0
1934-07-23,98,78,0.00,0.0,0
1934-07-24,103,79,0.00,0.0,0
1934-07-25,93,79,0.00,0.0,0
1934-07-26,96,77,0.00,0.0,0
1934-07-27,101,80,T,0.0,0
1934-07-28,97,79,T,0.0,0
1934-07-29,98,75,0.00,0.0,0
1934-07-30,99,77,T,0.0,0
1934-07-31,99,81,0.00,0.0,0
1934-08-01,97,78,0.00,0.0,0
1934-08-02,96,78,0.00,0.0,0
1934-08-03,96,77,T,0.0,0
1934-08-04,99,76,0.00,0.0,0
1934-08-05,97,79,0.00,0.0,0
1934-08-06,96,80,0.00,0.0,0
1934-08-07,98,80,0.00,0.0,0
1934-08-08,99,81,0.00,0.0,0
1934-08-09,100,82,0.00,0.0,0
1934-08-10,97,77,0.00,0.0,0
1934-08-11,97,77,0.00,0.0,0
1934-08-12,101,81,0.00,0.0,0
1934-08-13,101,83,0.00,0.0,0
1934-08-14,103,81,T,0.0,0
1934-08-15,97,79,0.00,0.0,0
1934-08-16,95,80,0.00,0.0,0
1934-08-17,96,80,0.00,0.0,0
1934-08-18,99,81,0.00,0.0,0
1934-08-19,99,80,0.00,0.0,0
1934-08-20,99,81,0.00,0.0,0
1934-08-21,100,81,0.00,0.0,0
1934-08-22,98,79,0.00,0.0,0
1934-08-23,98,78,0.00,0.0,0
1934-08-24,97,79,T,0.0,0
1934-08-25,95,74,T,0.0,0
1934-08-26,93,70,0.18,0.0,0
1934-08-27,93,75,0.05,0.0,0
1934-08-28,93,74,0.01,0.0,0
1934-08-29,93,73,0.00,0.0,0
1934-08-30,93,73,0.00,0.0,0
1934-08-31,93,73,0.00,0.0,0
1934-09-01,93,77,0.00,0.0,0
1934-09-02,95,77,0.00,0.0,0
1934-09-03,86,63,1.10,0.0,0
1934-09-04,88,60,0.00,0.0,0
1934-09-05,92,63,0.00,0.0,0
1934-09-06,78,68,0.00,0.0,0
1934-09-07,80,61,0.00,0.0,0
1934-09-08,85,62,0.00,0.0,0
1934-09-09,87,70,0.00,0.0,0
1934-09-10,89,72,0.00,0.0,0
1934-09-11,89,71,0.00,0.0,0
1934-09-12,91,72,0.00,0.0,0
1934-09-13,90,68,T,0.0,0
1934-09-14,73,65,4.46,0.0,0
1934-09-15,70,60,0.00,0.0,0
1934-09-16,77,54,0.00,0.0,0
1934-09-17,86,60,0.00,0.0,0
1934-09-18,91,66,0.00,0.0,0
1934-09-19,91,72,0.00,0.0,0
1934-09-20,91,71,0.16,0.0,0
1934-09-21,73,54,0.08,0.0,0
1934-09-22,84,60,0.00,0.0,0
1934-09-23,88,72,0.00,0.0,0
1934-09-24,88,73,0.00,0.0,0
1934-09-25,86,69,0.00,0.0,0
1934-09-26,90,60,0.00,0.0,0
1934-09-27,85,56,0.00,0.0,0
1934-09-28,85,74,0.27,0.0,0
1934-09-29,89,67,0.00,0.0,0
1934-09-30,79,59,0.00,0.0,0
1934-10-01,74,56,0.00,0.0,0
1934-10-02,75,56,0.00,0.0,0
1934-10-03,79,57,0.00,0.0,0
1934-10-04,83,61,0.00,0.0,0
1934-10-05,83,61,0.00,0.0,0
1934-10-06,86,64,0.00,0.0,0
1934-10-07,82,60,0.00,0.0,0
1934-10-08,83,59,0.00,0.0,0
1934-10-09,88,64,0.00,0.0,0
1934-10-10,85,63,0.00,0.0,0
1934-10-11,86,60,0.00,0.0,0
1934-10-12,88,59,0.00,0.0,0
1934-10-13,81,64,0.09,0.0,0
1934-10-14,81,63,0.00,0.0,0
1934-10-15,83,64,0.00,0.0,0
1934-10-16,85,67,0.00,0.0,0
1934-10-17,84,71,0.00,0.0,0
1934-10-18,81,70,0.00,0.0,0
1934-10-19,86,69,0.00,0.0,0
1934-10-20,90,68,0.00,0.0,0
1934-10-21,88,54,0.00,0.0,0
1934-10-22,88,65,0.00,0.0,0
1934-10-23,85,70,0.00,0.0,0
1934-10-24,83,61,0.00,0.0,0
1934-10-25,84,53,0.00,0.0,0
1934-10-26,87,57,0.00,0.0,0
1934-10-27,86,58,0.00,0.0,0
1934-10-28,69,49,0.00,0.0,0
1934-10-29,79,51,0.00,0.0,0
1934-10-30,85,62,0.00,0.0,0
1934-10-31,86,68,0.00,0.0,0
1934-11-01,72,51,0.00,0.0,0
1934-11-02,84,55,1.04,0.0,0
1934-11-03,69,57,0.00,0.0,0
1934-11-04,76,52,0.00,0.0,0
1934-11-05,73,57,0.00,0.0,0
1934-11-06,79,53,0.00,0.0,0
1934-11-07,83,57,0.00,0.0,0
1934-11-08,85,60,0.00,0.0,0
1934-11-09,82,61,0.00,0.0,0
1934-11-10,84,60,0.00,0.0,0
1934-11-11,68,51,0.00,0.0,0
1934-11-12,68,48,0.00,0.0,0
1934-11-13,74,53,0.00,0.0,0
1934-11-14,71,59,0.53,0.0,0
1934-11-15,62,51,0.89,0.0,0
1934-11-16,66,54,0.00,0.0,0
1934-11-17,72,58,T,0.0,0
1934-11-18,78,67,T,0.0,0
1934-11-19,69,57,1.39,0.0,0
1934-11-20,69,55,0.51,0.0,0
1934-11-21,64,44,0.12,0.0,0
1934-11-22,52,41,T,0.0,0
1934-11-23,59,39,0.00,0.0,0
1934-11-24,60,39,0.00,0.0,0
1934-11-25,66,50,0.03,0.0,0
1934-11-26,62,43,0.00,0.0,0
1934-11-27,59,46,0.00,0.0,0
1934-11-28,52,34,0.00,0.0,0
1934-11-29,43,40,0.50,0.0,0
1934-11-30,43,37,0.00,0.0,0
1934-12-01,57,33,0.00,0.0,0
1934-12-02,56,42,T,0.0,0
1934-12-03,53,33,0.00,0.0,0
1934-12-04,55,33,0.00,0.0,0
1934-12-05,53,38,0.00,0.0,0
1934-12-06,55,43,T,0.0,0
1934-12-07,51,30,0.00,0.0,0
1934-12-08,56,30,0.00,0.0,0
1934-12-09,65,37,0.00,0.0,0
1934-12-10,42,29,0.00,0.0,0
1934-12-11,43,22,0.00,0.0,0
1934-12-12,60,28,0.00,0.0,0
1934-12-13,62,37,0.00,0.0,0
1934-12-14,62,38,T,0.0,0
1934-12-15,69,45,0.00,0.0,0
1934-12-16,63,53,0.64,0.0,0
1934-12-17,53,46,0.05,0.0,0
1934-12-18,65,43,0.08,0.0,0
1934-12-19,56,35,0.00,0.0,0
1934-12-20,59,41,0.00,0.0,0
1934-12-21,59,41,0.00,0.0,0
1934-12-22,61,39,0.00,0.0,0
1934-12-23,65,45,0.00,0.0,0
1934-12-24,63,50,T,0.0,0
1934-12-25,74,50,0.00,0.0,0
1934-12-26,50,35,0.00,0.0,0
1934-12-27,52,40,T,0.0,0
1934-12-28,58,47,T,0.0,0
1934-12-29,77,43,T,0.0,0
1934-12-30,48,37,0.00,0.0,0
1934-12-31,51,43,0.11,0.0,0
1935-01-01,46,34,0.00,0.0,0
1935-01-02,55,32,0.00,0.0,0
1935-01-03,56,38,0.00,0.0,0
1935-01-04,55,30,0.00,0.0,0
1935-01-05,65,39,0.00,0.0,0
1935-01-06,60,49,T,0.0,0
1935-01-07,62,49,0.44,0.0,0
1935-01-08,58,47,0.00,0.0,0
1935-01-09,74,44,0.00,0.0,0
1935-01-10,75,54,0.00,0.0,0
1935-01-11,65,46,0.00,0.0,0
1935-01-12,71,50,0.00,0.0,0
1935-01-13,62,44,0.00,0.0,0
1935-01-14,58,41,0.00,0.0,0
1935-01-15,70,54,0.00,0.0,0
1935-01-16,80,63,0.00,0.0,0
1935-01-17,68,53,T,0.0,0
1935-01-18,57,50,1.14,0.0,0
1935-01-19,60,55,1.32,0.0,0
1935-01-20,64,19,0.43,T,T
1935-01-21,19,8,T,T,0
1935-01-22,35,11,0.00,0.0,0
1935-01-23,44,27,0.00,0.0,0
1935-01-24,38,24,0.00,0.0,0
1935-01-25,60,31,0.00,0.0,0
1935-01-26,72,44,0.00,0.0,0
1935-01-27,55,33,0.00,0.0,0
1935-01-28,58,33,0.00,0.0,0
1935-01-29,58,47,0.00,0.0,0
1935-01-30,56,44,0.00,0.0,0
1935-01-31,62,42,0.00,0.0,0
1935-02-01,63,40,0.00,0.0,0
1935-02-02,60,38,0.00,0.0,0
1935-02-03,69,42,0.00,0.0,0
1935-02-04,65,38,0.00,0.0,0
1935-02-05,75,48,0.00,0.0,0
1935-02-06,64,39,0.28,0.0,0
1935-02-07,63,53,0.39,0.0,0
1935-02-08,58,49,0.82,0.0,0
1935-02-09,51,39,0.00,0.0,0
1935-02-10,44,37,0.07,0.0,0
1935-02-11,48,40,0.05,0.0,0
1935-02-12,47,43,0.31,0.0,0
1935-02-13,51,44,T,0.0,0
1935-02-14,68,45,0.00,0.0,0
1935-02-15,63,44,0.03,0.0,0
1935-02-16,45,38,T,0.0,0
1935-02-17,53,29,0.00,0.0,0
1935-02-18,69,39,0.00,0.0,0
1935-02-19,63,46,0.00,0.0,0
1935-02-20,70,44,0.00,0.0,0
1935-02-21,76,54,0.00,0.0,0
1935-02-22,62,50,0.00,0.0,0
1935-02-23,63,40,0.00,0.0,0
1935-02-24,76,40,0.19,0.0,0
1935-02-25,40,22,0.02,0.2,T
1935-02-26,38,23,0.00,0.0,T
1935-02-27,45,27,0.00,0.0,T
1935-02-28,65,32,0.00,0.0,0
1935-03-01,70,42,0.00,0.0,0
1935-03-02,74,54,0.00,0.0,0
1935-03-03,67,58,T,0.0,0
1935-03-04,73,55,0.21,0.0,0
1935-03-05,78,56,0.02,0.0,0
1935-03-06,70,40,0.00,0.0,0
1935-03-07,54,30,0.00,0.0,0
1935-03-08,57,43,T,0.0,0
1935-03-09,57,46,0.17,0.0,0
1935-03-10,73,57,T,0.0,0
1935-03-11,69,37,0.07,0.0,0
1935-03-12,60,37,0.06,0.0,0
1935-03-13,72,50,0.00,0.0,0
1935-03-14,80,53,0.00,0.0,0
1935-03-15,75,54,0.00,0.0,0
1935-03-16,69,51,0.00,0.0,0
1935-03-17,57,38,T,0.0,0
1935-03-18,66,50,0.00,0.0,0
1935-03-19,84,61,T,0.0,0
1935-03-20,81,61,0.21,0.0,0
1935-03-21,83,64,0.00,0.0,0
1935-03-22,83,70,0.00,0.0,0
1935-03-23,82,67,0.00,0.0,0
1935-03-24,82,64,0.00,0.0,0
1935-03-25,84,66,0.00,0.0,0
1935-03-26,82,64,T,0.0,0
1935-03-27,72,51,0.00,0.0,0
1935-03-28,63,47,0.00,0.0,0
1935-03-29,72,51,T,0.0,0
1935-03-30,81,60,T,0.0,0
1935-03-31,68,48,0.00,0.0,0
1935-04-01,91,52,T,0.0,0
1935-04-02,76,53,T,0.0,0
1935-04-03,65,46,0.00,0.0,0
1935-04-04,82,46,0.00,0.0,0
1935-04-05,82,62,0.03,0.0,0
1935-04-06,79,56,0.00,0.0,0
1935-04-07,61,43,0.00,0.0,0
1935-04-08,64,43,0.00,0.0,0
1935-04-09,61,55,T,0.0,0
1935-04-10,78,61,0.57,0.0,0
1935-04-11,64,50,0.00,0.0,0
1935-04-12,63,45,0.00,0.0,0
1935-04-13,72,44,0.00,0.0,0
1935-04-14,81,54,0.00,0.0,0
1935-04-15,70,51,0.00,0.0,0
1935-04-16,71,50,0.00,0.0,0
1935-04-17,77,64,0.02,0.0,0
1935-04-18,78,61,0.10,0.0,0
1935-04-19,66,57,0.04,0.0,0
1935-04-20,59,55,0.13,0.0,0
1935-04-21,69,54,T,0.0,0
1935-04-22,73,56,0.00,0.0,0
1935-04-23,75,58,0.00,0.0,0
1935-04-24,81,64,0.00,0.0,0
1935-04-25,72,56,0.97,0.0,0
1935-04-26,71,57,T,0.0,0
1935-04-27,76,59,0.00,0.0,0
1935-04-28,72,61,0.05,0.0,0
1935-04-29,70,58,T,0.0,0
1935-04-30,74,53,0.00,0.0,0
1935-05-01,78,68,T,0.0,0
1935-05-02,74,61,0.21,0.0,0
1935-05-03,65,51,0.25,0.0,0
1935-05-04,54,48,3.13,0.0,0
1935-05-05,54,45,0.10,0.0,0
1935-05-06,73,48,0.00,0.0,0
1935-05-07,79,57,0.00,0.0,0
1935-05-08,81,61,0.00,0.0,0
1935-05-09,81,63,T,0.0,0
1935-05-10,81,68,T,0.0,0
1935-05-11,82,66,T,0.0,0
1935-05-12,83,68,0.00,0.0,0
1935-05-13,83,63,0.18,0.0,0
1935-05-14,77,60,0.67,0.0,0
1935-05-15,70,60,0.97,0.0,0
1935-05-16,66,59,T,0.0,0
1935-05-17,70,58,0.03,0.0,0
1935-05-18,76,61,0.92,0.0,0
1935-05-19,70,64,0.19,0.0,0
1935-05-20,76,62,T,0.0,0
1935-05-21,72,59,0.00,0.0,0
1935-05-22,80,60,T,0.0,0
1935-05-23,78,58,0.00,0.0,0
1935-05-24,71,54,0.00,0.0,0
1935-05-25,75,58,0.00,0.0,0
1935-05-26,82,63,0.00,0.0,0
1935-05-27,84,66,0.00,0.0,0
1935-05-28,86,73,0.00,0.0,0
1935-05-29,76,66,0.03,0.0,0
1935-05-30,86,67,0.00,0.0,0
1935-05-31,84,70,0.16,0.0,0
1935-06-01,83,68,0.38,0.0,0
1935-06-02,88,73,T,0.0,0
1935-06-03,80,64,0.84,0.0,0
1935-06-04,79,65,0.00,0.0,0
1935-06-05,83,62,0.00,0.0,0
1935-06-06,87,68,0.00,0.0,0
1935-06-07,79,66,0.00,0.0,0
1935-06-08,87,61,0.00,0.0,0
1935-06-09,90,73,0.00,0.0,0
1935-06-10,92,74,0.00,0.0,0
1935-06-11,86,73,0.03,0.0,0
1935-06-12,86,71,0.01,0.0,0
1935-06-13,77,71,0.19,0.0,0
1935-06-14,79,71,1.66,0.0,0
1935-06-15,77,68,3.04,0.0,0
1935-06-16,86,72,0.01,0.0,0
1935-06-17,83,66,1.01,0.0,0
1935-06-18,83,66,0.00,0.0,0
1935-06-19,88,71,0.00,0.0,0
1935-06-20,89,75,0.00,0.0,0
1935-06-21,82,72,T,0.0,0
1935-06-22,81,66,0.00,0.0,0
1935-06-23,85,68,0.00,0.0,0
1935-06-24,90,71,0.00,0.0,0
1935-06-25,90,73,0.00,0.0,0
1935-06-26,90,72,T,0.0,0
1935-06-27,93,73,0.00,0.0,0
1935-06-28,87,74,T,0.0,0
1935-06-29,91,71,0.00,0.0,0
1935-06-30,92,74,0.00,0.0,0
1935-07-01,92,74,0.00,0.0,0
1935-07-02,92,73,0.00,0.0,0
1935-07-03,92,73,T,0.0,0
1935-07-04,89,72,T,0.0,0
1935-07-05,92,72,0.00,0.0,0
1935-07-06,92,77,0.00,0.0,0
1935-07-07,95,80,0.00,0.0,0
1935-07-08,99,82,0.00,0.0,0
1935-07-09,104,83,0.00,0.0,0
1935-07-10,98,80,0.00,0.0,0
1935-07-11,100,79,0.00,0.0,0
1935-07-12,100,74,0.01,0.0,0
1935-07-13,90,73,0.01,0.0,0
1935-07-14,91,71,0.00,0.0,0
1935-07-15,91,72,0.00,0.0,0
1935-07-16,92,76,0.00,0.0,0
1935-07-17,92,77,0.00,0.0,0
1935-07-18,90,70,0.14,0.0,0
1935-07-19,90,73,0.00,0.0,0
1935-07-20,94,75,0.00,0.0,0
1935-07-21,95,76,0.00,0.0,0
1935-07-22,94,70,0.29,0.0,0
1935-07-23,88,74,0.05,0.0,0
1935-07-24,91,74,T,0.0,0
1935-07-25,94,75,0.00,0.0,0
1935-07-26,97,76,0.00,0.0,0
1935-07-27,97,79,0.03,0.0,0
1935-07-28,95,78,0.00,0.0,0
1935-07-29,91,73,0.00,0.0,0
1935-07-30,94,75,0.00,0.0,0
1935-07-31,96,77,0.00,0.0,0
1935-08-01,96,77,0.00,0.0,0
1935-08-02,95,76,0.00,0.0,0
1935-08-03,95,76,T,0.0,0
1935-08-04,91,73,T,0.0,0
1935-08-05,96,74,0.00,0.0,0
1935-08-06,97,78,0.00,0.0,0
1935-08-07,100,78,0.00,0.0,0
1935-08-08,100,76,0.00,0.0,0
1935-08-09,101,79,0.00,0.0,0
1935-08-10,105,81,0.00,0.0,0
1935-08-11,102,80,0.00,0.0,0
1935-08-12,96,77,0.00,0.0,0
1935-08-13,84,71,0.00,0.0,0
1935-08-14,90,72,0.00,0.0,0
1935-08-15,93,74,T,0.0,0
1935-08-16,95,75,0.00,0.0,0
1935-08-17,95,78,0.00,0.0,0
1935-08-18,97,79,0.00,0.0,0
1935-08-19,98,78,0.00,0.0,0
1935-08-20,96,76,0.00,0.0,0
1935-08-21,95,70,0.18,0.0,0
1935-08-22,91,72,0.00,0.0,0
1935-08-23,94,77,0.00,0.0,0
1935-08-24,94,76,0.00,0.0,0
1935-08-25,94,76,0.00,0.0,0
1935-08-26,95,76,0.00,0.0,0
1935-08-27,93,77,T,0.0,0
1935-08-28,95,77,0.00,0.0,0
1935-08-29,85,65,0.08,0.0,0
1935-08-30,80,63,T,0.0,0
1935-08-31,87,66,0.00,0.0,0
1935-09-01,91,69,0.00,0.0,0
1935-09-02,85,74,T,0.0,0
1935-09-03,78,67,0.32,0.0,0
1935-09-04,79,69,T,0.0,0
1935-09-05,75,69,0.04,0.0,0
1935-09-06,69,63,0.21,0.0,0
1935-09-07,79,64,0.07,0.0,0
1935-09-08,85,69,0.55,0.0,0
1935-09-09,72,67,0.43,0.0,0
1935-09-10,74,64,T,0.0,0
1935-09-11,83,64,0.00,0.0,0
1935-09-12,85,68,0.00,0.0,0
1935-09-13,87,70,0.00,0.0,0
1935-09-14,89,70,0.00,0.0,0
1935-09-15,87,71,0.00,0.0,0
1935-09-16,88,68,0.00,0.0,0
1935-09-17,89,70,0.00,0.0,0
1935-09-18,89,66,T,0.0,0
1935-09-19,87,68,0.00,0.0,0
1935-09-20,86,67,0.00,0.0,0
1935-09-21,87,69,0.00,0.0,0
1935-09-22,89,72,0.00,0.0,0
1935-09-23,88,71,0.00,0.0,0
1935-09-24,80,70,0.54,0.0,0
1935-09-25,74,70,1.78,0.0,0
1935-09-26,85,59,0.35,0.0,0
1935-09-27,65,54,0.00,0.0,0
1935-09-28,69,50,0.00,0.0,0
1935-09-29,76,52,0.00,0.0,0
1935-09-30,82,55,0.00,0.0,0
1935-10-01,79,59,0.00,0.0,0
1935-10-02,82,58,0.00,0.0,0
1935-10-03,85,60,0.00,0.0,0
1935-10-04,85,63,0.00,0.0,0
1935-10-05,85,61,0.00,0.0,0
1935-10-06,72,56,0.00,0.0,0
1935-10-07,72,52,0.00,0.0,0
1935-10-08,78,56,T,0.0,0
1935-10-09,79,63,0.19,0.0,0
1935-10-10,70,61,0.10,0.0,0
1935-10-11,77,60,T,0.0,0
1935-10-12,80,62,0.00,0.0,0
1935-10-13,83,66,T,0.0,0
1935-10-14,86,66,0.00,0.0,0
1935-10-15,86,67,0.00,0.0,0
1935-10-16,85,66,0.00,0.0,0
1935-10-17,83,68,0.04,0.0,0
1935-10-18,79,64,0.00,0.0,0
1935-10-19,83,55,0.00,0.0,0
1935-10-20,82,63,0.00,0.0,0
1935-10-21,87,72,0.00,0.0,0
1935-10-22,81,53,0.22,0.0,0
1935-10-23,53,43,1.32,0.0,0
1935-10-24,57,47,T,0.0,0
1935-10-25,58,52,0.01,0.0,0
1935-10-26,68,52,T,0.0,0
1935-10-27,67,60,0.46,0.0,0
1935-10-28,74,55,0.00,0.0,0
1935-10-29,79,55,0.00,0.0,0
1935-10-30,82,68,0.00,0.0,0
1935-10-31,75,69,0.53,0.0,0
1935-11-01,69,49,0.03,0.0,0
1935-11-02,70,52,T,0.0,0
1935-11-03,76,66,0.03,0.0,0
1935-11-04,74,40,0.01,0.0,0
1935-11-05,49,36,T,0.0,0
1935-11-06,52,45,0.84,0.0,0
1935-11-07,58,48,0.00,0.0,0
1935-11-08,60,48,T,0.0,0
1935-11-09,78,59,0.01,0.0,0
1935-11-10,80,40,T,0.0,0
1935-11-11,40,35,0.17,0.0,0
1935-11-12,52,35,0.00,0.0,0
1935-11-13,58,36,0.00,0.0,0
1935-11-14,52,39,T,0.0,0
1935-11-15,51,39,0.16,0.0,0
1935-11-16,39,36,0.00,0.0,0
1935-11-17,49,37,0.00,0.0,0
1935-11-18,60,49,T,0.0,0
1935-11-19,60,48,0.00,0.0,0
1935-11-20,66,40,0.00,0.0,0
1935-11-21,70,48,0.00,0.0,0
1935-11-22,57,38,0.00,0.0,0
1935-11-23,54,39,0.00,0.0,0
1935-11-24,49,42,T,0.0,0
1935-11-25,51,43,0.10,0.0,0
1935-11-26,61,51,0.32,0.0,0
1935-11-27,60,46,0.00,0.0,0
1935-11-28,62,40,0.00,0.0,0
1935-11-29,70,46,0.00,0.0,0
1935-11-30,73,52,0.00,0.0,0
1935-12-01,62,41,0.00,0.0,0
1935-12-02,52,30,0.00,0.0,0
1935-12-03,51,42,T,0.0,0
1935-12-04,54,44,T,0.0,0
1935-12-05,58,45,0.21,0.0,0
1935-12-06,63,58,0.50,0.0,0
1935-12-07,62,54,0.01,0.0,0
1935-12-08,59,46,0.00,0.0,0
1935-12-09,65,37,0.00,0.0,0
1935-12-10,59,45,0.00,0.0,0
1935-12-11,47,40,T,0.0,0
1935-12-12,57,35,0.00,0.0,0
1935-12-13,62,39,0.00,0.0,0
1935-12-14,57,45,0.00,0.0,0
1935-12-15,46,38,0.00,0.0,0
1935-12-16,45,34,0.00,0.0,0
1935-12-17,58,37,0.00,0.0,0
1935-12-18,57,38,0.00,0.0,0
1935-12-19,52,33,0.00,0.0,0
1935-12-20,47,34,0.00,0.0,0
1935-12-21,44,37,0.13,T,0
1935-12-22,61,36,0.00,0.0,0
1935-12-23,55,40,0.00,0.0,0
1935-12-24,49,35,0.00,0.0,0
1935-12-25,47,26,0.01,0.0,0
1935-12-26,35,20,0.00,0.0,0
1935-12-27,37,32,T,0.0,0
1935-12-28,35,31,T,0.0,0
1935-12-29,47,30,0.00,0.0,0
1935-12-30,43,31,T,0.0,0
1935-12-31,41,36,0.04,0.0,0
1936-01-01,47,41,T,0.0,0
1936-01-02,58,39,T,0.0,0
1936-01-03,65,42,T,0.0,0
1936-01-04,55,34,0.00,0.0,0
1936-01-05,70,43,0.00,0.0,0
1936-01-06,53,36,0.00,0.0,0
1936-01-07,42,35,0.18,0.0,0
1936-01-08,54,34,T,0.0,0
1936-01-09,61,38,0.00,0.0,0
1936-01-10,72,44,0.00,0.0,0
1936-01-11,71,41,0.00,0.0,0
1936-01-12,79,50,0.00,0.0,0
1936-01-13,63,37,0.00,0.0,0
1936-01-14,70,40,0.00,0.0,0
1936-01-15,72,39,0.00,0.0,0
1936-01-16,65,46,0.00,0.0,0
1936-01-17,68,36,0.00,0.0,0
1936-01-18,36,20,0.11,1.7,1
1936-01-19,31,14,0.00,T,1
1936-01-20,43,21,0.00,0.0,T
1936-01-21,54,30,0.00,0.0,T
1936-01-22,67,34,0.00,0.0,T
1936-01-23,66,34,0.00,0.0,0
1936-01-24,57,27,0.00,0.0,0
1936-01-25,45,36,T,0.0,0
1936-01-26,36,25,T,0.0,0
1936-01-27,34,20,0.00,0.0,0
1936-01-28,32,25,T,0.0,0
1936-01-29,31,24,0.19,1.5,2
1936-01-30,36,17,T,0.4,1
1936-01-31,46,21,0.00,0.0,T
1936-02-01,48,35,0.01,0.0,T
1936-02-02,37,29,0.01,0.0,0
1936-02-03,76,23,0.01,T,0
1936-02-04,25,15,0.00,0.0,0
1936-02-05,39,17,0.00,0.0,0
1936-02-06,47,32,0.00,0.0,0
1936-02-07,52,29,0.00,0.0,0
1936-02-08,42,14,T,0.0,0
1936-02-09,43,13,0.00,0.0,0
1936-02-10,41,19,0.00,0.0,0
1936-02-11,52,28,0.00,0.0,0
1936-02-12,77,46,T,0.0,0
1936-02-13,62,25,0.01,0.0,0
1936-02-14,63,15,T,T,0
1936-02-15,52,23,0.00,0.0,0
1936-02-16,32,21,T,T,0
1936-02-17,27,16,T,0.0,0
1936-02-18,30,10,0.00,0.0,0
1936-02-19,37,22,T,T,0
1936-02-20,41,24,T,0.0,0
1936-02-21,51,34,0.01,0.0,0
1936-02-22,69,34,0.00,0.0,0
1936-02-23,76,51,0.00,0.0,0
1936-02-24,76,60,T,0.0,0
1936-02-25,75,64,0.00,0.0,0
1936-02-26,67,54,0.23,0.0,0
1936-02-27,68,44,0.00,0.0,0
1936-02-28,69,48,0.00,0.0,0
1936-02-29,70,45,0.00,0.0,0
1936-03-01,73,52,0.00,0.0,0
1936-03-02,66,54,0.45,0.0,0
1936-03-03,72,45,T,0.0,0
1936-03-04,71,56,0.01,0.0,0
1936-03-05,65,45,0.00,0.0,0
1936-03-06,72,46,0.00,0.0,0
1936-03-07,75,51,0.00,0.0,0
1936-03-08,70,55,0.16,0.0,0
1936-03-09,77,50,0.00,0.0,0
1936-03-10,77,57,0.00,0.0,0
1936-03-11,67,49,0.00,0.0,0
1936-03-12,64,44,0.00,0.0,0
1936-03-13,71,45,0.00,0.0,0
1936-03-14,90,55,0.00,0.0,0
1936-03-15,81,58,0.00,0.0,0
1936-03-16,66,47,0.00,0.0,0
1936-03-17,66,39,0.00,0.0,0
1936-03-18,73,49,0.00,0.0,0
1936-03-19,67,53,0.00,0.0,0
1936-03-20,76,43,0.00,0.0,0
1936-03-21,80,58,0.00,0.0,0
1936-03-22,74,59,0.28,0.0,0
1936-03-23,82,59,0.00,0.0,0
1936-03-24,68,56,0.00,0.0,0
1936-03-25,79,51,0.00,0.0,0
1936-03-26,74,59,0.00,0.0,0
1936-03-27,71,49,T,0.0,0
1936-03-28,81,50,0.00,0.0,0
1936-03-29,87,59,0.00,0.0,0
1936-03-30,85,57,0.00,0.0,0
1936-03-31,69,47,T,0.0,0
1936-04-01,79,42,0.00,0.0,0
1936-04-02,50,31,0.00,0.0,0
1936-04-03,60,34,0.00,0.0,0
1936-04-04,82,51,0.00,0.0,0
1936-04-05,85,42,0.00,0.0,0
1936-04-06,55,39,0.00,0.0,0
1936-04-07,65,34,0.00,0.0,0
1936-04-08,57,48,T,0.0,0
1936-04-09,79,37,0.00,0.0,0
1936-04-10,71,49,0.00,0.0,0
1936-04-11,87,54,0.00,0.0,0
1936-04-12,93,65,0.00,0.0,0
1936-04-13,93,67,0.00,0.0,0
1936-04-14,85,60,0.00,0.0,0
1936-04-15,85,59,0.00,0.0,0
1936-04-16,78,58,0.04,0.0,0
1936-04-17,74,57,T,0.0,0
1936-04-18,81,54,0.00,0.0,0
1936-04-19,84,56,0.00,0.0,0
1936-04-20,77,57,0.00,0.0,0
1936-04-21,68,48,0.15,0.0,0
1936-04-22,66,43,T,0.0,0
1936-04-23,72,46,0.00,0.0,0
1936-04-24,78,52,0.00,0.0,0
1936-04-25,84,58,0.00,0.0,0
1936-04-26,81,60,0.00,0.0,0
1936-04-27,80,65,0.00,0.0,0
1936-04-28,71,62,0.40,0.0,0
1936-04-29,86,64,0.00,0.0,0
1936-04-30,85,70,0.00,0.0,0
1936-05-01,79,68,T,0.0,0
1936-05-02,80,68,0.00,0.0,0
1936-05-03,79,62,0.33,0.0,0
1936-05-04,84,65,0.00,0.0,0
1936-05-05,89,68,0.00,0.0,0
1936-05-06,82,66,0.00,0.0,0
1936-05-07,82,68,0.00,0.0,0
1936-05-08,74,63,0.94,0.0,0
1936-05-09,82,62,0.34,0.0,0
1936-05-10,81,61,0.00,0.0,0
1936-05-11,82,65,0.00,0.0,0
1936-05-12,80,63,0.00,0.0,0
1936-05-13,84,68,0.00,0.0,0
1936-05-14,84,64,0.00,0.0,0
1936-05-15,82,62,0.00,0.0,0
1936-05-16,84,64,T,0.0,0
1936-05-17,83,63,0.00,0.0,0
1936-05-18,86,67,0.07,0.0,0
1936-05-19,82,67,0.00,0.0,0
1936-05-20,85,64,0.00,0.0,0
1936-05-21,86,68,T,0.0,0
1936-05-22,79,69,0.09,0.0,0
1936-05-23,81,66,0.80,0.0,0
1936-05-24,83,66,0.02,0.0,0
1936-05-25,78,69,0.01,0.0,0
1936-05-26,77,67,0.31,0.0,0
1936-05-27,80,66,0.01,0.0,0
1936-05-28,79,67,1.19,0.0,0
1936-05-29,81,68,0.01,0.0,0
1936-05-30,86,64,0.00,0.0,0
1936-05-31,85,68,0.00,0.0,0
1936-06-01,85,66,0.00,0.0,0
1936-06-02,97,72,0.00,0.0,0
1936-06-03,95,73,0.00,0.0,0
1936-06-04,93,72,0.00,0.0,0
1936-06-05,92,74,0.00,0.0,0
1936-06-06,93,75,0.00,0.0,0
1936-06-07,94,74,0.00,0.0,0
1936-06-08,94,70,0.00,0.0,0
1936-06-09,96,72,0.00,0.0,0
1936-06-10,99,75,0.00,0.0,0
1936-06-11,89,72,0.00,0.0,0
1936-06-12,89,74,T,0.0,0
1936-06-13,91,71,0.00,0.0,0
1936-06-14,95,71,0.00,0.0,0
1936-06-15,97,69,0.00,0.0,0
1936-06-16,97,78,0.00,0.0,0
1936-06-17,97,76,T,0.0,0
1936-06-18,94,75,0.00,0.0,0
1936-06-19,97,74,0.00,0.0,0
1936-06-20,100,74,0.00,0.0,0
1936-06-21,105,77,0.00,0.0,0
1936-06-22,102,83,0.00,0.0,0
1936-06-23,97,80,0.00,0.0,0
1936-06-24,90,74,0.00,0.0,0
1936-06-25,92,70,0.00,0.0,0
1936-06-26,94,70,0.00,0.0,0
1936-06-27,96,75,0.00,0.0,0
1936-06-28,94,74,0.00,0.0,0
1936-06-29,95,77,0.00,0.0,0
1936-06-30,87,74,T,0.0,0
1936-07-01,76,71,0.39,0.0,0
1936-07-02,86,71,0.00,0.0,0
1936-07-03,91,74,0.00,0.0,0
1936-07-04,90,71,T,0.0,0
1936-07-05,84,69,1.38,0.0,0
1936-07-06,87,72,T,0.0,0
1936-07-07,89,71,0.00,0.0,0
1936-07-08,89,74,0.00,0.0,0
1936-07-09,93,75,0.00,0.0,0
1936-07-10,96,74,0.00,0.0,0
1936-07-11,91,74,0.00,0.0,0
1936-07-12,93,76,0.00,0.0,0
1936-07-13,99,78,T,0.0,0
1936-07-14,97,76,T,0.0,0
1936-07-15,94,77,0.00,0.0,0
1936-07-16,90,74,0.00,0.0,0
1936-07-17,98,76,0.00,0.0,0
1936-07-18,101,79,0.00,0.0,0
1936-07-19,104,78,0.00,0.0,0
1936-07-20,98,66,1.68,0.0,0
1936-07-21,97,66,0.09,0.0,0
1936-07-22,92,72,0.00,0.0,0
1936-07-23,91,68,0.00,0.0,0
1936-07-24,89,73,0.00,0.0,0
1936-07-25,93,74,0.00,0.0,0
1936-07-26,92,71,0.00,0.0,0
1936-07-27,94,74,0.00,0.0,0
1936-07-28,97,73,0.00,0.0,0
1936-07-29,96,75,0.00,0.0,0
1936-07-30,97,79,0.00,0.0,0
1936-07-31,90,72,0.00,0.0,0
1936-08-01,91,67,0.00,0.0,0
1936-08-02,93,70,0.00,0.0,0
1936-08-03,93,71,0.00,0.0,0
1936-08-04,96,75,0.00,0.0,0
1936-08-05,97,76,0.00,0.0,0
1936-08-06,97,79,0.00,0.0,0
1936-08-07,99,81,0.00,0.0,0
1936-08-08,101,79,0.00,0.0,0
1936-08-09,105,83,0.00,0.0,0
1936-08-10,110,83,0.00,0.0,0
1936-08-11,107,81,0.00,0.0,0
1936-08-12,101,82,T,0.0,0
1936-08-13,100,82,0.00,0.0,0
1936-08-14,100,78,0.00,0.0,0
1936-08-15,97,80,0.00,0.0,0
1936-08-16,97,78,0.00,0.0,0
1936-08-17,96,79,0.00,0.0,0
1936-08-18,97,80,0.00,0.0,0
1936-08-19,95,78,0.00,0.0,0
1936-08-20,95,76,0.00,0.0,0
1936-08-21,96,78,0.00,0.0,0
1936-08-22,97,79,0.00,0.0,0
1936-08-23,102,72,0.26,0.0,0
1936-08-24,95,74,0.00,0.0,0
1936-08-25,94,76,0.00,0.0,0
1936-08-26,94,76,0.00,0.0,0
1936-08-27,94,76,0.00,0.0,0
1936-08-28,94,74,0.00,0.0,0
1936-08-29,94,76,0.00,0.0,0
1936-08-30,94,75,0.00,0.0,0
1936-08-31,90,71,0.00,0.0,0
1936-09-01,94,74,0.00,0.0,0
1936-09-02,93,77,0.00,0.0,0
1936-09-03,95,78,0.00,0.0,0
1936-09-04,96,75,0.00,0.0,0
1936-09-05,98,77,0.00,0.0,0
1936-09-06,99,78,T,0.0,0
1936-09-07,93,74,0.00,0.0,0
1936-09-08,94,76,0.00,0.0,0
1936-09-09,97,75,0.00,0.0,0
1936-09-10,96,76,0.00,0.0,0
1936-09-11,95,77,0.00,0.0,0
1936-09-12,94,75,0.00,0.0,0
1936-09-13,92,75,T,0.0,0
1936-09-14,90,74,0.70,0.0,0
1936-09-15,86,72,0.20,0.0,0
1936-09-16,87,70,1.24,0.0,0
1936-09-17,85,70,0.29,0.0,0
1936-09-18,89,70,T,0.0,0
1936-09-19,91,72,T,0.0,0
1936-09-20,92,74,0.00,0.0,0
1936-09-21,92,76,0.00,0.0,0
1936-09-22,89,74,T,0.0,0
1936-09-23,92,76,0.00,0.0,0
1936-09-24,82,72,T,0.0,0
1936-09-25,87,70,0.51,0.0,0
1936-09-26,78,68,3.77,0.0,0
1936-09-27,68,56,3.30,0.0,0
1936-09-28,64,54,0.00,0.0,0
1936-09-29,66,51,0.00,0.0,0
1936-09-30,64,51,0.00,0.0,0
1936-10-01,72,52,0.00,0.0,0
1936-10-02,77,54,0.00,0.0,0
1936-10-03,78,60,0.00,0.0,0
1936-10-04,81,63,0.00,0.0,0
1936-10-05,85,62,0.00,0.0,0
1936-10-06,84,63,0.04,0.0,0
1936-10-07,68,54,0.01,0.0,0
1936-10-08,64,53,T,0.0,0
1936-10-09,72,53,0.00,0.0,0
1936-10-10,72,55,0.00,0.0,0
1936-10-11,78,48,0.00,0.0,0
1936-10-12,83,56,0.00,0.0,0
1936-10-13,79,55,0.00,0.0,0
1936-10-14,79,58,0.00,0.0,0
1936-10-15,80,60,0.00,0.0,0
1936-10-16,85,64,0.00,0.0,0
1936-10-17,77,60,0.00,0.0,0
1936-10-18,83,54,0.00,0.0,0
1936-10-19,88,61,0.00,0.0,0
1936-10-20,84,68,0.00,0.0,0
1936-10-21,74,50,0.00,0.0,0
1936-10-22,50,42,0.22,0.0,0
1936-10-23,46,41,1.54,0.0,0
1936-10-24,53,46,0.32,0.0,0
1936-10-25,64,53,0.74,0.0,0
1936-10-26,60,39,0.00,0.0,0
1936-10-27,46,38,T,0.0,0
1936-10-28,53,44,0.02,0.0,0
1936-10-29,66,49,0.00,0.0,0
1936-10-30,67,50,0.00,0.0,0
1936-10-31,72,58,T,0.0,0
1936-11-01,81,71,T,0.0,0
1936-11-02,83,46,0.01,0.0,0
1936-11-03,46,32,0.18,0.0,T
1936-11-04,50,29,0.00,0.0,0
1936-11-05,57,35,0.00,0.0,0
1936-11-06,60,42,0.00,0.0,0
1936-11-07,62,46,T,0.0,0
1936-11-08,46,36,T,0.0,0
1936-11-09,44,37,0.05,0.0,0
1936-11-10,58,43,0.00,0.0,0
1936-11-11,63,48,0.00,0.0,0
1936-11-12,67,44,0.00,0.0,0
1936-11-13,67,45,0.00,0.0,0
1936-11-14,74,46,0.00,0.0,0
1936-11-15,70,47,0.00,0.0,0
1936-11-16,65,44,0.00,0.0,0
1936-11-17,65,50,0.00,0.0,0
1936-11-18,69,51,0.00,0.0,0
1936-11-19,65,52,0.00,0.0,0
1936-11-20,71,47,0.00,0.0,0
1936-11-21,63,43,0.00,0.0,0
1936-11-22,62,38,0.00,0.0,0
1936-11-23,54,40,0.19,0.0,0
1936-11-24,50,32,0.00,0.0,0
1936-11-25,51,38,0.00,0.0,0
1936-11-26,56,43,0.00,0.0,0
1936-11-27,62,41,0.00,0.0,0
1936-11-28,53,43,0.25,0.0,0
1936-11-29,56,52,0.02,0.0,0
1936-11-30,55,44,0.04,0.0,0
1936-12-01,45,42,0.12,0.0,0
1936-12-02,46,44,0.92,0.0,0
1936-12-03,50,45,T,0.0,0
1936-12-04,52,45,T,0.0,0
1936-12-05,57,45,0.36,0.0,0
1936-12-06,58,33,0.25,0.0,0
1936-12-07,50,28,0.00,0.0,0
1936-12-08,51,34,0.00,0.0,0
1936-12-09,58,44,0.00,0.0,0
1936-12-10,56,33,0.00,0.0,0
1936-12-11,46,32,0.00,0.0,0
1936-12-12,51,34,0.00,0.0,0
1936-12-13,52,36,0.00,0.0,0
1936-12-14,59,34,0.00,0.0,0
1936-12-15,62,41,0.00,0.0,0
1936-12-16,68,42,0.00,0.0,0
1936-12-17,68,42,T,0.0,0
1936-12-18,50,39,0.00,0.0,0
1936-12-19,57,38,0.00,0.0,0
1936-12-20,67,40,0.00,0.0,0
1936-12-21,66,44,0.00,0.0,0
1936-12-22,63,45,0.00,0.0,0
1936-12-23,67,40,0.00,0.0,0
1936-12-24,64,47,0.00,0.0,0
1936-12-25,62,52,0.06,0.0,0
1936-12-26,65,59,0.35,0.0,0
1936-12-27,69,50,0.06,0.0,0
1936-12-28,68,44,0.00,0.0,0
1936-12-29,68,52,0.05,0.0,0
1936-12-30,68,50,T,0.0,0
1936-12-31,62,39,0.00,0.0,0
1937-01-01,56,49,0.01,0.0,0
1937-01-02,54,34,0.00,0.0,0
1937-01-03,44,28,0.00,0.0,0
1937-01-04,56,35,0.00,0.0,0
1937-01-05,62,49,0.00,0.0,0
1937-01-06,66,54,0.01,0.0,0
1937-01-07,66,30,0.54,0.0,0
1937-01-08,31,19,0.16,1.2,1
1937-01-09,22,19,0.06,0.7,2
1937-01-10,28,21,T,0.0,2
1937-01-11,34,27,0.01,0.0,1
1937-01-12,38,32,0.09,0.0,T
1937-01-13,61,37,0.01,0.0,T
1937-01-14,62,38,0.17,0.0,0
1937-01-15,38,30,0.00,0.0,0
1937-01-16,44,31,T,0.0,0
1937-01-17,58,44,0.00,0.0,0
1937-01-18,55,34,T,0.0,0
1937-01-19,52,35,0.01,0.0,0
1937-01-20,63,52,0.02,0.0,0
1937-01-21,55,25,0.06,T,T
1937-01-22,25,20,0.09,T,T
1937-01-23,29,20,0.02,0.1,T
1937-01-24,51,29,0.13,0.0,T
1937-01-25,47,34,0.00,0.0,0
1937-01-26,52,32,0.00,0.0,0
1937-01-27,45,35,0.00,0.0,0
1937-01-28,63,44,T,0.0,0
1937-01-29,65,48,0.00,0.0,0
1937-01-30,68,42,0.06,0.0,0
1937-01-31,44,34,0.05,0.0,0
1937-02-01,42,27,0.00,0.0,0
1937-02-02,39,26,T,T,0
1937-02-03,57,37,0.00,0.0,0
1937-02-04,56,30,0.00,0.0,0
1937-02-05,67,37,0.00,0.0,0
1937-02-06,65,52,0.00,0.0,0
1937-02-07,77,49,T,0.0,0
1937-02-08,69,37,T,0.0,0
1937-02-09,51,33,0.00,0.0,0
1937-02-10,50,31,0.00,0.0,0
1937-02-11,59,38,0.00,0.0,0
1937-02-12,61,39,0.00,0.0,0
1937-02-13,66,48,0.00,0.0,0
1937-02-14,61,38,0.00,0.0,0
1937-02-15,66,54,0.00,0.0,0
1937-02-16,56,37,0.00,0.0,0
1937-02-17,62,48,T,0.0,0
1937-02-18,65,45,T,0.0,0
1937-02-19,77,53,0.06,0.0,0
1937-02-20,73,41,T,0.0,0
1937-02-21,53,34,0.00,0.0,0
1937-02-22,70,41,0.00,0.0,0
1937-02-23,80,50,0.00,0.0,0
1937-02-24,63,42,0.00,0.0,0
1937-02-25,52,35,0.00,0.0,0
1937-02-26,36,32,0.19,0.0,0
1937-02-27,38,31,0.03,0.0,0
1937-02-28,46,25,0.00,0.0,0
1937-03-01,62,35,0.00,0.0,0
1937-03-02,67,39,0.00,0.0,0
1937-03-03,56,51,0.13,0.0,0
1937-03-04,58,50,1.16,0.0,0
1937-03-05,58,50,T,0.0,0
1937-03-06,61,52,0.22,0.0,0
1937-03-07,65,47,0.00,0.0,0
1937-03-08,60,49,0.00,0.0,0
1937-03-09,62,43,0.00,0.0,0
1937-03-10,70,45,0.00,0.0,0
1937-03-11,74,53,T,0.0,0
1937-03-12,70,60,T,0.0,0
1937-03-13,66,40,0.72,0.0,0
1937-03-14,40,32,0.86,0.0,0
1937-03-15,39,29,0.00,0.0,0
1937-03-16,51,34,0.00,0.0,0
1937-03-17,59,42,T,0.0,0
1937-03-18,67,45,0.00,0.0,0
1937-03-19,74,58,0.00,0.0,0
1937-03-20,63,44,0.00,0.0,0
1937-03-21,64,47,0.00,0.0,0
1937-03-22,72,52,0.00,0.0,0
1937-03-23,72,57,0.81,0.0,0
1937-03-24,71,56,0.00,0.0,0
1937-03-25,57,37,0.00,0.0,0
1937-03-26,37,34,0.41,0.0,0
1937-03-27,44,30,0.00,0.0,0
1937-03-28,47,28,0.00,0.0,0
1937-03-29,40,32,0.20,0.8,0
1937-03-30,45,37,0.00,0.0,0
1937-03-31,60,34,0.00,0.0,0
1937-04-01,73,42,0.00,0.0,0
1937-04-02,78,52,0.00,0.0,0
1937-04-03,66,55,0.02,0.0,0
1937-04-04,56,43,0.00,0.0,0
1937-04-05,57,39,T,0.0,0
1937-04-06,69,44,0.00,0.0,0
1937-04-07,78,49,T,0.0,0
1937-04-08,58,48,0.00,0.0,0
1937-04-09,62,39,0.00,0.0,0
1937-04-10,73,47,0.00,0.0,0
1937-04-11,75,51,0.00,0.0,0
1937-04-12,75,57,0.00,0.0,0
1937-04-13,77,64,T,0.0,0
1937-04-14,79,63,T,0.0,0
1937-04-15,88,64,0.00,0.0,0
1937-04-16,84,65,0.00,0.0,0
1937-04-17,87,64,0.00,0.0,0
1937-04-18,78,64,0.00,0.0,0
1937-04-19,83,63,0.00,0.0,0
1937-04-20,78,60,0.57,0.0,0
1937-04-21,82,59,0.05,0.0,0
1937-04-22,85,61,0.00,0.0,0
1937-04-23,86,59,0.00,0.0,0
1937-04-24,67,48,0.00,0.0,0
1937-04-25,75,48,0.00,0.0,0
1937-04-26,76,55,0.00,0.0,0
1937-04-27,73,50,0.00,0.0,0
1937-04-28,91,66,0.00,0.0,0
1937-04-29,89,71,T,0.0,0
1937-04-30,88,63,0.00,0.0,0
1937-05-01,75,61,0.02,0.0,0
1937-05-02,79,53,0.00,0.0,0
1937-05-03,70,57,0.05,0.0,0
1937-05-04,74,55,0.00,0.0,0
1937-05-05,77,54,0.00,0.0,0
1937-05-06,82,58,0.00,0.0,0
1937-05-07,85,64,0.02,0.0,0
1937-05-08,89,64,0.05,0.0,0
1937-05-09,88,66,0.00,0.0,0
1937-05-10,88,65,0.01,0.0,0
1937-05-11,87,66,T,0.0,0
1937-05-12,88,62,0.11,0.0,0
1937-05-13,74,62,0.13,0.0,0
1937-05-14,77,54,0.00,0.0,0
1937-05-15,88,59,0.00,0.0,0
1937-05-16,87,63,T,0.0,0
1937-05-17,90,66,T,0.0,0
1937-05-18,90,66,0.00,0.0,0
1937-05-19,89,66,0.00,0.0,0
1937-05-20,89,67,0.00,0.0,0
1937-05-21,90,70,0.00,0.0,0
1937-05-22,85,64,0.02,0.0,0
1937-05-23,80,65,0.00,0.0,0
1937-05-24,90,69,0.00,0.0,0
1937-05-25,90,68,0.00,0.0,0
1937-05-26,87,72,0.00,0.0,0
1937-05-27,89,69,0.00,0.0,0
1937-05-28,90,70,0.00,0.0,0
1937-05-29,88,71,0.00,0.0,0
1937-05-30,89,69,0.18,0.0,0
1937-05-31,86,71,T,0.0,0
1937-06-01,88,70,0.00,0.0,0
1937-06-02,91,73,0.00,0.0,0
1937-06-03,89,70,0.03,0.0,0
1937-06-04,78,64,1.34,0.0,0
1937-06-05,86,63,0.02,0.0,0
1937-06-06,76,57,0.70,0.0,0
1937-06-07,82,66,0.27,0.0,0
1937-06-08,82,69,0.01,0.0,0
1937-06-09,91,75,0.00,0.0,0
1937-06-10,89,75,0.00,0.0,0
1937-06-11,89,72,0.00,0.0,0
1937-06-12,91,73,0.00,0.0,0
1937-06-13,92,73,0.00,0.0,0
1937-06-14,92,73,0.00,0.0,0
1937-06-15,92,71,T,0.0,0
1937-06-16,85,65,2.27,0.0,0
1937-06-17,92,72,0.00,0.0,0
1937-06-18,92,74,0.00,0.0,0
1937-06-19,93,74,0.01,0.0,0
1937-06-20,91,72,0.00,0.0,0
1937-06-21,96,76,0.00,0.0,0
1937-06-22,97,79,0.00,0.0,0
1937-06-23,99,80,0.00,0.0,0
1937-06-24,98,79,0.00,0.0,0
1937-06-25,95,77,0.00,0.0,0
1937-06-26,98,79,0.00,0.0,0
1937-06-27,100,80,0.00,0.0,0
1937-06-28,92,76,T,0.0,0
1937-06-29,95,76,0.00,0.0,0
1937-06-30,93,75,0.00,0.0,0
1937-07-01,94,72,0.00,0.0,0
1937-07-02,96,75,0.00,0.0,0
1937-07-03,95,77,0.00,0.0,0
1937-07-04,95,77,0.00,0.0,0
1937-07-05,97,76,0.00,0.0,0
1937-07-06,99,75,0.00,0.0,0
1937-07-07,96,76,T,0.0,0
1937-07-08,92,73,0.00,0.0,0
1937-07-09,83,70,0.17,0.0,0
1937-07-10,77,70,0.27,0.0,0
1937-07-11,82,72,0.94,0.0,0
1937-07-12,90,73,0.00,0.0,0
1937-07-13,92,75,0.00,0.0,0
1937-07-14,93,74,0.00,0.0,0
1937-07-15,93,75,0.00,0.0,0
1937-07-16,94,75,0.00,0.0,0
1937-07-17,94,74,0.00,0.0,0
1937-07-18,94,77,0.00,0.0,0
1937-07-19,96,76,T,0.0,0
1937-07-20,93,70,0.77,0.0,0
1937-07-21,88,72,0.07,0.0,0
1937-07-22,93,74,0.00,0.0,0
1937-07-23,96,71,0.00,0.0,0
1937-07-24,96,74,0.00,0.0,0
1937-07-25,98,78,0.00,0.0,0
1937-07-26,95,78,0.00,0.0,0
1937-07-27,99,76,0.00,0.0,0
1937-07-28,100,79,0.00,0.0,0
1937-07-29,99,82,0.00,0.0,0
1937-07-30,96,81,0.00,0.0,0
1937-07-31,96,78,0.00,0.0,0
1937-08-01,98,79,0.00,0.0,0
1937-08-02,99,79,0.00,0.0,0
1937-08-03,100,79,0.00,0.0,0
1937-08-04,101,82,0.00,0.0,0
1937-08-05,103,73,0.19,0.0,0
1937-08-06,97,71,0.00,0.0,0
1937-08-07,95,77,0.00,0.0,0
1937-08-08,100,77,0.00,0.0,0
1937-08-09,102,79,0.00,0.0,0
1937-08-10,103,84,0.00,0.0,0
1937-08-11,101,83,0.00,0.0,0
1937-08-12,101,79,0.00,0.0,0
1937-08-13,101,76,0.13,0.0,0
1937-08-14,100,78,0.26,0.0,0
1937-08-15,90,76,0.00,0.0,0
1937-08-16,94,74,0.00,0.0,0
1937-08-17,97,78,0.00,0.0,0
1937-08-18,89,75,T,0.0,0
1937-08-19,93,72,0.00,0.0,0
1937-08-20,92,73,0.00,0.0,0
1937-08-21,94,76,T,0.0,0
1937-08-22,86,75,0.56,0.0,0
1937-08-23,82,70,1.47,0.0,0
1937-08-24,90,73,T,0.0,0
1937-08-25,90,72,0.00,0.0,0
1937-08-26,92,75,0.00,0.0,0
1937-08-27,94,76,0.00,0.0,0
1937-08-28,94,76,0.00,0.0,0
1937-08-29,92,76,0.00,0.0,0
1937-08-30,90,72,0.32,0.0,0
1937-08-31,88,72,0.00,0.0,0
1937-09-01,93,72,0.00,0.0,0
1937-09-02,90,66,0.57,0.0,0
1937-09-03,93,72,T,0.0,0
1937-09-04,90,72,0.00,0.0,0
1937-09-05,92,73,0.00,0.0,0
1937-09-06,93,71,1.26,0.0,0
1937-09-07,89,72,0.00,0.0,0
1937-09-08,88,73,0.00,0.0,0
1937-09-09,92,75,0.00,0.0,0
1937-09-10,96,78,T,0.0,0
1937-09-11,83,72,0.00,0.0,0
1937-09-12,91,61,0.00,0.0,0
1937-09-13,84,60,0.00,0.0,0
1937-09-14,84,64,0.00,0.0,0
1937-09-15,90,68,0.00,0.0,0
1937-09-16,90,71,0.00,0.0,0
1937-09-17,84,68,0.00,0.0,0
1937-09-18,88,65,0.00,0.0,0
1937-09-19,96,69,0.00,0.0,0
1937-09-20,98,70,0.00,0.0,0
1937-09-21,96,75,0.00,0.0,0
1937-09-22,93,76,0.00,0.0,0
1937-09-23,89,76,0.00,0.0,0
1937-09-24,89,70,0.03,0.0,0
1937-09-25,78,61,0.00,0.0,0
1937-09-26,73,57,0.00,0.0,0
1937-09-27,76,53,0.00,0.0,0
1937-09-28,83,55,0.00,0.0,0
1937-09-29,86,59,0.00,0.0,0
1937-09-30,86,61,0.00,0.0,0
1937-10-01,85,63,0.00,0.0,0
1937-10-02,84,63,0.00,0.0,0
1937-10-03,85,64,0.00,0.0,0
1937-10-04,93,66,0.00,0.0,0
1937-10-05,94,69,0.00,0.0,0
1937-10-06,92,68,0.00,0.0,0
1937-10-07,86,65,0.00,0.0,0
1937-10-08,84,63,0.07,0.0,0
1937-10-09,69,57,0.39,0.0,0
1937-10-10,70,55,0.00,0.0,0
1937-10-11,68,60,T,0.0,0
1937-10-12,68,56,0.01,0.0,0
1937-10-13,60,54,0.47,0.0,0
1937-10-14,63,52,0.00,0.0,0
1937-10-15,62,44,0.00,0.0,0
1937-10-16,66,48,0.41,0.0,0
1937-10-17,69,61,2.73,0.0,0
1937-10-18,84,56,0.00,0.0,0
1937-10-19,68,48,0.00,0.0,0
1937-10-20,75,54,0.00,0.0,0
1937-10-21,71,52,0.00,0.0,0
1937-10-22,58,46,0.00,0.0,0
1937-10-23,64,37,0.00,0.0,0
1937-10-24,76,52,0.00,0.0,0
1937-10-25,84,54,0.00,0.0,0
1937-10-26,79,61,T,0.0,0
1937-10-27,78,52,0.00,0.0,0
1937-10-28,87,55,0.00,0.0,0
1937-10-29,90,64,0.00,0.0,0
1937-10-30,87,62,0.00,0.0,0
1937-10-31,82,63,0.00,0.0,0
1937-11-01,82,63,0.00,0.0,0
1937-11-02,75,60,0.00,0.0,0
1937-11-03,61,54,0.00,0.0,0
1937-11-04,72,52,T,0.0,0
1937-11-05,70,57,0.29,0.0,0
1937-11-06,74,52,0.00,0.0,0
1937-11-07,77,61,0.00,0.0,0
1937-11-08,71,62,1.93,0.0,0
1937-11-09,65,56,2.07,0.0,0
1937-11-10,59,53,0.01,0.0,0
1937-11-11,70,54,0.00,0.0,0
1937-11-12,74,53,0.00,0.0,0
1937-11-13,73,58,0.00,0.0,0
1937-11-14,72,48,0.00,0.0,0
1937-11-15,76,43,T,0.0,0
1937-11-16,43,32,0.00,0.0,0
1937-11-17,43,29,0.00,0.0,0
1937-11-18,58,35,0.00,0.0,0
1937-11-19,36,25,0.00,0.0,0
1937-11-20,40,23,0.00,0.0,0
1937-11-21,44,28,0.00,0.0,0
1937-11-22,34,28,0.26,2.6,3
1937-11-23,45,28,0.00,0.0,T
1937-11-24,53,33,0.00,0.0,T
1937-11-25,62,37,0.00,0.0,0
1937-11-26,65,44,0.00,0.0,0
1937-11-27,56,37,0.00,0.0,0
1937-11-28,56,33,0.00,0.0,0
1937-11-29,62,37,0.00,0.0,0
1937-11-30,59,41,0.00,0.0,0
1937-12-01,50,43,0.18,0.0,0
1937-12-02,55,40,0.00,0.0,0
1937-12-03,51,43,0.18,0.0,0
1937-12-04,55,39,T,0.0,0
1937-12-05,42,31,0.00,0.0,0
1937-12-06,33,22,0.00,0.0,0
1937-12-07,54,27,0.04,0.0,0
1937-12-08,42,23,0.04,0.0,0
1937-12-09,29,19,0.00,0.0,0
1937-12-10,32,26,0.00,0.0,0
1937-12-11,40,31,T,0.0,0
1937-12-12,60,37,T,0.0,0
1937-12-13,70,54,T,0.0,0
1937-12-14,54,36,0.11,0.0,0
1937-12-15,42,37,0.84,0.0,0
1937-12-16,49,42,1.74,0.0,0
1937-12-17,56,43,0.01,0.0,0
1937-12-18,57,36,0.00,0.0,0
1937-12-19,55,38,0.00,0.0,0
1937-12-20,54,35,0.00,0.0,0
1937-12-21,49,39,T,0.0,0
1937-12-22,47,42,0.82,0.0,0
1937-12-23,53,45,T,0.0,0
1937-12-24,70,46,0.00,0.0,0
1937-12-25,51,46,T,0.0,0
1937-12-26,61,46,0.42,0.0,0
1937-12-27,70,59,T,0.0,0
1937-12-28,66,55,0.83,0.0,0
1937-12-29,66,55,0.10,0.0,0
1937-12-30,63,55,T,0.0,0
1937-12-31,65,54,0.09,0.0,0
1938-01-01,56,44,0.00,0.0,0
1938-01-02,58,43,0.00,0.0,0
1938-01-03,54,42,0.00,0.0,0
1938-01-04,50,46,0.00,0.0,0
1938-01-05,50,42,0.37,0.0,0
1938-01-06,55,43,0.26,0.0,0
1938-01-07,47,35,0.00,0.0,0
1938-01-08,44,32,0.00,0.0,0
1938-01-09,42,38,0.05,0.0,0
1938-01-10,44,38,T,0.0,0
1938-01-11,63,41,0.00,0.0,0
1938-01-12,54,38,0.00,0.0,0
1938-01-13,48,35,T,0.0,0
1938-01-14,61,38,0.00,0.0,0
1938-01-15,62,40,0.00,0.0,0
1938-01-16,75,52,0.00,0.0,0
1938-01-17,68,54,0.00,0.0,0
1938-01-18,75,51,0.00,0.0,0
1938-01-19,68,45,0.00,0.0,0
1938-01-20,66,60,0.78,0.0,0
1938-01-21,65,49,3.12,0.0,0
1938-01-22,55,47,0.37,0.0,0
1938-01-23,60,53,1.38,0.0,0
1938-01-24,53,41,0.01,0.0,0
1938-01-25,41,34,T,T,0
1938-01-26,45,30,0.00,0.0,0
1938-01-27,60,33,0.00,0.0,0
1938-01-28,64,40,0.00,0.0,0
1938-01-29,62,51,T,0.0,0
1938-01-30,64,26,T,0.0,0
1938-01-31,37,19,0.00,0.0,0
1938-02-01,48,27,0.00,0.0,0
1938-02-02,62,39,0.00,0.0,0
1938-02-03,70,47,0.00,0.0,0
1938-02-04,65,59,T,0.0,0
1938-02-05,72,59,T,0.0,0
1938-02-06,66,53,0.00,0.0,0
1938-02-07,64,48,0.00,0.0,0
1938-02-08,68,52,T,0.0,0
1938-02-09,72,59,0.01,0.0,0
1938-02-10,71,59,0.00,0.0,0
1938-02-11,76,60,T,0.0,0
1938-02-12,74,63,0.00,0.0,0
1938-02-13,76,63,0.00,0.0,0
1938-02-14,69,51,0.01,0.0,0
1938-02-15,70,50,0.06,0.0,0
1938-02-16,68,59,2.09,0.0,0
1938-02-17,68,42,1.90,0.0,0
1938-02-18,42,29,0.03,0.0,0
1938-02-19,42,29,0.00,0.0,0
1938-02-20,39,30,0.00,0.0,0
1938-02-21,37,32,0.63,2.9,1
1938-02-22,48,30,0.00,0.0,T
1938-02-23,55,36,0.00,0.0,0
1938-02-24,50,38,T,0.0,0
1938-02-25,58,39,0.00,0.0,0
1938-02-26,68,45,0.00,0.0,0
1938-02-27,76,47,0.00,0.0,0
1938-02-28,64,53,0.00,0.0,0
1938-03-01,62,43,0.00,0.0,0
1938-03-02,82,54,0.00,0.0,0
1938-03-03,77,59,0.00,0.0,0
1938-03-04,86,65,0.00,0.0,0
1938-03-05,71,42,0.00,0.0,0
1938-03-06,54,34,0.00,0.0,0
1938-03-07,66,40,T,0.0,0
1938-03-08,59,51,0.06,0.0,0
1938-03-09,76,50,0.27,0.0,0
1938-03-10,57,45,0.00,0.0,0
1938-03-11,73,46,0.00,0.0,0
1938-03-12,77,57,0.00,0.0,0
1938-03-13,84,65,0.00,0.0,0
1938-03-14,84,65,0.00,0.0,0
1938-03-15,79,62,T,0.0,0
1938-03-16,70,54,0.00,0.0,0
1938-03-17,80,51,0.00,0.0,0
1938-03-18,78,53,T,0.0,0
1938-03-19,70,51,0.00,0.0,0
1938-03-20,83,55,0.00,0.0,0
1938-03-21,83,66,0.00,0.0,0
1938-03-22,69,61,0.71,0.0,0
1938-03-23,68,51,0.00,0.0,0
1938-03-24,75,54,0.00,0.0,0
1938-03-25,84,67,0.00,0.0,0
1938-03-26,76,55,2.14,0.0,0
1938-03-27,59,53,0.15,0.0,0
1938-03-28,72,54,1.07,0.0,0
1938-03-29,78,53,0.00,0.0,0
1938-03-30,82,65,T,0.0,0
1938-03-31,67,53,0.00,0.0,0
1938-04-01,62,40,0.00,0.0,0
1938-04-02,54,35,0.00,0.0,0
1938-04-03,65,44,0.00,0.0,0
1938-04-04,75,49,0.00,0.0,0
1938-04-05,78,62,T,0.0,0
1938-04-06,85,47,0.12,0.0,0
1938-04-07,47,34,0.46,T,0
1938-04-08,39,32,0.01,0.1,0
1938-04-09,55,34,0.00,0.0,0
1938-04-10,63,42,0.00,0.0,0
1938-04-11,73,49,0.00,0.0,0
1938-04-12,78,52,0.00,0.0,0
1938-04-13,75,58,0.00,0.0,0
1938-04-14,70,57,0.42,0.0,0
1938-04-15,76,56,0.66,0.0,0
1938-04-16,78,61,0.00,0.0,0
1938-04-17,74,59,0.30,0.0,0
1938-04-18,80,62,0.00,0.0,0
1938-04-19,77,64,0.00,0.0,0
1938-04-20,80,60,0.00,0.0,0
1938-04-21,81,58,0.28,0.0,0
1938-04-22,70,52,0.00,0.0,0
1938-04-23,74,56,0.00,0.0,0
1938-04-24,74,65,0.00,0.0,0
1938-04-25,80,61,T,0.0,0
1938-04-26,77,66,0.05,0.0,0
1938-04-27,77,60,0.61,0.0,0
1938-04-28,78,67,0.16,0.0,0
1938-04-29,84,66,0.00,0.0,0
1938-04-30,84,66,0.00,0.0,0
1938-05-01,80,67,0.00,0.0,0
1938-05-02,82,69,0.00,0.0,0
1938-05-03,80,68,T,0.0,0
1938-05-04,78,64,0.07,0.0,0
1938-05-05,85,58,0.00,0.0,0
1938-05-06,86,64,0.10,0.0,0
1938-05-07,72,51,0.99,0.0,0
1938-05-08,65,44,0.00,0.0,0
1938-05-09,70,52,0.00,0.0,0
1938-05-10,72,58,T,0.0,0
1938-05-11,78,58,0.00,0.0,0
1938-05-12,82,61,T,0.0,0
1938-05-13,76,63,0.01,0.0,0
1938-05-14,71,64,T,0.0,0
1938-05-15,80,65,0.00,0.0,0
1938-05-16,80,67,0.03,0.0,0
1938-05-17,86,67,0.01,0.0,0
1938-05-18,88,73,0.00,0.0,0
1938-05-19,78,63,0.78,0.0,0
1938-05-20,91,72,T,0.0,0
1938-05-21,86,69,0.00,0.0,0
1938-05-22,86,66,0.30,0.0,0
1938-05-23,74,63,0.00,0.0,0
1938-05-24,78,61,0.00,0.0,0
1938-05-25,84,62,0.00,0.0,0
1938-05-26,88,66,0.00,0.0,0
1938-05-27,90,68,0.00,0.0,0
1938-05-28,91,69,0.00,0.0,0
1938-05-29,91,70,0.00,0.0,0
1938-05-30,92,70,0.00,0.0,0
1938-05-31,91,71,T,0.0,0
1938-06-01,91,74,0.00,0.0,0
1938-06-02,88,69,0.00,0.0,0
1938-06-03,91,71,T,0.0,0
1938-06-04,90,64,0.37,0.0,0
1938-06-05,94,68,0.00,0.0,0
1938-06-06,91,73,0.00,0.0,0
1938-06-07,90,70,0.03,0.0,0
1938-06-08,80,67,0.35,0.0,0
1938-06-09,85,70,T,0.0,0
1938-06-10,89,76,T,0.0,0
1938-06-11,87,71,0.00,0.0,0
1938-06-12,89,69,0.00,0.0,0
1938-06-13,91,74,0.00,0.0,0
1938-06-14,90,73,0.00,0.0,0
1938-06-15,89,72,0.00,0.0,0
1938-06-16,86,67,1.51,0.0,0
1938-06-17,81,69,0.14,0.0,0
1938-06-18,87,71,T,0.0,0
1938-06-19,88,73,0.00,0.0,0
1938-06-20,92,75,0.01,0.0,0
1938-06-21,89,74,0.00,0.0,0
1938-06-22,91,73,0.00,0.0,0
1938-06-23,92,73,0.00,0.0,0
1938-06-24,90,72,0.00,0.0,0
1938-06-25,91,76,0.00,0.0,0
1938-06-26,86,75,0.05,0.0,0
1938-06-27,90,71,0.00,0.0,0
1938-06-28,93,74,0.00,0.0,0
1938-06-29,92,74,0.00,0.0,0
1938-06-30,91,71,0.00,0.0,0
1938-07-01,94,74,0.00,0.0,0
1938-07-02,95,73,0.00,0.0,0
1938-07-03,96,73,0.00,0.0,0
1938-07-04,96,75,0.00,0.0,0
1938-07-05,99,77,0.00,0.0,0
1938-07-06,98,79,0.00,0.0,0
1938-07-07,95,76,0.00,0.0,0
1938-07-08,92,68,0.97,0.0,0
1938-07-09,93,73,0.00,0.0,0
1938-07-10,96,75,0.00,0.0,0
1938-07-11,95,74,0.00,0.0,0
1938-07-12,94,77,0.00,0.0,0
1938-07-13,94,77,0.00,0.0,0
1938-07-14,97,78,0.00,0.0,0
1938-07-15,97,80,0.00,0.0,0
1938-07-16,94,78,0.00,0.0,0
1938-07-17,91,77,0.01,0.0,0
1938-07-18,88,77,0.07,0.0,0
1938-07-19,90,73,T,0.0,0
1938-07-20,92,75,T,0.0,0
1938-07-21,83,70,0.10,0.0,0
1938-07-22,75,70,0.12,0.0,0
1938-07-23,76,72,0.01,0.0,0
1938-07-24,78,71,0.28,0.0,0
1938-07-25,85,73,0.03,0.0,0
1938-07-26,89,74,0.06,0.0,0
1938-07-27,92,72,0.00,0.0,0
1938-07-28,93,76,0.00,0.0,0
1938-07-29,92,75,T,0.0,0
1938-07-30,88,76,0.14,0.0,0
1938-07-31,96,75,0.00,0.0,0
1938-08-01,98,76,0.00,0.0,0
1938-08-02,92,76,0.00,0.0,0
1938-08-03,92,75,0.00,0.0,0
1938-08-04,90,75,T,0.0,0
1938-08-05,92,73,0.00,0.0,0
1938-08-06,94,75,0.00,0.0,0
1938-08-07,94,76,0.00,0.0,0
1938-08-08,95,75,0.00,0.0,0
1938-08-09,96,77,0.00,0.0,0
1938-08-10,86,76,T,0.0,0
1938-08-11,93,74,0.05,0.0,0
1938-08-12,94,77,0.26,0.0,0
1938-08-13,94,75,0.00,0.0,0
1938-08-14,91,76,T,0.0,0
1938-08-15,96,74,0.00,0.0,0
1938-08-16,96,80,T,0.0,0
1938-08-17,96,74,0.00,0.0,0
1938-08-18,95,75,0.00,0.0,0
1938-08-19,96,76,0.00,0.0,0
1938-08-20,95,76,0.00,0.0,0
1938-08-21,98,76,0.00,0.0,0
1938-08-22,96,77,0.00,0.0,0
1938-08-23,97,77,0.00,0.0,0
1938-08-24,99,80,0.00,0.0,0
1938-08-25,98,78,0.00,0.0,0
1938-08-26,97,80,0.00,0.0,0
1938-08-27,98,80,T,0.0,0
1938-08-28,92,76,0.00,0.0,0
1938-08-29,93,74,0.00,0.0,0
1938-08-30,98,76,0.00,0.0,0
1938-08-31,98,80,0.00,0.0,0
1938-09-01,95,78,T,0.0,0
1938-09-02,94,73,0.00,0.0,0
1938-09-03,94,75,0.00,0.0,0
1938-09-04,93,75,0.00,0.0,0
1938-09-05,92,73,0.00,0.0,0
1938-09-06,93,73,0.00,0.0,0
1938-09-07,93,73,0.00,0.0,0
1938-09-08,94,76,0.00,0.0,0
1938-09-09,96,78,0.00,0.0,0
1938-09-10,92,76,0.00,0.0,0
1938-09-11,80,72,0.50,0.0,0
1938-09-12,90,74,T,0.0,0
1938-09-13,94,74,T,0.0,0
1938-09-14,90,74,T,0.0,0
1938-09-15,81,65,0.01,0.0,0
1938-09-16,80,58,0.00,0.0,0
1938-09-17,87,60,0.00,0.0,0
1938-09-18,79,65,0.00,0.0,0
1938-09-19,83,59,0.00,0.0,0
1938-09-20,78,59,0.00,0.0,0
1938-09-21,82,50,0.00,0.0,0
1938-09-22,88,57,0.00,0.0,0
1938-09-23,93,62,0.00,0.0,0
1938-09-24,92,65,0.00,0.0,0
1938-09-25,92,65,T,0.0,0
1938-09-26,96,70,0.00,0.0,0
1938-09-27,97,71,T,0.0,0
1938-09-28,96,71,0.00,0.0,0
1938-09-29,92,64,0.00,0.0,0
1938-09-30,93,66,0.00,0.0,0
1938-10-01,100,69,0.00,0.0,0
1938-10-02,93,72,0.00,0.0,0
1938-10-03,90,68,0.00,0.0,0
1938-10-04,88,67,0.00,0.0,0
1938-10-05,88,69,0.00,0.0,0
1938-10-06,87,67,0.00,0.0,0
1938-10-07,87,68,0.02,0.0,0
1938-10-08,90,70,0.00,0.0,0
1938-10-09,85,68,0.00,0.0,0
1938-10-10,84,66,0.00,0.0,0
1938-10-11,84,61,0.00,0.0,0
1938-10-12,86,63,0.00,0.0,0
1938-10-13,89,65,0.00,0.0,0
1938-10-14,89,69,0.00,0.0,0
1938-10-15,88,68,0.00,0.0,0
1938-10-16,85,64,0.00,0.0,0
1938-10-17,83,67,T,0.0,0
1938-10-18,82,68,0.00,0.0,0
1938-10-19,75,60,0.00,0.0,0
1938-10-20,68,51,0.00,0.0,0
1938-10-21,81,51,0.00,0.0,0
1938-10-22,75,53,0.09,0.0,0
1938-10-23,57,40,0.00,0.0,0
1938-10-24,74,42,0.00,0.0,0
1938-10-25,80,49,0.00,0.0,0
1938-10-26,85,56,0.00,0.0,0
1938-10-27,88,59,0.00,0.0,0
1938-10-28,89,61,0.00,0.0,0
1938-10-29,80,64,0.02,0.0,0
1938-10-30,81,54,0.00,0.0,0
1938-10-31,86,56,0.00,0.0,0
1938-11-01,82,64,0.00,0.0,0
1938-11-02,82,64,0.00,0.0,0
1938-11-03,72,51,0.12,0.0,0
1938-11-04,68,44,0.00,0.0,0
1938-11-05,80,48,0.00,0.0,0
1938-11-06,68,36,1.01,0.0,0
1938-11-07,44,34,0.01,0.0,0
1938-11-08,58,35,0.00,0.0,0
1938-11-09,58,39,0.00,0.0,0
1938-11-10,70,42,0.00,0.0,0
1938-11-11,73,54,T,0.0,0
1938-11-12,80,62,0.00,0.0,0
1938-11-13,69,51,T,0.0,0
1938-11-14,72,46,0.00,0.0,0
1938-11-15,70,51,0.00,0.0,0
1938-11-16,81,62,0.00,0.0,0
1938-11-17,84,59,0.00,0.0,0
1938-11-18,73,44,0.00,0.0,0
1938-11-19,65,36,0.00,0.0,0
1938-11-20,68,46,0.00,0.0,0
1938-11-21,74,M,0.00,0.0,0
1938-11-22,M,33,0.00,0.0,0
1938-11-23,38,27,0.00,0.0,0
1938-11-24,44,23,0.00,0.0,0
1938-11-25,50,24,0.00,0.0,0
1938-11-26,43,30,0.00,0.0,0
1938-11-27,52,22,0.00,0.0,0
1938-11-28,62,37,0.00,0.0,0
1938-11-29,62,41,0.00,0.0,0
1938-11-30,68,43,0.00,0.0,0
1938-12-01,71,56,0.00,0.0,0
1938-12-02,75,51,0.08,0.0,0
1938-12-03,70,45,0.00,0.0,0
1938-12-04,59,48,0.00,0.0,0
1938-12-05,60,39,0.00,0.0,0
1938-12-06,66,45,0.00,0.0,0
1938-12-07,64,43,0.00,0.0,0
1938-12-08,64,44,0.00,0.0,0
1938-12-09,60,38,0.00,0.0,0
1938-12-10,80,50,0.00,0.0,0
1938-12-11,79,48,0.00,0.0,0
1938-12-12,48,40,0.00,0.0,0
1938-12-13,52,41,0.00,0.0,0
1938-12-14,55,30,0.00,0.0,0
1938-12-15,58,31,0.00,0.0,0
1938-12-16,62,38,T,0.0,0
1938-12-17,53,38,T,0.0,0
1938-12-18,60,30,0.00,0.0,0
1938-12-19,65,38,0.00,0.0,0
1938-12-20,60,41,T,0.0,0
1938-12-21,52,37,0.00,0.0,0
1938-12-22,53,46,0.18,0.0,0
1938-12-23,50,43,0.26,0.0,0
1938-12-24,58,34,0.00,0.0,0
1938-12-25,48,42,0.48,0.0,0
1938-12-26,47,29,T,0.0,0
1938-12-27,34,22,0.00,0.0,0
1938-12-28,41,24,0.00,0.0,0
1938-12-29,50,39,T,0.0,0
1938-12-30,47,30,0.00,0.0,0
1938-12-31,56,32,0.00,0.0,0
1939-01-01,67,37,0.00,0.0,0
1939-01-02,71,42,0.00,0.0,0
1939-01-03,74,59,0.00,0.0,0
1939-01-04,70,57,0.04,0.0,0
1939-01-05,65,45,0.00,0.0,0
1939-01-06,66,43,0.00,0.0,0
1939-01-07,67,49,0.00,0.0,0
1939-01-08,67,52,0.66,0.0,0
1939-01-09,69,51,0.00,0.0,0
1939-01-10,59,46,0.00,0.0,0
1939-01-11,52,43,0.91,0.0,0
1939-01-12,46,42,0.16,0.0,0
1939-01-13,54,41,0.00,0.0,0
1939-01-14,55,41,0.00,0.0,0
1939-01-15,46,34,0.00,0.0,0
1939-01-16,50,28,0.00,0.0,0
1939-01-17,51,37,0.04,0.0,0
1939-01-18,55,36,0.00,0.0,0
1939-01-19,63,36,0.00,0.0,0
1939-01-20,67,42,0.00,0.0,0
1939-01-21,70,48,0.00,0.0,0
1939-01-22,60,39,0.02,0.0,0
1939-01-23,54,36,0.87,0.0,0
1939-01-24,53,37,0.00,0.0,0
1939-01-25,58,43,0.00,0.0,0
1939-01-26,54,37,0.00,0.0,0
1939-01-27,47,34,0.03,0.0,0
1939-01-28,54,40,T,0.0,0
1939-01-29,54,41,0.02,0.0,0
1939-01-30,61,34,0.00,0.0,0
1939-01-31,64,48,0.00,0.0,0
1939-02-01,62,54,0.05,0.0,0
1939-02-02,54,34,0.16,T,0
1939-02-03,45,30,0.03,0.3,0
1939-02-04,50,31,0.00,0.0,0
1939-02-05,49,39,0.12,0.0,0
1939-02-06,62,45,0.01,0.0,0
1939-02-07,70,42,0.00,0.0,0
1939-02-08,55,36,0.00,0.0,0
1939-02-09,78,46,0.13,0.0,0
1939-02-10,49,27,0.00,0.0,0
1939-02-11,52,21,0.00,0.0,0
1939-02-12,61,35,0.00,0.0,0
1939-02-13,68,45,0.00,0.0,0
1939-02-14,59,41,1.06,0.0,0
1939-02-15,58,38,0.00,0.0,0
1939-02-16,63,35,0.38,0.0,0
1939-02-17,36,29,0.58,0.0,0
1939-02-18,48,35,0.16,0.0,0
1939-02-19,64,46,0.88,0.0,0
1939-02-20,57,24,0.00,0.0,0
1939-02-21,37,18,0.00,0.0,0
1939-02-22,48,27,0.00,0.0,0
1939-02-23,59,37,0.00,0.0,0
1939-02-24,57,48,0.22,0.0,0
1939-02-25,58,34,0.55,0.0,0
1939-02-26,43,30,0.00,0.0,0
1939-02-27,58,40,0.02,0.0,0
1939-02-28,52,35,0.00,0.0,0
1939-03-01,51,38,0.00,0.0,0
1939-03-02,53,34,0.00,0.0,0
1939-03-03,63,40,T,0.0,0
1939-03-04,75,54,0.01,0.0,0
1939-03-05,71,53,0.00,0.0,0
1939-03-06,61,42,0.00,0.0,0
1939-03-07,62,45,0.00,0.0,0
1939-03-08,76,43,0.00,0.0,0
1939-03-09,74,62,T,0.0,0
1939-03-10,80,66,0.00,0.0,0
1939-03-11,80,53,0.00,0.0,0
1939-03-12,69,47,0.00,0.0,0
1939-03-13,75,51,0.00,0.0,0
1939-03-14,75,51,0.00,0.0,0
1939-03-15,56,36,0.00,0.0,0
1939-03-16,60,37,0.00,0.0,0
1939-03-17,64,42,0.00,0.0,0
1939-03-18,69,44,0.00,0.0,0
1939-03-19,76,47,0.00,0.0,0
1939-03-20,74,54,0.00,0.0,0
1939-03-21,79,58,T,0.0,0
1939-03-22,80,60,0.00,0.0,0
1939-03-23,72,57,0.15,0.0,0
1939-03-24,73,60,0.05,0.0,0
1939-03-25,70,55,1.17,0.0,0
1939-03-26,76,59,0.00,0.0,0
1939-03-27,79,60,0.17,0.0,0
1939-03-28,75,48,0.29,0.0,0
1939-03-29,51,42,0.65,0.0,0
1939-03-30,63,40,0.00,0.0,0
1939-03-31,85,53,0.00,0.0,0
1939-04-01,82,53,0.00,0.0,0
1939-04-02,79,61,0.00,0.0,0
1939-04-03,76,63,T,0.0,0
1939-04-04,80,65,0.00,0.0,0
1939-04-05,73,45,2.34,0.0,0
1939-04-06,48,38,T,0.0,0
1939-04-07,57,37,0.00,0.0,0
1939-04-08,79,45,0.00,0.0,0
1939-04-09,84,54,0.00,0.0,0
1939-04-10,76,62,0.00,0.0,0
1939-04-11,68,51,0.00,0.0,0
1939-04-12,66,39,0.00,0.0,0
1939-04-13,69,54,0.02,0.0,0
1939-04-14,80,63,T,0.0,0
1939-04-15,80,66,0.01,0.0,0
1939-04-16,71,55,0.92,0.0,0
1939-04-17,62,48,T,0.0,0
1939-04-18,59,45,0.00,0.0,0
1939-04-19,70,42,0.00,0.0,0
1939-04-20,79,54,0.00,0.0,0
1939-04-21,69,49,0.00,0.0,0
1939-04-22,77,55,0.00,0.0,0
1939-04-23,81,56,0.00,0.0,0
1939-04-24,80,58,0.00,0.0,0
1939-04-25,86,61,0.04,0.0,0
1939-04-26,85,66,0.00,0.0,0
1939-04-27,81,64,0.00,0.0,0
1939-04-28,82,56,0.00,0.0,0
1939-04-29,73,54,0.00,0.0,0
1939-04-30,78,60,0.00,0.0,0
1939-05-01,82,58,0.00,0.0,0
1939-05-02,84,64,0.00,0.0,0
1939-05-03,79,61,0.00,0.0,0
1939-05-04,77,59,0.00,0.0,0
1939-05-05,80,59,0.00,0.0,0
1939-05-06,82,61,0.00,0.0,0
1939-05-07,75,55,0.48,0.0,0
1939-05-08,77,57,T,0.0,0
1939-05-09,81,55,0.00,0.0,0
1939-05-10,92,63,T,0.0,0
1939-05-11,92,68,0.00,0.0,0
1939-05-12,86,68,0.00,0.0,0
1939-05-13,76,60,T,0.0,0
1939-05-14,75,59,T,0.0,0
1939-05-15,86,61,0.00,0.0,0
1939-05-16,78,64,1.09,0.0,0
1939-05-17,79,59,0.82,0.0,0
1939-05-18,79,66,T,0.0,0
1939-05-19,86,67,0.17,0.0,0
1939-05-20,88,69,T,0.0,0
1939-05-21,89,71,0.00,0.0,0
1939-05-22,94,72,0.00,0.0,0
1939-05-23,93,71,0.00,0.0,0
1939-05-24,89,70,0.00,0.0,0
1939-05-25,88,71,0.00,0.0,0
1939-05-26,86,64,T,0.0,0
1939-05-27,89,70,0.00,0.0,0
1939-05-28,91,69,T,0.0,0
1939-05-29,90,68,0.00,0.0,0
1939-05-30,86,67,0.00,0.0,0
1939-05-31,85,69,0.09,0.0,0
1939-06-01,82,70,0.01,0.0,0
1939-06-02,85,68,0.24,0.0,0
1939-06-03,80,68,0.16,0.0,0
1939-06-04,79,67,0.08,0.0,0
1939-06-05,78,70,0.09,0.0,0
1939-06-06,85,72,0.00,0.0,0
1939-06-07,87,70,0.00,0.0,0
1939-06-08,88,70,0.00,0.0,0
1939-06-09,90,73,0.00,0.0,0
1939-06-10,94,74,0.00,0.0,0
1939-06-11,91,73,0.00,0.0,0
1939-06-12,90,70,0.00,0.0,0
1939-06-13,91,74,0.00,0.0,0
1939-06-14,94,73,0.00,0.0,0
1939-06-15,98,74,0.00,0.0,0
1939-06-16,96,73,0.00,0.0,0
1939-06-17,94,76,T,0.0,0
1939-06-18,89,67,0.79,0.0,0
1939-06-19,76,67,1.30,0.0,0
1939-06-20,87,71,0.00,0.0,0
1939-06-21,88,74,0.00,0.0,0
1939-06-22,90,74,0.00,0.0,0
1939-06-23,91,74,0.02,0.0,0
1939-06-24,91,71,0.00,0.0,0
1939-06-25,90,73,0.00,0.0,0
1939-06-26,91,76,0.00,0.0,0
1939-06-27,93,76,0.00,0.0,0
1939-06-28,94,78,0.02,0.0,0
1939-06-29,93,74,0.13,0.0,0
1939-06-30,90,73,0.00,0.0,0
1939-07-01,92,74,0.17,0.0,0
1939-07-02,91,68,0.88,0.0,0
1939-07-03,94,75,0.00,0.0,0
1939-07-04,93,75,0.00,0.0,0
1939-07-05,97,76,0.00,0.0,0
1939-07-06,98,73,0.00,0.0,0
1939-07-07,101,80,0.00,0.0,0
1939-07-08,103,75,0.00,0.0,0
1939-07-09,95,80,0.00,0.0,0
1939-07-10,92,77,0.00,0.0,0
1939-07-11,90,74,0.06,0.0,0
1939-07-12,86,75,T,0.0,0
1939-07-13,92,75,0.00,0.0,0
1939-07-14,97,77,0.00,0.0,0
1939-07-15,100,78,0.00,0.0,0
1939-07-16,98,80,0.00,0.0,0
1939-07-17,95,75,0.00,0.0,0
1939-07-18,95,75,0.00,0.0,0
1939-07-19,98,76,0.00,0.0,0
1939-07-20,100,80,0.00,0.0,0
1939-07-21,102,82,0.00,0.0,0
1939-07-22,102,81,0.00,0.0,0
1939-07-23,94,77,T,0.0,0
1939-07-24,95,77,0.00,0.0,0
1939-07-25,95,75,0.00,0.0,0
1939-07-26,96,78,0.00,0.0,0
1939-07-27,97,76,0.00,0.0,0
1939-07-28,99,76,0.00,0.0,0
1939-07-29,94,76,T,0.0,0
1939-07-30,95,75,T,0.0,0
1939-07-31,94,76,0.00,0.0,0
1939-08-01,93,73,0.00,0.0,0
1939-08-02,92,76,0.00,0.0,0
1939-08-03,95,77,T,0.0,0
1939-08-04,97,80,0.00,0.0,0
1939-08-05,96,79,0.00,0.0,0
1939-08-06,93,73,0.00,0.0,0
1939-08-07,95,76,0.00,0.0,0
1939-08-08,83,75,0.07,0.0,0
1939-08-09,94,73,0.00,0.0,0
1939-08-10,95,72,0.00,0.0,0
1939-08-11,95,77,0.00,0.0,0
1939-08-12,97,78,0.00,0.0,0
1939-08-13,101,77,0.00,0.0,0
1939-08-14,100,78,T,0.0,0
1939-08-15,97,77,0.00,0.0,0
1939-08-16,101,77,0.34,0.0,0
1939-08-17,98,78,0.14,0.0,0
1939-08-18,97,74,0.00,0.0,0
1939-08-19,99,74,T,0.0,0
1939-08-20,88,69,0.57,0.0,0
1939-08-21,93,68,0.00,0.0,0
1939-08-22,92,75,0.00,0.0,0
1939-08-23,90,65,0.04,0.0,0
1939-08-24,94,74,0.00,0.0,0
1939-08-25,93,71,T,0.0,0
1939-08-26,98,79,T,0.0,0
1939-08-27,91,73,0.00,0.0,0
1939-08-28,93,72,0.00,0.0,0
1939-08-29,95,76,0.00,0.0,0
1939-08-30,99,77,0.00,0.0,0
1939-08-31,104,80,0.00,0.0,0
1939-09-01,104,86,0.00,0.0,0
1939-09-02,106,84,0.00,0.0,0
1939-09-03,103,81,0.00,0.0,0
1939-09-04,101,79,0.00,0.0,0
1939-09-05,98,81,0.00,0.0,0
1939-09-06,96,74,0.00,0.0,0
1939-09-07,96,78,0.00,0.0,0
1939-09-08,94,76,0.00,0.0,0
1939-09-09,95,73,0.00,0.0,0
1939-09-10,91,73,T,0.0,0
1939-09-11,91,70,0.00,0.0,0
1939-09-12,93,72,0.00,0.0,0
1939-09-13,94,75,0.00,0.0,0
1939-09-14,93,74,0.00,0.0,0
1939-09-15,95,77,0.00,0.0,0
1939-09-16,92,73,0.18,0.0,0
1939-09-17,92,72,0.00,0.0,0
1939-09-18,90,71,0.00,0.0,0
1939-09-19,91,74,0.00,0.0,0
1939-09-20,93,73,0.00,0.0,0
1939-09-21,87,65,0.00,0.0,0
1939-09-22,91,61,0.00,0.0,0
1939-09-23,93,68,0.00,0.0,0
1939-09-24,94,76,0.00,0.0,0
1939-09-25,93,69,0.00,0.0,0
1939-09-26,95,72,0.00,0.0,0
1939-09-27,91,71,0.00,0.0,0
1939-09-28,92,73,0.00,0.0,0
1939-09-29,83,56,0.00,0.0,0
1939-09-30,73,50,0.00,0.0,0
1939-10-01,75,53,0.00,0.0,0
1939-10-02,78,52,0.00,0.0,0
1939-10-03,85,58,0.00,0.0,0
1939-10-04,84,66,T,0.0,0
1939-10-05,91,72,0.00,0.0,0
1939-10-06,93,74,0.00,0.0,0
1939-10-07,89,72,0.00,0.0,0
1939-10-08,84,71,T,0.0,0
1939-10-09,91,72,1.91,0.0,0
1939-10-10,72,58,0.20,0.0,0
1939-10-11,70,50,0.00,0.0,0
1939-10-12,76,57,0.00,0.0,0
1939-10-13,79,61,0.00,0.0,0
1939-10-14,75,56,0.00,0.0,0
1939-10-15,72,49,0.00,0.0,0
1939-10-16,78,54,0.00,0.0,0
1939-10-17,81,58,0.00,0.0,0
1939-10-18,81,58,0.00,0.0,0
1939-10-19,82,57,0.00,0.0,0
1939-10-20,85,61,0.00,0.0,0
1939-10-21,91,66,0.00,0.0,0
1939-10-22,93,66,0.00,0.0,0
1939-10-23,89,70,0.00,0.0,0
1939-10-24,81,71,T,0.0,0
1939-10-25,84,73,T,0.0,0
1939-10-26,86,75,0.02,0.0,0
1939-10-27,86,59,0.00,0.0,0
1939-10-28,66,50,0.00,0.0,0
1939-10-29,73,47,0.00,0.0,0
1939-10-30,62,47,0.00,0.0,0
1939-10-31,73,42,0.00,0.0,0
1939-11-01,82,58,0.00,0.0,0
1939-11-02,67,41,0.00,0.0,0
1939-11-03,54,38,T,0.0,0
1939-11-04,58,36,0.00,0.0,0
1939-11-05,65,41,0.00,0.0,0
1939-11-06,69,46,0.00,0.0,0
1939-11-07,75,59,T,0.0,0
1939-11-08,79,56,0.00,0.0,0
1939-11-09,72,59,T,0.0,0
1939-11-10,67,52,0.81,0.0,0
1939-11-11,53,42,0.70,0.0,0
1939-11-12,58,42,0.34,0.0,0
1939-11-13,61,43,0.00,0.0,0
1939-11-14,60,44,T,0.0,0
1939-11-15,55,51,T,0.0,0
1939-11-16,59,51,0.05,0.0,0
1939-11-17,61,54,1.65,0.0,0
1939-11-18,64,55,0.32,0.0,0
1939-11-19,70,49,0.00,0.0,0
1939-11-20,65,44,0.00,0.0,0
1939-11-21,67,40,0.00,0.0,0
1939-11-22,68,38,0.00,0.0,0
1939-11-23,70,46,0.00,0.0,0
1939-11-24,64,46,0.00,0.0,0
1939-11-25,47,38,0.00,0.0,0
1939-11-26,49,42,0.00,0.0,0
1939-11-27,51,43,0.00,0.0,0
1939-11-28,51,36,0.00,0.0,0
1939-11-29,47,43,0.40,0.0,0
1939-11-30,54,45,0.60,0.0,0
1939-12-01,68,45,0.00,0.0,0
1939-12-02,61,46,0.00,0.0,0
1939-12-03,65,48,0.00,0.0,0
1939-12-04,71,44,0.00,0.0,0
1939-12-05,78,46,0.00,0.0,0
1939-12-06,77,49,0.00,0.0,0
1939-12-07,80,54,0.00,0.0,0
1939-12-08,74,44,0.00,0.0,0
1939-12-09,75,53,0.00,0.0,0
1939-12-10,77,48,0.00,0.0,0
1939-12-11,77,54,0.00,0.0,0
1939-12-12,70,50,0.00,0.0,0
1939-12-13,60,42,0.00,0.0,0
1939-12-14,64,42,0.00,0.0,0
1939-12-15,68,51,0.00,0.0,0
1939-12-16,72,41,0.00,0.0,0
1939-12-17,76,52,0.00,0.0,0
1939-12-18,70,51,0.00,0.0,0
1939-12-19,57,40,0.00,0.0,0
1939-12-20,66,39,0.00,0.0,0
1939-12-21,70,42,0.00,0.0,0
1939-12-22,60,49,0.42,0.0,0
1939-12-23,59,36,0.01,0.0,0
1939-12-24,41,35,0.00,0.0,0
1939-12-25,40,38,0.20,0.0,0
1939-12-26,41,35,0.02,0.0,0
1939-12-27,41,27,0.00,0.0,0
1939-12-28,38,27,0.00,0.0,0
1939-12-29,42,24,0.00,0.0,0
1939-12-30,55,25,0.00,0.0,0
1939-12-31,65,36,0.00,0.0,0
1940-01-01,47,29,0.00,0.0,0
1940-01-02,42,26,0.00,0.0,0
1940-01-03,49,28,T,0.0,0
1940-01-04,47,34,0.01,0.0,0
1940-01-05,34,28,0.01,0.1,T
1940-01-06,35,28,0.45,0.6,1
1940-01-07,29,19,T,T,T
1940-01-08,32,15,0.00,0.0,T
1940-01-09,45,26,0.00,0.0,T
1940-01-10,65,45,T,0.0,0
1940-01-11,71,39,0.00,0.0,0
1940-01-12,51,33,0.00,0.0,0
1940-01-13,65,30,0.00,0.0,0
1940-01-14,49,28,0.00,0.0,0
1940-01-15,50,27,0.00,0.0,0
1940-01-16,58,35,0.00,0.0,0
1940-01-17,62,34,0.00,0.0,0
1940-01-18,34,6,T,T,0
1940-01-19,28,6,0.00,0.0,0
1940-01-20,37,14,0.00,0.0,0
1940-01-21,31,17,0.00,0.0,0
1940-01-22,23,17,0.33,3.3,3
1940-01-23,40,13,0.00,0.0,T
1940-01-24,29,15,0.00,0.0,T
1940-01-25,23,11,T,T,T
1940-01-26,30,15,0.00,0.0,T
1940-01-27,40,21,0.00,0.0,T
1940-01-28,56,24,0.00,0.0,T
1940-01-29,60,33,0.00,0.0,T
1940-01-30,54,31,0.00,0.0,0
1940-01-31,58,31,0.00,0.0,0
1940-02-01,57,40,0.05,0.0,0
1940-02-02,53,44,0.31,0.0,0
1940-02-03,44,36,0.44,0.0,0
1940-02-04,59,41,T,0.0,0
1940-02-05,54,38,0.03,0.0,0
1940-02-06,47,35,0.02,0.0,0
1940-02-07,66,34,0.00,0.0,0
1940-02-08,60,36,0.00,0.0,0
1940-02-09,36,28,0.01,0.1,0
1940-02-10,61,27,0.00,0.0,0
1940-02-11,69,40,0.00,0.0,0
1940-02-12,68,44,0.00,0.0,0
1940-02-13,52,35,T,T,0
1940-02-14,55,36,0.00,0.0,0
1940-02-15,56,45,T,0.0,0
1940-02-16,50,46,1.11,0.0,0
1940-02-17,47,38,0.12,0.0,0
1940-02-18,49,36,0.00,0.0,0
1940-02-19,47,32,0.00,0.0,0
1940-02-20,44,33,0.00,0.0,0
1940-02-21,54,27,0.00,0.0,0
1940-02-22,55,40,0.00,0.0,0
1940-02-23,58,46,T,0.0,0
1940-02-24,57,34,T,0.0,0
1940-02-25,50,29,0.00,0.0,0
1940-02-26,61,40,0.00,0.0,0
1940-02-27,74,55,T,0.0,0
1940-02-28,80,52,0.00,0.0,0
1940-02-29,82,47,0.00,0.0,0
1940-03-01,74,58,0.00,0.0,0
1940-03-02,65,48,0.00,0.0,0
1940-03-03,67,41,0.00,0.0,0
1940-03-04,61,38,0.00,0.0,0
1940-03-05,67,39,0.00,0.0,0
1940-03-06,79,43,0.00,0.0,0
1940-03-07,60,45,0.00,0.0,0
1940-03-08,62,39,0.00,0.0,0
1940-03-09,76,44,0.00,0.0,0
1940-03-10,76,59,0.03,0.0,0
1940-03-11,80,62,0.44,0.0,0
1940-03-12,72,38,0.62,0.0,0
1940-03-13,50,32,0.00,0.0,0
1940-03-14,60,32,0.00,0.0,0
1940-03-15,72,47,0.00,0.0,0
1940-03-16,73,48,0.00,0.0,0
1940-03-17,78,52,0.00,0.0,0
1940-03-18,68,54,0.00,0.0,0
1940-03-19,68,49,0.00,0.0,0
1940-03-20,74,52,0.00,0.0,0
1940-03-21,79,52,T,0.0,0
1940-03-22,72,56,0.00,0.0,0
1940-03-23,78,56,0.00,0.0,0
1940-03-24,67,42,0.00,0.0,0
1940-03-25,54,36,0.00,0.0,0
1940-03-26,68,44,0.01,0.0,0
1940-03-27,71,56,0.17,0.0,0
1940-03-28,85,62,T,0.0,0
1940-03-29,73,57,0.38,0.0,0
1940-03-30,78,53,0.00,0.0,0
1940-03-31,87,59,0.00,0.0,0
1940-04-01,85,59,0.00,0.0,0
1940-04-02,79,69,T,0.0,0
1940-04-03,88,64,0.00,0.0,0
1940-04-04,88,65,0.00,0.0,0
1940-04-05,69,46,0.45,0.0,0
1940-04-06,50,44,3.34,0.0,0
1940-04-07,60,45,0.00,0.0,0
1940-04-08,63,46,0.00,0.0,0
1940-04-09,71,46,0.00,0.0,0
1940-04-10,77,59,0.01,0.0,0
1940-04-11,69,39,0.46,0.0,0
1940-04-12,48,31,0.00,0.0,0
1940-04-13,72,38,0.00,0.0,0
1940-04-14,81,53,0.00,0.0,0
1940-04-15,88,55,0.00,0.0,0
1940-04-16,80,66,T,0.0,0
1940-04-17,75,50,0.54,0.0,0
1940-04-18,57,47,0.00,0.0,0
1940-04-19,70,44,0.00,0.0,0
1940-04-20,76,49,0.00,0.0,0
1940-04-21,81,55,0.00,0.0,0
1940-04-22,86,61,0.00,0.0,0
1940-04-23,68,55,T,0.0,0
1940-04-24,64,50,0.00,0.0,0
1940-04-25,77,54,0.00,0.0,0
1940-04-26,81,60,0.00,0.0,0
1940-04-27,76,65,0.00,0.0,0
1940-04-28,68,58,1.34,0.0,0
1940-04-29,82,59,0.00,0.0,0
1940-04-30,88,64,0.00,0.0,0
1940-05-01,72,55,0.00,0.0,0
1940-05-02,80,60,0.00,0.0,0
1940-05-03,90,64,0.00,0.0,0
1940-05-04,89,64,0.00,0.0,0
1940-05-05,88,65,0.00,0.0,0
1940-05-06,85,62,0.00,0.0,0
1940-05-07,81,62,T,0.0,0
1940-05-08,74,64,1.83,0.0,0
1940-05-09,72,62,0.00,0.0,0
1940-05-10,78,58,0.00,0.0,0
1940-05-11,83,64,0.00,0.0,0
1940-05-12,86,62,0.00,0.0,0
1940-05-13,80,66,0.00,0.0,0
1940-05-14,79,64,0.00,0.0,0
1940-05-15,82,62,0.00,0.0,0
1940-05-16,88,65,0.00,0.0,0
1940-05-17,81,62,2.38,0.0,0
1940-05-18,83,62,0.00,0.0,0
1940-05-19,75,57,T,0.0,0
1940-05-20,83,63,0.00,0.0,0
1940-05-21,85,68,0.00,0.0,0
1940-05-22,76,62,0.96,0.0,0
1940-05-23,69,57,0.19,0.0,0
1940-05-24,80,55,0.01,0.0,0
1940-05-25,77,61,0.00,0.0,0
1940-05-26,74,56,0.07,0.0,0
1940-05-27,77,64,0.13,0.0,0
1940-05-28,75,64,0.67,0.0,0
1940-05-29,80,62,0.00,0.0,0
1940-05-30,82,64,0.00,0.0,0
1940-05-31,79,67,0.02,0.0,0
1940-06-01,85,66,0.00,0.0,0
1940-06-02,85,69,0.00,0.0,0
1940-06-03,86,69,0.00,0.0,0
1940-06-04,88,67,0.00,0.0,0
1940-06-05,88,69,0.00,0.0,0
1940-06-06,88,72,0.00,0.0,0
1940-06-07,93,70,0.02,0.0,0
1940-06-08,90,71,0.04,0.0,0
1940-06-09,82,69,0.35,0.0,0
1940-06-10,76,62,0.87,0.0,0
1940-06-11,75,58,0.00,0.0,0
1940-06-12,81,66,0.04,0.0,0
1940-06-13,81,64,T,0.0,0
1940-06-14,80,62,0.81,0.0,0
1940-06-15,81,64,3.03,0.0,0
1940-06-16,81,64,0.14,0.0,0
1940-06-17,83,69,0.18,0.0,0
1940-06-18,82,70,0.24,0.0,0
1940-06-19,83,71,0.05,0.0,0
1940-06-20,88,71,0.00,0.0,0
1940-06-21,85,70,0.00,0.0,0
1940-06-22,90,74,0.00,0.0,0
1940-06-23,90,72,0.00,0.0,0
1940-06-24,78,68,0.03,0.0,0
1940-06-25,88,62,0.00,0.0,0
1940-06-26,89,72,0.00,0.0,0
1940-06-27,92,74,0.00,0.0,0
1940-06-28,91,70,0.37,0.0,0
1940-06-29,84,70,0.00,0.0,0
1940-06-30,79,69,0.55,0.0,0
1940-07-01,88,72,0.05,0.0,0
1940-07-02,81,66,1.18,0.0,0
1940-07-03,78,66,1.05,0.0,0
1940-07-04,79,67,0.00,0.0,0
1940-07-05,82,64,0.00,0.0,0
1940-07-06,83,67,0.00,0.0,0
1940-07-07,86,68,0.00,0.0,0
1940-07-08,87,70,0.00,0.0,0
1940-07-09,88,71,T,0.0,0
1940-07-10,94,72,0.00,0.0,0
1940-07-11,93,76,0.00,0.0,0
1940-07-12,81,66,1.37,0.0,0
1940-07-13,81,67,0.00,0.0,0
1940-07-14,87,71,0.00,0.0,0
1940-07-15,89,71,0.00,0.0,0
1940-07-16,90,73,0.00,0.0,0
1940-07-17,90,72,0.00,0.0,0
1940-07-18,92,75,0.00,0.0,0
1940-07-19,87,75,0.15,0.0,0
1940-07-20,91,74,0.00,0.0,0
1940-07-21,85,73,0.02,0.0,0
1940-07-22,92,75,0.00,0.0,0
1940-07-23,93,75,0.00,0.0,0
1940-07-24,93,76,0.00,0.0,0
1940-07-25,94,77,0.00,0.0,0
1940-07-26,94,75,0.00,0.0,0
1940-07-27,94,75,0.00,0.0,0
1940-07-28,95,76,0.00,0.0,0
1940-07-29,96,78,0.00,0.0,0
1940-07-30,97,77,0.00,0.0,0
1940-07-31,96,77,T,0.0,0
1940-08-01,95,74,0.06,0.0,0
1940-08-02,97,74,0.00,0.0,0
1940-08-03,99,78,0.00,0.0,0
1940-08-04,98,78,0.00,0.0,0
1940-08-05,94,76,0.00,0.0,0
1940-08-06,91,72,0.31,0.0,0
1940-08-07,88,75,0.00,0.0,0
1940-08-08,85,66,T,0.0,0
1940-08-09,75,65,T,0.0,0
1940-08-10,90,65,0.00,0.0,0
1940-08-11,93,71,0.04,0.0,0
1940-08-12,92,72,0.01,0.0,0
1940-08-13,94,75,0.00,0.0,0
1940-08-14,94,75,0.00,0.0,0
1940-08-15,94,73,0.07,0.0,0
1940-08-16,90,72,0.00,0.0,0
1940-08-17,84,71,0.16,0.0,0
1940-08-18,85,71,0.26,0.0,0
1940-08-19,80,63,0.00,0.0,0
1940-08-20,82,60,0.00,0.0,0
1940-08-21,83,63,0.00,0.0,0
1940-08-22,86,64,0.00,0.0,0
1940-08-23,87,67,0.00,0.0,0
1940-08-24,89,66,0.00,0.0,0
1940-08-25,92,68,0.00,0.0,0
1940-08-26,95,76,0.00,0.0,0
1940-08-27,97,71,0.01,0.0,0
1940-08-28,94,69,0.39,0.0,0
1940-08-29,90,71,0.00,0.0,0
1940-08-30,93,72,0.00,0.0,0
1940-08-31,95,76,0.00,0.0,0
1940-09-01,98,72,0.00,0.0,0
1940-09-02,96,78,0.00,0.0,0
1940-09-03,94,77,0.00,0.0,0
1940-09-04,94,74,0.00,0.0,0
1940-09-05,93,72,0.00,0.0,0
1940-09-06,94,70,0.00,0.0,0
1940-09-07,96,68,0.00,0.0,0
1940-09-08,98,70,0.00,0.0,0
1940-09-09,99,68,0.00,0.0,0
1940-09-10,85,64,0.00,0.0,0
1940-09-11,80,60,0.00,0.0,0
1940-09-12,83,49,0.00,0.0,0
1940-09-13,86,54,0.00,0.0,0
1940-09-14,89,57,0.00,0.0,0
1940-09-15,88,62,0.00,0.0,0
1940-09-16,92,65,0.00,0.0,0
1940-09-17,92,66,0.00,0.0,0
1940-09-18,91,67,0.00,0.0,0
1940-09-19,92,68,0.00,0.0,0
1940-09-20,93,66,0.00,0.0,0
1940-09-21,75,68,0.13,0.0,0
1940-09-22,85,71,0.02,0.0,0
1940-09-23,75,66,0.07,0.0,0
1940-09-24,88,61,0.00,0.0,0
1940-09-25,75,58,0.00,0.0,0
1940-09-26,75,45,0.00,0.0,0
1940-09-27,77,45,0.00,0.0,0
1940-09-28,81,55,0.00,0.0,0
1940-09-29,83,57,0.00,0.0,0
1940-09-30,83,55,0.00,0.0,0
1940-10-01,82,56,T,0.0,0
1940-10-02,85,58,0.00,0.0,0
1940-10-03,88,65,0.00,0.0,0
1940-10-04,90,67,0.00,0.0,0
1940-10-05,88,66,0.00,0.0,0
1940-10-06,89,64,0.23,0.0,0
1940-10-07,77,51,0.00,0.0,0
1940-10-08,84,44,0.00,0.0,0
1940-10-09,83,50,0.00,0.0,0
1940-10-10,82,57,0.00,0.0,0
1940-10-11,84,60,0.00,0.0,0
1940-10-12,86,58,0.00,0.0,0
1940-10-13,86,60,0.00,0.0,0
1940-10-14,83,55,0.06,0.0,0
1940-10-15,70,47,0.00,0.0,0
1940-10-16,75,40,0.00,0.0,0
1940-10-17,81,39,0.00,0.0,0
1940-10-18,88,49,0.00,0.0,0
1940-10-19,93,54,0.00,0.0,0
1940-10-20,89,55,0.00,0.0,0
1940-10-21,87,55,0.00,0.0,0
1940-10-22,89,61,0.00,0.0,0
1940-10-23,86,60,0.00,0.0,0
1940-10-24,85,61,0.00,0.0,0
1940-10-25,82,62,0.00,0.0,0
1940-10-26,82,56,T,0.0,0
1940-10-27,85,68,T,0.0,0
1940-10-28,82,56,0.35,0.0,0
1940-10-29,81,49,0.00,0.0,0
1940-10-30,83,54,0.02,0.0,0
1940-10-31,71,58,1.30,0.0,0
1940-11-01,75,48,0.00,0.0,0
1940-11-02,76,46,0.00,0.0,0
1940-11-03,73,50,0.00,0.0,0
1940-11-04,75,56,0.02,0.0,0
1940-11-05,67,49,0.00,0.0,0
1940-11-06,65,46,0.00,0.0,0
1940-11-07,61,54,0.00,0.0,0
1940-11-08,57,48,0.10,0.0,0
1940-11-09,55,47,1.66,0.0,0
1940-11-10,69,54,0.25,0.0,0
1940-11-11,64,34,T,0.0,0
1940-11-12,60,32,0.00,0.0,0
1940-11-13,41,24,0.00,0.0,0
1940-11-14,49,21,0.00,0.0,0
1940-11-15,46,19,0.00,0.0,0
1940-11-16,72,31,0.00,0.0,0
1940-11-17,75,33,0.00,0.0,0
1940-11-18,74,47,0.00,0.0,0
1940-11-19,75,57,T,0.0,0
1940-11-20,75,50,0.39,0.0,0
1940-11-21,67,45,0.15,0.0,0
1940-11-22,66,59,2.59,0.0,0
1940-11-23,66,48,1.74,0.0,0
1940-11-24,56,47,0.65,0.0,0
1940-11-25,56,44,1.20,0.0,0
1940-11-26,49,40,0.00,0.0,0
1940-11-27,53,36,0.00,0.0,0
1940-11-28,57,36,0.00,0.0,0
1940-11-29,64,39,0.00,0.0,0
1940-11-30,73,54,0.00,0.0,0
1940-12-01,58,38,0.00,0.0,0
1940-12-02,59,31,0.00,0.0,0
1940-12-03,60,31,0.00,0.0,0
1940-12-04,71,42,0.00,0.0,0
1940-12-05,66,41,0.00,0.0,0
1940-12-06,70,52,T,0.0,0
1940-12-07,65,42,0.00,0.0,0
1940-12-08,69,36,0.00,0.0,0
1940-12-09,72,41,0.00,0.0,0
1940-12-10,67,49,T,0.0,0
1940-12-11,52,45,1.29,0.0,0
1940-12-12,49,44,0.12,0.0,0
1940-12-13,44,36,0.23,0.0,0
1940-12-14,37,34,0.62,0.0,0
1940-12-15,37,30,0.82,0.0,0
1940-12-16,47,26,0.00,0.0,0
1940-12-17,48,27,0.00,0.0,0
1940-12-18,51,39,0.07,0.0,0
1940-12-19,64,41,0.00,0.0,0
1940-12-20,49,41,0.00,0.0,0
1940-12-21,64,36,0.00,0.0,0
1940-12-22,65,34,0.00,0.0,0
1940-12-23,64,36,0.00,0.0,0
1940-12-24,67,39,0.00,0.0,0
1940-12-25,59,49,0.10,0.0,0
1940-12-26,54,45,0.89,0.0,0
1940-12-27,53,38,0.01,0.0,0
1940-12-28,59,33,0.00,0.0,0
1940-12-29,64,35,0.00,0.0,0
1940-12-30,60,44,0.02,0.0,0
1940-12-31,65,58,0.68,0.0,0
1941-01-01,71,52,0.00,0.0,0
1941-01-02,52,42,0.11,0.0,0
1941-01-03,54,36,0.00,0.0,0
1941-01-04,57,31,T,0.0,0
1941-01-05,49,38,0.01,T,0
1941-01-06,43,37,T,0.0,0
1941-01-07,53,39,0.00,0.0,0
1941-01-08,62,40,0.00,0.0,0
1941-01-09,58,41,0.00,0.0,0
1941-01-10,60,30,0.00,0.0,0
1941-01-11,67,36,0.00,0.0,0
1941-01-12,68,46,0.00,0.0,0
1941-01-13,58,52,0.19,0.0,0
1941-01-14,61,42,0.01,0.0,0
1941-01-15,67,40,0.00,0.0,0
1941-01-16,52,42,0.00,0.0,0
1941-01-17,44,33,0.00,0.0,0
1941-01-18,42,26,0.00,0.0,0
1941-01-19,58,27,0.00,0.0,0
1941-01-20,61,36,0.00,0.0,0
1941-01-21,70,49,0.00,0.0,0
1941-01-22,57,38,0.00,0.0,0
1941-01-23,66,41,0.00,0.0,0
1941-01-24,51,38,0.00,0.0,0
1941-01-25,65,41,0.06,0.0,0
1941-01-26,54,34,0.00,0.0,0
1941-01-27,57,32,0.00,0.0,0
1941-01-28,50,31,0.00,0.0,0
1941-01-29,64,30,T,0.0,0
1941-01-30,60,50,0.13,0.0,0
1941-01-31,61,47,0.04,0.0,0
1941-02-01,54,50,0.97,0.0,0
1941-02-02,55,45,0.01,0.0,0
1941-02-03,45,36,0.00,0.0,0
1941-02-04,51,35,0.00,0.0,0
1941-02-05,55,34,0.00,0.0,0
1941-02-06,66,38,0.00,0.0,0
1941-02-07,46,29,0.00,0.0,0
1941-02-08,48,30,0.00,0.0,0
1941-02-09,64,25,0.00,0.0,0
1941-02-10,64,35,0.00,0.0,0
1941-02-11,67,37,0.00,0.0,0
1941-02-12,73,48,0.00,0.0,0
1941-02-13,64,44,0.00,0.0,0
1941-02-14,60,30,0.00,0.0,0
1941-02-15,67,44,0.00,0.0,0
1941-02-16,78,47,0.00,0.0,0
1941-02-17,61,39,0.00,0.0,0
1941-02-18,52,48,0.05,0.0,0
1941-02-19,55,40,0.78,0.0,0
1941-02-20,42,38,T,0.0,0
1941-02-21,41,35,0.31,0.0,0
1941-02-22,42,39,0.05,0.0,0
1941-02-23,41,36,0.77,0.0,0
1941-02-24,41,35,0.01,0.0,0
1941-02-25,42,38,0.18,0.0,0
1941-02-26,45,39,0.02,0.0,0
1941-02-27,57,40,0.00,0.0,0
1941-02-28,62,34,0.00,0.0,0
1941-03-01,69,42,0.00,0.0,0
1941-03-02,68,55,T,0.0,0
1941-03-03,80,54,0.00,0.0,0
1941-03-04,56,37,0.00,0.0,0
1941-03-05,63,40,0.37,0.0,0
1941-03-06,51,44,0.37,0.0,0
1941-03-07,44,35,0.16,T,0
1941-03-08,54,35,0.00,0.0,0
1941-03-09,78,36,0.00,0.0,0
1941-03-10,56,38,0.00,0.0,0
1941-03-11,61,32,0.00,0.0,0
1941-03-12,55,35,0.05,0.0,0
1941-03-13,51,31,T,T,0
1941-03-14,51,34,0.00,0.0,0
1941-03-15,76,48,0.11,0.0,0
1941-03-16,72,39,0.00,0.0,0
1941-03-17,45,32,0.00,0.0,0
1941-03-18,52,36,T,T,0
1941-03-19,53,42,T,0.0,0
1941-03-20,64,45,0.02,0.0,0
1941-03-21,72,47,0.00,0.0,0
1941-03-22,75,53,0.13,0.0,0
1941-03-23,66,54,0.58,0.0,0
1941-03-24,69,50,0.00,0.0,0
1941-03-25,65,47,0.04,0.0,0
1941-03-26,53,43,0.53,0.0,0
1941-03-27,60,41,0.00,0.0,0
1941-03-28,60,41,0.00,0.0,0
1941-03-29,60,35,0.00,0.0,0
1941-03-30,69,45,T,0.0,0
1941-03-31,80,53,0.00,0.0,0
1941-04-01,83,50,T,0.0,0
1941-04-02,78,61,0.01,0.0,0
1941-04-03,75,52,0.02,0.0,0
1941-04-04,68,46,0.00,0.0,0
1941-04-05,80,41,0.00,0.0,0
1941-04-06,75,54,1.00,0.0,0
1941-04-07,74,55,T,0.0,0
1941-04-08,76,47,0.00,0.0,0
1941-04-09,80,55,T,0.0,0
1941-04-10,82,56,0.00,0.0,0
1941-04-11,78,59,T,0.0,0
1941-04-12,79,69,T,0.0,0
1941-04-13,82,67,T,0.0,0
1941-04-14,74,64,0.25,0.0,0
1941-04-15,79,65,0.01,0.0,0
1941-04-16,83,67,0.02,0.0,0
1941-04-17,85,68,0.05,0.0,0
1941-04-18,77,68,T,0.0,0
1941-04-19,74,52,0.41,0.0,0
1941-04-20,67,45,0.00,0.0,0
1941-04-21,70,50,0.03,0.0,0
1941-04-22,59,54,1.92,0.0,0
1941-04-23,59,55,0.07,0.0,0
1941-04-24,69,54,0.04,0.0,0
1941-04-25,76,52,0.00,0.0,0
1941-04-26,66,60,0.14,0.0,0
1941-04-27,69,57,0.13,0.0,0
1941-04-28,72,59,0.11,0.0,0
1941-04-29,71,62,0.06,0.0,0
1941-04-30,81,65,0.01,0.0,0
1941-05-01,83,67,0.00,0.0,0
1941-05-02,78,60,0.07,0.0,0
1941-05-03,71,58,0.04,0.0,0
1941-05-04,80,61,0.97,0.0,0
1941-05-05,73,60,0.20,0.0,0
1941-05-06,87,63,0.00,0.0,0
1941-05-07,86,65,T,0.0,0
1941-05-08,88,67,0.00,0.0,0
1941-05-09,88,69,0.01,0.0,0
1941-05-10,80,63,0.00,0.0,0
1941-05-11,70,62,0.01,0.0,0
1941-05-12,84,55,0.00,0.0,0
1941-05-13,88,61,0.00,0.0,0
1941-05-14,88,66,0.00,0.0,0
1941-05-15,88,68,0.00,0.0,0
1941-05-16,90,68,0.00,0.0,0
1941-05-17,91,69,0.00,0.0,0
1941-05-18,91,63,T,0.0,0
1941-05-19,85,67,0.76,0.0,0
1941-05-20,84,66,T,0.0,0
1941-05-21,84,64,T,0.0,0
1941-05-22,87,67,0.00,0.0,0
1941-05-23,88,65,0.00,0.0,0
1941-05-24,89,64,T,0.0,0
1941-05-25,89,70,0.01,0.0,0
1941-05-26,87,70,0.00,0.0,0
1941-05-27,89,70,0.00,0.0,0
1941-05-28,86,69,T,0.0,0
1941-05-29,89,72,0.05,0.0,0
1941-05-30,88,72,0.00,0.0,0
1941-05-31,92,72,0.00,0.0,0
1941-06-01,95,65,1.94,0.0,0
1941-06-02,85,65,0.84,0.0,0
1941-06-03,82,69,0.00,0.0,0
1941-06-04,87,66,0.00,0.0,0
1941-06-05,88,66,0.00,0.0,0
1941-06-06,79,66,1.94,0.0,0
1941-06-07,89,66,T,0.0,0
1941-06-08,89,74,0.04,0.0,0
1941-06-09,90,76,0.12,0.0,0
1941-06-10,79,65,2.06,0.0,0
1941-06-11,84,64,0.01,0.0,0
1941-06-12,87,65,0.00,0.0,0
1941-06-13,84,64,1.14,0.0,0
1941-06-14,84,63,0.00,0.0,0
1941-06-15,79,66,0.38,0.0,0
1941-06-16,81,67,1.13,0.0,0
1941-06-17,83,62,0.00,0.0,0
1941-06-18,86,62,0.00,0.0,0
1941-06-19,90,67,0.00,0.0,0
1941-06-20,92,73,0.00,0.0,0
1941-06-21,88,71,0.00,0.0,0
1941-06-22,91,70,0.01,0.0,0
1941-06-23,90,69,T,0.0,0
1941-06-24,93,70,0.00,0.0,0
1941-06-25,91,74,0.18,0.0,0
1941-06-26,89,75,0.02,0.0,0
1941-06-27,90,69,2.37,0.0,0
1941-06-28,93,72,0.00,0.0,0
1941-06-29,94,74,0.00,0.0,0
1941-06-30,95,76,0.00,0.0,0
1941-07-01,96,78,0.00,0.0,0
1941-07-02,95,76,0.18,0.0,0
1941-07-03,93,73,0.00,0.0,0
1941-07-04,90,69,0.00,0.0,0
1941-07-05,92,68,0.00,0.0,0
1941-07-06,94,69,0.00,0.0,0
1941-07-07,95,70,0.00,0.0,0
1941-07-08,98,74,0.00,0.0,0
1941-07-09,98,75,0.00,0.0,0
1941-07-10,98,75,0.04,0.0,0
1941-07-11,76,71,0.25,0.0,0
1941-07-12,82,70,0.21,0.0,0
1941-07-13,90,73,0.00,0.0,0
1941-07-14,92,76,T,0.0,0
1941-07-15,93,75,0.02,0.0,0
1941-07-16,96,74,0.05,0.0,0
1941-07-17,98,72,0.00,0.0,0
1941-07-18,99,79,0.00,0.0,0
1941-07-19,90,69,0.01,0.0,0
1941-07-20,95,76,0.00,0.0,0
1941-07-21,95,76,0.00,0.0,0
1941-07-22,98,76,0.00,0.0,0
1941-07-23,97,77,0.00,0.0,0
1941-07-24,96,77,0.00,0.0,0
1941-07-25,96,77,0.00,0.0,0
1941-07-26,97,76,0.00,0.0,0
1941-07-27,96,78,0.00,0.0,0
1941-07-28,97,76,0.00,0.0,0
1941-07-29,95,79,0.00,0.0,0
1941-07-30,99,78,0.00,0.0,0
1941-07-31,100,78,0.00,0.0,0
1941-08-01,100,78,0.00,0.0,0
1941-08-02,98,78,0.00,0.0,0
1941-08-03,99,79,T,0.0,0
1941-08-04,99,75,0.45,0.0,0
1941-08-05,97,74,0.01,0.0,0
1941-08-06,94,69,1.37,0.0,0
1941-08-07,86,74,0.31,0.0,0
1941-08-08,90,73,0.33,0.0,0
1941-08-09,94,74,0.00,0.0,0
1941-08-10,96,76,0.00,0.0,0
1941-08-11,98,77,0.00,0.0,0
1941-08-12,95,75,0.03,0.0,0
1941-08-13,88,69,0.82,0.0,0
1941-08-14,92,75,0.00,0.0,0
1941-08-15,97,75,0.00,0.0,0
1941-08-16,98,74,0.00,0.0,0
1941-08-17,100,72,0.00,0.0,0
1941-08-18,101,78,0.00,0.0,0
1941-08-19,94,75,0.00,0.0,0
1941-08-20,96,70,0.00,0.0,0
1941-08-21,88,75,0.06,0.0,0
1941-08-22,86,72,0.54,0.0,0
1941-08-23,92,72,0.03,0.0,0
1941-08-24,87,70,1.07,0.0,0
1941-08-25,96,76,0.00,0.0,0
1941-08-26,96,79,0.00,0.0,0
1941-08-27,92,70,0.52,0.0,0
1941-08-28,93,75,T,0.0,0
1941-08-29,94,74,0.00,0.0,0
1941-08-30,94,75,0.00,0.0,0
1941-08-31,96,75,0.00,0.0,0
1941-09-01,94,75,0.00,0.0,0
1941-09-02,94,75,0.00,0.0,0
1941-09-03,98,77,0.00,0.0,0
1941-09-04,98,77,0.00,0.0,0
1941-09-05,96,78,0.00,0.0,0
1941-09-06,97,77,0.00,0.0,0
1941-09-07,95,76,0.00,0.0,0
1941-09-08,95,75,T,0.0,0
1941-09-09,78,61,0.10,0.0,0
1941-09-10,84,56,0.00,0.0,0
1941-09-11,85,67,0.00,0.0,0
1941-09-12,88,71,T,0.0,0
1941-09-13,93,71,0.00,0.0,0
1941-09-14,90,72,0.00,0.0,0
1941-09-15,87,76,T,0.0,0
1941-09-16,90,74,T,0.0,0
1941-09-17,92,72,T,0.0,0
1941-09-18,91,69,0.00,0.0,0
1941-09-19,94,70,0.00,0.0,0
1941-09-20,92,71,0.00,0.0,0
1941-09-21,90,66,0.00,0.0,0
1941-09-22,91,66,0.00,0.0,0
1941-09-23,88,72,T,0.0,0
1941-09-24,83,67,1.00,0.0,0
1941-09-25,82,63,0.12,0.0,0
1941-09-26,80,55,0.00,0.0,0
1941-09-27,90,61,0.00,0.0,0
1941-09-28,91,64,0.00,0.0,0
1941-09-29,91,59,0.00,0.0,0
1941-09-30,92,73,0.00,0.0,0
1941-10-01,85,70,0.72,0.0,0
1941-10-02,86,71,0.00,0.0,0
1941-10-03,81,74,0.30,0.0,0
1941-10-04,80,75,0.33,0.0,0
1941-10-05,90,76,0.02,0.0,0
1941-10-06,89,75,T,0.0,0
1941-10-07,88,73,0.61,0.0,0
1941-10-08,89,73,T,0.0,0
1941-10-09,92,73,T,0.0,0
1941-10-10,75,58,0.03,0.0,0
1941-10-11,79,55,0.00,0.0,0
1941-10-12,86,64,0.00,0.0,0
1941-10-13,88,70,0.00,0.0,0
1941-10-14,88,74,0.00,0.0,0
1941-10-15,77,59,0.85,0.0,0
1941-10-16,63,54,T,0.0,0
1941-10-17,74,56,0.00,0.0,0
1941-10-18,83,57,0.00,0.0,0
1941-10-19,80,66,0.18,0.0,0
1941-10-20,84,69,T,0.0,0
1941-10-21,87,66,0.00,0.0,0
1941-10-22,86,68,0.00,0.0,0
1941-10-23,82,69,0.02,0.0,0
1941-10-24,85,66,0.00,0.0,0
1941-10-25,85,67,T,0.0,0
1941-10-26,83,66,0.11,0.0,0
1941-10-27,66,46,0.00,0.0,0
1941-10-28,56,38,0.00,0.0,0
1941-10-29,62,45,T,0.0,0
1941-10-30,60,49,1.32,0.0,0
1941-10-31,49,41,0.08,0.0,0
1941-11-01,74,38,0.00,0.0,0
1941-11-02,76,49,0.00,0.0,0
1941-11-03,78,56,0.00,0.0,0
1941-11-04,72,47,0.00,0.0,0
1941-11-05,66,44,0.06,0.0,0
1941-11-06,62,37,0.00,0.0,0
1941-11-07,63,43,T,0.0,0
1941-11-08,61,40,0.00,0.0,0
1941-11-09,62,42,0.00,0.0,0
1941-11-10,62,37,0.00,0.0,0
1941-11-11,57,37,0.00,0.0,0
1941-11-12,62,30,0.00,0.0,0
1941-11-13,66,38,0.00,0.0,0
1941-11-14,74,41,0.00,0.0,0
1941-11-15,82,43,0.00,0.0,0
1941-11-16,82,52,0.00,0.0,0
1941-11-17,80,55,0.00,0.0,0
1941-11-18,78,61,0.00,0.0,0
1941-11-19,79,54,0.13,0.0,0
1941-11-20,60,43,T,0.0,0
1941-11-21,58,46,0.02,0.0,0
1941-11-22,53,42,0.46,0.0,0
1941-11-23,43,30,0.00,0.0,0
1941-11-24,56,24,0.00,0.0,0
1941-11-25,64,33,0.00,0.0,0
1941-11-26,69,40,0.00,0.0,0
1941-11-27,71,41,0.00,0.0,0
1941-11-28,71,46,0.00,0.0,0
1941-11-29,69,45,0.00,0.0,0
1941-11-30,74,56,0.00,0.0,0
1941-12-01,77,56,0.06,0.0,0
1941-12-02,67,44,0.12,0.0,0
1941-12-03,67,37,0.00,0.0,0
1941-12-04,69,45,0.00,0.0,0
1941-12-05,62,44,0.00,0.0,0
1941-12-06,59,35,0.00,0.0,0
1941-12-07,56,32,0.00,0.0,0
1941-12-08,62,37,0.00,0.0,0
1941-12-09,62,36,0.00,0.0,0
1941-12-10,55,36,0.24,0.0,0
1941-12-11,47,40,0.84,0.0,0
1941-12-12,48,40,0.30,0.0,0
1941-12-13,46,40,0.00,0.0,0
1941-12-14,50,42,0.00,0.0,0
1941-12-15,49,42,T,0.0,0
1941-12-16,54,44,T,0.0,0
1941-12-17,68,42,T,0.0,0
1941-12-18,69,47,0.00,0.0,0
1941-12-19,67,37,0.00,0.0,0
1941-12-20,66,34,0.00,0.0,0
1941-12-21,63,57,0.32,0.0,0
1941-12-22,77,57,0.02,0.0,0
1941-12-23,57,38,0.00,0.0,0
1941-12-24,60,31,0.00,0.0,0
1941-12-25,62,45,0.02,0.0,0
1941-12-26,50,32,0.00,0.0,0
1941-12-27,52,28,0.00,0.0,0
1941-12-28,48,27,0.00,0.0,0
1941-12-29,52,26,0.00,0.0,0
1941-12-30,65,45,0.00,0.0,0
1941-12-31,63,51,0.05,0.0,0
1942-01-01,52,20,T,0.0,0
1942-01-02,25,17,0.00,0.0,0
1942-01-03,34,22,0.15,0.9,0
1942-01-04,27,14,0.01,0.1,0
1942-01-05,24,10,0.00,T,0
1942-01-06,31,21,0.00,0.0,0
1942-01-07,32,16,T,T,0
1942-01-08,30,12,0.00,0.0,0
1942-01-09,36,23,0.00,0.0,0
1942-01-10,42,15,0.00,0.0,0
1942-01-11,63,27,0.00,0.0,0
1942-01-12,63,32,0.00,0.0,0
1942-01-13,68,30,0.00,0.0,0
1942-01-14,58,42,0.05,0.0,0
1942-01-15,61,30,0.00,0.0,0
1942-01-16,66,35,T,0.0,0
1942-01-17,68,46,0.00,0.0,0
1942-01-18,62,41,0.00,0.0,0
1942-01-19,62,29,0.00,0.0,0
1942-01-20,63,38,0.00,0.0,0
1942-01-21,61,29,0.00,0.0,0
1942-01-22,75,33,0.00,0.0,0
1942-01-23,78,34,0.00,0.0,0
1942-01-24,77,44,0.00,0.0,0
1942-01-25,75,33,0.00,0.0,0
1942-01-26,75,54,0.00,0.0,0
1942-01-27,67,42,0.00,0.0,0
1942-01-28,67,32,0.00,0.0,0
1942-01-29,66,44,T,0.0,0
1942-01-30,60,38,0.26,0.0,0
1942-01-31,50,31,0.00,0.0,0
1942-02-01,53,33,0.00,0.0,0
1942-02-02,65,40,0.00,0.0,0
1942-02-03,68,52,0.00,0.0,0
1942-02-04,72,59,0.00,0.0,0
1942-02-05,86,57,0.00,0.0,0
1942-02-06,73,49,0.00,0.0,0
1942-02-07,63,34,0.00,0.0,0
1942-02-08,70,49,0.00,0.0,0
1942-02-09,57,36,T,0.0,0
1942-02-10,44,33,0.00,0.0,0
1942-02-11,54,33,0.00,0.0,0
1942-02-12,58,33,0.00,0.0,0
1942-02-13,63,38,0.00,0.0,0
1942-02-14,54,46,0.43,0.0,0
1942-02-15,65,53,0.15,0.0,0
1942-02-16,61,42,0.37,0.0,0
1942-02-17,62,33,0.00,0.0,0
1942-02-18,38,20,0.00,0.0,0
1942-02-19,45,28,0.00,0.0,0
1942-02-20,58,27,0.00,0.0,0
1942-02-21,61,36,0.00,0.0,0
1942-02-22,60,44,0.01,0.0,0
1942-02-23,63,40,0.00,0.0,0
1942-02-24,50,33,0.00,0.0,0
1942-02-25,46,34,0.00,0.0,0
1942-02-26,46,31,0.00,0.0,0
1942-02-27,50,26,0.00,0.0,0
1942-02-28,48,35,T,0.0,0
1942-03-01,41,32,1.33,0.4,T
1942-03-02,53,31,T,T,0
1942-03-03,61,30,0.00,0.0,0
1942-03-04,57,42,0.09,0.0,0
1942-03-05,63,37,T,T,0
1942-03-06,77,40,0.00,0.0,0
1942-03-07,60,37,0.09,0.0,0
1942-03-08,59,34,0.33,0.1,0
1942-03-09,77,36,0.00,0.0,0
1942-03-10,77,48,0.00,0.0,0
1942-03-11,74,50,0.00,0.0,0
1942-03-12,86,62,T,0.0,0
1942-03-13,85,57,0.00,0.0,0
1942-03-14,75,56,T,0.0,0
1942-03-15,80,59,0.01,0.0,0
1942-03-16,76,47,T,0.0,0
1942-03-17,72,38,0.00,0.0,0
1942-03-18,72,34,0.00,0.0,0
1942-03-19,78,50,0.00,0.0,0
1942-03-20,66,45,T,0.0,0
1942-03-21,65,40,0.00,0.0,0
1942-03-22,74,38,0.00,0.0,0
1942-03-23,77,45,0.00,0.0,0
1942-03-24,72,54,0.00,0.0,0
1942-03-25,83,53,0.09,0.0,0
1942-03-26,65,44,0.00,0.0,0
1942-03-27,62,38,0.00,0.0,0
1942-03-28,71,38,0.00,0.0,0
1942-03-29,76,46,0.00,0.0,0
1942-03-30,63,48,0.00,0.0,0
1942-03-31,64,36,0.00,0.0,0
1942-04-01,76,40,0.00,0.0,0
1942-04-02,80,53,0.00,0.0,0
1942-04-03,79,58,0.00,0.0,0
1942-04-04,85,60,0.00,0.0,0
1942-04-05,78,64,T,0.0,0
1942-04-06,75,60,1.17,0.0,0
1942-04-07,66,56,1.95,0.0,0
1942-04-08,56,49,0.95,0.0,0
1942-04-09,56,47,T,0.0,0
1942-04-10,69,42,0.00,0.0,0
1942-04-11,76,48,0.00,0.0,0
1942-04-12,70,52,0.27,0.0,0
1942-04-13,70,55,0.62,0.0,0
1942-04-14,71,59,0.01,0.0,0
1942-04-15,74,56,0.00,0.0,0
1942-04-16,79,59,0.00,0.0,0
1942-04-17,82,59,0.00,0.0,0
1942-04-18,78,66,0.08,0.0,0
1942-04-19,74,60,1.35,0.0,0
1942-04-20,64,55,2.09,0.0,0
1942-04-21,66,52,T,0.0,0
1942-04-22,76,50,0.00,0.0,0
1942-04-23,66,56,2.38,0.0,0
1942-04-24,70,58,0.06,0.0,0
1942-04-25,83,64,0.66,0.0,0
1942-04-26,85,61,0.00,0.0,0
1942-04-27,80,63,0.64,0.0,0
1942-04-28,84,63,T,0.0,0
1942-04-29,83,69,0.01,0.0,0
1942-04-30,77,62,0.13,0.0,0
1942-05-01,85,70,T,0.0,0
1942-05-02,82,70,T,0.0,0
1942-05-03,76,57,0.00,0.0,0
1942-05-04,79,51,0.00,0.0,0
1942-05-05,85,68,0.00,0.0,0
1942-05-06,74,57,2.00,0.0,0
1942-05-07,67,53,0.00,0.0,0
1942-05-08,75,51,0.00,0.0,0
1942-05-09,82,56,0.00,0.0,0
1942-05-10,81,62,T,0.0,0
1942-05-11,81,69,T,0.0,0
1942-05-12,87,69,0.00,0.0,0
1942-05-13,92,66,0.10,0.0,0
1942-05-14,80,51,0.12,0.0,0
1942-05-15,75,45,0.00,0.0,0
1942-05-16,85,53,0.00,0.0,0
1942-05-17,87,66,0.02,0.0,0
1942-05-18,72,65,1.13,0.0,0
1942-05-19,77,61,1.16,0.0,0
1942-05-20,74,58,0.00,0.0,0
1942-05-21,75,56,T,0.0,0
1942-05-22,82,56,0.04,0.0,0
1942-05-23,78,62,T,0.0,0
1942-05-24,80,59,T,0.0,0
1942-05-25,86,66,0.00,0.0,0
1942-05-26,90,69,0.00,0.0,0
1942-05-27,92,71,0.00,0.0,0
1942-05-28,92,74,0.00,0.0,0
1942-05-29,94,74,T,0.0,0
1942-05-30,92,70,0.00,0.0,0
1942-05-31,92,71,0.00,0.0,0
1942-06-01,93,75,0.00,0.0,0
1942-06-02,92,72,0.00,0.0,0
1942-06-03,94,70,0.00,0.0,0
1942-06-04,94,69,0.00,0.0,0
1942-06-05,81,70,0.59,0.0,0
1942-06-06,81,70,0.50,0.0,0
1942-06-07,85,69,0.34,0.0,0
1942-06-08,86,70,0.05,0.0,0
1942-06-09,75,70,0.42,0.0,0
1942-06-10,86,67,T,0.0,0
1942-06-11,88,69,0.00,0.0,0
1942-06-12,98,79,0.00,0.0,0
1942-06-13,84,67,T,0.0,0
1942-06-14,79,63,T,0.0,0
1942-06-15,83,62,1.26,0.0,0
1942-06-16,88,70,T,0.0,0
1942-06-17,92,75,0.00,0.0,0
1942-06-18,94,76,0.00,0.0,0
1942-06-19,93,75,0.00,0.0,0
1942-06-20,96,75,0.00,0.0,0
1942-06-21,91,76,T,0.0,0
1942-06-22,87,68,0.71,0.0,0
1942-06-23,89,68,0.00,0.0,0
1942-06-24,95,75,0.00,0.0,0
1942-06-25,94,78,0.00,0.0,0
1942-06-26,97,75,0.00,0.0,0
1942-06-27,96,76,0.00,0.0,0
1942-06-28,94,74,0.00,0.0,0
1942-06-29,95,75,0.00,0.0,0
1942-06-30,93,73,0.00,0.0,0
1942-07-01,92,71,0.00,0.0,0
1942-07-02,88,68,T,0.0,0
1942-07-03,93,71,0.00,0.0,0
1942-07-04,92,69,0.00,0.0,0
1942-07-05,84,71,T,0.0,0
1942-07-06,87,70,T,0.0,0
1942-07-07,91,70,T,0.0,0
1942-07-08,95,74,0.00,0.0,0
1942-07-09,97,76,0.00,0.0,0
1942-07-10,96,77,0.00,0.0,0
1942-07-11,98,77,0.00,0.0,0
1942-07-12,96,77,0.00,0.0,0
1942-07-13,99,76,0.00,0.0,0
1942-07-14,99,75,0.00,0.0,0
1942-07-15,99,78,0.00,0.0,0
1942-07-16,99,77,0.00,0.0,0
1942-07-17,95,77,0.00,0.0,0
1942-07-18,96,76,0.00,0.0,0
1942-07-19,96,76,0.00,0.0,0
1942-07-20,99,76,0.00,0.0,0
1942-07-21,95,77,0.00,0.0,0
1942-07-22,95,72,0.00,0.0,0
1942-07-23,93,64,0.00,0.0,0
1942-07-24,96,66,0.00,0.0,0
1942-07-25,91,75,T,0.0,0
1942-07-26,90,74,T,0.0,0
1942-07-27,96,70,0.00,0.0,0
1942-07-28,98,76,0.00,0.0,0
1942-07-29,99,79,0.00,0.0,0
1942-07-30,98,73,0.00,0.0,0
1942-07-31,98,77,0.00,0.0,0
1942-08-01,98,77,0.00,0.0,0
1942-08-02,100,78,0.00,0.0,0
1942-08-03,99,79,0.00,0.0,0
1942-08-04,100,78,0.00,0.0,0
1942-08-05,101,78,0.00,0.0,0
1942-08-06,100,75,0.00,0.0,0
1942-08-07,100,79,0.00,0.0,0
1942-08-08,99,80,0.00,0.0,0
1942-08-09,104,75,0.05,0.0,0
1942-08-10,94,73,0.28,0.0,0
1942-08-11,90,74,0.14,0.0,0
1942-08-12,94,73,T,0.0,0
1942-08-13,96,73,0.00,0.0,0
1942-08-14,96,76,0.00,0.0,0
1942-08-15,97,75,0.00,0.0,0
1942-08-16,87,74,1.39,0.0,0
1942-08-17,82,72,0.59,0.0,0
1942-08-18,89,71,0.00,0.0,0
1942-08-19,93,72,0.00,0.0,0
1942-08-20,94,74,0.00,0.0,0
1942-08-21,94,74,0.00,0.0,0
1942-08-22,96,73,0.01,0.0,0
1942-08-23,86,76,T,0.0,0
1942-08-24,85,74,0.01,0.0,0
1942-08-25,90,74,0.16,0.0,0
1942-08-26,93,75,T,0.0,0
1942-08-27,92,76,0.00,0.0,0
1942-08-28,90,75,0.00,0.0,0
1942-08-29,88,68,T,0.0,0
1942-08-30,88,75,0.09,0.0,0
1942-08-31,91,75,0.00,0.0,0
1942-09-01,92,74,T,0.0,0
1942-09-02,93,74,0.00,0.0,0
1942-09-03,82,73,T,0.0,0
1942-09-04,87,66,T,0.0,0
1942-09-05,91,71,0.00,0.0,0
1942-09-06,89,67,1.07,0.0,0
1942-09-07,79,68,2.39,0.0,0
1942-09-08,77,69,0.97,0.0,0
1942-09-09,89,72,0.15,0.0,0
1942-09-10,90,74,0.00,0.0,0
1942-09-11,91,73,0.00,0.0,0
1942-09-12,95,71,0.00,0.0,0
1942-09-13,93,71,0.00,0.0,0
1942-09-14,92,69,0.00,0.0,0
1942-09-15,91,71,0.00,0.0,0
1942-09-16,86,71,0.00,0.0,0
1942-09-17,89,73,0.00,0.0,0
1942-09-18,91,77,T,0.0,0
1942-09-19,84,59,0.03,0.0,0
1942-09-20,77,55,T,0.0,0
1942-09-21,78,47,0.00,0.0,0
1942-09-22,85,57,0.00,0.0,0
1942-09-23,88,59,0.00,0.0,0
1942-09-24,80,62,0.00,0.0,0
1942-09-25,86,54,0.00,0.0,0
1942-09-26,72,44,T,0.0,0
1942-09-27,74,36,0.00,0.0,0
1942-09-28,76,46,0.00,0.0,0
1942-09-29,75,48,0.00,0.0,0
1942-09-30,72,43,T,0.0,0
1942-10-01,78,56,T,0.0,0
1942-10-02,85,67,0.00,0.0,0
1942-10-03,80,70,0.16,0.0,0
1942-10-04,83,62,0.00,0.0,0
1942-10-05,82,58,0.00,0.0,0
1942-10-06,81,47,0.00,0.0,0
1942-10-07,80,48,0.00,0.0,0
1942-10-08,82,50,0.00,0.0,0
1942-10-09,84,54,0.00,0.0,0
1942-10-10,86,53,0.00,0.0,0
1942-10-11,86,52,0.00,0.0,0
1942-10-12,85,57,0.00,0.0,0
1942-10-13,84,60,0.00,0.0,0
1942-10-14,83,60,T,0.0,0
1942-10-15,76,61,0.35,0.0,0
1942-10-16,70,63,3.93,0.0,0
1942-10-17,73,63,0.43,0.0,0
1942-10-18,68,56,0.77,0.0,0
1942-10-19,67,52,0.00,0.0,0
1942-10-20,75,51,0.00,0.0,0
1942-10-21,74,54,0.00,0.0,0
1942-10-22,76,50,0.00,0.0,0
1942-10-23,66,43,0.00,0.0,0
1942-10-24,72,46,0.00,0.0,0
1942-10-25,66,46,0.00,0.0,0
1942-10-26,64,37,0.00,0.0,0
1942-10-27,68,42,0.00,0.0,0
1942-10-28,72,52,T,0.0,0
1942-10-29,81,67,T,0.0,0
1942-10-30,77,53,0.78,0.0,0
1942-10-31,66,43,0.00,0.0,0
1942-11-01,76,45,0.00,0.0,0
1942-11-02,74,59,0.00,0.0,0
1942-11-03,62,54,0.00,0.0,0
1942-11-04,72,55,0.78,0.0,0
1942-11-05,76,57,0.03,0.0,0
1942-11-06,64,55,0.14,0.0,0
1942-11-07,72,57,0.31,0.0,0
1942-11-08,82,64,0.00,0.0,0
1942-11-09,80,57,T,0.0,0
1942-11-10,57,40,0.00,0.0,0
1942-11-11,64,34,0.00,0.0,0
1942-11-12,73,36,0.00,0.0,0
1942-11-13,76,45,0.00,0.0,0
1942-11-14,76,46,0.00,0.0,0
1942-11-15,77,54,0.00,0.0,0
1942-11-16,82,67,0.00,0.0,0
1942-11-17,81,68,0.00,0.0,0
1942-11-18,80,65,0.00,0.0,0
1942-11-19,79,65,0.00,0.0,0
1942-11-20,81,69,0.02,0.0,0
1942-11-21,73,39,0.47,0.0,0
1942-11-22,51,39,0.00,0.0,0
1942-11-23,61,33,0.00,0.0,0
1942-11-24,74,36,0.00,0.0,0
1942-11-25,82,48,0.00,0.0,0
1942-11-26,56,33,0.00,0.0,0
1942-11-27,56,29,0.00,0.0,0
1942-11-28,79,42,0.00,0.0,0
1942-11-29,49,29,0.00,0.0,0
1942-11-30,68,31,0.00,0.0,0
1942-12-01,57,37,0.00,0.0,0
1942-12-02,66,35,0.00,0.0,0
1942-12-03,50,35,0.00,0.0,0
1942-12-04,39,35,0.55,0.0,0
1942-12-05,50,37,0.18,0.0,0
1942-12-06,40,35,0.31,T,T
1942-12-07,40,35,T,T,T
1942-12-08,44,35,0.00,0.0,0
1942-12-09,47,33,T,0.0,0
1942-12-10,66,43,0.00,0.0,0
1942-12-11,60,40,T,0.0,0
1942-12-12,62,33,0.00,0.0,0
1942-12-13,72,39,0.00,0.0,0
1942-12-14,72,41,0.00,0.0,0
1942-12-15,75,44,0.00,0.0,0
1942-12-16,56,34,0.00,0.0,0
1942-12-17,72,41,0.00,0.0,0
1942-12-18,72,44,0.00,0.0,0
1942-12-19,66,48,0.04,0.0,0
1942-12-20,48,40,0.14,0.0,0
1942-12-21,50,41,0.85,0.0,0
1942-12-22,59,39,0.00,0.0,0
1942-12-23,62,34,0.00,0.0,0
1942-12-24,66,43,0.00,0.0,0
1942-12-25,71,44,0.00,0.0,0
1942-12-26,72,48,0.96,0.0,0
1942-12-27,49,30,T,0.0,0
1942-12-28,35,27,T,T,T
1942-12-29,56,30,0.00,0.0,0
1942-12-30,57,31,0.00,0.0,0
1942-12-31,70,34,0.00,0.0,0
1943-01-01,72,42,0.00,0.0,0
1943-01-02,71,57,0.00,0.0,0
1943-01-03,62,39,0.00,0.0,0
1943-01-04,44,29,0.00,0.0,0
1943-01-05,45,34,T,T,0
1943-01-06,41,37,0.31,0.0,0
1943-01-07,44,33,T,0.0,0
1943-01-08,48,29,0.00,0.0,0
1943-01-09,61,27,0.00,0.0,0
1943-01-10,66,35,0.00,0.0,0
1943-01-11,66,38,0.00,0.0,0
1943-01-12,60,34,0.00,0.0,0
1943-01-13,64,34,0.00,0.0,0
1943-01-14,69,38,0.00,0.0,0
1943-01-15,75,34,0.00,0.0,0
1943-01-16,79,37,0.00,0.0,0
1943-01-17,37,26,0.00,0.0,0
1943-01-18,34,9,0.00,0.0,0
1943-01-19,27,5,0.00,0.0,0
1943-01-20,44,10,0.00,0.0,0
1943-01-21,73,33,0.00,0.0,0
1943-01-22,85,46,0.00,0.0,0
1943-01-23,88,48,0.00,0.0,0
1943-01-24,84,38,0.00,0.0,0
1943-01-25,38,20,T,0.0,0
1943-01-26,44,22,0.00,0.0,0
1943-01-27,49,16,0.00,0.0,0
1943-01-28,42,30,T,T,0
1943-01-29,69,30,0.00,0.0,0
1943-01-30,70,29,T,0.0,0
1943-01-31,72,45,T,0.0,0
1943-02-01,58,40,T,0.0,0
1943-02-02,63,48,0.68,0.0,0
1943-02-03,72,52,0.00,0.0,0
1943-02-04,55,45,0.00,0.0,0
1943-02-05,75,41,0.00,0.0,0
1943-02-06,64,34,0.00,0.0,0
1943-02-07,76,39,0.00,0.0,0
1943-02-08,77,49,0.00,0.0,0
1943-02-09,77,58,0.00,0.0,0
1943-02-10,64,30,0.00,0.0,0
1943-02-11,63,25,0.00,0.0,0
1943-02-12,61,32,0.00,0.0,0
1943-02-13,64,30,0.00,0.0,0
1943-02-14,56,35,0.00,0.0,0
1943-02-15,59,29,0.00,0.0,0
1943-02-16,54,27,0.00,0.0,0
1943-02-17,67,41,T,0.0,0
1943-02-18,70,51,T,0.0,0
1943-02-19,72,51,T,0.0,0
1943-02-20,77,55,T,0.0,0
1943-02-21,69,44,0.00,0.0,0
1943-02-22,73,34,0.00,0.0,0
1943-02-23,85,51,0.00,0.0,0
1943-02-24,56,41,0.00,0.0,0
1943-02-25,58,38,0.00,0.0,0
1943-02-26,56,34,0.00,0.0,0
1943-02-27,60,26,0.00,0.0,0
1943-02-28,58,41,0.00,0.0,0
1943-03-01,62,32,0.00,0.0,0
1943-03-02,43,18,T,T,0
1943-03-03,38,11,0.00,0.0,0
1943-03-04,62,28,T,0.0,0
1943-03-05,65,36,0.02,0.0,0
1943-03-06,37,22,0.00,0.0,0
1943-03-07,42,20,0.00,0.0,0
1943-03-08,59,29,0.00,0.0,0
1943-03-09,67,43,0.00,0.0,0
1943-03-10,63,39,0.01,0.0,0
1943-03-11,46,40,0.17,0.0,0
1943-03-12,55,45,1.14,0.0,0
1943-03-13,54,46,T,0.0,0
1943-03-14,74,43,0.00,0.0,0
1943-03-15,83,64,T,0.0,0
1943-03-16,68,38,0.00,0.0,0
1943-03-17,71,39,0.00,0.0,0
1943-03-18,81,59,T,0.0,0
1943-03-19,71,35,0.10,0.0,0
1943-03-20,57,39,0.00,0.0,0
1943-03-21,61,35,0.00,0.0,0
1943-03-22,62,32,0.00,0.0,0
1943-03-23,56,46,0.02,0.0,0
1943-03-24,56,49,3.01,0.0,0
1943-03-25,59,51,T,0.0,0
1943-03-26,60,51,0.12,0.0,0
1943-03-27,72,46,0.00,0.0,0
1943-03-28,78,56,0.00,0.0,0
1943-03-29,80,57,0.00,0.0,0
1943-03-30,78,55,0.00,0.0,0
1943-03-31,80,62,T,0.0,0
1943-04-01,80,59,0.00,0.0,0
1943-04-02,84,58,0.00,0.0,0
1943-04-03,85,60,0.00,0.0,0
1943-04-04,86,63,0.00,0.0,0
1943-04-05,88,62,0.00,0.0,0
1943-04-06,83,62,0.00,0.0,0
1943-04-07,82,63,0.00,0.0,0
1943-04-08,71,57,1.47,0.0,0
1943-04-09,81,63,T,0.0,0
1943-04-10,83,68,0.00,0.0,0
1943-04-11,86,64,0.01,0.0,0
1943-04-12,75,55,0.00,0.0,0
1943-04-13,73,52,0.00,0.0,0
1943-04-14,56,44,T,0.0,0
1943-04-15,74,41,0.00,0.0,0
1943-04-16,70,58,0.04,0.0,0
1943-04-17,67,54,0.11,0.0,0
1943-04-18,74,53,0.00,0.0,0
1943-04-19,65,50,T,0.0,0
1943-04-20,68,45,T,0.0,0
1943-04-21,81,56,0.00,0.0,0
1943-04-22,82,64,0.00,0.0,0
1943-04-23,84,60,0.00,0.0,0
1943-04-24,88,59,0.00,0.0,0
1943-04-25,90,64,0.00,0.0,0
1943-04-26,87,66,T,0.0,0
1943-04-27,87,66,T,0.0,0
1943-04-28,84,64,0.00,0.0,0
1943-04-29,88,64,0.00,0.0,0
1943-04-30,91,64,0.00,0.0,0
1943-05-01,91,57,0.00,0.0,0
1943-05-02,96,69,0.00,0.0,0
1943-05-03,95,68,0.00,0.0,0
1943-05-04,92,66,0.00,0.0,0
1943-05-05,90,68,0.00,0.0,0
1943-05-06,80,64,0.01,0.0,0
1943-05-07,82,63,1.04,0.0,0
1943-05-08,79,60,0.40,0.0,0
1943-05-09,85,66,T,0.0,0
1943-05-10,77,60,0.47,0.0,0
1943-05-11,83,54,0.00,0.0,0
1943-05-12,92,63,0.00,0.0,0
1943-05-13,71,54,0.00,0.0,0
1943-05-14,79,56,0.03,0.0,0
1943-05-15,86,68,T,0.0,0
1943-05-16,89,75,0.00,0.0,0
1943-05-17,89,74,T,0.0,0
1943-05-18,86,72,T,0.0,0
1943-05-19,89,68,0.00,0.0,0
1943-05-20,72,58,0.04,0.0,0
1943-05-21,73,55,0.50,0.0,0
1943-05-22,66,57,1.79,0.0,0
1943-05-23,80,59,T,0.0,0
1943-05-24,82,64,0.00,0.0,0
1943-05-25,85,55,0.00,0.0,0
1943-05-26,85,61,0.00,0.0,0
1943-05-27,92,65,0.42,0.0,0
1943-05-28,92,74,T,0.0,0
1943-05-29,75,68,0.23,0.0,0
1943-05-30,85,71,0.07,0.0,0
1943-05-31,89,71,0.00,0.0,0
1943-06-01,87,76,0.00,0.0,0
1943-06-02,91,77,0.00,0.0,0
1943-06-03,88,76,0.00,0.0,0
1943-06-04,91,72,0.08,0.0,0
1943-06-05,86,69,1.10,0.0,0
1943-06-06,84,69,0.15,0.0,0
1943-06-07,89,68,0.00,0.0,0
1943-06-08,90,72,0.00,0.0,0
1943-06-09,92,71,0.00,0.0,0
1943-06-10,92,72,0.00,0.0,0
1943-06-11,92,72,0.00,0.0,0
1943-06-12,90,74,0.00,0.0,0
1943-06-13,89,74,0.00,0.0,0
1943-06-14,86,72,0.22,0.0,0
1943-06-15,91,71,0.00,0.0,0
1943-06-16,93,74,0.00,0.0,0
1943-06-17,94,75,0.09,0.0,0
1943-06-18,94,71,T,0.0,0
1943-06-19,94,73,0.00,0.0,0
1943-06-20,94,76,0.00,0.0,0
1943-06-21,94,77,0.00,0.0,0
1943-06-22,95,76,0.00,0.0,0
1943-06-23,96,74,0.00,0.0,0
1943-06-24,97,76,0.00,0.0,0
1943-06-25,94,73,0.00,0.0,0
1943-06-26,97,77,0.00,0.0,0
1943-06-27,97,78,0.00,0.0,0
1943-06-28,100,77,T,0.0,0
1943-06-29,88,72,0.01,0.0,0
1943-06-30,85,72,0.00,0.0,0
1943-07-01,89,64,0.00,0.0,0
1943-07-02,93,64,0.00,0.0,0
1943-07-03,95,77,0.00,0.0,0
1943-07-04,99,75,0.00,0.0,0
1943-07-05,99,77,0.00,0.0,0
1943-07-06,102,75,0.00,0.0,0
1943-07-07,102,74,0.00,0.0,0
1943-07-08,95,76,0.00,0.0,0
1943-07-09,90,73,T,0.0,0
1943-07-10,90,70,0.17,0.0,0
1943-07-11,92,69,0.00,0.0,0
1943-07-12,88,72,0.00,0.0,0
1943-07-13,94,74,T,0.0,0
1943-07-14,93,76,0.10,0.0,0
1943-07-15,96,77,0.00,0.0,0
1943-07-16,98,76,0.00,0.0,0
1943-07-17,99,74,0.00,0.0,0
1943-07-18,96,77,0.00,0.0,0
1943-07-19,98,78,0.00,0.0,0
1943-07-20,100,80,0.00,0.0,0
1943-07-21,100,80,0.00,0.0,0
1943-07-22,102,77,0.00,0.0,0
1943-07-23,102,78,0.00,0.0,0
1943-07-24,105,78,0.00,0.0,0
1943-07-25,100,75,T,0.0,0
1943-07-26,104,75,0.00,0.0,0
1943-07-27,96,72,0.00,0.0,0
1943-07-28,93,72,0.00,0.0,0
1943-07-29,87,75,T,0.0,0
1943-07-30,96,76,0.00,0.0,0
1943-07-31,97,76,0.00,0.0,0
1943-08-01,101,77,0.00,0.0,0
1943-08-02,100,79,0.00,0.0,0
1943-08-03,101,78,0.00,0.0,0
1943-08-04,99,79,0.00,0.0,0
1943-08-05,97,79,0.00,0.0,0
1943-08-06,100,78,0.00,0.0,0
1943-08-07,100,78,0.00,0.0,0
1943-08-08,101,80,0.00,0.0,0
1943-08-09,101,80,0.00,0.0,0
1943-08-10,101,82,0.00,0.0,0
1943-08-11,98,77,0.00,0.0,0
1943-08-12,97,78,0.00,0.0,0
1943-08-13,99,77,0.00,0.0,0
1943-08-14,99,80,0.00,0.0,0
1943-08-15,101,81,0.00,0.0,0
1943-08-16,107,82,0.00,0.0,0
1943-08-17,95,72,0.03,0.0,0
1943-08-18,92,73,0.00,0.0,0
1943-08-19,95,70,0.00,0.0,0
1943-08-20,97,73,0.00,0.0,0
1943-08-21,95,76,0.00,0.0,0
1943-08-22,98,76,0.00,0.0,0
1943-08-23,98,77,0.00,0.0,0
1943-08-24,97,77,0.00,0.0,0
1943-08-25,97,78,0.00,0.0,0
1943-08-26,100,75,0.00,0.0,0
1943-08-27,103,74,0.00,0.0,0
1943-08-28,104,73,0.00,0.0,0
1943-08-29,103,80,0.00,0.0,0
1943-08-30,98,79,0.00,0.0,0
1943-08-31,95,76,0.00,0.0,0
1943-09-01,95,77,T,0.0,0
1943-09-02,96,75,0.08,0.0,0
1943-09-03,90,75,0.66,0.0,0
1943-09-04,80,71,0.89,0.0,0
1943-09-05,91,70,0.03,0.0,0
1943-09-06,86,66,0.00,0.0,0
1943-09-07,87,60,0.00,0.0,0
1943-09-08,87,66,0.00,0.0,0
1943-09-09,88,62,0.00,0.0,0
1943-09-10,88,66,0.00,0.0,0
1943-09-11,90,66,0.00,0.0,0
1943-09-12,94,62,0.00,0.0,0
1943-09-13,94,69,0.00,0.0,0
1943-09-14,98,66,0.00,0.0,0
1943-09-15,92,71,0.00,0.0,0
1943-09-16,92,70,1.18,0.0,0
1943-09-17,80,62,T,0.0,0
1943-09-18,82,57,0.00,0.0,0
1943-09-19,82,57,0.00,0.0,0
1943-09-20,84,61,0.00,0.0,0
1943-09-21,86,62,0.00,0.0,0
1943-09-22,87,63,0.00,0.0,0
1943-09-23,87,68,0.00,0.0,0
1943-09-24,81,65,0.00,0.0,0
1943-09-25,84,64,0.00,0.0,0
1943-09-26,76,65,0.02,0.0,0
1943-09-27,69,60,T,0.0,0
1943-09-28,71,59,1.13,0.0,0
1943-09-29,83,69,0.02,0.0,0
1943-09-30,73,62,1.18,0.0,0
1943-10-01,77,60,0.51,0.0,0
1943-10-02,78,62,0.01,0.0,0
1943-10-03,82,59,0.00,0.0,0
1943-10-04,78,56,0.00,0.0,0
1943-10-05,75,53,0.00,0.0,0
1943-10-06,75,48,0.00,0.0,0
1943-10-07,75,50,T,0.0,0
1943-10-08,77,54,0.00,0.0,0
1943-10-09,83,51,0.00,0.0,0
1943-10-10,78,57,0.00,0.0,0
1943-10-11,81,60,0.03,0.0,0
1943-10-12,78,64,0.03,0.0,0
1943-10-13,77,57,0.00,0.0,0
1943-10-14,84,51,0.00,0.0,0
1943-10-15,69,45,0.00,0.0,0
1943-10-16,68,37,0.00,0.0,0
1943-10-17,75,43,0.00,0.0,0
1943-10-18,83,54,0.00,0.0,0
1943-10-19,82,64,0.00,0.0,0
1943-10-20,79,67,0.00,0.0,0
1943-10-21,85,55,0.00,0.0,0
1943-10-22,83,64,0.00,0.0,0
1943-10-23,78,64,0.06,0.0,0
1943-10-24,74,51,0.00,0.0,0
1943-10-25,71,44,0.00,0.0,0
1943-10-26,58,39,0.00,0.0,0
1943-10-27,63,32,0.00,0.0,0
1943-10-28,75,45,0.00,0.0,0
1943-10-29,84,59,0.00,0.0,0
1943-10-30,85,61,T,0.0,0
1943-10-31,84,53,0.00,0.0,0
1943-11-01,82,57,0.12,0.0,0
1943-11-02,64,42,0.00,0.0,0
1943-11-03,65,34,0.00,0.0,0
1943-11-04,79,48,0.00,0.0,0
1943-11-05,84,60,0.00,0.0,0
1943-11-06,78,51,0.00,0.0,0
1943-11-07,54,41,T,0.0,0
1943-11-08,58,36,0.00,0.0,0
1943-11-09,66,32,0.00,0.0,0
1943-11-10,65,30,0.00,0.0,0
1943-11-11,68,35,0.00,0.0,0
1943-11-12,75,40,0.00,0.0,0
1943-11-13,74,42,0.00,0.0,0
1943-11-14,63,51,T,0.0,0
1943-11-15,75,53,0.02,0.0,0
1943-11-16,63,40,0.00,0.0,0
1943-11-17,73,39,0.00,0.0,0
1943-11-18,76,48,0.00,0.0,0
1943-11-19,77,48,0.00,0.0,0
1943-11-20,76,47,0.00,0.0,0
1943-11-21,77,47,0.00,0.0,0
1943-11-22,75,44,0.00,0.0,0
1943-11-23,63,41,0.00,0.0,0
1943-11-24,57,37,0.00,0.0,0
1943-11-25,62,35,0.00,0.0,0
1943-11-26,52,46,0.04,0.0,0
1943-11-27,52,41,0.00,0.0,0
1943-11-28,63,35,0.00,0.0,0
1943-11-29,54,32,0.00,0.0,0
1943-11-30,60,24,T,0.0,0
1943-12-01,72,45,T,0.0,0
1943-12-02,72,38,0.00,0.0,0
1943-12-03,60,42,0.00,0.0,0
1943-12-04,66,35,0.00,0.0,0
1943-12-05,61,54,0.49,0.0,0
1943-12-06,55,45,T,0.0,0
1943-12-07,53,44,T,0.0,0
1943-12-08,65,52,0.05,0.0,0
1943-12-09,76,62,T,0.0,0
1943-12-10,68,38,1.19,0.0,0
1943-12-11,55,34,0.00,0.0,0
1943-12-12,61,41,0.00,0.0,0
1943-12-13,49,39,0.01,0.0,0
1943-12-14,52,25,0.00,0.0,0
1943-12-15,29,14,0.00,0.0,0
1943-12-16,39,18,0.00,0.0,0
1943-12-17,43,25,0.00,0.0,0
1943-12-18,61,24,0.00,0.0,0
1943-12-19,62,30,0.00,0.0,0
1943-12-20,60,34,0.00,0.0,0
1943-12-21,64,35,0.00,0.0,0
1943-12-22,50,35,T,0.0,0
1943-12-23,43,33,T,0.0,0
1943-12-24,36,29,0.21,0.0,0
1943-12-25,38,29,0.00,0.0,0
1943-12-26,53,35,T,0.0,0
1943-12-27,43,35,0.82,0.0,0
1943-12-28,44,30,0.00,0.0,0
1943-12-29,45,23,0.00,0.0,0
1943-12-30,59,32,0.00,0.0,0
1943-12-31,57,30,0.00,0.0,0
1944-01-01,44,38,0.84,0.0,0
1944-01-02,45,37,0.03,0.0,0
1944-01-03,61,38,0.00,0.0,0
1944-01-04,61,41,0.00,0.0,0
1944-01-05,50,30,0.00,0.0,0
1944-01-06,48,28,0.02,0.0,0
1944-01-07,42,30,0.44,T,0
1944-01-08,30,20,T,T,T
1944-01-09,42,14,0.00,0.0,0
1944-01-10,53,28,0.00,0.0,0
1944-01-11,56,31,0.00,0.0,0
1944-01-12,37,29,0.32,T,T
1944-01-13,34,26,0.00,0.0,0
1944-01-14,44,24,0.00,0.0,0
1944-01-15,57,22,0.00,0.0,0
1944-01-16,55,27,0.00,0.0,0
1944-01-17,60,30,0.00,0.0,0
1944-01-18,63,30,0.00,0.0,0
1944-01-19,65,32,0.00,0.0,0
1944-01-20,71,28,0.00,0.0,0
1944-01-21,71,39,0.00,0.0,0
1944-01-22,69,45,0.00,0.0,0
1944-01-23,68,39,0.00,0.0,0
1944-01-24,66,55,0.37,0.0,0
1944-01-25,65,57,T,0.0,0
1944-01-26,72,54,0.24,0.0,0
1944-01-27,66,48,0.01,0.0,0
1944-01-28,63,42,0.01,0.0,0
1944-01-29,54,47,0.03,0.0,0
1944-01-30,56,50,0.01,0.0,0
1944-01-31,63,44,T,0.0,0
1944-02-01,62,43,0.67,0.0,0
1944-02-02,68,52,0.03,0.0,0
1944-02-03,68,46,0.00,0.0,0
1944-02-04,68,37,0.00,0.0,0
1944-02-05,67,50,T,0.0,0
1944-02-06,68,42,0.00,0.0,0
1944-02-07,74,53,T,0.0,0
1944-02-08,65,54,1.19,0.0,0
1944-02-09,65,48,0.00,0.0,0
1944-02-10,63,29,T,0.0,0
1944-02-11,39,24,0.00,0.0,0
1944-02-12,47,20,0.00,0.0,0
1944-02-13,39,34,0.39,0.0,0
1944-02-14,53,34,T,0.0,0
1944-02-15,56,34,0.00,0.0,0
1944-02-16,49,43,0.16,0.0,0
1944-02-17,62,43,0.03,0.0,0
1944-02-18,47,35,0.01,0.0,0
1944-02-19,47,35,0.06,0.0,0
1944-02-20,55,40,T,0.0,0
1944-02-21,64,51,0.09,0.0,0
1944-02-22,69,52,T,0.0,0
1944-02-23,73,44,T,0.0,0
1944-02-24,74,54,0.01,0.0,0
1944-02-25,75,60,0.29,0.0,0
1944-02-26,77,55,0.01,0.0,0
1944-02-27,63,53,1.26,0.0,0
1944-02-28,58,46,0.25,0.0,0
1944-02-29,48,40,0.00,0.0,0
1944-03-01,62,33,0.00,0.0,0
1944-03-02,62,46,0.00,0.0,0
1944-03-03,73,59,0.07,0.0,0
1944-03-04,64,40,0.00,0.0,0
1944-03-05,72,41,0.00,0.0,0
1944-03-06,67,40,0.00,0.0,0
1944-03-07,60,36,0.00,0.0,0
1944-03-08,63,31,0.00,0.0,0
1944-03-09,65,47,0.01,0.0,0
1944-03-10,52,47,0.22,0.0,0
1944-03-11,67,48,T,0.0,0
1944-03-12,74,55,0.00,0.0,0
1944-03-13,76,64,T,0.0,0
1944-03-14,74,63,T,0.0,0
1944-03-15,75,55,T,0.0,0
1944-03-16,59,46,T,0.0,0
1944-03-17,76,41,0.00,0.0,0
1944-03-18,69,49,2.86,0.0,0
1944-03-19,49,37,0.10,0.0,0
1944-03-20,60,32,0.00,0.0,0
1944-03-21,56,46,0.52,0.0,0
1944-03-22,60,46,0.01,0.0,0
1944-03-23,68,37,0.00,0.0,0
1944-03-24,78,47,0.00,0.0,0
1944-03-25,66,51,0.00,0.0,0
1944-03-26,83,50,0.30,0.0,0
1944-03-27,62,47,T,0.0,0
1944-03-28,58,35,0.08,0.0,0
1944-03-29,56,29,0.00,0.0,0
1944-03-30,62,34,0.00,0.0,0
1944-03-31,77,44,0.00,0.0,0
1944-04-01,76,53,0.00,0.0,0
1944-04-02,61,44,1.36,0.0,0
1944-04-03,61,37,0.00,0.0,0
1944-04-04,83,46,0.00,0.0,0
1944-04-05,65,45,0.00,0.0,0
1944-04-06,76,52,0.00,0.0,0
1944-04-07,79,64,T,0.0,0
1944-04-08,76,63,0.24,0.0,0
1944-04-09,84,63,T,0.0,0
1944-04-10,82,64,0.00,0.0,0
1944-04-11,68,49,0.00,0.0,0
1944-04-12,71,42,0.00,0.0,0
1944-04-13,75,49,0.00,0.0,0
1944-04-14,81,62,0.00,0.0,0
1944-04-15,82,54,0.00,0.0,0
1944-04-16,72,45,0.00,0.0,0
1944-04-17,82,56,T,0.0,0
1944-04-18,71,44,0.00,0.0,0
1944-04-19,77,56,0.02,0.0,0
1944-04-20,78,57,T,0.0,0
1944-04-21,84,69,0.00,0.0,0
1944-04-22,83,65,0.01,0.0,0
1944-04-23,75,57,0.00,0.0,0
1944-04-24,76,43,0.00,0.0,0
1944-04-25,73,61,T,0.0,0
1944-04-26,83,62,T,0.0,0
1944-04-27,74,53,0.00,0.0,0
1944-04-28,78,50,0.00,0.0,0
1944-04-29,70,58,2.00,0.0,0
1944-04-30,77,60,1.06,0.0,0
1944-05-01,79,60,2.63,0.0,0
1944-05-02,77,61,0.03,0.0,0
1944-05-03,70,56,0.03,0.0,0
1944-05-04,68,50,0.13,0.0,0
1944-05-05,75,45,T,0.0,0
1944-05-06,75,46,0.00,0.0,0
1944-05-07,81,53,0.00,0.0,0
1944-05-08,74,64,0.06,0.0,0
1944-05-09,82,60,0.00,0.0,0
1944-05-10,82,63,0.00,0.0,0
1944-05-11,80,65,0.00,0.0,0
1944-05-12,87,64,0.00,0.0,0
1944-05-13,86,62,0.00,0.0,0
1944-05-14,88,65,0.00,0.0,0
1944-05-15,90,66,0.00,0.0,0
1944-05-16,87,66,0.00,0.0,0
1944-05-17,87,68,0.00,0.0,0
1944-05-18,89,68,0.00,0.0,0
1944-05-19,85,66,1.14,0.0,0
1944-05-20,86,66,0.08,0.0,0
1944-05-21,82,64,T,0.0,0
1944-05-22,79,62,1.21,0.0,0
1944-05-23,91,64,0.00,0.0,0
1944-05-24,86,68,0.09,0.0,0
1944-05-25,77,65,0.61,0.0,0
1944-05-26,79,65,1.14,0.0,0
1944-05-27,83,65,0.06,0.0,0
1944-05-28,81,65,0.62,0.0,0
1944-05-29,83,65,0.25,0.0,0
1944-05-30,86,69,T,0.0,0
1944-05-31,88,71,0.00,0.0,0
1944-06-01,88,70,0.00,0.0,0
1944-06-02,90,71,0.00,0.0,0
1944-06-03,89,72,T,0.0,0
1944-06-04,92,74,0.00,0.0,0
1944-06-05,91,69,0.04,0.0,0
1944-06-06,81,66,0.00,0.0,0
1944-06-07,86,63,0.01,0.0,0
1944-06-08,89,71,0.00,0.0,0
1944-06-09,92,75,T,0.0,0
1944-06-10,93,70,0.00,0.0,0
1944-06-11,91,74,0.19,0.0,0
1944-06-12,90,75,0.04,0.0,0
1944-06-13,94,77,T,0.0,0
1944-06-14,95,77,0.00,0.0,0
1944-06-15,94,75,0.00,0.0,0
1944-06-16,94,75,0.00,0.0,0
1944-06-17,95,76,0.00,0.0,0
1944-06-18,97,75,0.00,0.0,0
1944-06-19,99,79,0.00,0.0,0
1944-06-20,100,80,0.00,0.0,0
1944-06-21,100,78,0.00,0.0,0
1944-06-22,97,77,0.00,0.0,0
1944-06-23,98,79,0.00,0.0,0
1944-06-24,98,80,0.00,0.0,0
1944-06-25,100,77,0.00,0.0,0
1944-06-26,99,77,0.00,0.0,0
1944-06-27,96,77,0.00,0.0,0
1944-06-28,97,76,0.00,0.0,0
1944-06-29,95,73,0.00,0.0,0
1944-06-30,93,72,T,0.0,0
1944-07-01,95,69,0.85,0.0,0
1944-07-02,90,71,0.02,0.0,0
1944-07-03,93,71,0.00,0.0,0
1944-07-04,94,67,0.00,0.0,0
1944-07-05,91,71,0.00,0.0,0
1944-07-06,94,68,0.00,0.0,0
1944-07-07,96,75,0.00,0.0,0
1944-07-08,97,78,0.00,0.0,0
1944-07-09,100,77,0.00,0.0,0
1944-07-10,100,77,0.00,0.0,0
1944-07-11,99,77,0.00,0.0,0
1944-07-12,99,71,2.23,0.0,0
1944-07-13,95,74,T,0.0,0
1944-07-14,97,75,0.00,0.0,0
1944-07-15,98,76,0.00,0.0,0
1944-07-16,99,76,0.00,0.0,0
1944-07-17,102,74,0.00,0.0,0
1944-07-18,102,74,0.00,0.0,0
1944-07-19,101,77,0.00,0.0,0
1944-07-20,88,71,T,0.0,0
1944-07-21,77,67,0.02,0.0,0
1944-07-22,78,67,0.36,0.0,0
1944-07-23,92,72,0.04,0.0,0
1944-07-24,95,77,T,0.0,0
1944-07-25,100,78,0.02,0.0,0
1944-07-26,102,80,0.00,0.0,0
1944-07-27,104,82,0.00,0.0,0
1944-07-28,105,81,0.00,0.0,0
1944-07-29,99,77,0.16,0.0,0
1944-07-30,99,78,T,0.0,0
1944-07-31,101,81,0.00,0.0,0
1944-08-01,102,80,0.00,0.0,0
1944-08-02,103,82,T,0.0,0
1944-08-03,103,80,0.00,0.0,0
1944-08-04,102,80,0.00,0.0,0
1944-08-05,98,79,0.00,0.0,0
1944-08-06,101,76,0.00,0.0,0
1944-08-07,103,80,0.00,0.0,0
1944-08-08,101,78,0.00,0.0,0
1944-08-09,101,79,0.00,0.0,0
1944-08-10,101,80,0.00,0.0,0
1944-08-11,99,77,0.00,0.0,0
1944-08-12,99,76,0.28,0.0,0
1944-08-13,101,76,0.00,0.0,0
1944-08-14,99,76,0.00,0.0,0
1944-08-15,99,78,0.00,0.0,0
1944-08-16,98,77,0.00,0.0,0
1944-08-17,95,76,0.00,0.0,0
1944-08-18,95,70,0.00,0.0,0
1944-08-19,96,76,0.00,0.0,0
1944-08-20,99,76,0.00,0.0,0
1944-08-21,98,78,0.00,0.0,0
1944-08-22,97,76,0.00,0.0,0
1944-08-23,97,76,0.00,0.0,0
1944-08-24,99,79,T,0.0,0
1944-08-25,98,78,0.00,0.0,0
1944-08-26,84,69,0.49,0.0,0
1944-08-27,76,70,0.02,0.0,0
1944-08-28,74,66,0.46,0.0,0
1944-08-29,84,66,0.57,0.0,0
1944-08-30,74,65,1.28,0.0,0
1944-08-31,88,61,0.00,0.0,0
1944-09-01,89,60,0.00,0.0,0
1944-09-02,94,72,0.00,0.0,0
1944-09-03,96,77,0.00,0.0,0
1944-09-04,96,77,0.00,0.0,0
1944-09-05,94,70,0.48,0.0,0
1944-09-06,78,70,0.04,0.0,0
1944-09-07,80,62,0.00,0.0,0
1944-09-08,82,58,0.00,0.0,0
1944-09-09,84,55,0.00,0.0,0
1944-09-10,90,56,0.00,0.0,0
1944-09-11,81,62,0.00,0.0,0
1944-09-12,89,55,0.00,0.0,0
1944-09-13,89,56,0.00,0.0,0
1944-09-14,91,65,0.01,0.0,0
1944-09-15,94,68,0.00,0.0,0
1944-09-16,93,70,0.00,0.0,0
1944-09-17,92,69,0.00,0.0,0
1944-09-18,91,69,0.00,0.0,0
1944-09-19,93,68,0.00,0.0,0
1944-09-20,96,68,0.00,0.0,0
1944-09-21,101,72,0.00,0.0,0
1944-09-22,95,73,0.00,0.0,0
1944-09-23,93,68,0.00,0.0,0
1944-09-24,83,64,0.00,0.0,0
1944-09-25,88,58,0.00,0.0,0
1944-09-26,87,71,0.02,0.0,0
1944-09-27,86,72,0.07,0.0,0
1944-09-28,82,63,0.04,0.0,0
1944-09-29,79,62,0.01,0.0,0
1944-09-30,92,62,0.00,0.0,0
1944-10-01,91,75,0.02,0.0,0
1944-10-02,91,74,0.00,0.0,0
1944-10-03,88,64,1.60,0.0,0
1944-10-04,78,63,1.05,0.0,0
1944-10-05,90,66,0.37,0.0,0
1944-10-06,90,72,0.00,0.0,0
1944-10-07,89,66,0.00,0.0,0
1944-10-08,81,60,0.00,0.0,0
1944-10-09,81,51,0.00,0.0,0
1944-10-10,68,56,0.26,0.0,0
1944-10-11,69,48,0.00,0.0,0
1944-10-12,67,42,0.00,0.0,0
1944-10-13,77,42,0.00,0.0,0
1944-10-14,83,50,0.00,0.0,0
1944-10-15,82,55,0.00,0.0,0
1944-10-16,82,54,0.00,0.0,0
1944-10-17,80,56,0.00,0.0,0
1944-10-18,82,50,0.00,0.0,0
1944-10-19,81,49,0.00,0.0,0
1944-10-20,80,49,0.00,0.0,0
1944-10-21,76,55,0.00,0.0,0
1944-10-22,77,49,0.00,0.0,0
1944-10-23,81,46,0.00,0.0,0
1944-10-24,85,50,0.00,0.0,0
1944-10-25,86,52,0.00,0.0,0
1944-10-26,86,54,0.00,0.0,0
1944-10-27,81,56,0.00,0.0,0
1944-10-28,84,47,0.00,0.0,0
1944-10-29,84,50,0.00,0.0,0
1944-10-30,83,51,0.00,0.0,0
1944-10-31,82,58,0.00,0.0,0
1944-11-01,82,62,0.00,0.0,0
1944-11-02,81,66,T,0.0,0
1944-11-03,75,62,0.00,0.0,0
1944-11-04,77,61,T,0.0,0
1944-11-05,79,59,0.00,0.0,0
1944-11-06,77,60,T,0.0,0
1944-11-07,84,68,0.05,0.0,0
1944-11-08,74,50,0.00,0.0,0
1944-11-09,75,45,0.00,0.0,0
1944-11-10,82,47,0.00,0.0,0
1944-11-11,80,54,0.00,0.0,0
1944-11-12,78,60,0.00,0.0,0
1944-11-13,76,69,0.03,0.0,0
1944-11-14,78,54,0.22,0.0,0
1944-11-15,62,45,0.04,0.0,0
1944-11-16,52,47,0.17,0.0,0
1944-11-17,49,44,0.12,0.0,0
1944-11-18,49,46,0.70,0.0,0
1944-11-19,54,44,0.04,0.0,0
1944-11-20,63,36,0.00,0.0,0
1944-11-21,65,38,0.00,0.0,0
1944-11-22,71,35,0.00,0.0,0
1944-11-23,73,43,0.00,0.0,0
1944-11-24,60,53,2.44,0.0,0
1944-11-25,68,45,0.00,0.0,0
1944-11-26,52,34,0.00,0.0,0
1944-11-27,57,29,0.00,0.0,0
1944-11-28,51,40,0.00,0.0,0
1944-11-29,56,35,0.00,0.0,0
1944-11-30,49,32,0.00,0.0,0
1944-12-01,52,30,0.00,0.0,0
1944-12-02,53,40,T,0.0,0
1944-12-03,51,43,0.02,0.0,0
1944-12-04,53,43,1.12,0.0,0
1944-12-05,52,43,0.50,0.0,0
1944-12-06,42,39,0.29,0.0,0
1944-12-07,58,40,T,0.0,0
1944-12-08,62,33,0.00,0.0,0
1944-12-09,61,35,T,0.0,0
1944-12-10,43,28,0.00,0.0,0
1944-12-11,41,27,0.00,0.0,0
1944-12-12,53,25,0.00,0.0,0
1944-12-13,52,33,0.00,0.0,0
1944-12-14,62,29,0.00,0.0,0
1944-12-15,71,32,0.00,0.0,0
1944-12-16,59,31,0.00,0.0,0
1944-12-17,71,36,0.00,0.0,0
1944-12-18,49,29,0.00,0.0,0
1944-12-19,67,31,0.00,0.0,0
1944-12-20,63,41,0.00,0.0,0
1944-12-21,56,29,0.00,0.0,0
1944-12-22,50,22,0.00,0.0,0
1944-12-23,56,37,0.00,0.0,0
1944-12-24,47,39,0.32,0.0,0
1944-12-25,61,35,0.01,0.0,0
1944-12-26,38,33,0.84,0.0,0
1944-12-27,42,36,0.12,0.0,0
1944-12-28,40,37,0.75,0.0,0
1944-12-29,46,38,T,0.0,0
1944-12-30,57,44,T,0.0,0
1944-12-31,50,34,0.03,0.0,0
1945-01-01,46,29,0.00,0.0,0
1945-01-02,50,34,0.04,0.0,0
1945-01-03,50,37,T,0.0,0
1945-01-04,39,34,T,0.0,0
1945-01-05,54,36,T,0.0,0
1945-01-06,68,50,T,0.0,0
1945-01-07,52,38,0.00,0.0,0
1945-01-08,67,33,0.00,0.0,0
1945-01-09,50,27,0.00,0.0,0
1945-01-10,67,33,0.00,0.0,0
1945-01-11,64,39,T,0.0,0
1945-01-12,67,44,0.00,0.0,0
1945-01-13,72,37,0.00,0.0,0
1945-01-14,77,44,0.00,0.0,0
1945-01-15,56,37,0.00,0.0,0
1945-01-16,54,36,0.00,0.0,0
1945-01-17,50,41,0.30,0.0,0
1945-01-18,42,40,0.94,0.0,0
1945-01-19,47,39,0.00,0.0,0
1945-01-20,43,39,0.08,0.0,0
1945-01-21,60,41,0.12,0.0,0
1945-01-22,52,35,0.00,0.0,0
1945-01-23,55,31,0.00,0.0,0
1945-01-24,64,37,0.00,0.0,0
1945-01-25,59,39,0.00,0.0,0
1945-01-26,64,32,0.00,0.0,0
1945-01-27,51,43,0.04,0.0,0
1945-01-28,45,31,0.01,0.0,0
1945-01-29,49,24,0.00,0.0,0
1945-01-30,43,26,0.00,0.0,0
1945-01-31,48,32,0.00,0.0,0
1945-02-01,46,42,T,0.0,0
1945-02-02,46,39,T,0.0,0
1945-02-03,74,42,0.01,0.0,0
1945-02-04,65,42,0.00,0.0,0
1945-02-05,51,35,0.00,0.0,0
1945-02-06,69,36,0.00,0.0,0
1945-02-07,58,40,T,0.0,0
1945-02-08,71,36,0.00,0.0,0
1945-02-09,76,47,0.00,0.0,0
1945-02-10,63,40,T,0.0,0
1945-02-11,65,40,0.00,0.0,0
1945-02-12,51,46,1.87,0.0,0
1945-02-13,62,41,0.00,0.0,0
1945-02-14,78,41,0.00,0.0,0
1945-02-15,78,64,0.00,0.0,0
1945-02-16,73,44,0.01,0.0,0
1945-02-17,44,38,0.22,0.0,0
1945-02-18,43,37,0.16,0.0,0
1945-02-19,43,38,0.20,0.0,0
1945-02-20,50,41,1.92,0.0,0
1945-02-21,63,40,0.43,0.0,0
1945-02-22,56,36,0.00,0.0,0
1945-02-23,63,36,0.00,0.0,0
1945-02-24,66,45,0.00,0.0,0
1945-02-25,74,55,0.04,0.0,0
1945-02-26,67,31,0.85,0.0,0
1945-02-27,35,30,1.97,0.0,0
1945-02-28,49,31,0.00,0.0,0
1945-03-01,58,43,0.22,0.0,0
1945-03-02,72,57,0.51,0.0,0
1945-03-03,68,51,T,0.0,0
1945-03-04,64,53,T,0.0,0
1945-03-05,75,43,0.01,0.0,0
1945-03-06,52,35,0.37,0.0,0
1945-03-07,58,33,0.00,0.0,0
1945-03-08,63,41,0.00,0.0,0
1945-03-09,69,40,0.00,0.0,0
1945-03-10,73,52,0.00,0.0,0
1945-03-11,76,60,1.23,0.0,0
1945-03-12,71,56,0.44,0.0,0
1945-03-13,70,55,0.00,0.0,0
1945-03-14,72,56,0.39,0.0,0
1945-03-15,80,54,0.00,0.0,0
1945-03-16,78,63,T,0.0,0
1945-03-17,73,55,0.00,0.0,0
1945-03-18,80,60,0.07,0.0,0
1945-03-19,75,50,0.57,0.0,0
1945-03-20,66,45,0.00,0.0,0
1945-03-21,77,42,0.00,0.0,0
1945-03-22,76,51,0.00,0.0,0
1945-03-23,76,62,T,0.0,0
1945-03-24,79,62,0.01,0.0,0
1945-03-25,77,55,T,0.0,0
1945-03-26,85,52,0.00,0.0,0
1945-03-27,83,60,0.00,0.0,0
1945-03-28,80,60,0.21,0.0,0
1945-03-29,73,61,5.07,0.0,0
1945-03-30,74,57,0.42,0.0,0
1945-03-31,63,51,0.01,0.0,0
1945-04-01,66,58,0.66,0.0,0
1945-04-02,80,53,0.00,0.0,0
1945-04-03,71,48,0.02,0.0,0
1945-04-04,52,38,0.00,0.0,0
1945-04-05,58,34,0.00,0.0,0
1945-04-06,64,37,0.00,0.0,0
1945-04-07,69,43,0.00,0.0,0
1945-04-08,72,53,0.00,0.0,0
1945-04-09,81,61,T,0.0,0
1945-04-10,78,66,T,0.0,0
1945-04-11,78,59,0.94,0.0,0
1945-04-12,79,62,0.07,0.0,0
1945-04-13,78,69,T,0.0,0
1945-04-14,82,70,T,0.0,0
1945-04-15,75,49,0.32,0.0,0
1945-04-16,73,49,T,0.0,0
1945-04-17,72,48,0.00,0.0,0
1945-04-18,73,52,0.00,0.0,0
1945-04-19,81,56,0.00,0.0,0
1945-04-20,77,63,T,0.0,0
1945-04-21,68,61,0.77,0.0,0
1945-04-22,79,61,T,0.0,0
1945-04-23,77,58,0.23,0.0,0
1945-04-24,67,52,0.01,0.0,0
1945-04-25,88,55,0.00,0.0,0
1945-04-26,71,46,0.00,0.0,0
1945-04-27,71,54,T,0.0,0
1945-04-28,76,56,0.03,0.0,0
1945-04-29,74,53,0.00,0.0,0
1945-04-30,76,53,0.00,0.0,0
1945-05-01,85,61,0.00,0.0,0
1945-05-02,84,60,T,0.0,0
1945-05-03,66,50,T,0.0,0
1945-05-04,72,45,0.00,0.0,0
1945-05-05,79,50,0.00,0.0,0
1945-05-06,84,62,0.00,0.0,0
1945-05-07,87,60,0.00,0.0,0
1945-05-08,80,52,0.00,0.0,0
1945-05-09,89,65,0.32,0.0,0
1945-05-10,72,64,0.26,0.0,0
1945-05-11,82,63,0.15,0.0,0
1945-05-12,86,67,0.00,0.0,0
1945-05-13,93,70,0.00,0.0,0
1945-05-14,94,75,0.00,0.0,0
1945-05-15,80,49,0.77,0.0,0
1945-05-16,61,48,T,0.0,0
1945-05-17,75,44,0.00,0.0,0
1945-05-18,85,54,0.00,0.0,0
1945-05-19,90,62,0.00,0.0,0
1945-05-20,88,66,0.00,0.0,0
1945-05-21,81,57,0.25,0.0,0
1945-05-22,78,52,0.00,0.0,0
1945-05-23,83,54,0.00,0.0,0
1945-05-24,88,67,0.00,0.0,0
1945-05-25,91,70,0.00,0.0,0
1945-05-26,92,70,0.00,0.0,0
1945-05-27,92,71,0.00,0.0,0
1945-05-28,92,69,0.00,0.0,0
1945-05-29,94,71,0.00,0.0,0
1945-05-30,91,70,0.00,0.0,0
1945-05-31,92,69,0.00,0.0,0
1945-06-01,88,74,T,0.0,0
1945-06-02,96,69,T,0.0,0
1945-06-03,87,66,0.00,0.0,0
1945-06-04,85,68,0.00,0.0,0
1945-06-05,93,72,0.00,0.0,0
1945-06-06,95,76,0.00,0.0,0
1945-06-07,97,76,0.00,0.0,0
1945-06-08,94,76,0.00,0.0,0
1945-06-09,92,76,T,0.0,0
1945-06-10,89,69,0.16,0.0,0
1945-06-11,81,66,2.99,0.0,0
1945-06-12,78,63,0.80,0.0,0
1945-06-13,76,67,0.07,0.0,0
1945-06-14,91,67,0.00,0.0,0
1945-06-15,91,77,0.00,0.0,0
1945-06-16,91,72,0.00,0.0,0
1945-06-17,77,63,0.52,0.0,0
1945-06-18,83,58,0.00,0.0,0
1945-06-19,87,60,0.00,0.0,0
1945-06-20,90,65,0.00,0.0,0
1945-06-21,89,71,0.00,0.0,0
1945-06-22,86,70,0.00,0.0,0
1945-06-23,88,69,T,0.0,0
1945-06-24,94,71,0.00,0.0,0
1945-06-25,98,73,0.00,0.0,0
1945-06-26,99,77,0.00,0.0,0
1945-06-27,95,75,0.00,0.0,0
1945-06-28,95,78,0.00,0.0,0
1945-06-29,97,78,T,0.0,0
1945-06-30,97,80,0.00,0.0,0
1945-07-01,93,72,0.07,0.0,0
1945-07-02,86,68,0.00,0.0,0
1945-07-03,89,69,0.00,0.0,0
1945-07-04,87,73,1.08,0.0,0
1945-07-05,88,68,4.31,0.0,0
1945-07-06,82,74,0.07,0.0,0
1945-07-07,87,72,T,0.0,0
1945-07-08,86,70,0.10,0.0,0
1945-07-09,95,76,0.00,0.0,0
1945-07-10,80,68,0.98,0.0,0
1945-07-11,76,70,0.75,0.0,0
1945-07-12,90,72,0.03,0.0,0
1945-07-13,90,73,T,0.0,0
1945-07-14,91,73,0.00,0.0,0
1945-07-15,92,72,0.00,0.0,0
1945-07-16,91,74,0.00,0.0,0
1945-07-17,89,68,T,0.0,0
1945-07-18,90,68,0.00,0.0,0
1945-07-19,91,72,0.00,0.0,0
1945-07-20,95,72,0.00,0.0,0
1945-07-21,94,74,0.00,0.0,0
1945-07-22,95,73,0.00,0.0,0
1945-07-23,94,73,0.00,0.0,0
1945-07-24,95,76,0.00,0.0,0
1945-07-25,95,79,T,0.0,0
1945-07-26,98,80,0.00,0.0,0
1945-07-27,93,77,T,0.0,0
1945-07-28,96,74,0.28,0.0,0
1945-07-29,96,71,0.00,0.0,0
1945-07-30,94,79,0.00,0.0,0
1945-07-31,93,76,0.01,0.0,0
1945-08-01,94,74,0.00,0.0,0
1945-08-02,96,75,0.00,0.0,0
1945-08-03,98,74,0.00,0.0,0
1945-08-04,98,74,0.00,0.0,0
1945-08-05,98,77,0.00,0.0,0
1945-08-06,95,78,0.00,0.0,0
1945-08-07,90,78,T,0.0,0
1945-08-08,94,71,0.00,0.0,0
1945-08-09,91,73,0.00,0.0,0
1945-08-10,94,70,T,0.0,0
1945-08-11,88,76,0.03,0.0,0
1945-08-12,98,75,0.00,0.0,0
1945-08-13,98,78,0.00,0.0,0
1945-08-14,97,77,0.00,0.0,0
1945-08-15,95,79,0.00,0.0,0
1945-08-16,96,77,T,0.0,0
1945-08-17,102,73,0.00,0.0,0
1945-08-18,103,75,0.00,0.0,0
1945-08-19,92,72,0.00,0.0,0
1945-08-20,92,69,0.00,0.0,0
1945-08-21,90,68,T,0.0,0
1945-08-22,86,69,0.81,0.0,0
1945-08-23,88,69,0.00,0.0,0
1945-08-24,86,67,0.00,0.0,0
1945-08-25,88,66,0.00,0.0,0
1945-08-26,93,70,0.00,0.0,0
1945-08-27,93,70,0.00,0.0,0
1945-08-28,91,73,T,0.0,0
1945-08-29,86,72,0.51,0.0,0
1945-08-30,92,73,0.00,0.0,0
1945-08-31,94,73,0.00,0.0,0
1945-09-01,99,75,0.00,0.0,0
1945-09-02,97,73,0.00,0.0,0
1945-09-03,96,63,0.00,0.0,0
1945-09-04,96,69,0.00,0.0,0
1945-09-05,93,69,0.00,0.0,0
1945-09-06,93,65,0.00,0.0,0
1945-09-07,93,73,0.00,0.0,0
1945-09-08,94,73,0.00,0.0,0
1945-09-09,96,75,0.00,0.0,0
1945-09-10,96,74,0.00,0.0,0
1945-09-11,98,66,0.00,0.0,0
1945-09-12,95,66,0.07,0.0,0
1945-09-13,77,59,0.00,0.0,0
1945-09-14,83,50,0.00,0.0,0
1945-09-15,88,50,0.00,0.0,0
1945-09-16,85,59,0.00,0.0,0
1945-09-17,86,60,0.00,0.0,0
1945-09-18,90,65,0.00,0.0,0
1945-09-19,94,70,0.00,0.0,0
1945-09-20,95,70,0.00,0.0,0
1945-09-21,91,77,0.00,0.0,0
1945-09-22,93,77,0.00,0.0,0
1945-09-23,90,76,0.01,0.0,0
1945-09-24,93,75,0.00,0.0,0
1945-09-25,94,76,0.00,0.0,0
1945-09-26,89,66,0.35,0.0,0
1945-09-27,88,66,0.01,0.0,0
1945-09-28,80,58,0.85,0.0,0
1945-09-29,58,52,0.49,0.0,0
1945-09-30,62,52,0.13,0.0,0
1945-10-01,76,59,0.00,0.0,0
1945-10-02,79,59,0.00,0.0,0
1945-10-03,80,60,0.00,0.0,0
1945-10-04,67,58,1.76,0.0,0
1945-10-05,68,62,0.25,0.0,0
1945-10-06,80,65,T,0.0,0
1945-10-07,81,63,T,0.0,0
1945-10-08,74,61,0.42,0.0,0
1945-10-09,61,48,0.20,0.0,0
1945-10-10,71,52,T,0.0,0
1945-10-11,78,54,0.00,0.0,0
1945-10-12,81,54,0.00,0.0,0
1945-10-13,80,51,0.00,0.0,0
1945-10-14,84,55,0.00,0.0,0
1945-10-15,71,56,0.00,0.0,0
1945-10-16,75,52,0.00,0.0,0
1945-10-17,80,52,0.00,0.0,0
1945-10-18,83,55,0.00,0.0,0
1945-10-19,81,61,0.00,0.0,0
1945-10-20,79,57,0.00,0.0,0
1945-10-21,82,51,T,0.0,0
1945-10-22,67,42,0.00,0.0,0
1945-10-23,71,39,0.00,0.0,0
1945-10-24,57,40,0.17,0.0,0
1945-10-25,74,36,0.00,0.0,0
1945-10-26,78,43,0.00,0.0,0
1945-10-27,78,47,0.00,0.0,0
1945-10-28,78,52,0.00,0.0,0
1945-10-29,81,58,0.00,0.0,0
1945-10-30,83,59,0.00,0.0,0
1945-10-31,85,64,0.00,0.0,0
1945-11-01,87,68,0.00,0.0,0
1945-11-02,85,57,0.00,0.0,0
1945-11-03,65,45,0.00,0.0,0
1945-11-04,75,40,0.00,0.0,0
1945-11-05,83,55,0.00,0.0,0
1945-11-06,86,68,0.00,0.0,0
1945-11-07,82,67,0.00,0.0,0
1945-11-08,82,55,0.00,0.0,0
1945-11-09,58,45,2.14,0.0,0
1945-11-10,54,46,0.30,0.0,0
1945-11-11,62,48,T,0.0,0
1945-11-12,79,60,0.02,0.0,0
1945-11-13,78,52,0.00,0.0,0
1945-11-14,68,41,0.00,0.0,0
1945-11-15,66,40,0.00,0.0,0
1945-11-16,77,51,0.00,0.0,0
1945-11-17,75,53,0.00,0.0,0
1945-11-18,79,51,0.00,0.0,0
1945-11-19,66,43,0.00,0.0,0
1945-11-20,70,47,T,0.0,0
1945-11-21,66,34,0.00,0.0,0
1945-11-22,60,31,0.00,0.0,0
1945-11-23,58,27,0.00,0.0,0
1945-11-24,70,36,0.00,0.0,0
1945-11-25,73,44,0.00,0.0,0
1945-11-26,79,49,0.00,0.0,0
1945-11-27,73,38,0.00,0.0,0
1945-11-28,76,38,0.00,0.0,0
1945-11-29,72,37,0.00,0.0,0
1945-11-30,73,52,0.00,0.0,0
1945-12-01,71,55,0.15,0.0,0
1945-12-02,57,44,0.12,0.0,0
1945-12-03,49,32,0.23,0.0,0
1945-12-04,53,26,0.00,0.0,0
1945-12-05,62,25,0.00,0.0,0
1945-12-06,65,38,0.00,0.0,0
1945-12-07,70,33,0.00,0.0,0
1945-12-08,74,45,0.00,0.0,0
1945-12-09,47,29,0.00,0.0,0
1945-12-10,41,24,0.00,0.0,0
1945-12-11,39,32,0.00,0.0,0
1945-12-12,42,38,0.12,0.0,0
1945-12-13,45,31,0.01,0.0,0
1945-12-14,40,29,T,T,0
1945-12-15,43,25,0.00,0.0,0
1945-12-16,43,20,0.00,0.0,0
1945-12-17,43,33,0.02,0.0,0
1945-12-18,47,20,T,0.0,0
1945-12-19,38,16,0.00,0.0,0
1945-12-20,46,21,0.00,0.0,0
1945-12-21,62,31,0.00,0.0,0
1945-12-22,60,41,0.00,0.0,0
1945-12-23,50,35,T,0.0,0
1945-12-24,66,39,T,0.0,0
1945-12-25,54,28,0.00,0.0,0
1945-12-26,64,33,0.00,0.0,0
1945-12-27,57,42,0.00,0.0,0
1945-12-28,58,31,0.00,0.0,0
1945-12-29,72,41,0.00,0.0,0
1945-12-30,65,39,0.00,0.0,0
1945-12-31,61,34,0.00,0.0,0
1946-01-01,65,33,0.00,0.0,0
1946-01-02,71,48,T,0.0,0
1946-01-03,74,42,T,0.0,0
1946-01-04,69,56,0.43,0.0,0
1946-01-05,66,52,0.02,0.0,0
1946-01-06,61,50,T,0.0,0
1946-01-07,56,44,0.26,0.0,0
1946-01-08,44,41,0.54,0.0,0
1946-01-09,45,40,0.00,0.0,0
1946-01-10,44,38,0.43,0.0,0
1946-01-11,59,40,0.08,0.0,0
1946-01-12,44,31,0.00,0.0,0
1946-01-13,46,28,0.00,0.0,0
1946-01-14,36,31,0.57,0.0,0
1946-01-15,38,30,0.13,0.5,T
1946-01-16,43,25,0.00,0.0,0
1946-01-17,58,28,0.00,0.0,0
1946-01-18,59,34,0.00,0.0,0
1946-01-19,62,43,0.06,0.0,0
1946-01-20,52,40,T,0.0,0
1946-01-21,41,30,0.04,T,0
1946-01-22,48,24,0.00,0.0,0
1946-01-23,61,33,0.00,0.0,0
1946-01-24,59,35,0.00,0.0,0
1946-01-25,78,43,0.00,0.0,0
1946-01-26,57,26,0.00,0.0,0
1946-01-27,47,18,0.00,0.0,0
1946-01-28,52,29,0.05,0.0,0
1946-01-29,47,39,0.48,0.0,0
1946-01-30,64,40,0.00,0.0,0
1946-01-31,54,30,0.00,0.0,0
1946-02-01,64,30,0.00,0.0,0
1946-02-02,65,30,0.00,0.0,0
1946-02-03,59,46,0.13,0.0,0
1946-02-04,66,59,1.70,0.0,0
1946-02-05,68,45,0.37,0.0,0
1946-02-06,57,36,0.00,0.0,0
1946-02-07,61,39,0.00,0.0,0
1946-02-08,70,49,T,0.0,0
1946-02-09,49,32,0.29,0.3,T
1946-02-10,51,27,0.00,0.0,0
1946-02-11,63,36,0.00,0.0,0
1946-02-12,65,50,0.20,0.0,0
1946-02-13,68,31,0.47,0.0,0
1946-02-14,58,28,0.00,0.0,0
1946-02-15,64,34,0.00,0.0,0
1946-02-16,65,45,0.00,0.0,0
1946-02-17,58,52,0.47,0.0,0
1946-02-18,64,48,0.81,0.0,0
1946-02-19,62,45,0.00,0.0,0
1946-02-20,63,39,0.00,0.0,0
1946-02-21,66,42,0.00,0.0,0
1946-02-22,75,50,0.00,0.0,0
1946-02-23,68,47,0.00,0.0,0
1946-02-24,74,40,0.00,0.0,0
1946-02-25,75,48,0.00,0.0,0
1946-02-26,64,48,0.00,0.0,0
1946-02-27,63,37,0.00,0.0,0
1946-02-28,70,40,0.00,0.0,0
1946-03-01,71,47,0.00,0.0,0
1946-03-02,81,44,0.00,0.0,0
1946-03-03,75,50,0.00,0.0,0
1946-03-04,72,62,T,0.0,0
1946-03-05,71,57,0.22,0.0,0
1946-03-06,68,45,T,0.0,0
1946-03-07,78,44,0.00,0.0,0
1946-03-08,60,38,0.00,0.0,0
1946-03-09,73,37,0.00,0.0,0
1946-03-10,69,40,0.00,0.0,0
1946-03-11,75,46,0.00,0.0,0
1946-03-12,64,54,0.59,0.0,0
1946-03-13,68,54,0.60,0.0,0
1946-03-14,74,51,T,0.0,0
1946-03-15,71,53,T,0.0,0
1946-03-16,73,46,0.00,0.0,0
1946-03-17,66,51,0.00,0.0,0
1946-03-18,65,46,0.00,0.0,0
1946-03-19,63,42,0.00,0.0,0
1946-03-20,67,42,0.00,0.0,0
1946-03-21,73,52,0.00,0.0,0
1946-03-22,74,60,0.00,0.0,0
1946-03-23,77,56,0.00,0.0,0
1946-03-24,71,55,0.53,0.0,0
1946-03-25,70,61,0.00,0.0,0
1946-03-26,63,51,0.30,0.0,0
1946-03-27,71,53,0.01,0.0,0
1946-03-28,79,54,0.00,0.0,0
1946-03-29,88,57,0.00,0.0,0
1946-03-30,95,55,0.00,0.0,0
1946-03-31,96,59,0.00,0.0,0
1946-04-01,89,66,0.00,0.0,0
1946-04-02,85,64,0.00,0.0,0
1946-04-03,84,64,0.00,0.0,0
1946-04-04,84,61,0.00,0.0,0
1946-04-05,85,62,0.00,0.0,0
1946-04-06,94,67,0.00,0.0,0
1946-04-07,87,69,T,0.0,0
1946-04-08,86,69,T,0.0,0
1946-04-09,83,59,T,0.0,0
1946-04-10,76,52,T,0.0,0
1946-04-11,77,53,0.00,0.0,0
1946-04-12,75,46,0.00,0.0,0
1946-04-13,78,50,0.00,0.0,0
1946-04-14,83,58,T,0.0,0
1946-04-15,77,57,0.55,0.0,0
1946-04-16,70,52,0.00,0.0,0
1946-04-17,74,46,0.00,0.0,0
1946-04-18,76,46,0.00,0.0,0
1946-04-19,81,48,0.00,0.0,0
1946-04-20,80,58,0.00,0.0,0
1946-04-21,81,62,0.00,0.0,0
1946-04-22,74,64,0.85,0.0,0
1946-04-23,77,63,0.46,0.0,0
1946-04-24,71,58,T,0.0,0
1946-04-25,81,51,0.00,0.0,0
1946-04-26,85,56,0.00,0.0,0
1946-04-27,88,61,0.00,0.0,0
1946-04-28,84,61,T,0.0,0
1946-04-29,81,62,1.10,0.0,0
1946-04-30,83,62,0.00,0.0,0
1946-05-01,87,61,0.00,0.0,0
1946-05-02,84,62,0.72,0.0,0
1946-05-03,78,60,0.03,0.0,0
1946-05-04,79,56,0.00,0.0,0
1946-05-05,73,52,T,0.0,0
1946-05-06,76,60,T,0.0,0
1946-05-07,78,60,0.00,0.0,0
1946-05-08,78,56,0.00,0.0,0
1946-05-09,85,66,0.00,0.0,0
1946-05-10,87,58,0.27,0.0,0
1946-05-11,63,49,0.33,0.0,0
1946-05-12,73,49,0.55,0.0,0
1946-05-13,69,57,0.03,0.0,0
1946-05-14,83,65,T,0.0,0
1946-05-15,82,60,0.70,0.0,0
1946-05-16,86,63,T,0.0,0
1946-05-17,85,65,T,0.0,0
1946-05-18,90,64,0.00,0.0,0
1946-05-19,88,68,0.69,0.0,0
1946-05-20,77,59,0.00,0.0,0
1946-05-21,79,55,0.00,0.0,0
1946-05-22,73,62,0.53,0.0,0
1946-05-23,91,71,T,0.0,0
1946-05-24,89,69,0.07,0.0,0
1946-05-25,82,67,0.00,0.0,0
1946-05-26,84,60,0.00,0.0,0
1946-05-27,84,59,0.00,0.0,0
1946-05-28,84,62,4.67,0.0,0
1946-05-29,85,63,2.81,0.0,0
1946-05-30,88,66,0.02,0.0,0
1946-05-31,78,62,1.18,0.0,0
1946-06-01,82,64,0.00,0.0,0
1946-06-02,75,58,0.00,0.0,0
1946-06-03,77,54,0.00,0.0,0
1946-06-04,82,59,0.00,0.0,0
1946-06-05,82,63,0.00,0.0,0
1946-06-06,87,65,0.00,0.0,0
1946-06-07,90,65,0.00,0.0,0
1946-06-08,88,72,T,0.0,0
1946-06-09,85,67,0.01,0.0,0
1946-06-10,88,70,T,0.0,0
1946-06-11,92,72,0.00,0.0,0
1946-06-12,91,73,0.00,0.0,0
1946-06-13,92,74,0.00,0.0,0
1946-06-14,96,75,0.00,0.0,0
1946-06-15,98,76,0.00,0.0,0
1946-06-16,96,77,0.00,0.0,0
1946-06-17,96,77,0.00,0.0,0
1946-06-18,96,76,0.00,0.0,0
1946-06-19,95,71,0.05,0.0,0
1946-06-20,77,60,0.50,0.0,0
1946-06-21,85,63,0.00,0.0,0
1946-06-22,85,72,0.33,0.0,0
1946-06-23,87,72,0.02,0.0,0
1946-06-24,88,75,T,0.0,0
1946-06-25,94,75,0.00,0.0,0
1946-06-26,95,76,0.01,0.0,0
1946-06-27,95,76,0.00,0.0,0
1946-06-28,96,74,0.00,0.0,0
1946-06-29,95,75,0.00,0.0,0
1946-06-30,96,77,0.00,0.0,0
1946-07-01,86,68,0.41,0.0,0
1946-07-02,91,72,T,0.0,0
1946-07-03,92,70,0.00,0.0,0
1946-07-04,91,70,0.00,0.0,0
1946-07-05,94,70,0.00,0.0,0
1946-07-06,98,74,0.00,0.0,0
1946-07-07,98,78,0.00,0.0,0
1946-07-08,97,78,0.00,0.0,0
1946-07-09,97,78,0.00,0.0,0
1946-07-10,99,77,0.00,0.0,0
1946-07-11,102,78,0.00,0.0,0
1946-07-12,104,76,T,0.0,0
1946-07-13,103,79,0.00,0.0,0
1946-07-14,104,79,0.00,0.0,0
1946-07-15,101,79,0.00,0.0,0
1946-07-16,99,80,0.00,0.0,0
1946-07-17,100,78,0.00,0.0,0
1946-07-18,100,75,0.00,0.0,0
1946-07-19,101,76,0.00,0.0,0
1946-07-20,94,75,0.01,0.0,0
1946-07-21,92,74,0.03,0.0,0
1946-07-22,98,70,0.00,0.0,0
1946-07-23,98,70,0.00,0.0,0
1946-07-24,95,71,0.00,0.0,0
1946-07-25,96,74,0.00,0.0,0
1946-07-26,100,77,0.00,0.0,0
1946-07-27,103,80,0.00,0.0,0
1946-07-28,102,82,T,0.0,0
1946-07-29,104,81,T,0.0,0
1946-07-30,97,75,0.00,0.0,0
1946-07-31,93,71,0.00,0.0,0
1946-08-01,94,72,0.00,0.0,0
1946-08-02,97,76,0.00,0.0,0
1946-08-03,100,80,0.00,0.0,0
1946-08-04,99,80,0.00,0.0,0
1946-08-05,101,80,0.00,0.0,0
1946-08-06,106,80,0.00,0.0,0
1946-08-07,104,80,0.00,0.0,0
1946-08-08,102,78,0.00,0.0,0
1946-08-09,105,79,0.00,0.0,0
1946-08-10,103,80,0.00,0.0,0
1946-08-11,94,79,0.00,0.0,0
1946-08-12,97,74,0.00,0.0,0
1946-08-13,100,79,0.00,0.0,0
1946-08-14,100,79,0.00,0.0,0
1946-08-15,99,79,0.00,0.0,0
1946-08-16,100,80,0.00,0.0,0
1946-08-17,101,81,0.00,0.0,0
1946-08-18,102,81,0.00,0.0,0
1946-08-19,92,79,T,0.0,0
1946-08-20,94,77,T,0.0,0
1946-08-21,98,70,0.00,0.0,0
1946-08-22,94,65,0.00,0.0,0
1946-08-23,93,70,0.00,0.0,0
1946-08-24,95,76,T,0.0,0
1946-08-25,96,77,0.00,0.0,0
1946-08-26,87,72,0.19,0.0,0
1946-08-27,80,71,T,0.0,0
1946-08-28,76,71,2.34,0.0,0
1946-08-29,77,68,1.42,0.0,0
1946-08-30,83,66,T,0.0,0
1946-08-31,85,68,0.00,0.0,0
1946-09-01,86,68,0.00,0.0,0
1946-09-02,81,71,1.38,0.0,0
1946-09-03,90,73,0.00,0.0,0
1946-09-04,92,74,0.00,0.0,0
1946-09-05,91,74,0.00,0.0,0
1946-09-06,91,73,0.00,0.0,0
1946-09-07,90,70,0.00,0.0,0
1946-09-08,87,68,0.00,0.0,0
1946-09-09,91,70,T,0.0,0
1946-09-10,98,75,T,0.0,0
1946-09-11,92,74,T,0.0,0
1946-09-12,86,74,T,0.0,0
1946-09-13,76,69,T,0.0,0
1946-09-14,81,67,T,0.0,0
1946-09-15,86,60,0.00,0.0,0
1946-09-16,82,64,0.00,0.0,0
1946-09-17,83,64,0.00,0.0,0
1946-09-18,80,68,0.00,0.0,0
1946-09-19,85,68,0.00,0.0,0
1946-09-20,79,66,T,0.0,0
1946-09-21,87,67,0.03,0.0,0
1946-09-22,92,62,1.37,0.0,0
1946-09-23,76,58,T,0.0,0
1946-09-24,81,56,0.00,0.0,0
1946-09-25,85,68,0.01,0.0,0
1946-09-26,76,67,T,0.0,0
1946-09-27,80,66,0.08,0.0,0
1946-09-28,80,67,0.01,0.0,0
1946-09-29,72,62,0.12,0.0,0
1946-09-30,77,57,0.00,0.0,0
1946-10-01,74,53,0.00,0.0,0
1946-10-02,78,50,0.00,0.0,0
1946-10-03,83,56,0.00,0.0,0
1946-10-04,81,72,0.01,0.0,0
1946-10-05,83,68,0.00,0.0,0
1946-10-06,85,69,T,0.0,0
1946-10-07,84,63,0.00,0.0,0
1946-10-08,84,65,T,0.0,0
1946-10-09,87,65,T,0.0,0
1946-10-10,84,54,0.53,0.0,0
1946-10-11,62,44,0.00,0.0,0
1946-10-12,70,39,0.00,0.0,0
1946-10-13,73,44,0.00,0.0,0
1946-10-14,78,50,0.00,0.0,0
1946-10-15,68,57,0.84,0.0,0
1946-10-16,76,60,0.02,0.0,0
1946-10-17,85,63,0.44,0.0,0
1946-10-18,69,48,0.00,0.0,0
1946-10-19,80,57,0.00,0.0,0
1946-10-20,77,49,0.00,0.0,0
1946-10-21,78,56,0.00,0.0,0
1946-10-22,84,66,0.00,0.0,0
1946-10-23,82,66,0.00,0.0,0
1946-10-24,82,55,T,0.0,0
1946-10-25,80,46,0.00,0.0,0
1946-10-26,78,53,0.00,0.0,0
1946-10-27,80,59,T,0.0,0
1946-10-28,83,62,T,0.0,0
1946-10-29,84,67,T,0.0,0
1946-10-30,85,72,T,0.0,0
1946-10-31,83,72,T,0.0,0
1946-11-01,77,66,0.32,0.0,0
1946-11-02,71,61,4.91,0.0,0
1946-11-03,66,58,1.98,0.0,0
1946-11-04,61,56,0.26,0.0,0
1946-11-05,63,52,1.74,0.0,0
1946-11-06,63,48,0.14,0.0,0
1946-11-07,74,46,0.00,0.0,0
1946-11-08,73,44,T,0.0,0
1946-11-09,83,58,0.13,0.0,0
1946-11-10,58,41,0.05,0.0,0
1946-11-11,59,37,0.00,0.0,0
1946-11-12,62,44,0.00,0.0,0
1946-11-13,65,48,0.00,0.0,0
1946-11-14,69,47,0.00,0.0,0
1946-11-15,65,55,0.36,0.0,0
1946-11-16,64,42,0.00,0.0,0
1946-11-17,54,36,0.00,0.0,0
1946-11-18,54,37,0.00,0.0,0
1946-11-19,64,37,0.00,0.0,0
1946-11-20,71,47,0.00,0.0,0
1946-11-21,77,47,0.00,0.0,0
1946-11-22,65,38,0.00,0.0,0
1946-11-23,68,48,0.00,0.0,0
1946-11-24,72,58,0.00,0.0,0
1946-11-25,68,37,0.02,0.0,0
1946-11-26,56,35,0.00,0.0,0
1946-11-27,66,30,0.00,0.0,0
1946-11-28,69,37,0.00,0.0,0
1946-11-29,72,37,0.00,0.0,0
1946-11-30,76,48,0.00,0.0,0
1946-12-01,59,38,T,0.0,0
1946-12-02,56,30,0.00,0.0,0
1946-12-03,70,38,0.00,0.0,0
1946-12-04,71,40,0.00,0.0,0
1946-12-05,72,47,0.00,0.0,0
1946-12-06,73,50,0.00,0.0,0
1946-12-07,76,57,0.00,0.0,0
1946-12-08,73,60,T,0.0,0
1946-12-09,75,63,0.18,0.0,0
1946-12-10,69,58,1.65,0.0,0
1946-12-11,65,56,1.81,0.0,0
1946-12-12,68,47,0.00,0.0,0
1946-12-13,66,41,0.00,0.0,0
1946-12-14,72,45,0.00,0.0,0
1946-12-15,70,52,0.00,0.0,0
1946-12-16,76,54,0.00,0.0,0
1946-12-17,57,35,0.00,0.0,0
1946-12-18,47,28,0.00,0.0,0
1946-12-19,38,34,T,T,0
1946-12-20,55,35,T,0.0,0
1946-12-21,66,35,0.00,0.0,0
1946-12-22,67,42,0.00,0.0,0
1946-12-23,73,46,0.00,0.0,0
1946-12-24,65,39,0.00,0.0,0
1946-12-25,66,38,0.00,0.0,0
1946-12-26,64,45,0.00,0.0,0
1946-12-27,79,62,T,0.0,0
1946-12-28,76,32,0.02,0.0,0
1946-12-29,32,20,0.00,0.0,0
1946-12-30,28,19,0.00,0.0,0
1946-12-31,27,21,0.12,1.7,0
1947-01-01,32,23,0.36,T,2
1947-01-02,34,20,0.19,0.0,T
1947-01-03,21,13,T,T,T
1947-01-04,23,7,0.00,0.0,0
1947-01-05,38,10,0.00,0.0,0
1947-01-06,42,29,T,0.0,0
1947-01-07,51,37,0.00,0.0,0
1947-01-08,51,38,T,0.0,0
1947-01-09,56,39,T,0.0,0
1947-01-10,46,41,0.29,0.0,0
1947-01-11,48,40,T,0.0,0
1947-01-12,65,41,0.00,0.0,0
1947-01-13,71,58,0.00,0.0,0
1947-01-14,74,55,0.00,0.0,0
1947-01-15,61,52,0.05,0.0,0
1947-01-16,59,34,0.86,0.0,0
1947-01-17,40,34,0.20,0.0,0
1947-01-18,46,39,0.01,0.0,0
1947-01-19,51,39,0.12,0.0,0
1947-01-20,56,36,0.00,0.0,0
1947-01-21,57,28,0.00,0.0,0
1947-01-22,59,36,0.00,0.0,0
1947-01-23,63,50,0.00,0.0,0
1947-01-24,69,46,T,0.0,0
1947-01-25,73,39,0.00,0.0,0
1947-01-26,73,36,0.00,0.0,0
1947-01-27,74,49,0.00,0.0,0
1947-01-28,69,43,T,0.0,0
1947-01-29,76,58,0.00,0.0,0
1947-01-30,58,34,0.00,0.0,0
1947-01-31,65,34,0.00,0.0,0
1947-02-01,53,32,0.00,0.0,0
1947-02-02,58,25,0.00,0.0,0
1947-02-03,75,40,0.00,0.0,0
1947-02-04,41,28,0.00,0.0,0
1947-02-05,57,26,0.00,0.0,0
1947-02-06,68,38,0.00,0.0,0
1947-02-07,47,24,0.00,0.0,0
1947-02-08,40,23,0.00,0.0,0
1947-02-09,38,23,0.00,0.0,0
1947-02-10,44,20,T,0.0,0
1947-02-11,43,36,T,0.0,0
1947-02-12,42,36,0.01,0.0,0
1947-02-13,63,40,0.00,0.0,0
1947-02-14,71,39,0.00,0.0,0
1947-02-15,76,38,0.00,0.0,0
1947-02-16,79,43,0.00,0.0,0
1947-02-17,79,50,0.00,0.0,0
1947-02-18,69,41,0.00,0.0,0
1947-02-19,41,36,0.49,0.0,0
1947-02-20,53,36,0.00,0.0,0
1947-02-21,58,33,0.00,0.0,0
1947-02-22,59,41,0.00,0.0,0
1947-02-23,44,26,0.02,0.2,T
1947-02-24,45,21,0.00,0.0,0
1947-02-25,46,27,0.00,0.0,0
1947-02-26,39,30,0.00,0.0,0
1947-02-27,46,34,T,0.0,0
1947-02-28,64,36,0.02,0.0,0
1947-03-01,45,30,0.01,0.0,0
1947-03-02,43,22,0.00,0.0,0
1947-03-03,59,34,0.00,0.0,0
1947-03-04,65,39,T,0.0,0
1947-03-05,69,36,0.00,0.0,0
1947-03-06,36,33,0.12,0.0,0
1947-03-07,39,32,0.69,1.2,T
1947-03-08,54,30,0.00,0.0,0
1947-03-09,53,37,0.00,0.0,0
1947-03-10,47,43,0.07,0.0,0
1947-03-11,65,47,0.00,0.0,0
1947-03-12,61,43,0.39,0.0,0
1947-03-13,56,41,0.00,0.0,0
1947-03-14,63,34,0.00,0.0,0
1947-03-15,49,30,T,T,0
1947-03-16,62,28,0.00,0.0,0
1947-03-17,59,43,0.00,0.0,0
1947-03-18,44,40,0.63,0.0,0
1947-03-19,54,38,0.01,0.0,0
1947-03-20,60,41,0.00,0.0,0
1947-03-21,76,44,0.00,0.0,0
1947-03-22,76,55,0.00,0.0,0
1947-03-23,81,60,0.34,0.0,0
1947-03-24,64,47,0.00,0.0,0
1947-03-25,68,42,0.00,0.0,0
1947-03-26,78,49,0.00,0.0,0
1947-03-27,68,43,0.00,0.0,0
1947-03-28,65,36,0.00,0.0,0
1947-03-29,56,52,0.07,0.0,0
1947-03-30,70,49,0.00,0.0,0
1947-03-31,75,56,T,0.0,0
1947-04-01,85,64,T,0.0,0
1947-04-02,83,59,0.00,0.0,0
1947-04-03,73,66,T,0.0,0
1947-04-04,79,65,0.27,0.0,0
1947-04-05,75,58,0.02,0.0,0
1947-04-06,86,53,0.00,0.0,0
1947-04-07,77,52,T,0.0,0
1947-04-08,85,65,T,0.0,0
1947-04-09,83,63,0.01,0.0,0
1947-04-10,75,58,1.41,0.0,0
1947-04-11,75,50,0.00,0.0,0
1947-04-12,80,56,0.53,0.0,0
1947-04-13,60,46,0.16,0.0,0
1947-04-14,64,48,0.46,0.0,0
1947-04-15,66,50,T,0.0,0
1947-04-16,53,40,0.00,0.0,0
1947-04-17,66,36,0.00,0.0,0
1947-04-18,78,48,0.00,0.0,0
1947-04-19,77,52,0.09,0.0,0
1947-04-20,72,46,0.00,0.0,0
1947-04-21,81,49,0.00,0.0,0
1947-04-22,82,62,T,0.0,0
1947-04-23,85,69,0.00,0.0,0
1947-04-24,81,50,0.31,0.0,0
1947-04-25,58,49,0.01,0.0,0
1947-04-26,67,47,0.00,0.0,0
1947-04-27,69,57,0.34,0.0,0
1947-04-28,77,63,0.20,0.0,0
1947-04-29,81,70,T,0.0,0
1947-04-30,93,71,T,0.0,0
1947-05-01,82,57,0.00,0.0,0
1947-05-02,85,54,0.00,0.0,0
1947-05-03,90,53,0.00,0.0,0
1947-05-04,98,66,0.00,0.0,0
1947-05-05,93,73,T,0.0,0
1947-05-06,90,71,0.01,0.0,0
1947-05-07,76,64,0.02,0.0,0
1947-05-08,69,59,0.06,0.0,0
1947-05-09,73,58,0.00,0.0,0
1947-05-10,77,63,0.00,0.0,0
1947-05-11,84,62,T,0.0,0
1947-05-12,88,71,T,0.0,0
1947-05-13,91,74,0.00,0.0,0
1947-05-14,89,69,0.00,0.0,0
1947-05-15,85,71,T,0.0,0
1947-05-16,76,62,0.98,0.0,0
1947-05-17,87,67,0.00,0.0,0
1947-05-18,82,66,T,0.0,0
1947-05-19,86,69,0.00,0.0,0
1947-05-20,71,56,0.14,0.0,0
1947-05-21,79,51,0.00,0.0,0
1947-05-22,82,59,0.00,0.0,0
1947-05-23,75,65,0.04,0.0,0
1947-05-24,81,62,0.00,0.0,0
1947-05-25,82,53,0.00,0.0,0
1947-05-26,87,54,0.00,0.0,0
1947-05-27,89,63,0.00,0.0,0
1947-05-28,89,59,0.30,0.0,0
1947-05-29,67,48,0.00,0.0,0
1947-05-30,78,48,0.00,0.0,0
1947-05-31,88,67,0.00,0.0,0
1947-06-01,97,74,0.03,0.0,0
1947-06-02,93,66,0.00,0.0,0
1947-06-03,91,68,0.00,0.0,0
1947-06-04,93,74,0.00,0.0,0
1947-06-05,92,72,0.00,0.0,0
1947-06-06,95,73,0.00,0.0,0
1947-06-07,94,73,0.00,0.0,0
1947-06-08,94,72,0.00,0.0,0
1947-06-09,95,73,0.00,0.0,0
1947-06-10,94,75,0.00,0.0,0
1947-06-11,95,76,0.00,0.0,0
1947-06-12,95,74,0.00,0.0,0
1947-06-13,81,63,T,0.0,0
1947-06-14,85,53,0.00,0.0,0
1947-06-15,86,58,0.00,0.0,0
1947-06-16,92,63,0.00,0.0,0
1947-06-17,94,67,0.00,0.0,0
1947-06-18,95,74,0.00,0.0,0
1947-06-19,89,70,1.20,0.0,0
1947-06-20,79,67,2.42,0.0,0
1947-06-21,93,68,0.00,0.0,0
1947-06-22,94,79,0.01,0.0,0
1947-06-23,81,68,0.45,0.0,0
1947-06-24,85,70,0.17,0.0,0
1947-06-25,94,69,T,0.0,0
1947-06-26,95,76,0.00,0.0,0
1947-06-27,98,78,0.00,0.0,0
1947-06-28,97,78,0.00,0.0,0
1947-06-29,97,77,0.00,0.0,0
1947-06-30,98,76,0.00,0.0,0
1947-07-01,100,76,0.00,0.0,0
1947-07-02,100,74,0.00,0.0,0
1947-07-03,88,76,0.00,0.0,0
1947-07-04,94,74,T,0.0,0
1947-07-05,95,76,0.00,0.0,0
1947-07-06,95,75,0.00,0.0,0
1947-07-07,98,73,0.00,0.0,0
1947-07-08,93,73,0.00,0.0,0
1947-07-09,92,68,0.00,0.0,0
1947-07-10,88,72,0.00,0.0,0
1947-07-11,90,72,0.00,0.0,0
1947-07-12,95,75,0.00,0.0,0
1947-07-13,95,74,0.00,0.0,0
1947-07-14,95,75,0.00,0.0,0
1947-07-15,102,77,0.00,0.0,0
1947-07-16,104,81,0.00,0.0,0
1947-07-17,104,80,0.00,0.0,0
1947-07-18,99,78,T,0.0,0
1947-07-19,94,72,T,0.0,0
1947-07-20,100,64,0.00,0.0,0
1947-07-21,99,71,0.00,0.0,0
1947-07-22,85,67,T,0.0,0
1947-07-23,85,67,T,0.0,0
1947-07-24,92,68,0.00,0.0,0
1947-07-25,94,71,0.00,0.0,0
1947-07-26,95,73,0.00,0.0,0
1947-07-27,100,77,0.00,0.0,0
1947-07-28,100,76,0.00,0.0,0
1947-07-29,101,77,0.00,0.0,0
1947-07-30,104,78,0.00,0.0,0
1947-07-31,103,80,0.00,0.0,0
1947-08-01,97,77,0.00,0.0,0
1947-08-02,97,76,0.00,0.0,0
1947-08-03,97,76,0.00,0.0,0
1947-08-04,96,79,0.00,0.0,0
1947-08-05,98,79,0.00,0.0,0
1947-08-06,98,81,0.00,0.0,0
1947-08-07,104,80,0.00,0.0,0
1947-08-08,107,82,0.00,0.0,0
1947-08-09,109,80,0.00,0.0,0
1947-08-10,108,79,0.00,0.0,0
1947-08-11,98,67,1.22,0.0,0
1947-08-12,90,73,0.05,0.0,0
1947-08-13,96,76,0.00,0.0,0
1947-08-14,97,77,0.00,0.0,0
1947-08-15,100,78,0.00,0.0,0
1947-08-16,96,77,0.00,0.0,0
1947-08-17,92,75,0.02,0.0,0
1947-08-18,94,72,0.00,0.0,0
1947-08-19,98,76,0.00,0.0,0
1947-08-20,95,76,0.00,0.0,0
1947-08-21,94,74,T,0.0,0
1947-08-22,93,77,0.00,0.0,0
1947-08-23,96,77,0.00,0.0,0
1947-08-24,95,77,0.00,0.0,0
1947-08-25,92,72,0.20,0.0,0
1947-08-26,80,72,2.38,0.0,0
1947-08-27,88,70,6.80,0.0,0
1947-08-28,97,75,0.14,0.0,0
1947-08-29,97,76,0.00,0.0,0
1947-08-30,98,75,0.00,0.0,0
1947-08-31,100,76,0.00,0.0,0
1947-09-01,103,76,0.00,0.0,0
1947-09-02,103,76,0.00,0.0,0
1947-09-03,102,80,0.00,0.0,0
1947-09-04,101,73,0.00,0.0,0
1947-09-05,102,75,0.00,0.0,0
1947-09-06,102,76,0.00,0.0,0
1947-09-07,96,77,0.00,0.0,0
1947-09-08,94,76,0.00,0.0,0
1947-09-09,93,74,0.00,0.0,0
1947-09-10,96,77,0.00,0.0,0
1947-09-11,94,68,1.45,0.0,0
1947-09-12,79,65,0.45,0.0,0
1947-09-13,87,62,0.00,0.0,0
1947-09-14,93,73,0.01,0.0,0
1947-09-15,80,66,T,0.0,0
1947-09-16,90,65,0.00,0.0,0
1947-09-17,93,74,0.00,0.0,0
1947-09-18,94,72,0.00,0.0,0
1947-09-19,92,69,0.16,0.0,0
1947-09-20,76,70,1.89,0.0,0
1947-09-21,82,62,0.02,0.0,0
1947-09-22,82,58,0.00,0.0,0
1947-09-23,79,52,0.00,0.0,0
1947-09-24,84,52,0.00,0.0,0
1947-09-25,88,54,0.00,0.0,0
1947-09-26,87,59,0.00,0.0,0
1947-09-27,84,64,0.00,0.0,0
1947-09-28,88,65,0.00,0.0,0
1947-09-29,88,64,0.00,0.0,0
1947-09-30,84,59,0.00,0.0,0
1947-10-01,82,61,0.00,0.0,0
1947-10-02,84,60,0.00,0.0,0
1947-10-03,85,60,0.00,0.0,0
1947-10-04,90,66,0.00,0.0,0
1947-10-05,95,66,0.00,0.0,0
1947-10-06,90,64,0.00,0.0,0
1947-10-07,94,69,T,0.0,0
1947-10-08,79,67,0.25,0.0,0
1947-10-09,88,64,0.00,0.0,0
1947-10-10,86,62,0.00,0.0,0
1947-10-11,88,64,0.00,0.0,0
1947-10-12,86,64,0.00,0.0,0
1947-10-13,89,65,0.00,0.0,0
1947-10-14,88,61,0.00,0.0,0
1947-10-15,88,66,0.00,0.0,0
1947-10-16,88,65,0.02,0.0,0
1947-10-17,92,69,0.00,0.0,0
1947-10-18,88,68,0.00,0.0,0
1947-10-19,86,59,0.00,0.0,0
1947-10-20,88,49,0.00,0.0,0
1947-10-21,86,55,0.00,0.0,0
1947-10-22,84,63,0.00,0.0,0
1947-10-23,85,62,0.00,0.0,0
1947-10-24,88,65,0.01,0.0,0
1947-10-25,75,63,0.06,0.0,0
1947-10-26,66,58,0.77,0.0,0
1947-10-27,69,53,0.00,0.0,0
1947-10-28,79,52,0.00,0.0,0
1947-10-29,69,62,0.15,0.0,0
1947-10-30,84,63,0.06,0.0,0
1947-10-31,73,53,T,0.0,0
1947-11-01,60,49,T,0.0,0
1947-11-02,62,50,0.00,0.0,0
1947-11-03,74,47,0.00,0.0,0
1947-11-04,78,50,0.00,0.0,0
1947-11-05,74,43,0.00,0.0,0
1947-11-06,78,46,0.19,0.0,0
1947-11-07,56,38,0.00,0.0,0
1947-11-08,70,37,0.00,0.0,0
1947-11-09,66,45,T,0.0,0
1947-11-10,78,44,T,0.0,0
1947-11-11,57,37,0.00,0.0,0
1947-11-12,60,34,0.00,0.0,0
1947-11-13,52,46,0.22,0.0,0
1947-11-14,61,46,1.43,0.0,0
1947-11-15,60,40,0.00,0.0,0
1947-11-16,64,35,T,0.0,0
1947-11-17,51,42,0.15,0.0,0
1947-11-18,46,41,0.04,0.0,0
1947-11-19,50,44,T,0.0,0
1947-11-20,54,48,0.04,0.0,0
1947-11-21,57,49,0.39,0.0,0
1947-11-22,55,39,0.32,0.0,0
1947-11-23,46,39,0.03,0.0,0
1947-11-24,52,37,0.00,0.0,0
1947-11-25,64,31,0.00,0.0,0
1947-11-26,61,36,0.00,0.0,0
1947-11-27,64,40,0.00,0.0,0
1947-11-28,63,30,0.00,0.0,0
1947-11-29,67,39,0.00,0.0,0
1947-11-30,63,36,0.00,0.0,0
1947-12-01,68,45,0.00,0.0,0
1947-12-02,69,52,T,0.0,0
1947-12-03,68,57,0.79,0.0,0
1947-12-04,68,52,0.11,0.0,0
1947-12-05,61,43,0.00,0.0,0
1947-12-06,68,48,0.91,0.0,0
1947-12-07,69,49,0.74,0.0,0
1947-12-08,54,42,T,0.0,0
1947-12-09,47,40,0.01,0.0,0
1947-12-10,45,35,T,0.0,0
1947-12-11,42,30,T,0.0,0
1947-12-12,47,27,0.00,0.0,0
1947-12-13,48,30,0.00,0.0,0
1947-12-14,47,26,0.55,0.0,0
1947-12-15,51,35,1.45,0.0,0
1947-12-16,51,30,0.00,0.0,0
1947-12-17,56,32,0.00,0.0,0
1947-12-18,64,36,0.00,0.0,0
1947-12-19,62,38,0.00,0.0,0
1947-12-20,59,41,0.00,0.0,0
1947-12-21,63,35,0.00,0.0,0
1947-12-22,67,43,0.00,0.0,0
1947-12-23,44,38,0.00,0.0,0
1947-12-24,42,34,T,0.0,0
1947-12-25,50,27,0.00,0.0,0
1947-12-26,66,32,0.00,0.0,0
1947-12-27,74,36,0.00,0.0,0
1947-12-28,69,39,0.00,0.0,0
1947-12-29,71,44,0.00,0.0,0
1947-12-30,64,49,T,0.0,0
1947-12-31,64,28,1.55,T,0
1948-01-01,39,24,T,T,0
1948-01-02,53,26,0.00,0.0,0
1948-01-03,63,37,0.00,0.0,0
1948-01-04,60,36,0.00,0.0,0
1948-01-05,72,39,0.00,0.0,0
1948-01-06,62,38,0.00,0.0,0
1948-01-07,64,37,0.00,0.0,0
1948-01-08,70,55,T,0.0,0
1948-01-09,63,54,0.01,0.0,0
1948-01-10,56,49,T,0.0,0
1948-01-11,58,46,T,0.0,0
1948-01-12,62,40,0.01,0.0,0
1948-01-13,43,29,0.00,0.0,0
1948-01-14,49,27,0.00,0.0,0
1948-01-15,65,34,0.00,0.0,0
1948-01-16,50,21,0.01,T,T
1948-01-17,38,18,0.00,0.0,0
1948-01-18,40,22,T,T,0
1948-01-19,33,25,0.22,2.0,2
1948-01-20,36,30,0.16,0.0,T
1948-01-21,55,30,0.00,0.0,0
1948-01-22,60,35,0.00,0.0,0
1948-01-23,35,22,0.00,0.0,0
1948-01-24,27,19,0.09,2.2,T
1948-01-25,31,22,T,T,2
1948-01-26,32,30,0.14,0.0,T
1948-01-27,30,17,T,T,T
1948-01-28,23,13,0.16,0.9,1
1948-01-29,29,21,0.02,0.3,1
1948-01-30,38,17,0.00,0.0,1
1948-01-31,40,21,0.00,0.0,T
1948-02-01,49,24,0.00,0.0,T
1948-02-02,47,39,T,0.0,0
1948-02-03,47,39,0.24,0.0,0
1948-02-04,63,41,T,0.0,0
1948-02-05,43,37,0.15,0.0,0
1948-02-06,43,35,0.08,0.0,0
1948-02-07,47,41,0.14,0.0,0
1948-02-08,41,24,0.04,0.4,T
1948-02-09,42,21,T,T,T
1948-02-10,40,27,T,0.0,0
1948-02-11,44,25,0.17,T,0
1948-02-12,27,23,0.09,T,T
1948-02-13,43,23,0.01,T,0
1948-02-14,58,25,0.00,0.0,0
1948-02-15,54,38,0.00,0.0,0
1948-02-16,78,44,0.00,0.0,0
1948-02-17,71,40,0.00,0.0,0
1948-02-18,75,57,0.00,0.0,0
1948-02-19,85,48,0.00,0.0,0
1948-02-20,49,40,0.00,0.0,0
1948-02-21,44,35,0.10,0.0,0
1948-02-22,39,34,0.00,0.0,0
1948-02-23,47,34,0.04,0.0,0
1948-02-24,62,44,0.01,0.0,0
1948-02-25,76,58,0.93,0.0,0
1948-02-26,77,66,0.10,0.0,0
1948-02-27,74,53,0.36,0.0,0
1948-02-28,71,52,0.00,0.0,0
1948-02-29,67,52,T,0.0,0
1948-03-01,73,54,0.82,0.0,0
1948-03-02,54,38,0.00,0.0,0
1948-03-03,56,34,0.00,0.0,0
1948-03-04,50,39,0.04,0.0,0
1948-03-05,43,38,0.17,0.0,0
1948-03-06,52,32,T,0.0,0
1948-03-07,60,36,0.00,0.0,0
1948-03-08,45,37,0.10,0.0,0
1948-03-09,54,39,0.00,0.0,0
1948-03-10,51,17,0.01,0.0,0
1948-03-11,28,12,T,T,0
1948-03-12,42,14,0.00,0.0,0
1948-03-13,56,22,0.00,0.0,0
1948-03-14,71,42,0.00,0.0,0
1948-03-15,75,60,0.00,0.0,0
1948-03-16,70,48,0.00,0.0,0
1948-03-17,72,45,0.00,0.0,0
1948-03-18,78,58,T,0.0,0
1948-03-19,82,59,T,0.0,0
1948-03-20,81,65,T,0.0,0
1948-03-21,74,57,1.23,0.0,0
1948-03-22,64,49,0.46,0.0,0
1948-03-23,76,42,0.00,0.0,0
1948-03-24,84,55,0.00,0.0,0
1948-03-25,76,59,0.00,0.0,0
1948-03-26,78,54,0.00,0.0,0
1948-03-27,60,40,0.00,0.0,0
1948-03-28,62,33,0.00,0.0,0
1948-03-29,78,47,0.00,0.0,0
1948-03-30,85,60,0.00,0.0,0
1948-03-31,80,52,0.00,0.0,0
1948-04-01,67,48,0.00,0.0,0
1948-04-02,75,40,0.00,0.0,0
1948-04-03,76,51,0.00,0.0,0
1948-04-04,75,53,0.00,0.0,0
1948-04-05,83,62,0.00,0.0,0
1948-04-06,88,68,0.00,0.0,0
1948-04-07,90,71,0.00,0.0,0
1948-04-08,79,67,0.00,0.0,0
1948-04-09,79,59,0.00,0.0,0
1948-04-10,86,66,0.00,0.0,0
1948-04-11,96,69,0.00,0.0,0
1948-04-12,89,59,T,0.0,0
1948-04-13,67,48,0.04,0.0,0
1948-04-14,76,40,0.00,0.0,0
1948-04-15,75,51,0.00,0.0,0
1948-04-16,87,51,0.00,0.0,0
1948-04-17,87,56,0.00,0.0,0
1948-04-18,86,61,0.00,0.0,0
1948-04-19,85,61,0.00,0.0,0
1948-04-20,84,62,0.00,0.0,0
1948-04-21,85,64,0.00,0.0,0
1948-04-22,84,63,0.00,0.0,0
1948-04-23,83,67,0.05,0.0,0
1948-04-24,84,69,T,0.0,0
1948-04-25,75,56,1.01,0.0,0
1948-04-26,86,59,0.00,0.0,0
1948-04-27,88,63,0.00,0.0,0
1948-04-28,93,63,0.00,0.0,0
1948-04-29,87,65,0.00,0.0,0
1948-04-30,88,66,0.00,0.0,0
1948-05-01,91,71,0.10,0.0,0
1948-05-02,90,68,0.00,0.0,0
1948-05-03,84,64,0.24,0.0,0
1948-05-04,79,56,0.00,0.0,0
1948-05-05,87,62,0.51,0.0,0
1948-05-06,74,55,0.00,0.0,0
1948-05-07,79,49,0.00,0.0,0
1948-05-08,79,61,0.00,0.0,0
1948-05-09,88,72,0.00,0.0,0
1948-05-10,79,62,0.76,0.0,0
1948-05-11,69,58,3.29,0.0,0
1948-05-12,71,57,T,0.0,0
1948-05-13,80,58,0.05,0.0,0
1948-05-14,85,60,0.00,0.0,0
1948-05-15,89,70,0.00,0.0,0
1948-05-16,92,72,0.00,0.0,0
1948-05-17,84,67,0.02,0.0,0
1948-05-18,90,65,0.00,0.0,0
1948-05-19,84,67,0.00,0.0,0
1948-05-20,85,58,0.00,0.0,0
1948-05-21,92,60,0.00,0.0,0
1948-05-22,94,69,0.00,0.0,0
1948-05-23,90,70,0.00,0.0,0
1948-05-24,89,70,0.00,0.0,0
1948-05-25,86,63,2.58,0.0,0
1948-05-26,71,63,T,0.0,0
1948-05-27,72,60,0.24,0.0,0
1948-05-28,82,63,0.00,0.0,0
1948-05-29,88,64,0.00,0.0,0
1948-05-30,92,70,0.00,0.0,0
1948-05-31,84,70,0.00,0.0,0
1948-06-01,86,64,0.00,0.0,0
1948-06-02,88,58,0.00,0.0,0
1948-06-03,88,58,0.00,0.0,0
1948-06-04,95,67,0.00,0.0,0
1948-06-05,103,74,0.00,0.0,0
1948-06-06,102,75,0.00,0.0,0
1948-06-07,98,75,0.00,0.0,0
1948-06-08,99,70,0.61,0.0,0
1948-06-09,94,71,0.02,0.0,0
1948-06-10,92,69,0.00,0.0,0
1948-06-11,91,66,0.00,0.0,0
1948-06-12,99,71,0.00,0.0,0
1948-06-13,97,76,0.00,0.0,0
1948-06-14,99,79,0.00,0.0,0
1948-06-15,96,77,0.00,0.0,0
1948-06-16,97,78,0.00,0.0,0
1948-06-17,98,79,0.00,0.0,0
1948-06-18,101,79,0.00,0.0,0
1948-06-19,100,79,0.00,0.0,0
1948-06-20,98,78,0.00,0.0,0
1948-06-21,97,78,0.00,0.0,0
1948-06-22,96,80,0.00,0.0,0
1948-06-23,95,70,0.36,0.0,0
1948-06-24,85,69,0.72,0.0,0
1948-06-25,93,76,T,0.0,0
1948-06-26,84,69,1.18,0.0,0
1948-06-27,92,72,0.00,0.0,0
1948-06-28,83,66,2.93,0.0,0
1948-06-29,88,64,0.00,0.0,0
1948-06-30,91,67,0.00,0.0,0
1948-07-01,90,69,0.00,0.0,0
1948-07-02,89,72,0.08,0.0,0
1948-07-03,89,71,0.58,0.0,0
1948-07-04,88,69,0.55,0.0,0
1948-07-05,88,73,0.01,0.0,0
1948-07-06,93,73,0.00,0.0,0
1948-07-07,90,73,0.22,0.0,0
1948-07-08,94,71,0.00,0.0,0
1948-07-09,99,73,0.18,0.0,0
1948-07-10,91,74,0.05,0.0,0
1948-07-11,94,73,T,0.0,0
1948-07-12,96,76,0.00,0.0,0
1948-07-13,97,76,0.00,0.0,0
1948-07-14,98,78,0.00,0.0,0
1948-07-15,98,79,0.00,0.0,0
1948-07-16,97,79,0.00,0.0,0
1948-07-17,97,80,0.00,0.0,0
1948-07-18,97,79,0.00,0.0,0
1948-07-19,97,80,0.00,0.0,0
1948-07-20,97,79,0.00,0.0,0
1948-07-21,97,79,0.00,0.0,0
1948-07-22,98,79,0.00,0.0,0
1948-07-23,95,78,0.00,0.0,0
1948-07-24,98,79,0.00,0.0,0
1948-07-25,99,81,0.00,0.0,0
1948-07-26,101,81,0.02,0.0,0
1948-07-27,100,77,0.01,0.0,0
1948-07-28,99,77,0.00,0.0,0
1948-07-29,99,75,0.00,0.0,0
1948-07-30,96,78,0.05,0.0,0
1948-07-31,94,78,0.00,0.0,0
1948-08-01,95,74,0.00,0.0,0
1948-08-02,93,73,0.00,0.0,0
1948-08-03,95,70,0.00,0.0,0
1948-08-04,89,72,0.00,0.0,0
1948-08-05,88,65,0.00,0.0,0
1948-08-06,91,68,0.00,0.0,0
1948-08-07,100,76,0.00,0.0,0
1948-08-08,98,81,0.00,0.0,0
1948-08-09,103,81,0.00,0.0,0
1948-08-10,103,80,0.00,0.0,0
1948-08-11,104,82,0.00,0.0,0
1948-08-12,103,81,0.00,0.0,0
1948-08-13,104,82,0.00,0.0,0
1948-08-14,103,80,0.00,0.0,0
1948-08-15,100,80,0.00,0.0,0
1948-08-16,95,72,0.00,0.0,0
1948-08-17,96,70,0.00,0.0,0
1948-08-18,98,68,0.00,0.0,0
1948-08-19,105,76,0.00,0.0,0
1948-08-20,107,76,0.00,0.0,0
1948-08-21,106,77,0.00,0.0,0
1948-08-22,103,76,0.00,0.0,0
1948-08-23,99,78,0.00,0.0,0
1948-08-24,95,77,0.00,0.0,0
1948-08-25,89,69,0.28,0.0,0
1948-08-26,88,74,0.02,0.0,0
1948-08-27,92,74,0.24,0.0,0
1948-08-28,93,75,0.00,0.0,0
1948-08-29,94,71,0.00,0.0,0
1948-08-30,95,71,T,0.0,0
1948-08-31,98,71,0.00,0.0,0
1948-09-01,94,72,0.00,0.0,0
1948-09-02,93,67,0.00,0.0,0
1948-09-03,96,65,0.00,0.0,0
1948-09-04,93,74,0.00,0.0,0
1948-09-05,98,69,0.00,0.0,0
1948-09-06,99,76,0.00,0.0,0
1948-09-07,96,75,0.00,0.0,0
1948-09-08,92,71,0.04,0.0,0
1948-09-09,78,62,0.03,0.0,0
1948-09-10,81,60,0.00,0.0,0
1948-09-11,85,54,0.00,0.0,0
1948-09-12,86,58,0.00,0.0,0
1948-09-13,88,65,0.00,0.0,0
1948-09-14,90,68,0.00,0.0,0
1948-09-15,93,64,0.00,0.0,0
1948-09-16,92,67,0.00,0.0,0
1948-09-17,89,74,0.00,0.0,0
1948-09-18,92,75,0.00,0.0,0
1948-09-19,93,74,0.00,0.0,0
1948-09-20,92,72,0.00,0.0,0
1948-09-21,94,71,0.00,0.0,0
1948-09-22,96,73,0.00,0.0,0
1948-09-23,96,72,0.00,0.0,0
1948-09-24,92,70,0.00,0.0,0
1948-09-25,82,60,0.00,0.0,0
1948-09-26,77,53,0.00,0.0,0
1948-09-27,77,49,0.00,0.0,0
1948-09-28,83,52,0.00,0.0,0
1948-09-29,83,51,0.00,0.0,0
1948-09-30,88,51,0.00,0.0,0
1948-10-01,88,52,0.00,0.0,0
1948-10-02,87,54,0.00,0.0,0
1948-10-03,84,56,0.00,0.0,0
1948-10-04,85,58,0.00,0.0,0
1948-10-05,85,59,0.00,0.0,0
1948-10-06,91,61,0.00,0.0,0
1948-10-07,75,48,0.00,0.0,0
1948-10-08,81,48,0.00,0.0,0
1948-10-09,83,49,0.00,0.0,0
1948-10-10,70,58,0.60,0.0,0
1948-10-11,75,54,0.00,0.0,0
1948-10-12,80,46,0.00,0.0,0
1948-10-13,90,57,0.01,0.0,0
1948-10-14,88,63,0.00,0.0,0
1948-10-15,92,56,0.00,0.0,0
1948-10-16,85,48,0.14,0.0,0
1948-10-17,60,42,0.13,0.0,0
1948-10-18,64,34,0.00,0.0,0
1948-10-19,71,45,0.00,0.0,0
1948-10-20,75,54,0.00,0.0,0
1948-10-21,71,56,0.03,0.0,0
1948-10-22,79,58,0.00,0.0,0
1948-10-23,80,46,0.00,0.0,0
1948-10-24,74,43,0.00,0.0,0
1948-10-25,75,47,0.00,0.0,0
1948-10-26,76,48,0.00,0.0,0
1948-10-27,77,51,0.00,0.0,0
1948-10-28,74,55,T,0.0,0
1948-10-29,82,62,0.00,0.0,0
1948-10-30,83,69,T,0.0,0
1948-10-31,80,71,0.00,0.0,0
1948-11-01,79,61,0.01,0.0,0
1948-11-02,76,59,0.00,0.0,0
1948-11-03,89,53,0.00,0.0,0
1948-11-04,89,60,0.00,0.0,0
1948-11-05,64,50,T,0.0,0
1948-11-06,68,44,0.00,0.0,0
1948-11-07,71,39,0.00,0.0,0
1948-11-08,75,48,0.00,0.0,0
1948-11-09,53,39,T,T,0
1948-11-10,66,33,0.00,0.0,0
1948-11-11,62,39,0.14,0.0,0
1948-11-12,62,47,0.13,0.0,0
1948-11-13,64,52,T,0.0,0
1948-11-14,59,51,0.03,0.0,0
1948-11-15,65,56,0.58,0.0,0
1948-11-16,77,47,0.00,0.0,0
1948-11-17,73,41,0.00,0.0,0
1948-11-18,69,47,0.00,0.0,0
1948-11-19,57,41,0.00,0.0,0
1948-11-20,68,32,0.00,0.0,0
1948-11-21,57,41,T,0.0,0
1948-11-22,51,34,0.00,0.0,0
1948-11-23,58,29,0.00,0.0,0
1948-11-24,64,38,0.00,0.0,0
1948-11-25,79,48,0.00,0.0,0
1948-11-26,65,47,0.01,0.0,0
1948-11-27,67,46,T,0.0,0
1948-11-28,48,32,T,0.0,0
1948-11-29,56,26,0.00,0.0,0
1948-11-30,66,33,0.00,0.0,0
1948-12-01,65,36,0.00,0.0,0
1948-12-02,61,38,0.00,0.0,0
1948-12-03,71,35,0.00,0.0,0
1948-12-04,73,52,0.00,0.0,0
1948-12-05,71,40,0.00,0.0,0
1948-12-06,65,39,0.00,0.0,0
1948-12-07,53,36,0.00,0.0,0
1948-12-08,64,34,0.00,0.0,0
1948-12-09,53,32,0.00,0.0,0
1948-12-10,55,22,0.00,0.0,0
1948-12-11,72,44,0.00,0.0,0
1948-12-12,78,54,0.00,0.0,0
1948-12-13,81,57,0.00,0.0,0
1948-12-14,72,66,2.50,0.0,0
1948-12-15,77,66,0.31,0.0,0
1948-12-16,66,42,0.00,0.0,0
1948-12-17,51,45,0.17,0.0,0
1948-12-18,60,46,T,0.0,0
1948-12-19,51,37,0.00,0.0,0
1948-12-20,65,36,0.00,0.0,0
1948-12-21,65,46,0.00,0.0,0
1948-12-22,61,38,0.00,0.0,0
1948-12-23,57,45,T,0.0,0
1948-12-24,66,42,0.01,0.0,0
1948-12-25,42,32,0.00,0.0,0
1948-12-26,39,32,T,0.0,0
1948-12-27,54,37,0.00,0.0,0
1948-12-28,64,46,0.05,0.0,0
1948-12-29,48,36,0.00,0.0,0
1948-12-30,50,25,0.00,0.0,0
1948-12-31,51,28,0.00,0.0,0
1949-01-01,58,32,T,0.0,0
1949-01-02,70,52,0.00,0.0,0
1949-01-03,72,35,0.00,0.0,0
1949-01-04,37,27,0.00,0.0,0
1949-01-05,51,26,0.00,0.0,0
1949-01-06,58,26,0.00,0.0,0
1949-01-07,62,37,0.00,0.0,0
1949-01-08,72,52,0.00,0.0,0
1949-01-09,79,37,T,0.0,0
1949-01-10,37,28,0.02,T,0
1949-01-11,34,28,0.02,0.0,0
1949-01-12,38,31,0.13,0.0,0
1949-01-13,46,36,0.04,0.0,0
1949-01-14,64,46,T,0.0,0
1949-01-15,69,52,0.06,0.0,0
1949-01-16,52,30,0.57,0.0,0
1949-01-17,30,23,0.01,0.0,0
1949-01-18,42,27,0.30,T,0
1949-01-19,36,24,0.00,0.0,0
1949-01-20,39,21,0.00,0.0,0
1949-01-21,60,39,0.03,0.0,0
1949-01-22,54,43,0.28,0.0,0
1949-01-23,71,54,0.18,0.0,0
1949-01-24,67,24,5.14,0.0,0
1949-01-25,32,22,0.15,T,T
1949-01-26,32,28,0.90,0.0,0
1949-01-27,52,30,0.46,0.0,0
1949-01-28,36,17,T,T,T
1949-01-29,23,15,T,T,0
1949-01-30,22,7,0.17,3.3,3
1949-01-31,26,2,0.00,0.0,2
1949-02-01,36,8,0.00,0.0,T
1949-02-02,43,24,T,0.0,T
1949-02-03,50,38,T,0.0,0
1949-02-04,48,32,0.00,0.0,0
1949-02-05,61,30,0.00,0.0,0
1949-02-06,53,33,0.00,0.0,0
1949-02-07,61,29,0.00,0.0,0
1949-02-08,72,43,0.00,0.0,0
1949-02-09,61,34,0.00,0.0,0
1949-02-10,59,29,0.00,0.0,0
1949-02-11,68,39,0.00,0.0,0
1949-02-12,73,55,0.06,0.0,0
1949-02-13,68,33,0.19,0.0,0
1949-02-14,40,32,0.05,0.0,0
1949-02-15,47,40,0.07,T,0
1949-02-16,62,40,0.00,0.0,0
1949-02-17,63,30,0.00,0.0,0
1949-02-18,64,42,0.00,0.0,0
1949-02-19,68,53,0.00,0.0,0
1949-02-20,69,53,0.02,0.0,0
1949-02-21,62,45,0.04,0.0,0
1949-02-22,60,51,0.00,0.0,0
1949-02-23,65,55,2.67,0.0,0
1949-02-24,65,52,0.00,0.0,0
1949-02-25,55,48,0.56,0.0,0
1949-02-26,53,45,T,0.0,0
1949-02-27,51,38,0.00,0.0,0
1949-02-28,48,32,T,T,0
1949-03-01,46,42,T,T,0
1949-03-02,55,34,0.00,0.0,0
1949-03-03,63,38,0.00,0.0,0
1949-03-04,72,49,0.00,0.0,0
1949-03-05,75,55,0.00,0.0,0
1949-03-06,70,50,0.00,0.0,0
1949-03-07,66,46,0.00,0.0,0
1949-03-08,63,53,0.13,0.0,0
1949-03-09,62,39,0.01,0.0,0
1949-03-10,58,33,0.00,0.0,0
1949-03-11,68,37,0.00,0.0,0
1949-03-12,70,52,T,0.0,0
1949-03-13,64,46,T,0.0,0
1949-03-14,63,42,T,0.0,0
1949-03-15,60,37,0.00,0.0,0
1949-03-16,67,46,0.00,0.0,0
1949-03-17,66,39,T,0.0,0
1949-03-18,56,32,0.00,0.0,0
1949-03-19,69,37,0.00,0.0,0
1949-03-20,68,47,0.05,0.0,0
1949-03-21,72,52,1.05,0.0,0
1949-03-22,68,44,0.00,0.0,0
1949-03-23,74,54,T,0.0,0
1949-03-24,79,60,T,0.0,0
1949-03-25,73,56,1.20,0.0,0
1949-03-26,73,57,0.31,0.0,0
1949-03-27,70,47,0.00,0.0,0
1949-03-28,74,55,0.00,0.0,0
1949-03-29,77,54,T,0.0,0
1949-03-30,75,54,0.01,0.0,0
1949-03-31,65,45,0.00,0.0,0
1949-04-01,61,44,0.09,0.0,0
1949-04-02,56,45,0.01,0.0,0
1949-04-03,58,44,0.00,0.0,0
1949-04-04,54,43,0.01,0.0,0
1949-04-05,70,42,0.00,0.0,0
1949-04-06,85,52,0.00,0.0,0
1949-04-07,89,48,0.00,0.0,0
1949-04-08,80,61,0.00,0.0,0
1949-04-09,77,60,0.57,0.0,0
1949-04-10,60,52,0.00,0.0,0
1949-04-11,56,48,0.03,0.0,0
1949-04-12,67,47,0.00,0.0,0
1949-04-13,86,50,0.00,0.0,0
1949-04-14,73,54,0.00,0.0,0
1949-04-15,68,44,0.00,0.0,0
1949-04-16,75,45,0.00,0.0,0
1949-04-17,81,55,0.00,0.0,0
1949-04-18,78,55,0.00,0.0,0
1949-04-19,67,54,0.25,0.0,0
1949-04-20,62,51,0.28,0.0,0
1949-04-21,70,58,0.03,0.0,0
1949-04-22,75,63,0.00,0.0,0
1949-04-23,80,64,0.65,T,0
1949-04-24,80,65,T,0.0,0
1949-04-25,77,65,0.57,0.0,0
1949-04-26,78,65,0.02,0.0,0
1949-04-27,81,66,T,0.0,0
1949-04-28,75,61,0.01,0.0,0
1949-04-29,76,62,T,0.0,0
1949-04-30,81,62,T,0.0,0
1949-05-01,86,68,0.00,0.0,0
1949-05-02,87,64,0.00,0.0,0
1949-05-03,86,72,0.00,0.0,0
1949-05-04,85,71,0.00,0.0,0
1949-05-05,86,65,0.00,0.0,0
1949-05-06,87,68,T,0.0,0
1949-05-07,86,66,T,0.0,0
1949-05-08,87,63,0.59,0.0,0
1949-05-09,78,63,0.15,0.0,0
1949-05-10,79,57,0.00,0.0,0
1949-05-11,81,56,0.00,0.0,0
1949-05-12,84,58,0.00,0.0,0
1949-05-13,87,59,0.00,0.0,0
1949-05-14,85,66,T,0.0,0
1949-05-15,84,67,0.00,0.0,0
1949-05-16,82,65,0.30,0.0,0
1949-05-17,85,62,5.14,0.0,0
1949-05-18,84,72,T,0.0,0
1949-05-19,83,70,T,0.0,0
1949-05-20,87,72,0.00,0.0,0
1949-05-21,92,73,0.00,0.0,0
1949-05-22,90,63,0.38,0.0,0
1949-05-23,90,63,0.48,0.0,0
1949-05-24,82,66,0.01,0.0,0
1949-05-25,90,65,T,0.0,0
1949-05-26,88,66,0.93,0.0,0
1949-05-27,90,69,0.00,0.0,0
1949-05-28,84,69,0.18,0.0,0
1949-05-29,85,62,0.78,T,0
1949-05-30,96,74,0.00,0.0,0
1949-05-31,97,75,0.00,0.0,0
1949-06-01,95,76,0.00,0.0,0
1949-06-02,95,74,0.00,0.0,0
1949-06-03,92,75,0.00,0.0,0
1949-06-04,89,72,0.00,0.0,0
1949-06-05,90,70,0.00,0.0,0
1949-06-06,93,71,0.00,0.0,0
1949-06-07,93,75,0.00,0.0,0
1949-06-08,92,71,0.00,0.0,0
1949-06-09,89,70,0.00,0.0,0
1949-06-10,89,70,T,0.0,0
1949-06-11,92,68,0.09,0.0,0
1949-06-12,89,67,T,0.0,0
1949-06-13,93,65,1.62,0.0,0
1949-06-14,85,66,1.30,0.0,0
1949-06-15,87,69,0.00,0.0,0
1949-06-16,90,66,0.00,0.0,0
1949-06-17,93,70,0.00,0.0,0
1949-06-18,95,75,0.00,0.0,0
1949-06-19,95,79,0.00,0.0,0
1949-06-20,98,77,0.00,0.0,0
1949-06-21,100,75,0.00,0.0,0
1949-06-22,99,74,0.00,0.0,0
1949-06-23,87,74,0.53,0.0,0
1949-06-24,79,69,0.49,0.0,0
1949-06-25,90,68,0.80,0.0,0
1949-06-26,88,76,0.06,0.0,0
1949-06-27,91,78,0.02,0.0,0
1949-06-28,92,78,0.00,0.0,0
1949-06-29,93,74,0.00,0.0,0
1949-06-30,96,76,0.00,0.0,0
1949-07-01,98,73,0.00,0.0,0
1949-07-02,97,76,0.00,0.0,0
1949-07-03,93,76,0.00,0.0,0
1949-07-04,92,75,0.00,0.0,0
1949-07-05,94,77,0.00,0.0,0
1949-07-06,97,77,0.00,0.0,0
1949-07-07,100,77,0.00,0.0,0
1949-07-08,100,75,0.00,0.0,0
1949-07-09,100,77,0.00,0.0,0
1949-07-10,100,77,0.00,0.0,0
1949-07-11,102,80,0.00,0.0,0
1949-07-12,104,80,0.00,0.0,0
1949-07-13,93,80,T,0.0,0
1949-07-14,96,76,0.00,0.0,0
1949-07-15,99,73,0.36,0.0,0
1949-07-16,94,71,0.00,0.0,0
1949-07-17,97,69,0.00,0.0,0
1949-07-18,97,75,0.00,0.0,0
1949-07-19,97,78,0.00,0.0,0
1949-07-20,97,79,0.00,0.0,0
1949-07-21,97,77,0.00,0.0,0
1949-07-22,95,75,T,0.0,0
1949-07-23,85,75,T,0.0,0
1949-07-24,94,75,T,0.0,0
1949-07-25,91,74,0.00,0.0,0
1949-07-26,89,74,0.17,0.0,0
1949-07-27,93,73,0.00,0.0,0
1949-07-28,95,72,0.00,0.0,0
1949-07-29,95,74,T,0.0,0
1949-07-30,91,72,0.06,0.0,0
1949-07-31,94,72,0.00,0.0,0
1949-08-01,97,68,0.00,0.0,0
1949-08-02,91,71,T,0.0,0
1949-08-03,90,66,0.00,0.0,0
1949-08-04,90,67,0.27,0.0,0
1949-08-05,91,73,T,0.0,0
1949-08-06,86,72,0.02,0.0,0
1949-08-07,89,71,0.10,0.0,0
1949-08-08,87,71,0.13,0.0,0
1949-08-09,92,73,0.05,0.0,0
1949-08-10,94,75,0.00,0.0,0
1949-08-11,95,74,0.00,0.0,0
1949-08-12,100,78,0.00,0.0,0
1949-08-13,100,78,0.00,0.0,0
1949-08-14,101,79,0.02,0.0,0
1949-08-15,102,78,0.00,0.0,0
1949-08-16,98,74,0.20,0.0,0
1949-08-17,90,76,T,0.0,0
1949-08-18,98,77,0.00,0.0,0
1949-08-19,105,79,0.00,0.0,0
1949-08-20,90,71,T,0.0,0
1949-08-21,90,67,0.00,0.0,0
1949-08-22,92,63,0.00,0.0,0
1949-08-23,93,63,0.00,0.0,0
1949-08-24,94,65,0.00,0.0,0
1949-08-25,94,66,0.00,0.0,0
1949-08-26,93,71,0.00,0.0,0
1949-08-27,94,70,0.00,0.0,0
1949-08-28,94,69,0.00,0.0,0
1949-08-29,96,67,0.00,0.0,0
1949-08-30,93,74,0.00,0.0,0
1949-08-31,90,71,T,0.0,0
1949-09-01,86,67,0.00,0.0,0
1949-09-02,90,70,0.00,0.0,0
1949-09-03,93,72,T,0.0,0
1949-09-04,93,71,0.00,0.0,0
1949-09-05,95,73,0.00,0.0,0
1949-09-06,97,72,0.00,0.0,0
1949-09-07,98,76,0.02,0.0,0
1949-09-08,78,70,0.79,0.0,0
1949-09-09,82,71,T,0.0,0
1949-09-10,87,65,0.00,0.0,0
1949-09-11,94,69,0.00,0.0,0
1949-09-12,98,76,0.00,0.0,0
1949-09-13,84,61,0.68,0.0,0
1949-09-14,65,61,0.02,0.0,0
1949-09-15,72,60,0.12,0.0,0
1949-09-16,76,62,0.07,0.0,0
1949-09-17,94,67,0.00,0.0,0
1949-09-18,97,77,0.00,0.0,0
1949-09-19,88,68,0.12,0.0,0
1949-09-20,88,69,0.00,0.0,0
1949-09-21,87,57,0.00,0.0,0
1949-09-22,89,58,0.00,0.0,0
1949-09-23,84,64,0.00,0.0,0
1949-09-24,79,55,0.00,0.0,0
1949-09-25,79,59,0.00,0.0,0
1949-09-26,87,52,0.00,0.0,0
1949-09-27,89,59,0.00,0.0,0
1949-09-28,90,59,0.00,0.0,0
1949-09-29,77,48,0.00,0.0,0
1949-09-30,77,54,0.00,0.0,0
1949-10-01,80,50,0.00,0.0,0
1949-10-02,82,55,T,0.0,0
1949-10-03,77,67,2.03,0.0,0
1949-10-04,73,68,0.31,0.0,0
1949-10-05,80,66,T,0.0,0
1949-10-06,85,65,0.03,0.0,0
1949-10-07,88,71,T,0.0,0
1949-10-08,82,73,0.36,0.0,0
1949-10-09,87,74,0.09,0.0,0
1949-10-10,79,58,T,0.0,0
1949-10-11,82,58,0.37,0.0,0
1949-10-12,74,50,0.00,0.0,0
1949-10-13,75,47,0.00,0.0,0
1949-10-14,77,49,0.00,0.0,0
1949-10-15,78,47,0.00,0.0,0
1949-10-16,79,47,0.00,0.0,0
1949-10-17,78,56,0.00,0.0,0
1949-10-18,83,62,0.00,0.0,0
1949-10-19,87,71,0.00,0.0,0
1949-10-20,86,75,T,0.0,0
1949-10-21,82,58,1.46,0.0,0
1949-10-22,67,52,T,0.0,0
1949-10-23,61,54,0.63,0.0,0
1949-10-24,56,51,2.75,0.0,0
1949-10-25,55,44,T,0.0,0
1949-10-26,64,41,0.00,0.0,0
1949-10-27,67,48,0.00,0.0,0
1949-10-28,71,44,0.00,0.0,0
1949-10-29,73,45,0.00,0.0,0
1949-10-30,72,44,0.01,0.0,0
1949-10-31,56,38,0.00,0.0,0
1949-11-01,73,39,0.00,0.0,0
1949-11-02,70,44,0.00,0.0,0
1949-11-03,67,37,0.00,0.0,0
1949-11-04,75,43,0.00,0.0,0
1949-11-05,69,43,0.00,0.0,0
1949-11-06,68,40,0.00,0.0,0
1949-11-07,71,44,0.00,0.0,0
1949-11-08,75,46,0.00,0.0,0
1949-11-09,81,56,0.00,0.0,0
1949-11-10,85,63,0.00,0.0,0
1949-11-11,83,64,0.18,0.0,0
1949-11-12,65,47,0.00,0.0,0
1949-11-13,70,42,0.00,0.0,0
1949-11-14,81,47,0.00,0.0,0
1949-11-15,74,40,0.00,0.0,0
1949-11-16,72,40,0.00,0.0,0
1949-11-17,67,38,0.00,0.0,0
1949-11-18,69,42,0.00,0.0,0
1949-11-19,85,44,0.00,0.0,0
1949-11-20,77,52,0.00,0.0,0
1949-11-21,56,40,0.00,0.0,0
1949-11-22,58,32,0.00,0.0,0
1949-11-23,73,43,0.00,0.0,0
1949-11-24,71,49,0.00,0.0,0
1949-11-25,75,41,0.00,0.0,0
1949-11-26,82,52,0.00,0.0,0
1949-11-27,80,45,0.00,0.0,0
1949-11-28,83,52,0.00,0.0,0
1949-11-29,80,45,0.00,0.0,0
1949-11-30,70,40,0.00,0.0,0
1949-12-01,67,48,0.03,0.0,0
1949-12-02,66,39,0.00,0.0,0
1949-12-03,60,50,0.10,0.0,0
1949-12-04,62,42,T,0.0,0
1949-12-05,66,35,0.00,0.0,0
1949-12-06,76,53,0.00,0.0,0
1949-12-07,70,41,0.00,0.0,0
1949-12-08,50,37,0.05,0.0,0
1949-12-09,49,39,0.01,0.0,0
1949-12-10,71,47,0.25,0.0,0
1949-12-11,78,53,0.00,0.0,0
1949-12-12,53,34,0.30,T,0
1949-12-13,40,33,0.00,0.0,0
1949-12-14,43,36,T,T,0
1949-12-15,52,27,0.00,0.0,0
1949-12-16,53,32,T,0.0,0
1949-12-17,60,43,0.13,0.0,0
1949-12-18,72,43,0.00,0.0,0
1949-12-19,68,52,0.00,0.0,0
1949-12-20,76,64,T,0.0,0
1949-12-21,69,32,0.07,0.0,0
1949-12-22,45,28,0.00,0.0,0
1949-12-23,54,29,0.00,0.0,0
1949-12-24,53,32,0.00,0.0,0
1949-12-25,57,42,0.28,0.0,0
1949-12-26,50,33,T,0.0,0
1949-12-27,58,36,0.00,0.0,0
1949-12-28,63,31,0.00,0.0,0
1949-12-29,65,36,0.00,0.0,0
1949-12-30,65,48,0.05,0.0,0
1949-12-31,61,55,0.11,0.0,0
1950-01-01,65,56,T,0.0,0
1950-01-02,72,63,0.11,0.0,0
1950-01-03,75,31,0.07,0.0,0
1950-01-04,31,18,0.39,1.0,1
1950-01-05,28,21,0.03,T,1
1950-01-06,38,26,T,0.0,T
1950-01-07,50,22,0.00,0.0,0
1950-01-08,53,29,0.00,0.0,0
1950-01-09,63,41,0.10,0.0,0
1950-01-10,63,46,T,0.0,0
1950-01-11,56,42,T,0.0,0
1950-01-12,69,52,0.65,0.0,0
1950-01-13,69,53,0.76,0.0,0
1950-01-14,65,43,0.02,0.0,0
1950-01-15,73,40,T,0.0,0
1950-01-16,60,34,T,0.0,0
1950-01-17,67,49,T,0.0,0
1950-01-18,66,30,T,0.0,0
1950-01-19,35,27,T,0.0,0
1950-01-20,45,33,T,0.0,0
1950-01-21,64,44,T,0.0,0
1950-01-22,75,57,0.00,0.0,0
1950-01-23,80,64,0.00,0.0,0
1950-01-24,81,66,0.00,0.0,0
1950-01-25,82,48,0.00,0.0,0
1950-01-26,48,30,T,0.0,0
1950-01-27,38,26,T,0.0,0
1950-01-28,69,33,T,0.0,0
1950-01-29,67,32,T,0.0,0
1950-01-30,33,28,T,T,0
1950-01-31,33,30,1.86,0.0,0
1950-02-01,34,30,2.59,T,0
1950-02-02,42,33,T,0.0,0
1950-02-03,47,31,0.00,0.0,0
1950-02-04,46,40,0.52,0.0,0
1950-02-05,65,45,T,0.0,0
1950-02-06,75,55,0.00,0.0,0
1950-02-07,76,55,0.00,0.0,0
1950-02-08,70,47,0.10,T,0
1950-02-09,53,41,0.24,T,0
1950-02-10,62,37,0.00,0.0,0
1950-02-11,64,51,0.74,0.0,0
1950-02-12,66,53,1.33,0.0,0
1950-02-13,54,35,0.00,0.0,0
1950-02-14,48,35,0.00,0.0,0
1950-02-15,61,35,0.00,0.0,0
1950-02-16,70,37,0.00,0.0,0
1950-02-17,73,47,0.00,0.0,0
1950-02-18,61,42,0.00,0.0,0
1950-02-19,57,35,0.00,0.0,0
1950-02-20,69,43,0.00,0.0,0
1950-02-21,76,41,0.07,0.0,0
1950-02-22,51,33,0.00,0.0,0
1950-02-23,69,37,0.00,0.0,0
1950-02-24,75,44,0.00,0.0,0
1950-02-25,81,52,0.00,0.0,0
1950-02-26,73,52,0.00,0.0,0
1950-02-27,76,54,0.00,0.0,0
1950-02-28,81,50,0.00,0.0,0
1950-03-01,57,39,0.00,0.0,0
1950-03-02,48,40,0.00,0.0,0
1950-03-03,51,41,T,0.0,0
1950-03-04,63,43,T,0.0,0
1950-03-05,65,45,0.00,0.0,0
1950-03-06,74,46,0.00,0.0,0
1950-03-07,68,47,0.00,0.0,0
1950-03-08,52,37,0.00,0.0,0
1950-03-09,67,37,0.00,0.0,0
1950-03-10,73,52,T,0.0,0
1950-03-11,77,42,T,0.0,0
1950-03-12,42,29,2.14,T,0
1950-03-13,43,24,T,0.0,0
1950-03-14,57,29,0.00,0.0,0
1950-03-15,80,45,T,0.0,0
1950-03-16,66,40,0.00,0.0,0
1950-03-17,77,45,0.00,0.0,0
1950-03-18,85,49,0.00,0.0,0
1950-03-19,53,34,0.00,0.0,0
1950-03-20,70,34,0.00,0.0,0
1950-03-21,65,44,0.00,0.0,0
1950-03-22,71,37,0.00,0.0,0
1950-03-23,80,53,0.00,0.0,0
1950-03-24,87,62,T,0.0,0
1950-03-25,86,70,0.00,0.0,0
1950-03-26,80,65,T,T,0
1950-03-27,72,56,T,T,0
1950-03-28,70,47,0.00,0.0,0
1950-03-29,64,39,0.00,0.0,0
1950-03-30,70,37,0.00,0.0,0
1950-03-31,69,54,T,0.0,0
1950-04-01,80,50,0.00,0.0,0
1950-04-02,86,63,T,0.0,0
1950-04-03,91,55,0.00,0.0,0
1950-04-04,62,44,0.00,0.0,0
1950-04-05,66,36,0.00,0.0,0
1950-04-06,65,39,0.00,0.0,0
1950-04-07,75,45,0.00,0.0,0
1950-04-08,80,58,0.00,0.0,0
1950-04-09,83,63,0.00,0.0,0
1950-04-10,88,64,0.00,0.0,0
1950-04-11,75,47,0.00,0.0,0
1950-04-12,64,52,0.11,0.0,0
1950-04-13,59,44,0.77,0.0,0
1950-04-14,66,47,0.00,0.0,0
1950-04-15,68,52,0.74,0.0,0
1950-04-16,55,48,0.84,T,0
1950-04-17,65,51,0.04,0.0,0
1950-04-18,77,50,0.05,0.0,0
1950-04-19,63,48,0.82,0.0,0
1950-04-20,72,42,0.00,0.0,0
1950-04-21,72,54,0.00,0.0,0
1950-04-22,81,66,0.00,0.0,0
1950-04-23,82,64,T,0.0,0
1950-04-24,84,59,0.00,0.0,0
1950-04-25,70,51,0.00,0.0,0
1950-04-26,79,48,0.00,0.0,0
1950-04-27,80,60,T,0.0,0
1950-04-28,79,60,0.93,0.0,0
1950-04-29,84,59,0.81,T,0
1950-04-30,66,52,0.00,0.0,0
1950-05-01,71,55,2.00,0.0,0
1950-05-02,80,60,T,0.0,0
1950-05-03,85,71,0.00,0.0,0
1950-05-04,88,74,0.00,0.0,0
1950-05-05,79,65,T,0.0,0
1950-05-06,73,63,0.14,0.0,0
1950-05-07,85,70,0.00,0.0,0
1950-05-08,86,71,T,0.0,0
1950-05-09,85,71,0.00,0.0,0
1950-05-10,87,65,0.00,0.0,0
1950-05-11,69,63,0.88,0.0,0
1950-05-12,78,62,0.00,0.0,0
1950-05-13,78,60,1.80,0.0,0
1950-05-14,84,62,T,0.0,0
1950-05-15,83,59,0.00,0.0,0
1950-05-16,84,64,0.00,0.0,0
1950-05-17,90,64,0.00,0.0,0
1950-05-18,91,73,0.00,0.0,0
1950-05-19,94,70,T,0.0,0
1950-05-20,82,64,0.44,T,0
1950-05-21,86,62,0.00,0.0,0
1950-05-22,87,58,0.00,0.0,0
1950-05-23,90,65,0.00,0.0,0
1950-05-24,90,69,0.00,0.0,0
1950-05-25,90,71,0.00,0.0,0
1950-05-26,78,60,0.05,0.0,0
1950-05-27,79,56,T,0.0,0
1950-05-28,81,63,0.04,0.0,0
1950-05-29,93,64,0.62,T,0
1950-05-30,86,67,0.05,0.0,0
1950-05-31,87,62,0.00,0.0,0
1950-06-01,83,71,T,0.0,0
1950-06-02,78,70,0.29,0.0,0
1950-06-03,80,64,T,0.0,0
1950-06-04,80,59,0.00,0.0,0
1950-06-05,68,60,0.67,0.0,0
1950-06-06,79,63,0.00,0.0,0
1950-06-07,86,61,0.00,0.0,0
1950-06-08,90,70,0.00,0.0,0
1950-06-09,92,75,0.00,0.0,0
1950-06-10,93,73,T,0.0,0
1950-06-11,90,69,0.03,0.0,0
1950-06-12,94,72,0.00,0.0,0
1950-06-13,93,75,0.00,0.0,0
1950-06-14,93,74,0.00,0.0,0
1950-06-15,92,75,0.00,0.0,0
1950-06-16,94,74,0.00,0.0,0
1950-06-17,95,75,0.00,0.0,0
1950-06-18,94,75,0.00,0.0,0
1950-06-19,95,74,0.00,0.0,0
1950-06-20,93,74,0.00,0.0,0
1950-06-21,88,64,1.73,0.0,0
1950-06-22,90,75,T,0.0,0
1950-06-23,91,78,0.00,0.0,0
1950-06-24,97,77,0.00,0.0,0
1950-06-25,96,73,0.00,0.0,0
1950-06-26,96,76,0.00,0.0,0
1950-06-27,97,75,0.00,0.0,0
1950-06-28,96,76,0.00,0.0,0
1950-06-29,86,66,1.77,0.0,0
1950-06-30,88,69,0.00,0.0,0
1950-07-01,89,68,0.00,0.0,0
1950-07-02,92,71,0.00,0.0,0
1950-07-03,94,75,0.00,0.0,0
1950-07-04,94,77,0.00,0.0,0
1950-07-05,84,73,0.10,0.0,0
1950-07-06,92,71,0.00,0.0,0
1950-07-07,85,71,0.02,0.0,0
1950-07-08,90,72,0.00,0.0,0
1950-07-09,93,75,0.00,0.0,0
1950-07-10,82,72,0.79,0.0,0
1950-07-11,86,71,T,0.0,0
1950-07-12,90,73,0.03,0.0,0
1950-07-13,83,74,0.39,0.0,0
1950-07-14,89,70,0.01,0.0,0
1950-07-15,90,74,T,0.0,0
1950-07-16,93,76,0.00,0.0,0
1950-07-17,93,73,T,0.0,0
1950-07-18,91,76,0.00,0.0,0
1950-07-19,94,76,0.00,0.0,0
1950-07-20,94,74,0.00,0.0,0
1950-07-21,96,76,0.00,0.0,0
1950-07-22,95,72,0.30,0.0,0
1950-07-23,88,75,0.00,0.0,0
1950-07-24,91,74,0.00,0.0,0
1950-07-25,98,73,0.00,0.0,0
1950-07-26,79,69,1.22,0.0,0
1950-07-27,83,71,0.88,0.0,0
1950-07-28,88,72,0.28,0.0,0
1950-07-29,93,75,0.08,0.0,0
1950-07-30,96,76,0.00,0.0,0
1950-07-31,95,75,0.00,0.0,0
1950-08-01,94,75,0.00,0.0,0
1950-08-02,88,71,T,0.0,0
1950-08-03,93,68,0.00,0.0,0
1950-08-04,101,72,0.00,0.0,0
1950-08-05,96,77,0.00,0.0,0
1950-08-06,90,75,T,0.0,0
1950-08-07,96,74,0.01,0.0,0
1950-08-08,101,77,0.00,0.0,0
1950-08-09,96,75,0.00,0.0,0
1950-08-10,100,74,0.00,0.0,0
1950-08-11,98,75,0.00,0.0,0
1950-08-12,97,74,0.00,0.0,0
1950-08-13,93,74,0.00,0.0,0
1950-08-14,95,74,0.00,0.0,0
1950-08-15,98,76,0.00,0.0,0
1950-08-16,96,76,T,0.0,0
1950-08-17,86,72,0.38,0.0,0
1950-08-18,85,70,0.14,0.0,0
1950-08-19,90,65,0.00,0.0,0
1950-08-20,85,68,0.00,0.0,0
1950-08-21,86,62,0.20,0.0,0
1950-08-22,83,66,1.26,0.0,0
1950-08-23,90,67,T,0.0,0
1950-08-24,97,76,0.00,0.0,0
1950-08-25,98,76,0.00,0.0,0
1950-08-26,97,78,0.00,0.0,0
1950-08-27,96,70,1.04,0.0,0
1950-08-28,90,70,0.22,0.0,0
1950-08-29,92,68,0.18,0.0,0
1950-08-30,86,68,0.02,0.0,0
1950-08-31,73,65,T,0.0,0
1950-09-01,81,66,0.00,0.0,0
1950-09-02,82,65,0.18,0.0,0
1950-09-03,82,68,0.18,0.0,0
1950-09-04,85,70,1.09,0.0,0
1950-09-05,81,65,T,0.0,0
1950-09-06,79,59,0.00,0.0,0
1950-09-07,81,61,0.00,0.0,0
1950-09-08,83,56,0.00,0.0,0
1950-09-09,86,57,0.00,0.0,0
1950-09-10,88,66,0.00,0.0,0
1950-09-11,80,67,0.32,0.0,0
1950-09-12,89,66,T,0.0,0
1950-09-13,90,69,T,0.0,0
1950-09-14,90,75,0.01,0.0,0
1950-09-15,95,75,0.00,0.0,0
1950-09-16,90,68,0.39,0.0,0
1950-09-17,87,65,0.00,0.0,0
1950-09-18,89,69,0.00,0.0,0
1950-09-19,83,73,0.55,0.0,0
1950-09-20,90,72,0.00,0.0,0
1950-09-21,86,72,T,0.0,0
1950-09-22,78,65,0.00,0.0,0
1950-09-23,84,61,0.00,0.0,0
1950-09-24,81,63,0.00,0.0,0
1950-09-25,76,63,T,0.0,0
1950-09-26,80,61,0.01,0.0,0
1950-09-27,81,65,T,0.0,0
1950-09-28,83,68,0.00,0.0,0
1950-09-29,85,70,0.00,0.0,0
1950-09-30,86,69,0.00,0.0,0
1950-10-01,83,67,T,0.0,0
1950-10-02,88,69,0.00,0.0,0
1950-10-03,74,59,T,0.0,0
1950-10-04,72,56,0.00,0.0,0
1950-10-05,77,52,0.00,0.0,0
1950-10-06,86,58,0.00,0.0,0
1950-10-07,85,69,T,0.0,0
1950-10-08,80,51,0.00,0.0,0
1950-10-09,78,48,0.00,0.0,0
1950-10-10,84,55,0.00,0.0,0
1950-10-11,91,59,0.00,0.0,0
1950-10-12,87,60,0.00,0.0,0
1950-10-13,86,58,0.00,0.0,0
1950-10-14,89,64,0.00,0.0,0
1950-10-15,89,62,0.00,0.0,0
1950-10-16,87,60,0.00,0.0,0
1950-10-17,88,59,0.00,0.0,0
1950-10-18,76,58,T,0.0,0
1950-10-19,75,64,0.16,0.0,0
1950-10-20,83,63,T,0.0,0
1950-10-21,76,50,0.28,0.0,0
1950-10-22,82,59,T,0.0,0
1950-10-23,79,52,0.00,0.0,0
1950-10-24,87,51,0.00,0.0,0
1950-10-25,90,63,0.00,0.0,0
1950-10-26,91,63,0.00,0.0,0
1950-10-27,86,64,0.00,0.0,0
1950-10-28,89,66,0.00,0.0,0
1950-10-29,88,63,0.00,0.0,0
1950-10-30,84,66,0.00,0.0,0
1950-10-31,86,65,0.00,0.0,0
1950-11-01,86,65,0.00,0.0,0
1950-11-02,73,53,0.33,0.0,0
1950-11-03,56,40,0.01,0.0,0
1950-11-04,54,32,0.00,0.0,0
1950-11-05,73,42,0.00,0.0,0
1950-11-06,78,51,0.00,0.0,0
1950-11-07,82,58,0.00,0.0,0
1950-11-08,85,48,0.00,0.0,0
1950-11-09,50,35,0.00,0.0,0
1950-11-10,40,23,0.00,0.0,0
1950-11-11,49,17,0.00,0.0,0
1950-11-12,58,30,0.00,0.0,0
1950-11-13,63,39,0.00,0.0,0
1950-11-14,75,60,T,0.0,0
1950-11-15,85,60,0.36,T,0
1950-11-16,68,51,0.00,0.0,0
1950-11-17,61,43,0.01,0.0,0
1950-11-18,72,52,T,0.0,0
1950-11-19,86,54,0.00,0.0,0
1950-11-20,57,41,0.00,0.0,0
1950-11-21,66,35,0.00,0.0,0
1950-11-22,72,46,0.00,0.0,0
1950-11-23,76,31,0.00,0.0,0
1950-11-24,40,22,0.00,0.0,0
1950-11-25,60,26,0.00,0.0,0
1950-11-26,59,36,0.00,0.0,0
1950-11-27,67,33,0.00,0.0,0
1950-11-28,69,43,0.00,0.0,0
1950-11-29,66,39,0.00,0.0,0
1950-11-30,84,50,0.00,0.0,0
1950-12-01,80,63,0.00,0.0,0
1950-12-02,74,48,T,0.0,0
1950-12-03,55,33,0.00,0.0,0
1950-12-04,70,41,0.00,0.0,0
1950-12-05,61,18,T,T,0
1950-12-06,27,12,0.00,0.0,T
1950-12-07,34,13,0.00,0.0,0
1950-12-08,52,27,0.00,0.0,0
1950-12-09,65,29,0.00,0.0,0
1950-12-10,59,33,0.00,0.0,0
1950-12-11,72,37,0.00,0.0,0
1950-12-12,63,36,0.00,0.0,0
1950-12-13,65,43,0.00,0.0,0
1950-12-14,60,35,0.00,0.0,0
1950-12-15,58,43,0.00,0.0,0
1950-12-16,58,41,0.00,0.0,0
1950-12-17,65,34,0.00,0.0,0
1950-12-18,54,33,0.00,0.0,0
1950-12-19,63,31,0.00,0.0,0
1950-12-20,53,43,T,0.0,0
1950-12-21,47,40,0.13,0.0,0
1950-12-22,57,43,0.00,0.0,0
1950-12-23,63,37,0.00,0.0,0
1950-12-24,70,38,0.00,0.0,0
1950-12-25,73,42,0.00,0.0,0
1950-12-26,58,32,0.00,0.0,0
1950-12-27,38,28,T,0.0,0
1950-12-28,50,33,T,T,0
1950-12-29,48,26,0.00,0.0,0
1950-12-30,55,31,0.00,0.0,0
1950-12-31,61,34,T,0.0,0
1951-01-01,61,52,0.11,0.0,0
1951-01-02,73,40,0.20,T,0
1951-01-03,58,35,0.00,0.0,0
1951-01-04,68,36,0.00,0.0,0
1951-01-05,73,43,0.00,0.0,0
1951-01-06,63,30,0.00,0.0,0
1951-01-07,47,22,0.00,0.0,0
1951-01-08,55,23,0.00,0.0,0
1951-01-09,60,37,0.00,0.0,0
1951-01-10,58,35,0.00,0.0,0
1951-01-11,59,28,T,0.0,0
1951-01-12,61,45,0.05,0.0,0
1951-01-13,70,50,0.86,0.0,0
1951-01-14,52,37,0.10,0.0,0
1951-01-15,64,34,0.00,0.0,0
1951-01-16,69,40,0.00,0.0,0
1951-01-17,72,50,0.00,0.0,0
1951-01-18,75,44,0.00,0.0,0
1951-01-19,82,48,0.00,0.0,0
1951-01-20,65,37,0.00,0.0,0
1951-01-21,48,27,0.00,0.0,0
1951-01-22,58,32,0.00,0.0,0
1951-01-23,59,42,0.00,0.0,0
1951-01-24,62,30,0.00,0.0,0
1951-01-25,55,31,0.00,0.0,0
1951-01-26,71,37,0.00,0.0,0
1951-01-27,76,33,0.00,0.0,0
1951-01-28,33,23,T,T,T
1951-01-29,23,13,0.37,1.0,1
1951-01-30,18,15,T,T,1
1951-01-31,19,14,0.31,1.1,2
1951-02-01,22,7,0.00,0.0,2
1951-02-02,34,7,0.00,0.0,2
1951-02-03,41,19,0.00,0.0,1
1951-02-04,53,27,0.00,0.0,T
1951-02-05,67,39,T,0.0,0
1951-02-06,65,43,0.10,0.0,0
1951-02-07,49,32,0.00,0.0,0
1951-02-08,69,35,0.00,0.0,0
1951-02-09,62,41,0.00,0.0,0
1951-02-10,69,39,0.00,0.0,0
1951-02-11,75,55,0.00,0.0,0
1951-02-12,80,59,0.00,0.0,0
1951-02-13,67,23,0.25,0.3,T
1951-02-14,29,22,0.96,1.8,2
1951-02-15,34,23,T,T,1
1951-02-16,50,25,0.00,0.0,1
1951-02-17,60,38,0.21,0.0,T
1951-02-18,76,54,0.18,0.0,0
1951-02-19,73,57,0.15,0.0,0
1951-02-20,67,44,0.56,T,0
1951-02-21,60,39,0.00,0.0,0
1951-02-22,69,46,0.00,0.0,0
1951-02-23,63,53,T,0.0,0
1951-02-24,70,52,T,0.0,0
1951-02-25,74,56,0.03,0.0,0
1951-02-26,77,56,0.21,0.0,0
1951-02-27,75,53,T,0.0,0
1951-02-28,72,50,T,0.0,0
1951-03-01,71,45,0.00,0.0,0
1951-03-02,81,62,0.00,0.0,0
1951-03-03,71,54,T,0.0,0
1951-03-04,69,51,0.00,0.0,0
1951-03-05,74,44,0.00,0.0,0
1951-03-06,83,60,0.00,0.0,0
1951-03-07,87,65,0.00,0.0,0
1951-03-08,70,55,0.00,0.0,0
1951-03-09,58,46,T,0.0,0
1951-03-10,81,47,T,0.0,0
1951-03-11,71,34,0.75,T,0
1951-03-12,41,29,0.00,0.0,0
1951-03-13,47,28,0.00,0.0,0
1951-03-14,55,28,0.00,0.0,0
1951-03-15,67,39,0.00,0.0,0
1951-03-16,83,48,0.00,0.0,0
1951-03-17,83,50,T,0.0,0
1951-03-18,50,36,T,T,0
1951-03-19,59,34,0.00,0.0,0
1951-03-20,67,39,0.00,0.0,0
1951-03-21,72,40,0.00,0.0,0
1951-03-22,84,55,0.00,0.0,0
1951-03-23,75,55,0.00,0.0,0
1951-03-24,67,41,0.00,0.0,0
1951-03-25,73,47,0.00,0.0,0
1951-03-26,62,50,0.39,0.0,0
1951-03-27,68,50,0.01,0.0,0
1951-03-28,73,45,0.00,0.0,0
1951-03-29,59,43,T,0.0,0
1951-03-30,76,37,0.00,0.0,0
1951-03-31,74,55,0.00,0.0,0
1951-04-01,78,44,T,0.0,0
1951-04-02,65,41,0.00,0.0,0
1951-04-03,71,39,0.00,0.0,0
1951-04-04,80,50,0.00,0.0,0
1951-04-05,80,58,T,0.0,0
1951-04-06,77,57,0.12,0.0,0
1951-04-07,70,51,0.00,0.0,0
1951-04-08,68,46,0.00,0.0,0
1951-04-09,74,47,0.00,0.0,0
1951-04-10,85,46,0.15,0.0,0
1951-04-11,58,43,0.11,0.0,0
1951-04-12,61,37,0.00,0.0,0
1951-04-13,72,40,0.00,0.0,0
1951-04-14,90,50,0.00,0.0,0
1951-04-15,69,49,0.00,0.0,0
1951-04-16,64,39,0.00,0.0,0
1951-04-17,75,45,0.00,0.0,0
1951-04-18,88,57,0.00,0.0,0
1951-04-19,88,53,T,0.0,0
1951-04-20,78,59,0.54,0.0,0
1951-04-21,74,58,0.01,0.0,0
1951-04-22,68,49,0.00,0.0,0
1951-04-23,76,45,0.00,0.0,0
1951-04-24,87,58,0.00,0.0,0
1951-04-25,82,66,T,0.0,0
1951-04-26,83,64,T,0.0,0
1951-04-27,85,68,0.00,0.0,0
1951-04-28,84,68,0.00,0.0,0
1951-04-29,82,63,0.33,0.0,0
1951-04-30,83,69,T,0.0,0
1951-05-01,78,56,0.76,0.0,0
1951-05-02,84,55,0.00,0.0,0
1951-05-03,89,63,0.25,T,0
1951-05-04,88,58,0.00,0.0,0
1951-05-05,84,56,0.06,0.0,0
1951-05-06,77,54,0.27,0.0,0
1951-05-07,67,53,0.07,0.0,0
1951-05-08,76,53,0.00,0.0,0
1951-05-09,85,62,0.65,0.0,0
1951-05-10,77,60,T,0.0,0
1951-05-11,78,54,0.00,0.0,0
1951-05-12,78,57,0.00,0.0,0
1951-05-13,83,59,0.00,0.0,0
1951-05-14,79,64,T,0.0,0
1951-05-15,75,67,0.95,0.0,0
1951-05-16,83,68,0.00,0.0,0
1951-05-17,81,65,T,0.0,0
1951-05-18,80,62,0.37,0.0,0
1951-05-19,87,66,0.00,0.0,0
1951-05-20,90,66,0.00,0.0,0
1951-05-21,89,67,T,0.0,0
1951-05-22,85,64,1.16,0.0,0
1951-05-23,80,59,0.00,0.0,0
1951-05-24,70,61,0.03,0.0,0
1951-05-25,79,60,0.00,0.0,0
1951-05-26,86,63,0.00,0.0,0
1951-05-27,86,66,0.00,0.0,0
1951-05-28,96,67,0.00,0.0,0
1951-05-29,98,72,0.00,0.0,0
1951-05-30,97,75,0.00,0.0,0
1951-05-31,95,72,0.00,0.0,0
1951-06-01,93,71,0.00,0.0,0
1951-06-02,93,62,3.09,0.0,0
1951-06-03,71,62,1.00,0.0,0
1951-06-04,75,60,0.00,0.0,0
1951-06-05,85,62,0.00,0.0,0
1951-06-06,88,70,T,0.0,0
1951-06-07,91,74,T,0.0,0
1951-06-08,92,76,0.00,0.0,0
1951-06-09,96,75,0.00,0.0,0
1951-06-10,93,66,0.25,0.0,0
1951-06-11,80,66,0.08,0.0,0
1951-06-12,82,63,0.76,0.0,0
1951-06-13,88,67,0.00,0.0,0
1951-06-14,92,71,0.04,0.0,0
1951-06-15,89,67,0.61,0.0,0
1951-06-16,90,67,0.37,0.0,0
1951-06-17,95,73,0.00,0.0,0
1951-06-18,93,67,T,0.0,0
1951-06-19,94,77,T,0.0,0
1951-06-20,94,76,0.00,0.0,0
1951-06-21,96,76,T,0.0,0
1951-06-22,96,74,0.00,0.0,0
1951-06-23,95,74,0.00,0.0,0
1951-06-24,92,75,0.00,0.0,0
1951-06-25,93,76,0.01,0.0,0
1951-06-26,95,74,0.00,0.0,0
1951-06-27,95,76,0.00,0.0,0
1951-06-28,95,76,0.00,0.0,0
1951-06-29,95,77,0.00,0.0,0
1951-06-30,97,78,0.00,0.0,0
1951-07-01,92,68,0.12,0.0,0
1951-07-02,88,69,0.51,0.0,0
1951-07-03,95,77,0.00,0.0,0
1951-07-04,96,76,0.00,0.0,0
1951-07-05,97,75,0.00,0.0,0
1951-07-06,99,76,0.00,0.0,0
1951-07-07,97,78,0.00,0.0,0
1951-07-08,97,78,0.00,0.0,0
1951-07-09,96,78,0.00,0.0,0
1951-07-10,95,78,0.00,0.0,0
1951-07-11,96,77,0.00,0.0,0
1951-07-12,96,78,0.00,0.0,0
1951-07-13,98,77,0.00,0.0,0
1951-07-14,99,76,0.00,0.0,0
1951-07-15,95,78,T,0.0,0
1951-07-16,95,76,0.00,0.0,0
1951-07-17,97,76,T,0.0,0
1951-07-18,99,80,0.00,0.0,0
1951-07-19,102,80,0.00,0.0,0
1951-07-20,103,80,0.00,0.0,0
1951-07-21,100,82,0.00,0.0,0
1951-07-22,100,80,0.00,0.0,0
1951-07-23,100,79,0.00,0.0,0
1951-07-24,98,79,T,0.0,0
1951-07-25,96,74,T,0.0,0
1951-07-26,100,76,0.00,0.0,0
1951-07-27,101,79,0.00,0.0,0
1951-07-28,97,74,0.00,0.0,0
1951-07-29,98,76,0.00,0.0,0
1951-07-30,97,77,0.00,0.0,0
1951-07-31,100,78,0.00,0.0,0
1951-08-01,100,77,0.00,0.0,0
1951-08-02,102,77,0.00,0.0,0
1951-08-03,103,81,0.00,0.0,0
1951-08-04,105,78,0.00,0.0,0
1951-08-05,106,83,0.00,0.0,0
1951-08-06,107,84,0.00,0.0,0
1951-08-07,105,83,0.00,0.0,0
1951-08-08,103,81,0.00,0.0,0
1951-08-09,102,79,0.00,0.0,0
1951-08-10,100,79,0.00,0.0,0
1951-08-11,97,79,0.00,0.0,0
1951-08-12,99,78,T,0.0,0
1951-08-13,104,77,0.00,0.0,0
1951-08-14,104,82,0.00,0.0,0
1951-08-15,106,81,0.00,0.0,0
1951-08-16,107,79,0.00,0.0,0
1951-08-17,107,83,0.00,0.0,0
1951-08-18,105,78,0.21,0.0,0
1951-08-19,97,74,0.00,0.0,0
1951-08-20,98,76,0.00,0.0,0
1951-08-21,101,79,0.20,0.0,0
1951-08-22,96,70,1.56,0.0,0
1951-08-23,94,73,0.00,0.0,0
1951-08-24,96,75,0.00,0.0,0
1951-08-25,99,77,0.00,0.0,0
1951-08-26,99,79,0.00,0.0,0
1951-08-27,100,80,0.00,0.0,0
1951-08-28,101,79,0.00,0.0,0
1951-08-29,103,80,0.00,0.0,0
1951-08-30,101,82,0.00,0.0,0
1951-08-31,103,82,0.00,0.0,0
1951-09-01,104,80,0.00,0.0,0
1951-09-02,105,79,0.00,0.0,0
1951-09-03,103,80,0.00,0.0,0
1951-09-04,99,79,T,0.0,0
1951-09-05,97,75,T,0.0,0
1951-09-06,101,77,0.00,0.0,0
1951-09-07,94,78,0.00,0.0,0
1951-09-08,94,73,0.00,0.0,0
1951-09-09,95,73,0.38,0.0,0
1951-09-10,85,72,0.80,0.0,0
1951-09-11,91,73,0.00,0.0,0
1951-09-12,91,69,2.46,0.0,0
1951-09-13,77,63,0.00,0.0,0
1951-09-14,84,61,0.00,0.0,0
1951-09-15,85,62,0.00,0.0,0
1951-09-16,70,59,0.15,0.0,0
1951-09-17,78,51,0.00,0.0,0
1951-09-18,84,54,0.00,0.0,0
1951-09-19,89,59,0.00,0.0,0
1951-09-20,88,66,0.00,0.0,0
1951-09-21,92,70,0.00,0.0,0
1951-09-22,81,60,T,0.0,0
1951-09-23,89,63,0.00,0.0,0
1951-09-24,92,74,0.00,0.0,0
1951-09-25,93,71,0.00,0.0,0
1951-09-26,90,67,0.00,0.0,0
1951-09-27,87,71,T,0.0,0
1951-09-28,71,60,0.02,0.0,0
1951-09-29,83,61,0.00,0.0,0
1951-09-30,90,63,0.00,0.0,0
1951-10-01,92,66,0.00,0.0,0
1951-10-02,94,69,0.00,0.0,0
1951-10-03,99,74,0.00,0.0,0
1951-10-04,93,74,0.00,0.0,0
1951-10-05,94,74,0.00,0.0,0
1951-10-06,87,59,0.00,0.0,0
1951-10-07,72,49,0.00,0.0,0
1951-10-08,76,45,0.00,0.0,0
1951-10-09,81,49,0.00,0.0,0
1951-10-10,79,51,0.00,0.0,0
1951-10-11,82,55,0.00,0.0,0
1951-10-12,81,57,0.00,0.0,0
1951-10-13,82,57,0.00,0.0,0
1951-10-14,82,60,0.00,0.0,0
1951-10-15,85,61,0.00,0.0,0
1951-10-16,86,63,0.00,0.0,0
1951-10-17,86,60,0.00,0.0,0
1951-10-18,88,61,0.00,0.0,0
1951-10-19,74,51,0.00,0.0,0
1951-10-20,82,56,0.00,0.0,0
1951-10-21,86,64,0.00,0.0,0
1951-10-22,85,57,0.60,0.0,0
1951-10-23,65,49,0.32,0.0,0
1951-10-24,65,44,0.00,0.0,0
1951-10-25,70,53,T,0.0,0
1951-10-26,76,61,T,0.0,0
1951-10-27,73,52,0.84,0.0,0
1951-10-28,60,48,0.57,0.0,0
1951-10-29,81,54,0.18,0.0,0
1951-10-30,90,62,T,0.0,0
1951-10-31,64,41,0.38,0.0,0
1951-11-01,42,38,T,0.0,0
1951-11-02,41,28,T,T,0
1951-11-03,56,28,0.00,0.0,0
1951-11-04,64,34,0.00,0.0,0
1951-11-05,68,33,T,0.0,0
1951-11-06,54,28,0.00,0.0,0
1951-11-07,58,34,0.00,0.0,0
1951-11-08,67,37,0.00,0.0,0
1951-11-09,76,45,0.00,0.0,0
1951-11-10,77,58,0.00,0.0,0
1951-11-11,77,55,0.00,0.0,0
1951-11-12,86,66,T,0.0,0
1951-11-13,85,57,0.00,0.0,0
1951-11-14,77,44,0.00,0.0,0
1951-11-15,80,43,0.00,0.0,0
1951-11-16,51,37,0.00,0.0,0
1951-11-17,44,29,0.00,0.0,0
1951-11-18,47,21,0.00,0.0,0
1951-11-19,54,29,0.00,0.0,0
1951-11-20,60,34,0.00,0.0,0
1951-11-21,70,52,T,0.0,0
1951-11-22,78,64,T,0.0,0
1951-11-23,74,49,0.03,0.0,0
1951-11-24,54,45,0.08,0.0,0
1951-11-25,59,46,0.04,0.0,0
1951-11-26,52,44,0.46,0.0,0
1951-11-27,57,41,0.01,0.0,0
1951-11-28,59,42,0.00,0.0,0
1951-11-29,63,41,0.00,0.0,0
1951-11-30,69,46,0.00,0.0,0
1951-12-01,68,55,0.00,0.0,0
1951-12-02,77,63,0.00,0.0,0
1951-12-03,72,46,0.00,0.0,0
1951-12-04,66,41,0.09,0.0,0
1951-12-05,78,48,0.00,0.0,0
1951-12-06,75,54,0.00,0.0,0
1951-12-07,59,49,0.01,0.0,0
1951-12-08,49,37,0.08,0.0,0
1951-12-09,47,31,0.00,0.0,0
1951-12-10,46,29,0.00,0.0,0
1951-12-11,58,27,0.00,0.0,0
1951-12-12,68,37,0.00,0.0,0
1951-12-13,70,51,0.07,0.0,0
1951-12-14,67,25,0.00,0.0,0
1951-12-15,33,18,0.00,0.0,0
1951-12-16,50,21,0.00,0.0,0
1951-12-17,53,42,T,0.0,0
1951-12-18,49,29,0.00,0.0,0
1951-12-19,60,35,0.00,0.0,0
1951-12-20,64,21,T,0.0,0
1951-12-21,41,16,0.00,0.0,0
1951-12-22,61,26,0.00,0.0,0
1951-12-23,66,39,0.00,0.0,0
1951-12-24,64,32,T,0.0,0
1951-12-25,69,35,T,0.0,0
1951-12-26,51,28,0.00,0.0,0
1951-12-27,50,22,0.00,0.0,0
1951-12-28,70,38,0.00,0.0,0
1951-12-29,78,52,0.00,0.0,0
1951-12-30,87,56,0.00,0.0,0
1951-12-31,83,65,0.00,0.0,0
1952-01-01,70,34,0.02,0.0,0
1952-01-02,36,30,T,0.0,0
1952-01-03,41,32,0.54,0.0,0
1952-01-04,50,32,0.00,0.0,0
1952-01-05,59,28,0.00,0.0,0
1952-01-06,49,27,0.00,0.0,0
1952-01-07,59,33,0.00,0.0,0
1952-01-08,71,51,0.00,0.0,0
1952-01-09,59,36,0.00,0.0,0
1952-01-10,55,27,0.00,0.0,0
1952-01-11,58,36,0.00,0.0,0
1952-01-12,70,45,0.00,0.0,0
1952-01-13,74,59,0.00,0.0,0
1952-01-14,73,63,0.00,0.0,0
1952-01-15,77,58,0.00,0.0,0
1952-01-16,77,61,0.00,0.0,0
1952-01-17,80,55,0.00,0.0,0
1952-01-18,74,49,0.00,0.0,0
1952-01-19,83,61,0.00,0.0,0
1952-01-20,61,50,0.15,0.0,0
1952-01-21,79,48,0.17,0.0,0
1952-01-22,61,38,0.00,0.0,0
1952-01-23,50,27,0.00,0.0,0
1952-01-24,67,37,0.00,0.0,0
1952-01-25,83,60,0.00,0.0,0
1952-01-26,79,52,0.00,0.0,0
1952-01-27,56,43,T,0.0,0
1952-01-28,63,37,0.00,0.0,0
1952-01-29,66,39,0.00,0.0,0
1952-01-30,73,44,0.00,0.0,0
1952-01-31,75,55,T,0.0,0
1952-02-01,71,52,0.25,0.0,0
1952-02-02,59,48,0.00,0.0,0
1952-02-03,60,48,T,0.0,0
1952-02-04,56,39,0.00,0.0,0
1952-02-05,70,36,0.00,0.0,0
1952-02-06,57,39,0.00,0.0,0
1952-02-07,73,38,0.00,0.0,0
1952-02-08,74,40,0.00,0.0,0
1952-02-09,75,35,0.00,0.0,0
1952-02-10,79,51,0.00,0.0,0
1952-02-11,75,58,T,0.0,0
1952-02-12,80,54,0.00,0.0,0
1952-02-13,73,53,0.00,0.0,0
1952-02-14,64,45,0.00,0.0,0
1952-02-15,47,36,0.38,T,0
1952-02-16,44,35,T,T,0
1952-02-17,59,30,0.00,0.0,0
1952-02-18,67,47,0.00,0.0,0
1952-02-19,73,49,T,0.0,0
1952-02-20,62,35,0.00,0.0,0
1952-02-21,65,43,T,0.0,0
1952-02-22,61,48,T,0.0,0
1952-02-23,53,46,T,0.0,0
1952-02-24,55,45,0.17,0.0,0
1952-02-25,51,39,0.77,0.0,0
1952-02-26,56,31,0.00,0.0,0
1952-02-27,75,38,0.00,0.0,0
1952-02-28,74,55,0.00,0.0,0
1952-02-29,75,40,0.00,0.0,0
1952-03-01,46,39,0.05,0.0,0
1952-03-02,65,45,0.13,0.0,0
1952-03-03,64,37,0.35,0.0,0
1952-03-04,49,30,0.00,0.0,0
1952-03-05,58,34,0.00,0.0,0
1952-03-06,64,42,0.00,0.0,0
1952-03-07,67,39,0.00,0.0,0
1952-03-08,70,44,0.00,0.0,0
1952-03-09,67,51,0.12,0.0,0
1952-03-10,67,45,0.27,0.0,0
1952-03-11,67,38,0.00,0.0,0
1952-03-12,74,52,0.00,0.0,0
1952-03-13,65,46,0.00,0.0,0
1952-03-14,76,49,0.00,0.0,0
1952-03-15,57,39,0.00,0.0,0
1952-03-16,64,39,0.00,0.0,0
1952-03-17,67,52,0.66,0.0,0
1952-03-18,70,53,0.01,0.0,0
1952-03-19,86,50,0.00,0.0,0
1952-03-20,84,57,0.00,0.0,0
1952-03-21,84,44,0.00,0.0,0
1952-03-22,49,35,0.00,0.0,0
1952-03-23,53,29,0.00,0.0,0
1952-03-24,64,35,0.00,0.0,0
1952-03-25,66,39,T,0.0,0
1952-03-26,71,48,0.00,0.0,0
1952-03-27,55,43,0.11,0.0,0
1952-03-28,67,32,0.00,0.0,0
1952-03-29,71,53,T,0.0,0
1952-03-30,78,58,0.04,0.0,0
1952-03-31,90,68,0.00,0.0,0
1952-04-01,78,56,0.00,0.0,0
1952-04-02,77,44,0.00,0.0,0
1952-04-03,71,54,0.72,T,0
1952-04-04,62,46,0.00,0.0,0
1952-04-05,71,36,0.00,0.0,0
1952-04-06,81,48,0.00,0.0,0
1952-04-07,85,57,0.00,0.0,0
1952-04-08,82,62,0.00,0.0,0
1952-04-09,70,43,0.28,0.0,0
1952-04-10,57,37,0.00,0.0,0
1952-04-11,54,42,1.48,0.0,0
1952-04-12,75,51,0.44,0.0,0
1952-04-13,64,45,0.01,0.0,0
1952-04-14,67,40,0.00,0.0,0
1952-04-15,73,43,0.00,0.0,0
1952-04-16,76,53,0.00,0.0,0
1952-04-17,71,56,T,0.0,0
1952-04-18,75,56,T,0.0,0
1952-04-19,73,59,0.38,0.0,0
1952-04-20,75,56,0.38,0.0,0
1952-04-21,74,65,1.31,0.0,0
1952-04-22,70,59,0.69,0.0,0
1952-04-23,69,52,0.00,0.0,0
1952-04-24,69,49,0.00,0.0,0
1952-04-25,71,51,0.00,0.0,0
1952-04-26,76,45,0.00,0.0,0
1952-04-27,81,47,0.00,0.0,0
1952-04-28,81,56,0.00,0.0,0
1952-04-29,82,59,0.00,0.0,0
1952-04-30,86,63,0.00,0.0,0
1952-05-01,84,62,0.00,0.0,0
1952-05-02,83,64,0.10,0.0,0
1952-05-03,90,59,0.00,0.0,0
1952-05-04,92,64,0.00,0.0,0
1952-05-05,92,68,0.00,0.0,0
1952-05-06,92,66,0.00,0.0,0
1952-05-07,90,64,0.00,0.0,0
1952-05-08,93,66,0.00,0.0,0
1952-05-09,99,67,0.00,0.0,0
1952-05-10,72,54,0.19,T,0
1952-05-11,78,45,0.00,0.0,0
1952-05-12,88,54,0.00,0.0,0
1952-05-13,90,58,0.00,0.0,0
1952-05-14,92,65,0.00,0.0,0
1952-05-15,90,65,0.00,0.0,0
1952-05-16,87,67,0.00,0.0,0
1952-05-17,84,60,2.28,0.0,0
1952-05-18,63,58,0.41,0.0,0
1952-05-19,67,55,T,0.0,0
1952-05-20,78,52,0.00,0.0,0
1952-05-21,86,61,0.00,0.0,0
1952-05-22,87,66,T,0.0,0
1952-05-23,78,61,1.64,T,0
1952-05-24,82,62,T,0.0,0
1952-05-25,85,61,0.00,0.0,0
1952-05-26,86,58,0.00,0.0,0
1952-05-27,85,65,0.03,0.0,0
1952-05-28,68,60,0.55,0.0,0
1952-05-29,78,56,0.00,0.0,0
1952-05-30,85,61,0.00,0.0,0
1952-05-31,89,67,0.00,0.0,0
1952-06-01,90,69,0.00,0.0,0
1952-06-02,92,71,0.00,0.0,0
1952-06-03,92,72,0.00,0.0,0
1952-06-04,92,70,0.00,0.0,0
1952-06-05,89,69,0.36,0.0,0
1952-06-06,87,68,T,0.0,0
1952-06-07,90,69,0.00,0.0,0
1952-06-08,92,71,0.00,0.0,0
1952-06-09,94,73,0.00,0.0,0
1952-06-10,91,75,0.00,0.0,0
1952-06-11,93,77,0.00,0.0,0
1952-06-12,95,75,0.00,0.0,0
1952-06-13,97,73,0.00,0.0,0
1952-06-14,98,73,0.00,0.0,0
1952-06-15,98,73,0.00,0.0,0
1952-06-16,98,74,0.00,0.0,0
1952-06-17,100,76,0.00,0.0,0
1952-06-18,100,77,0.00,0.0,0
1952-06-19,99,78,0.00,0.0,0
1952-06-20,98,77,0.00,0.0,0
1952-06-21,98,77,0.00,0.0,0
1952-06-22,98,78,0.00,0.0,0
1952-06-23,97,76,0.00,0.0,0
1952-06-24,97,78,0.00,0.0,0
1952-06-25,99,77,0.00,0.0,0
1952-06-26,97,76,0.00,0.0,0
1952-06-27,97,77,0.01,0.0,0
1952-06-28,99,75,0.00,0.0,0
1952-06-29,100,78,0.00,0.0,0
1952-06-30,95,76,0.00,0.0,0
1952-07-01,93,75,0.04,0.0,0
1952-07-02,98,78,0.00,0.0,0
1952-07-03,100,80,T,0.0,0
1952-07-04,100,75,0.00,0.0,0
1952-07-05,99,76,0.00,0.0,0
1952-07-06,98,79,0.00,0.0,0
1952-07-07,97,78,0.00,0.0,0
1952-07-08,84,63,0.01,0.0,0
1952-07-09,93,61,0.00,0.0,0
1952-07-10,93,67,0.00,0.0,0
1952-07-11,96,73,0.00,0.0,0
1952-07-12,96,78,0.00,0.0,0
1952-07-13,98,79,T,0.0,0
1952-07-14,99,77,0.00,0.0,0
1952-07-15,97,76,0.00,0.0,0
1952-07-16,87,75,0.03,0.0,0
1952-07-17,84,75,0.16,0.0,0
1952-07-18,88,71,1.26,0.0,0
1952-07-19,91,73,0.16,0.0,0
1952-07-20,95,75,0.00,0.0,0
1952-07-21,96,77,0.00,0.0,0
1952-07-22,97,75,0.00,0.0,0
1952-07-23,98,76,0.00,0.0,0
1952-07-24,101,78,0.00,0.0,0
1952-07-25,102,77,0.00,0.0,0
1952-07-26,101,79,0.00,0.0,0
1952-07-27,100,78,0.00,0.0,0
1952-07-28,99,78,0.00,0.0,0
1952-07-29,100,77,0.00,0.0,0
1952-07-30,102,79,0.00,0.0,0
1952-07-31,98,76,T,0.0,0
1952-08-01,98,78,0.00,0.0,0
1952-08-02,100,78,0.00,0.0,0
1952-08-03,100,80,0.00,0.0,0
1952-08-04,100,78,T,0.0,0
1952-08-05,104,77,0.04,0.0,0
1952-08-06,106,82,0.05,0.0,0
1952-08-07,102,74,0.00,0.0,0
1952-08-08,103,79,0.02,0.0,0
1952-08-09,102,81,T,0.0,0
1952-08-10,105,75,0.15,0.0,0
1952-08-11,101,80,0.00,0.0,0
1952-08-12,102,79,0.00,0.0,0
1952-08-13,102,82,0.00,0.0,0
1952-08-14,103,81,0.00,0.0,0
1952-08-15,104,80,0.00,0.0,0
1952-08-16,107,80,0.00,0.0,0
1952-08-17,103,82,0.00,0.0,0
1952-08-18,103,82,0.00,0.0,0
1952-08-19,104,83,0.00,0.0,0
1952-08-20,102,83,0.00,0.0,0
1952-08-21,102,83,0.00,0.0,0
1952-08-22,100,81,0.01,0.0,0
1952-08-23,104,80,0.00,0.0,0
1952-08-24,103,74,0.00,0.0,0
1952-08-25,104,79,0.00,0.0,0
1952-08-26,100,77,0.00,0.0,0
1952-08-27,98,76,0.00,0.0,0
1952-08-28,99,75,0.00,0.0,0
1952-08-29,97,66,0.00,0.0,0
1952-08-30,98,72,0.00,0.0,0
1952-08-31,102,80,0.00,0.0,0
1952-09-01,102,74,0.00,0.0,0
1952-09-02,87,64,0.00,0.0,0
1952-09-03,91,59,0.00,0.0,0
1952-09-04,93,64,0.00,0.0,0
1952-09-05,93,62,0.00,0.0,0
1952-09-06,95,61,0.00,0.0,0
1952-09-07,96,66,0.00,0.0,0
1952-09-08,97,69,0.00,0.0,0
1952-09-09,95,72,T,0.0,0
1952-09-10,93,75,0.00,0.0,0
1952-09-11,95,70,0.00,0.0,0
1952-09-12,96,70,0.00,0.0,0
1952-09-13,96,72,0.00,0.0,0
1952-09-14,99,75,0.00,0.0,0
1952-09-15,97,72,T,0.0,0
1952-09-16,98,73,T,0.0,0
1952-09-17,97,70,0.38,0.0,0
1952-09-18,93,67,0.00,0.0,0
1952-09-19,97,67,0.00,0.0,0
1952-09-20,97,73,0.00,0.0,0
1952-09-21,90,66,T,0.0,0
1952-09-22,75,63,T,0.0,0
1952-09-23,86,64,0.00,0.0,0
1952-09-24,85,64,0.00,0.0,0
1952-09-25,89,56,0.00,0.0,0
1952-09-26,91,55,0.00,0.0,0
1952-09-27,91,56,0.00,0.0,0
1952-09-28,92,59,0.00,0.0,0
1952-09-29,92,59,0.00,0.0,0
1952-09-30,93,62,0.00,0.0,0
1952-10-01,92,64,0.00,0.0,0
1952-10-02,90,60,0.00,0.0,0
1952-10-03,89,57,0.00,0.0,0
1952-10-04,95,68,0.00,0.0,0
1952-10-05,93,57,0.00,0.0,0
1952-10-06,57,48,0.03,0.0,0
1952-10-07,62,40,0.02,0.0,0
1952-10-08,69,35,0.00,0.0,0
1952-10-09,74,38,0.00,0.0,0
1952-10-10,81,41,0.00,0.0,0
1952-10-11,87,51,0.00,0.0,0
1952-10-12,88,55,0.00,0.0,0
1952-10-13,88,60,0.00,0.0,0
1952-10-14,89,57,0.00,0.0,0
1952-10-15,68,46,0.00,0.0,0
1952-10-16,73,36,0.00,0.0,0
1952-10-17,82,50,0.00,0.0,0
1952-10-18,79,48,0.00,0.0,0
1952-10-19,80,45,0.00,0.0,0
1952-10-20,80,43,0.00,0.0,0
1952-10-21,57,43,0.00,0.0,0
1952-10-22,69,38,0.00,0.0,0
1952-10-23,76,39,0.00,0.0,0
1952-10-24,80,39,0.00,0.0,0
1952-10-25,85,43,0.00,0.0,0
1952-10-26,86,46,0.00,0.0,0
1952-10-27,87,55,0.00,0.0,0
1952-10-28,63,43,0.00,0.0,0
1952-10-29,67,32,0.00,0.0,0
1952-10-30,77,48,0.00,0.0,0
1952-10-31,82,62,0.00,0.0,0
1952-11-01,84,61,0.00,0.0,0
1952-11-02,85,62,0.00,0.0,0
1952-11-03,71,53,0.00,0.0,0
1952-11-04,69,46,0.00,0.0,0
1952-11-05,62,49,0.22,0.0,0
1952-11-06,74,49,0.00,0.0,0
1952-11-07,72,46,0.00,0.0,0
1952-11-08,76,57,0.00,0.0,0
1952-11-09,70,42,1.11,0.0,0
1952-11-10,53,37,0.00,0.0,0
1952-11-11,64,32,0.00,0.0,0
1952-11-12,72,41,0.00,0.0,0
1952-11-13,71,46,0.00,0.0,0
1952-11-14,81,58,0.00,0.0,0
1952-11-15,83,59,0.00,0.0,0
1952-11-16,85,69,T,0.0,0
1952-11-17,83,62,1.56,0.0,0
1952-11-18,65,46,T,0.0,0
1952-11-19,58,40,0.00,0.0,0
1952-11-20,56,35,0.00,0.0,0
1952-11-21,64,39,0.00,0.0,0
1952-11-22,63,49,0.10,0.0,0
1952-11-23,54,46,1.60,0.0,0
1952-11-24,50,46,1.82,0.0,0
1952-11-25,57,37,0.99,0.0,0
1952-11-26,42,31,0.00,0.0,0
1952-11-27,44,30,0.00,0.0,0
1952-11-28,37,32,0.06,T,0
1952-11-29,42,32,0.08,0.0,0
1952-11-30,43,29,T,0.0,0
1952-12-01,47,38,0.26,0.0,0
1952-12-02,46,40,T,0.0,0
1952-12-03,46,40,0.27,0.0,0
1952-12-04,56,40,0.01,0.0,0
1952-12-05,65,32,0.00,0.0,0
1952-12-06,60,39,0.00,0.0,0
1952-12-07,64,50,0.00,0.0,0
1952-12-08,77,48,0.00,0.0,0
1952-12-09,66,47,0.00,0.0,0
1952-12-10,57,39,0.00,0.0,0
1952-12-11,68,39,0.00,0.0,0
1952-12-12,61,37,0.00,0.0,0
1952-12-13,48,32,T,0.0,0
1952-12-14,39,26,0.00,0.0,0
1952-12-15,53,25,0.00,0.0,0
1952-12-16,63,35,0.00,0.0,0
1952-12-17,67,45,0.00,0.0,0
1952-12-18,62,42,0.98,0.0,0
1952-12-19,51,41,0.64,0.0,0
1952-12-20,51,34,0.00,0.0,0
1952-12-21,53,36,0.03,0.0,0
1952-12-22,53,38,0.00,0.0,0
1952-12-23,49,32,0.00,0.0,0
1952-12-24,52,34,0.00,0.0,0
1952-12-25,45,30,0.00,0.0,0
1952-12-26,50,26,0.00,0.0,0
1952-12-27,47,35,0.00,0.0,0
1952-12-28,56,27,0.00,0.0,0
1952-12-29,60,48,0.00,0.0,0
1952-12-30,55,41,0.87,0.0,0
1952-12-31,58,34,0.00,0.0,0
1953-01-01,62,39,0.00,0.0,0
1953-01-02,55,39,0.00,0.0,0
1953-01-03,56,33,0.00,0.0,0
1953-01-04,63,39,0.00,0.0,0
1953-01-05,68,39,0.00,0.0,0
1953-01-06,74,45,0.00,0.0,0
1953-01-07,64,42,0.00,0.0,0
1953-01-08,58,41,0.00,0.0,0
1953-01-09,58,38,0.00,0.0,0
1953-01-10,67,31,0.00,0.0,0
1953-01-11,63,39,0.00,0.0,0
1953-01-12,69,42,0.00,0.0,0
1953-01-13,71,53,0.00,0.0,0
1953-01-14,74,56,0.00,0.0,0
1953-01-15,66,27,T,T,0
1953-01-16,27,19,0.30,1.0,T
1953-01-17,38,20,0.00,0.0,1
1953-01-18,58,32,0.00,0.0,T
1953-01-19,67,42,0.00,0.0,0
1953-01-20,54,36,0.00,0.0,0
1953-01-21,60,31,0.00,0.0,0
1953-01-22,71,40,T,0.0,0
1953-01-23,46,32,0.38,1.5,0
1953-01-24,63,34,0.00,0.0,0
1953-01-25,77,41,0.00,0.0,0
1953-01-26,80,53,0.00,0.0,0
1953-01-27,77,45,0.00,0.0,0
1953-01-28,63,36,0.00,0.0,0
1953-01-29,66,41,0.00,0.0,0
1953-01-30,71,53,0.00,0.0,0
1953-01-31,70,48,0.00,0.0,0
1953-02-01,70,36,0.00,0.0,0
1953-02-02,71,44,0.00,0.0,0
1953-02-03,73,45,0.00,0.0,0
1953-02-04,73,40,0.00,0.0,0
1953-02-05,76,53,0.00,0.0,0
1953-02-06,61,45,0.02,0.0,0
1953-02-07,62,46,T,0.0,0
1953-02-08,66,43,0.00,0.0,0
1953-02-09,62,52,0.01,0.0,0
1953-02-10,67,40,0.48,0.0,0
1953-02-11,47,37,0.27,T,0
1953-02-12,54,33,0.00,0.0,0
1953-02-13,56,31,0.00,0.0,0
1953-02-14,53,40,T,0.0,0
1953-02-15,67,34,0.00,0.0,0
1953-02-16,58,38,0.00,0.0,0
1953-02-17,60,30,0.00,0.0,0
1953-02-18,52,36,0.09,0.0,0
1953-02-19,68,45,0.25,0.0,0
1953-02-20,54,33,T,T,T
1953-02-21,43,26,0.00,0.0,0
1953-02-22,53,23,0.00,0.0,0
1953-02-23,50,35,0.05,T,0
1953-02-24,46,36,0.22,0.0,0
1953-02-25,57,42,0.00,0.0,0
1953-02-26,68,37,0.00,0.0,0
1953-02-27,81,47,0.00,0.0,0
1953-02-28,74,44,T,0.0,0
1953-03-01,79,58,0.09,0.0,0
1953-03-02,71,53,0.03,0.0,0
1953-03-03,79,42,0.05,0.0,0
1953-03-04,55,35,0.00,0.0,0
1953-03-05,68,38,0.00,0.0,0
1953-03-06,71,43,0.00,0.0,0
1953-03-07,77,49,T,0.0,0
1953-03-08,64,43,0.01,0.0,0
1953-03-09,54,46,1.79,0.0,0
1953-03-10,56,48,0.02,0.0,0
1953-03-11,71,54,0.08,0.0,0
1953-03-12,79,58,0.00,0.0,0
1953-03-13,74,55,0.00,0.0,0
1953-03-14,82,55,0.00,0.0,0
1953-03-15,70,48,0.00,0.0,0
1953-03-16,66,50,0.18,0.0,0
1953-03-17,75,59,0.16,0.0,0
1953-03-18,75,56,0.00,0.0,0
1953-03-19,78,49,0.00,0.0,0
1953-03-20,79,63,0.00,0.0,0
1953-03-21,80,56,0.12,0.0,0
1953-03-22,74,53,0.66,T,0
1953-03-23,78,42,0.00,0.0,0
1953-03-24,73,45,0.00,0.0,0
1953-03-25,70,43,0.00,0.0,0
1953-03-26,75,53,T,0.0,0
1953-03-27,74,55,0.08,0.0,0
1953-03-28,79,45,0.00,0.0,0
1953-03-29,76,56,0.00,0.0,0
1953-03-30,70,66,0.28,0.0,0
1953-03-31,78,58,T,0.0,0
1953-04-01,75,52,0.00,0.0,0
1953-04-02,82,55,0.00,0.0,0
1953-04-03,64,47,0.01,0.0,0
1953-04-04,72,44,0.00,0.0,0
1953-04-05,70,58,0.35,0.0,0
1953-04-06,58,52,T,0.0,0
1953-04-07,78,50,0.00,0.0,0
1953-04-08,89,63,0.00,0.0,0
1953-04-09,86,62,T,0.0,0
1953-04-10,72,49,0.00,0.0,0
1953-04-11,83,51,T,0.0,0
1953-04-12,58,43,0.00,0.0,0
1953-04-13,68,37,0.00,0.0,0
1953-04-14,68,47,T,0.0,0
1953-04-15,71,48,0.00,0.0,0
1953-04-16,71,41,0.00,0.0,0
1953-04-17,79,54,0.00,0.0,0
1953-04-18,74,38,T,0.0,0
1953-04-19,64,34,0.00,0.0,0
1953-04-20,67,35,0.00,0.0,0
1953-04-21,82,48,0.00,0.0,0
1953-04-22,85,59,0.00,0.0,0
1953-04-23,75,62,1.58,T,0
1953-04-24,82,60,0.48,0.0,0
1953-04-25,75,52,0.00,0.0,0
1953-04-26,75,46,0.00,0.0,0
1953-04-27,82,54,0.00,0.0,0
1953-04-28,71,58,2.61,0.0,0
1953-04-29,77,58,T,0.0,0
1953-04-30,83,61,0.00,0.0,0
1953-05-01,87,65,0.00,0.0,0
1953-05-02,82,56,0.00,0.0,0
1953-05-03,73,54,T,0.0,0
1953-05-04,68,50,0.09,0.0,0
1953-05-05,73,47,0.00,0.0,0
1953-05-06,78,48,T,0.0,0
1953-05-07,88,53,0.00,0.0,0
1953-05-08,91,59,0.00,0.0,0
1953-05-09,90,69,0.00,0.0,0
1953-05-10,80,65,0.38,0.0,0
1953-05-11,79,65,0.04,0.0,0
1953-05-12,70,53,0.59,0.0,0
1953-05-13,55,50,0.55,0.0,0
1953-05-14,60,49,0.05,0.0,0
1953-05-15,65,58,1.05,0.0,0
1953-05-16,75,60,0.35,0.0,0
1953-05-17,85,57,0.00,0.0,0
1953-05-18,83,63,0.00,0.0,0
1953-05-19,87,57,0.00,0.0,0
1953-05-20,89,66,0.00,0.0,0
1953-05-21,91,75,0.00,0.0,0
1953-05-22,94,74,0.00,0.0,0
1953-05-23,93,75,0.00,0.0,0
1953-05-24,93,76,0.00,0.0,0
1953-05-25,94,75,0.00,0.0,0
1953-05-26,95,73,0.00,0.0,0
1953-05-27,92,72,0.00,0.0,0
1953-05-28,92,71,0.00,0.0,0
1953-05-29,95,72,0.00,0.0,0
1953-05-30,94,71,0.00,0.0,0
1953-05-31,96,74,0.00,0.0,0
1953-06-01,97,72,0.00,0.0,0
1953-06-02,98,68,0.00,0.0,0
1953-06-03,97,74,0.00,0.0,0
1953-06-04,94,74,0.00,0.0,0
1953-06-05,93,72,0.00,0.0,0
1953-06-06,94,71,T,0.0,0
1953-06-07,94,75,0.00,0.0,0
1953-06-08,99,76,0.00,0.0,0
1953-06-09,98,78,0.00,0.0,0
1953-06-10,99,77,0.00,0.0,0
1953-06-11,102,78,0.00,0.0,0
1953-06-12,105,76,0.03,0.0,0
1953-06-13,101,73,0.00,0.0,0
1953-06-14,105,78,0.00,0.0,0
1953-06-15,102,80,0.00,0.0,0
1953-06-16,99,78,0.00,0.0,0
1953-06-17,98,79,0.00,0.0,0
1953-06-18,101,78,0.00,0.0,0
1953-06-19,102,78,0.00,0.0,0
1953-06-20,104,78,T,0.0,0
1953-06-21,105,81,0.00,0.0,0
1953-06-22,104,77,0.00,0.0,0
1953-06-23,101,79,0.00,0.0,0
1953-06-24,101,81,0.00,0.0,0
1953-06-25,99,79,0.00,0.0,0
1953-06-26,100,80,0.00,0.0,0
1953-06-27,101,79,0.00,0.0,0
1953-06-28,95,77,0.00,0.0,0
1953-06-29,81,73,0.80,0.0,0
1953-06-30,90,75,0.00,0.0,0
1953-07-01,97,75,0.00,0.0,0
1953-07-02,100,77,0.00,0.0,0
1953-07-03,98,79,0.00,0.0,0
1953-07-04,98,78,0.00,0.0,0
1953-07-05,99,78,0.00,0.0,0
1953-07-06,102,79,0.00,0.0,0
1953-07-07,101,79,0.00,0.0,0
1953-07-08,103,80,0.00,0.0,0
1953-07-09,106,80,0.00,0.0,0
1953-07-10,89,76,0.10,0.0,0
1953-07-11,94,72,0.00,0.0,0
1953-07-12,80,65,T,0.0,0
1953-07-13,77,65,T,0.0,0
1953-07-14,91,66,0.00,0.0,0
1953-07-15,86,71,0.00,0.0,0
1953-07-16,87,72,0.09,0.0,0
1953-07-17,90,71,T,0.0,0
1953-07-18,92,75,T,0.0,0
1953-07-19,88,75,T,0.0,0
1953-07-20,91,77,0.13,0.0,0
1953-07-21,101,79,0.00,0.0,0
1953-07-22,102,75,0.00,0.0,0
1953-07-23,99,80,0.06,0.0,0
1953-07-24,97,77,0.00,0.0,0
1953-07-25,96,75,0.00,0.0,0
1953-07-26,92,75,T,0.0,0
1953-07-27,98,74,0.00,0.0,0
1953-07-28,98,75,0.00,0.0,0
1953-07-29,95,76,0.00,0.0,0
1953-07-30,98,77,0.00,0.0,0
1953-07-31,99,78,0.00,0.0,0
1953-08-01,96,73,0.00,0.0,0
1953-08-02,98,74,0.00,0.0,0
1953-08-03,100,75,T,0.0,0
1953-08-04,101,77,0.00,0.0,0
1953-08-05,94,80,T,0.0,0
1953-08-06,104,76,0.27,0.0,0
1953-08-07,107,74,0.00,0.0,0
1953-08-08,108,80,0.00,0.0,0
1953-08-09,91,67,0.09,0.0,0
1953-08-10,101,73,0.00,0.0,0
1953-08-11,107,79,0.00,0.0,0
1953-08-12,89,70,0.49,0.0,0
1953-08-13,95,73,0.00,0.0,0
1953-08-14,100,74,0.00,0.0,0
1953-08-15,98,78,0.00,0.0,0
1953-08-16,98,75,0.00,0.0,0
1953-08-17,93,74,0.13,0.0,0
1953-08-18,88,73,0.10,0.0,0
1953-08-19,83,72,T,0.0,0
1953-08-20,90,68,T,0.0,0
1953-08-21,92,62,0.00,0.0,0
1953-08-22,95,61,0.00,0.0,0
1953-08-23,92,71,0.00,0.0,0
1953-08-24,91,70,0.00,0.0,0
1953-08-25,92,70,T,0.0,0
1953-08-26,92,69,0.00,0.0,0
1953-08-27,94,71,0.00,0.0,0
1953-08-28,94,72,0.00,0.0,0
1953-08-29,90,73,0.00,0.0,0
1953-08-30,86,70,0.02,0.0,0
1953-08-31,88,71,0.64,0.0,0
1953-09-01,94,71,0.00,0.0,0
1953-09-02,93,71,0.05,0.0,0
1953-09-03,88,67,0.59,0.0,0
1953-09-04,81,60,0.00,0.0,0
1953-09-05,88,56,0.00,0.0,0
1953-09-06,92,56,0.00,0.0,0
1953-09-07,94,63,0.00,0.0,0
1953-09-08,96,69,0.00,0.0,0
1953-09-09,96,66,0.00,0.0,0
1953-09-10,93,63,0.00,0.0,0
1953-09-11,97,67,0.00,0.0,0
1953-09-12,95,67,0.00,0.0,0
1953-09-13,94,58,0.00,0.0,0
1953-09-14,102,66,0.00,0.0,0
1953-09-15,100,63,0.00,0.0,0
1953-09-16,95,63,0.00,0.0,0
1953-09-17,93,66,0.00,0.0,0
1953-09-18,83,73,T,0.0,0
1953-09-19,97,69,0.00,0.0,0
1953-09-20,102,70,0.00,0.0,0
1953-09-21,85,63,0.29,0.0,0
1953-09-22,86,59,0.00,0.0,0
1953-09-23,84,60,0.00,0.0,0
1953-09-24,88,55,0.00,0.0,0
1953-09-25,92,68,0.00,0.0,0
1953-09-26,98,68,0.00,0.0,0
1953-09-27,103,67,0.00,0.0,0
1953-09-28,105,67,0.00,0.0,0
1953-09-29,100,70,0.00,0.0,0
1953-09-30,99,65,0.00,0.0,0
1953-10-01,97,69,0.00,0.0,0
1953-10-02,92,72,0.00,0.0,0
1953-10-03,90,71,T,0.0,0
1953-10-04,74,61,0.04,0.0,0
1953-10-05,76,54,T,0.0,0
1953-10-06,79,48,0.00,0.0,0
1953-10-07,76,44,0.00,0.0,0
1953-10-08,80,44,0.00,0.0,0
1953-10-09,89,47,0.00,0.0,0
1953-10-10,94,53,0.00,0.0,0
1953-10-11,97,58,0.00,0.0,0
1953-10-12,90,62,0.00,0.0,0
1953-10-13,87,61,0.00,0.0,0
1953-10-14,86,67,T,0.0,0
1953-10-15,87,67,0.00,0.0,0
1953-10-16,87,61,0.00,0.0,0
1953-10-17,86,62,0.00,0.0,0
1953-10-18,86,67,0.00,0.0,0
1953-10-19,85,66,0.00,0.0,0
1953-10-20,84,63,0.00,0.0,0
1953-10-21,83,67,0.10,0.0,0
1953-10-22,82,64,0.32,0.0,0
1953-10-23,73,60,1.20,0.0,0
1953-10-24,72,58,T,0.0,0
1953-10-25,79,59,1.52,0.0,0
1953-10-26,62,47,0.00,0.0,0
1953-10-27,66,39,0.00,0.0,0
1953-10-28,72,47,0.00,0.0,0
1953-10-29,74,45,0.00,0.0,0
1953-10-30,70,51,T,0.0,0
1953-10-31,60,52,0.02,0.0,0
1953-11-01,74,48,0.00,0.0,0
1953-11-02,75,47,0.00,0.0,0
1953-11-03,66,54,0.60,0.0,0
1953-11-04,62,56,1.39,0.0,0
1953-11-05,61,47,T,0.0,0
1953-11-06,57,40,T,0.0,0
1953-11-07,48,40,0.19,0.0,0
1953-11-08,48,40,0.00,0.0,0
1953-11-09,57,32,0.00,0.0,0
1953-11-10,65,34,0.00,0.0,0
1953-11-11,71,42,0.00,0.0,0
1953-11-12,71,40,0.00,0.0,0
1953-11-13,73,45,0.00,0.0,0
1953-11-14,73,47,0.00,0.0,0
1953-11-15,73,44,0.00,0.0,0
1953-11-16,73,51,0.00,0.0,0
1953-11-17,72,53,0.00,0.0,0
1953-11-18,76,61,T,0.0,0
1953-11-19,70,48,0.55,0.0,0
1953-11-20,58,40,0.00,0.0,0
1953-11-21,51,39,0.04,T,0
1953-11-22,54,34,0.00,0.0,0
1953-11-23,72,39,0.00,0.0,0
1953-11-24,65,46,0.00,0.0,0
1953-11-25,60,42,0.00,0.0,0
1953-11-26,71,37,0.00,0.0,0
1953-11-27,68,40,0.00,0.0,0
1953-11-28,53,48,0.00,0.0,0
1953-11-29,61,45,0.00,0.0,0
1953-11-30,61,51,0.00,0.0,0
1953-12-01,62,53,0.17,0.0,0
1953-12-02,69,51,0.54,0.0,0
1953-12-03,66,47,0.22,0.0,0
1953-12-04,66,40,0.00,0.0,0
1953-12-05,71,44,T,0.0,0
1953-12-06,60,38,0.00,0.0,0
1953-12-07,64,39,0.00,0.0,0
1953-12-08,66,46,T,0.0,0
1953-12-09,51,37,0.00,0.0,0
1953-12-10,58,34,0.00,0.0,0
1953-12-11,48,44,0.63,0.0,0
1953-12-12,51,37,T,0.0,0
1953-12-13,60,32,0.00,0.0,0
1953-12-14,46,32,0.00,0.0,0
1953-12-15,60,30,0.00,0.0,0
1953-12-16,56,37,0.00,0.0,0
1953-12-17,51,35,0.00,0.0,0
1953-12-18,52,40,0.00,0.0,0
1953-12-19,49,39,T,0.0,0
1953-12-20,50,43,T,0.0,0
1953-12-21,53,39,T,0.0,0
1953-12-22,40,19,0.00,0.0,0
1953-12-23,35,18,0.00,0.0,0
1953-12-24,42,17,0.00,0.0,0
1953-12-25,57,24,0.00,0.0,0
1953-12-26,63,28,0.00,0.0,0
1953-12-27,59,40,0.15,0.0,0
1953-12-28,46,36,0.00,0.0,0
1953-12-29,60,32,0.00,0.0,0
1953-12-30,48,31,0.00,0.0,0
1953-12-31,59,29,0.00,0.0,0
1954-01-01,64,35,0.00,0.0,0
1954-01-02,68,41,0.00,0.0,0
1954-01-03,62,31,0.00,0.0,0
1954-01-04,69,44,0.00,0.0,0
1954-01-05,65,34,0.00,0.0,0
1954-01-06,70,35,0.00,0.0,0
1954-01-07,72,41,0.00,0.0,0
1954-01-08,73,53,0.00,0.0,0
1954-01-09,65,35,0.04,0.0,0
1954-01-10,36,25,0.18,T,0
1954-01-11,52,22,0.00,0.0,0
1954-01-12,34,28,0.00,0.0,0
1954-01-13,35,31,0.25,0.0,0
1954-01-14,47,34,0.13,0.0,0
1954-01-15,62,44,1.12,0.0,0
1954-01-16,46,37,0.00,0.0,0
1954-01-17,39,30,T,0.0,0
1954-01-18,57,35,T,0.0,0
1954-01-19,70,55,0.01,0.0,0
1954-01-20,74,23,T,T,0
1954-01-21,23,15,0.62,1.4,T
1954-01-22,30,13,0.00,0.0,1
1954-01-23,40,23,0.00,0.0,1
1954-01-24,68,40,0.00,0.0,T
1954-01-25,71,56,0.05,0.0,0
1954-01-26,71,30,0.08,0.0,0
1954-01-27,50,29,0.00,0.0,0
1954-01-28,60,35,0.00,0.0,0
1954-01-29,64,53,0.02,0.0,0
1954-01-30,59,48,0.53,0.0,0
1954-01-31,61,44,0.00,0.0,0
1954-02-01,72,42,0.04,0.0,0
1954-02-02,65,43,0.01,0.0,0
1954-02-03,72,43,0.00,0.0,0
1954-02-04,72,43,0.00,0.0,0
1954-02-05,71,39,0.00,0.0,0
1954-02-06,58,39,0.00,0.0,0
1954-02-07,51,30,0.00,0.0,0
1954-02-08,71,30,0.00,0.0,0
1954-02-09,84,46,0.00,0.0,0
1954-02-10,85,49,0.00,0.0,0
1954-02-11,61,40,0.00,0.0,0
1954-02-12,58,33,0.00,0.0,0
1954-02-13,65,42,T,0.0,0
1954-02-14,77,60,0.00,0.0,0
1954-02-15,76,64,0.27,0.0,0
1954-02-16,67,47,0.00,0.0,0
1954-02-17,69,36,0.00,0.0,0
1954-02-18,73,52,0.00,0.0,0
1954-02-19,68,43,0.38,0.0,0
1954-02-20,65,42,0.00,0.0,0
1954-02-21,75,46,0.00,0.0,0
1954-02-22,80,49,0.00,0.0,0
1954-02-23,65,46,0.00,0.0,0
1954-02-24,78,41,0.00,0.0,0
1954-02-25,77,50,0.00,0.0,0
1954-02-26,88,47,0.00,0.0,0
1954-02-27,74,38,0.00,0.0,0
1954-02-28,55,32,0.00,0.0,0
1954-03-01,67,40,0.00,0.0,0
1954-03-02,56,35,T,0.0,0
1954-03-03,46,29,0.00,0.0,0
1954-03-04,40,27,T,T,0
1954-03-05,40,32,0.15,1.0,0
1954-03-06,58,26,0.00,0.0,T
1954-03-07,67,38,0.00,0.0,0
1954-03-08,68,42,0.00,0.0,0
1954-03-09,82,47,0.00,0.0,0
1954-03-10,93,55,0.00,0.0,0
1954-03-11,91,64,0.00,0.0,0
1954-03-12,74,61,0.00,0.0,0
1954-03-13,61,33,0.00,0.0,0
1954-03-14,51,25,0.00,0.0,0
1954-03-15,62,26,0.00,0.0,0
1954-03-16,57,40,0.00,0.0,0
1954-03-17,59,43,0.00,0.0,0
1954-03-18,78,55,0.02,0.0,0
1954-03-19,68,53,0.00,0.0,0
1954-03-20,68,44,0.00,0.0,0
1954-03-21,75,45,0.00,0.0,0
1954-03-22,79,60,0.00,0.0,0
1954-03-23,79,66,0.00,0.0,0
1954-03-24,81,59,0.40,0.0,0
1954-03-25,77,58,0.01,0.0,0
1954-03-26,77,51,0.00,0.0,0
1954-03-27,81,54,0.00,0.0,0
1954-03-28,87,56,0.00,0.0,0
1954-03-29,84,50,0.00,0.0,0
1954-03-30,51,40,0.00,0.0,0
1954-03-31,55,37,0.01,0.0,0
1954-04-01,65,35,0.00,0.0,0
1954-04-02,82,45,0.00,0.0,0
1954-04-03,84,59,0.00,0.0,0
1954-04-04,81,65,0.00,0.0,0
1954-04-05,82,69,T,0.0,0
1954-04-06,90,70,0.00,0.0,0
1954-04-07,90,69,0.24,0.0,0
1954-04-08,69,59,0.04,0.0,0
1954-04-09,71,56,T,0.0,0
1954-04-10,86,64,T,0.0,0
1954-04-11,85,64,1.55,T,0
1954-04-12,65,57,0.81,0.0,0
1954-04-13,80,55,0.08,0.0,0
1954-04-14,79,68,0.13,0.0,0
1954-04-15,86,64,0.00,0.0,0
1954-04-16,69,52,0.00,0.0,0
1954-04-17,86,49,0.00,0.0,0
1954-04-18,85,62,0.00,0.0,0
1954-04-19,84,62,0.00,0.0,0
1954-04-20,83,62,0.00,0.0,0
1954-04-21,83,64,0.00,0.0,0
1954-04-22,87,64,0.00,0.0,0
1954-04-23,84,62,0.00,0.0,0
1954-04-24,87,62,0.00,0.0,0
1954-04-25,86,64,0.00,0.0,0
1954-04-26,83,68,0.00,0.0,0
1954-04-27,85,64,0.21,0.0,0
1954-04-28,86,62,0.15,0.0,0
1954-04-29,85,70,0.00,0.0,0
1954-04-30,79,61,1.41,0.0,0
1954-05-01,85,67,0.02,0.0,0
1954-05-02,77,49,0.12,0.0,0
1954-05-03,61,42,0.00,0.0,0
1954-05-04,68,39,0.00,0.0,0
1954-05-05,77,48,0.00,0.0,0
1954-05-06,83,56,0.00,0.0,0
1954-05-07,75,56,T,0.0,0
1954-05-08,80,54,0.00,0.0,0
1954-05-09,76,62,T,0.0,0
1954-05-10,63,53,2.52,0.0,0
1954-05-11,59,53,0.82,0.0,0
1954-05-12,61,55,1.24,0.0,0
1954-05-13,74,48,0.00,0.0,0
1954-05-14,82,53,0.00,0.0,0
1954-05-15,83,57,0.00,0.0,0
1954-05-16,86,63,0.00,0.0,0
1954-05-17,88,67,0.00,0.0,0
1954-05-18,79,66,0.00,0.0,0
1954-05-19,86,60,0.00,0.0,0
1954-05-20,80,61,0.00,0.0,0
1954-05-21,82,62,0.00,0.0,0
1954-05-22,87,65,0.00,0.0,0
1954-05-23,84,64,0.00,0.0,0
1954-05-24,79,64,T,0.0,0
1954-05-25,80,66,0.05,0.0,0
1954-05-26,83,67,T,0.0,0
1954-05-27,88,63,0.13,0.0,0
1954-05-28,96,72,0.08,0.0,0
1954-05-29,94,69,0.00,0.0,0
1954-05-30,92,73,0.00,0.0,0
1954-05-31,94,73,T,0.0,0
1954-06-01,93,69,0.00,0.0,0
1954-06-02,96,68,T,0.0,0
1954-06-03,79,61,0.00,0.0,0
1954-06-04,86,53,0.00,0.0,0
1954-06-05,89,63,0.00,0.0,0
1954-06-06,95,71,0.00,0.0,0
1954-06-07,95,76,0.00,0.0,0
1954-06-08,95,67,0.20,0.0,0
1954-06-09,95,73,0.00,0.0,0
1954-06-10,96,74,0.00,0.0,0
1954-06-11,95,75,0.00,0.0,0
1954-06-12,97,75,0.00,0.0,0
1954-06-13,97,76,0.00,0.0,0
1954-06-14,96,73,0.00,0.0,0
1954-06-15,88,65,1.80,0.0,0
1954-06-16,95,70,0.00,0.0,0
1954-06-17,97,76,0.00,0.0,0
1954-06-18,96,77,0.00,0.0,0
1954-06-19,98,76,0.00,0.0,0
1954-06-20,94,74,0.00,0.0,0
1954-06-21,95,74,0.00,0.0,0
1954-06-22,99,75,0.00,0.0,0
1954-06-23,100,77,0.00,0.0,0
1954-06-24,98,78,0.00,0.0,0
1954-06-25,98,78,0.00,0.0,0
1954-06-26,95,78,0.00,0.0,0
1954-06-27,97,78,0.00,0.0,0
1954-06-28,97,77,0.00,0.0,0
1954-06-29,98,78,0.00,0.0,0
1954-06-30,99,75,T,0.0,0
1954-07-01,103,77,T,0.0,0
1954-07-02,100,79,0.00,0.0,0
1954-07-03,95,78,T,0.0,0
1954-07-04,94,76,0.00,0.0,0
1954-07-05,104,80,0.00,0.0,0
1954-07-06,104,78,0.00,0.0,0
1954-07-07,102,76,0.00,0.0,0
1954-07-08,101,80,T,0.0,0
1954-07-09,102,78,0.00,0.0,0
1954-07-10,105,81,0.00,0.0,0
1954-07-11,108,79,0.00,0.0,0
1954-07-12,110,80,0.00,0.0,0
1954-07-13,104,80,0.00,0.0,0
1954-07-14,102,83,0.00,0.0,0
1954-07-15,103,80,0.00,0.0,0
1954-07-16,108,81,0.00,0.0,0
1954-07-17,109,80,0.00,0.0,0
1954-07-18,104,81,0.00,0.0,0
1954-07-19,101,83,0.00,0.0,0
1954-07-20,100,81,0.00,0.0,0
1954-07-21,100,81,0.00,0.0,0
1954-07-22,103,80,0.00,0.0,0
1954-07-23,106,81,0.00,0.0,0
1954-07-24,109,80,0.00,0.0,0
1954-07-25,111,84,0.02,0.0,0
1954-07-26,104,83,0.00,0.0,0
1954-07-27,100,79,0.00,0.0,0
1954-07-28,99,79,0.00,0.0,0
1954-07-29,99,75,0.00,0.0,0
1954-07-30,82,76,0.11,0.0,0
1954-07-31,94,72,0.40,0.0,0
1954-08-01,93,74,T,0.0,0
1954-08-02,99,75,0.00,0.0,0
1954-08-03,99,79,0.00,0.0,0
1954-08-04,100,79,0.00,0.0,0
1954-08-05,102,78,0.00,0.0,0
1954-08-06,104,78,0.00,0.0,0
1954-08-07,106,79,0.00,0.0,0
1954-08-08,105,80,0.00,0.0,0
1954-08-09,95,74,T,0.0,0
1954-08-10,104,67,0.00,0.0,0
1954-08-11,103,77,0.00,0.0,0
1954-08-12,100,78,0.00,0.0,0
1954-08-13,100,77,0.00,0.0,0
1954-08-14,102,81,0.00,0.0,0
1954-08-15,100,80,0.00,0.0,0
1954-08-16,102,81,0.00,0.0,0
1954-08-17,100,80,0.00,0.0,0
1954-08-18,100,80,0.00,0.0,0
1954-08-19,100,76,0.27,0.0,0
1954-08-20,100,79,0.00,0.0,0
1954-08-21,97,79,0.00,0.0,0
1954-08-22,97,73,1.10,0.0,0
1954-08-23,92,73,0.00,0.0,0
1954-08-24,94,73,0.00,0.0,0
1954-08-25,95,75,0.00,0.0,0
1954-08-26,101,80,0.00,0.0,0
1954-08-27,99,80,0.00,0.0,0
1954-08-28,99,78,0.00,0.0,0
1954-08-29,102,77,T,0.0,0
1954-08-30,107,71,0.27,T,0
1954-08-31,96,77,T,0.0,0
1954-09-01,99,73,0.00,0.0,0
1954-09-02,102,75,0.00,0.0,0
1954-09-03,100,70,0.00,0.0,0
1954-09-04,97,74,0.00,0.0,0
1954-09-05,96,73,0.00,0.0,0
1954-09-06,98,75,0.00,0.0,0
1954-09-07,100,75,0.03,0.0,0
1954-09-08,97,72,0.00,0.0,0
1954-09-09,102,72,0.50,0.0,0
1954-09-10,90,70,T,0.0,0
1954-09-11,91,59,0.00,0.0,0
1954-09-12,90,64,0.00,0.0,0
1954-09-13,95,64,0.00,0.0,0
1954-09-14,98,71,0.00,0.0,0
1954-09-15,98,73,0.00,0.0,0
1954-09-16,99,69,0.00,0.0,0
1954-09-17,90,73,0.00,0.0,0
1954-09-18,95,75,0.00,0.0,0
1954-09-19,98,79,0.00,0.0,0
1954-09-20,101,74,0.47,0.0,0
1954-09-21,85,64,T,0.0,0
1954-09-22,87,54,0.00,0.0,0
1954-09-23,87,57,0.00,0.0,0
1954-09-24,90,62,0.00,0.0,0
1954-09-25,97,61,0.00,0.0,0
1954-09-26,98,65,0.00,0.0,0
1954-09-27,96,69,0.00,0.0,0
1954-09-28,95,76,0.00,0.0,0
1954-09-29,96,73,0.82,0.0,0
1954-09-30,86,69,1.10,0.0,0
1954-10-01,81,70,0.55,0.0,0
1954-10-02,89,74,0.00,0.0,0
1954-10-03,91,74,0.00,0.0,0
1954-10-04,91,72,0.00,0.0,0
1954-10-05,91,74,0.12,0.0,0
1954-10-06,88,70,0.00,0.0,0
1954-10-07,83,70,0.00,0.0,0
1954-10-08,86,64,0.00,0.0,0
1954-10-09,87,68,0.00,0.0,0
1954-10-10,89,70,0.00,0.0,0
1954-10-11,90,75,T,0.0,0
1954-10-12,96,73,0.00,0.0,0
1954-10-13,94,72,0.00,0.0,0
1954-10-14,80,54,0.00,0.0,0
1954-10-15,71,45,0.00,0.0,0
1954-10-16,75,43,0.00,0.0,0
1954-10-17,83,50,0.00,0.0,0
1954-10-18,87,55,0.00,0.0,0
1954-10-19,84,60,0.00,0.0,0
1954-10-20,81,59,0.00,0.0,0
1954-10-21,82,62,0.00,0.0,0
1954-10-22,73,56,0.15,0.0,0
1954-10-23,64,57,1.28,0.0,0
1954-10-24,74,56,0.00,0.0,0
1954-10-25,80,68,0.00,0.0,0
1954-10-26,85,53,T,0.0,0
1954-10-27,56,49,0.28,0.0,0
1954-10-28,66,48,0.60,0.0,0
1954-10-29,60,42,0.00,0.0,0
1954-10-30,68,37,0.00,0.0,0
1954-10-31,62,38,0.00,0.0,0
1954-11-01,66,44,0.00,0.0,0
1954-11-02,51,36,0.00,0.0,0
1954-11-03,45,37,1.16,0.0,0
1954-11-04,58,39,T,0.0,0
1954-11-05,64,33,0.00,0.0,0
1954-11-06,75,42,0.00,0.0,0
1954-11-07,77,43,0.00,0.0,0
1954-11-08,74,50,T,0.0,0
1954-11-09,72,53,T,0.0,0
1954-11-10,77,48,0.00,0.0,0
1954-11-11,75,47,0.00,0.0,0
1954-11-12,74,44,0.00,0.0,0
1954-11-13,76,44,0.00,0.0,0
1954-11-14,71,55,0.26,0.0,0
1954-11-15,71,53,0.14,0.0,0
1954-11-16,75,47,0.00,0.0,0
1954-11-17,77,53,0.00,0.0,0
1954-11-18,69,49,0.00,0.0,0
1954-11-19,68,44,0.00,0.0,0
1954-11-20,71,40,0.00,0.0,0
1954-11-21,70,45,0.00,0.0,0
1954-11-22,59,42,0.00,0.0,0
1954-11-23,70,35,0.00,0.0,0
1954-11-24,62,43,0.00,0.0,0
1954-11-25,70,35,0.00,0.0,0
1954-11-26,77,47,0.00,0.0,0
1954-11-27,68,40,0.00,0.0,0
1954-11-28,62,40,0.00,0.0,0
1954-11-29,60,31,0.00,0.0,0
1954-11-30,67,50,T,0.0,0
1954-12-01,66,43,T,0.0,0
1954-12-02,63,35,0.00,0.0,0
1954-12-03,74,44,0.00,0.0,0
1954-12-04,78,44,0.00,0.0,0
1954-12-05,77,44,0.00,0.0,0
1954-12-06,57,33,0.00,0.0,0
1954-12-07,51,34,T,T,0
1954-12-08,62,41,0.00,0.0,0
1954-12-09,61,33,0.00,0.0,0
1954-12-10,61,39,0.00,0.0,0
1954-12-11,62,46,0.45,0.0,0
1954-12-12,46,32,0.05,0.0,0
1954-12-13,50,28,0.00,0.0,0
1954-12-14,55,37,0.00,0.0,0
1954-12-15,63,32,0.00,0.0,0
1954-12-16,67,43,0.00,0.0,0
1954-12-17,51,35,0.00,0.0,0
1954-12-18,55,39,0.00,0.0,0
1954-12-19,60,33,0.00,0.0,0
1954-12-20,68,34,0.00,0.0,0
1954-12-21,71,36,0.00,0.0,0
1954-12-22,68,30,0.00,0.0,0
1954-12-23,67,37,0.00,0.0,0
1954-12-24,66,35,0.00,0.0,0
1954-12-25,71,48,T,0.0,0
1954-12-26,71,57,T,0.0,0
1954-12-27,77,43,T,0.0,0
1954-12-28,43,31,0.38,0.4,0
1954-12-29,44,31,0.00,0.0,T
1954-12-30,55,31,0.00,0.0,0
1954-12-31,66,43,0.00,0.0,0
1955-01-01,68,47,0.00,0.0,0
1955-01-02,66,43,T,0.0,0
1955-01-03,72,63,T,0.0,0
1955-01-04,74,61,T,0.0,0
1955-01-05,69,42,0.04,0.0,0
1955-01-06,51,35,0.00,0.0,0
1955-01-07,48,31,0.00,0.0,0
1955-01-08,54,44,T,0.0,0
1955-01-09,49,37,0.83,T,0
1955-01-10,41,34,0.05,T,0
1955-01-11,53,33,0.00,0.0,0
1955-01-12,55,39,0.00,0.0,0
1955-01-13,46,30,0.00,0.0,0
1955-01-14,54,40,0.09,0.0,0
1955-01-15,54,44,0.07,0.0,0
1955-01-16,52,44,T,0.0,0
1955-01-17,54,45,0.13,0.0,0
1955-01-18,48,32,0.13,0.0,0
1955-01-19,34,30,T,T,0
1955-01-20,45,33,0.01,0.0,0
1955-01-21,55,35,0.00,0.0,0
1955-01-22,49,30,0.00,0.0,0
1955-01-23,49,25,0.00,0.0,0
1955-01-24,57,32,0.00,0.0,0
1955-01-25,61,30,0.00,0.0,0
1955-01-26,63,44,0.00,0.0,0
1955-01-27,53,31,0.00,0.0,0
1955-01-28,50,30,0.00,0.0,0
1955-01-29,65,28,0.00,0.0,0
1955-01-30,67,32,0.00,0.0,0
1955-01-31,68,49,0.00,0.0,0
1955-02-01,63,42,0.00,0.0,0
1955-02-02,57,37,0.00,0.0,0
1955-02-03,50,42,0.81,0.0,0
1955-02-04,46,41,0.47,0.0,0
1955-02-05,47,39,0.02,0.0,0
1955-02-06,59,39,0.00,0.0,0
1955-02-07,49,31,0.00,0.0,0
1955-02-08,66,36,0.00,0.0,0
1955-02-09,69,43,0.00,0.0,0
1955-02-10,58,22,0.00,0.0,0
1955-02-11,44,17,0.00,0.0,0
1955-02-12,57,24,0.00,0.0,0
1955-02-13,65,37,0.00,0.0,0
1955-02-14,70,34,0.00,0.0,0
1955-02-15,72,48,0.00,0.0,0
1955-02-16,68,46,0.00,0.0,0
1955-02-17,68,35,0.00,0.0,0
1955-02-18,63,56,0.09,0.0,0
1955-02-19,63,33,0.54,T,0
1955-02-20,42,29,T,T,0
1955-02-21,43,29,0.00,0.0,0
1955-02-22,53,25,0.00,0.0,0
1955-02-23,55,34,0.00,0.0,0
1955-02-24,59,35,0.00,0.0,0
1955-02-25,61,38,T,0.0,0
1955-02-26,74,58,T,0.0,0
1955-02-27,69,62,T,0.0,0
1955-02-28,72,63,0.00,0.0,0
1955-03-01,76,50,0.00,0.0,0
1955-03-02,76,51,0.00,0.0,0
1955-03-03,80,63,0.00,0.0,0
1955-03-04,86,65,0.00,0.0,0
1955-03-05,72,47,T,0.0,0
1955-03-06,50,40,0.00,0.0,0
1955-03-07,61,33,0.00,0.0,0
1955-03-08,70,36,0.00,0.0,0
1955-03-09,81,51,0.00,0.0,0
1955-03-10,93,62,0.00,0.0,0
1955-03-11,94,63,0.00,0.0,0
1955-03-12,92,62,0.00,0.0,0
1955-03-13,80,54,0.45,0.0,0
1955-03-14,84,63,0.00,0.0,0
1955-03-15,79,59,T,0.0,0
1955-03-16,59,48,T,0.0,0
1955-03-17,64,52,T,0.0,0
1955-03-18,64,48,0.56,0.0,0
1955-03-19,61,48,0.07,0.0,0
1955-03-20,72,60,0.57,0.0,0
1955-03-21,61,30,0.05,0.0,0
1955-03-22,54,27,0.00,0.0,0
1955-03-23,74,42,0.00,0.0,0
1955-03-24,72,47,0.00,0.0,0
1955-03-25,60,26,0.00,0.0,0
1955-03-26,38,23,0.00,0.0,0
1955-03-27,47,23,0.00,0.0,0
1955-03-28,59,32,0.00,0.0,0
1955-03-29,65,39,0.00,0.0,0
1955-03-30,71,43,0.00,0.0,0
1955-03-31,79,53,T,0.0,0
1955-04-01,66,49,0.00,0.0,0
1955-04-02,78,46,0.00,0.0,0
1955-04-03,83,55,0.00,0.0,0
1955-04-04,87,65,T,0.0,0
1955-04-05,83,64,0.00,0.0,0
1955-04-06,64,47,T,0.0,0
1955-04-07,69,40,0.00,0.0,0
1955-04-08,70,41,0.15,0.0,0
1955-04-09,66,52,0.77,T,0
1955-04-10,69,56,0.08,0.0,0
1955-04-11,81,60,0.00,0.0,0
1955-04-12,76,57,0.96,T,0
1955-04-13,68,50,0.00,0.0,0
1955-04-14,83,50,0.00,0.0,0
1955-04-15,86,60,0.00,0.0,0
1955-04-16,85,60,0.00,0.0,0
1955-04-17,84,68,0.00,0.0,0
1955-04-18,86,68,0.00,0.0,0
1955-04-19,79,66,0.00,0.0,0
1955-04-20,84,68,0.00,0.0,0
1955-04-21,95,67,0.00,0.0,0
1955-04-22,91,71,0.00,0.0,0
1955-04-23,86,68,0.02,T,0
1955-04-24,85,65,0.00,0.0,0
1955-04-25,88,58,0.00,0.0,0
1955-04-26,90,67,0.00,0.0,0
1955-04-27,81,67,0.00,0.0,0
1955-04-28,89,67,T,0.0,0
1955-04-29,89,67,0.00,0.0,0
1955-04-30,90,63,0.00,0.0,0
1955-05-01,91,66,0.00,0.0,0
1955-05-02,90,68,0.00,0.0,0
1955-05-03,87,66,0.00,0.0,0
1955-05-04,88,67,0.00,0.0,0
1955-05-05,88,69,0.00,0.0,0
1955-05-06,89,70,T,0.0,0
1955-05-07,95,67,0.00,0.0,0
1955-05-08,89,69,0.38,0.0,0
1955-05-09,87,70,0.00,0.0,0
1955-05-10,83,67,0.16,0.0,0
1955-05-11,81,64,0.45,0.0,0
1955-05-12,79,60,T,0.0,0
1955-05-13,95,63,0.00,0.0,0
1955-05-14,95,70,0.09,0.0,0
1955-05-15,93,68,0.31,T,0
1955-05-16,80,64,0.46,0.0,0
1955-05-17,89,64,0.00,0.0,0
1955-05-18,85,70,0.22,0.0,0
1955-05-19,76,67,1.32,0.0,0
1955-05-20,78,57,0.58,0.0,0
1955-05-21,81,64,T,0.0,0
1955-05-22,93,65,0.00,0.0,0
1955-05-23,89,68,0.02,0.0,0
1955-05-24,96,73,0.00,0.0,0
1955-05-25,92,72,0.00,0.0,0
1955-05-26,87,71,0.15,0.0,0
1955-05-27,90,72,0.00,0.0,0
1955-05-28,84,64,T,0.0,0
1955-05-29,87,56,0.00,0.0,0
1955-05-30,91,60,0.00,0.0,0
1955-05-31,90,68,0.00,0.0,0
1955-06-01,90,68,0.00,0.0,0
1955-06-02,89,70,0.00,0.0,0
1955-06-03,88,69,0.00,0.0,0
1955-06-04,91,63,1.50,T,0
1955-06-05,81,65,0.02,0.0,0
1955-06-06,91,64,0.00,0.0,0
1955-06-07,88,70,0.00,0.0,0
1955-06-08,92,64,1.00,0.0,0
1955-06-09,70,59,0.05,0.0,0
1955-06-10,73,58,0.00,0.0,0
1955-06-11,78,55,0.00,0.0,0
1955-06-12,88,57,0.00,0.0,0
1955-06-13,93,69,0.00,0.0,0
1955-06-14,94,72,0.00,0.0,0
1955-06-15,93,70,0.04,0.0,0
1955-06-16,88,64,0.28,0.0,0
1955-06-17,87,74,T,0.0,0
1955-06-18,86,63,1.39,0.0,0
1955-06-19,87,64,0.35,0.0,0
1955-06-20,88,70,0.00,0.0,0
1955-06-21,94,70,0.00,0.0,0
1955-06-22,96,71,T,0.0,0
1955-06-23,94,68,0.00,0.0,0
1955-06-24,93,73,0.00,0.0,0
1955-06-25,96,73,0.00,0.0,0
1955-06-26,95,75,0.00,0.0,0
1955-06-27,97,77,0.00,0.0,0
1955-06-28,94,76,0.00,0.0,0
1955-06-29,95,76,0.00,0.0,0
1955-06-30,95,75,0.00,0.0,0
1955-07-01,95,75,0.00,0.0,0
1955-07-02,95,75,0.00,0.0,0
1955-07-03,95,75,0.00,0.0,0
1955-07-04,91,74,0.00,0.0,0
1955-07-05,94,74,0.00,0.0,0
1955-07-06,95,77,0.00,0.0,0
1955-07-07,96,77,0.00,0.0,0
1955-07-08,98,77,0.00,0.0,0
1955-07-09,97,78,0.00,0.0,0
1955-07-10,94,77,0.00,0.0,0
1955-07-11,100,73,0.00,0.0,0
1955-07-12,100,76,0.00,0.0,0
1955-07-13,101,81,0.00,0.0,0
1955-07-14,104,77,0.00,0.0,0
1955-07-15,95,75,0.09,0.0,0
1955-07-16,87,71,0.21,0.0,0
1955-07-17,89,71,0.11,0.0,0
1955-07-18,90,72,0.30,0.0,0
1955-07-19,91,75,0.02,0.0,0
1955-07-20,93,71,0.00,0.0,0
1955-07-21,95,75,0.00,0.0,0
1955-07-22,100,77,0.00,0.0,0
1955-07-23,98,77,0.00,0.0,0
1955-07-24,97,76,0.00,0.0,0
1955-07-25,96,77,0.00,0.0,0
1955-07-26,97,77,0.00,0.0,0
1955-07-27,97,78,0.00,0.0,0
1955-07-28,98,78,0.00,0.0,0
1955-07-29,95,80,0.00,0.0,0
1955-07-30,100,80,0.00,0.0,0
1955-07-31,97,76,0.00,0.0,0
1955-08-01,98,76,0.00,0.0,0
1955-08-02,95,76,0.00,0.0,0
1955-08-03,89,75,0.16,0.0,0
1955-08-04,92,76,T,0.0,0
1955-08-05,96,75,0.00,0.0,0
1955-08-06,98,77,0.00,0.0,0
1955-08-07,101,77,0.00,0.0,0
1955-08-08,101,80,0.00,0.0,0
1955-08-09,102,79,0.00,0.0,0
1955-08-10,92,77,T,0.0,0
1955-08-11,88,77,T,0.0,0
1955-08-12,95,74,0.00,0.0,0
1955-08-13,94,69,0.00,0.0,0
1955-08-14,92,65,0.00,0.0,0
1955-08-15,94,64,0.00,0.0,0
1955-08-16,95,66,0.00,0.0,0
1955-08-17,97,71,0.00,0.0,0
1955-08-18,86,69,0.14,0.0,0
1955-08-19,90,72,0.02,0.0,0
1955-08-20,91,73,0.01,0.0,0
1955-08-21,96,75,0.00,0.0,0
1955-08-22,100,78,0.00,0.0,0
1955-08-23,101,78,0.00,0.0,0
1955-08-24,102,80,0.00,0.0,0
1955-08-25,98,79,0.00,0.0,0
1955-08-26,97,72,0.00,0.0,0
1955-08-27,97,71,0.00,0.0,0
1955-08-28,86,76,0.57,0.0,0
1955-08-29,99,73,0.00,0.0,0
1955-08-30,89,69,0.66,0.0,0
1955-08-31,90,72,0.00,0.0,0
1955-09-01,93,63,0.00,0.0,0
1955-09-02,91,63,0.00,0.0,0
1955-09-03,90,65,T,0.0,0
1955-09-04,92,66,0.00,0.0,0
1955-09-05,93,65,0.00,0.0,0
1955-09-06,94,64,0.00,0.0,0
1955-09-07,95,64,0.00,0.0,0
1955-09-08,95,66,0.00,0.0,0
1955-09-09,96,71,0.00,0.0,0
1955-09-10,93,70,0.22,0.0,0
1955-09-11,90,68,0.00,0.0,0
1955-09-12,89,70,0.00,0.0,0
1955-09-13,90,65,0.00,0.0,0
1955-09-14,92,70,0.00,0.0,0
1955-09-15,87,74,0.35,0.0,0
1955-09-16,90,72,0.00,0.0,0
1955-09-17,92,71,0.00,0.0,0
1955-09-18,93,73,0.00,0.0,0
1955-09-19,94,74,0.00,0.0,0
1955-09-20,94,76,0.00,0.0,0
1955-09-21,93,74,T,0.0,0
1955-09-22,93,74,T,0.0,0
1955-09-23,82,73,1.30,0.0,0
1955-09-24,78,73,0.18,0.0,0
1955-09-25,87,73,0.40,0.0,0
1955-09-26,89,74,T,0.0,0
1955-09-27,91,74,0.00,0.0,0
1955-09-28,92,73,T,0.0,0
1955-09-29,95,77,0.00,0.0,0
1955-09-30,97,72,0.02,0.0,0
1955-10-01,85,71,0.03,0.0,0
1955-10-02,88,72,0.00,0.0,0
1955-10-03,88,70,0.00,0.0,0
1955-10-04,89,73,0.00,0.0,0
1955-10-05,92,75,T,0.0,0
1955-10-06,93,62,0.79,0.0,0
1955-10-07,74,53,0.00,0.0,0
1955-10-08,79,48,0.00,0.0,0
1955-10-09,78,49,0.00,0.0,0
1955-10-10,83,49,0.00,0.0,0
1955-10-11,85,69,T,0.0,0
1955-10-12,92,64,0.00,0.0,0
1955-10-13,79,51,0.00,0.0,0
1955-10-14,77,50,0.00,0.0,0
1955-10-15,89,53,0.00,0.0,0
1955-10-16,83,56,0.00,0.0,0
1955-10-17,72,46,0.00,0.0,0
1955-10-18,78,41,0.00,0.0,0
1955-10-19,85,48,0.00,0.0,0
1955-10-20,87,55,0.00,0.0,0
1955-10-21,87,61,0.00,0.0,0
1955-10-22,85,62,0.00,0.0,0
1955-10-23,88,55,0.00,0.0,0
1955-10-24,67,43,0.00,0.0,0
1955-10-25,79,38,0.00,0.0,0
1955-10-26,80,47,0.00,0.0,0
1955-10-27,83,58,0.00,0.0,0
1955-10-28,73,49,T,0.0,0
1955-10-29,68,45,T,0.0,0
1955-10-30,68,41,0.00,0.0,0
1955-10-31,84,49,0.00,0.0,0
1955-11-01,86,67,0.00,0.0,0
1955-11-02,78,43,0.00,0.0,0
1955-11-03,58,34,0.00,0.0,0
1955-11-04,69,38,0.00,0.0,0
1955-11-05,82,52,0.00,0.0,0
1955-11-06,67,40,T,0.0,0
1955-11-07,66,36,0.00,0.0,0
1955-11-08,53,35,0.00,0.0,0
1955-11-09,61,30,0.00,0.0,0
1955-11-10,72,36,0.00,0.0,0
1955-11-11,84,54,0.00,0.0,0
1955-11-12,86,63,0.00,0.0,0
1955-11-13,84,67,0.00,0.0,0
1955-11-14,87,69,0.00,0.0,0
1955-11-15,86,73,0.00,0.0,0
1955-11-16,75,31,T,0.0,0
1955-11-17,54,29,0.00,0.0,0
1955-11-18,50,41,T,0.0,0
1955-11-19,69,39,0.00,0.0,0
1955-11-20,70,43,0.00,0.0,0
1955-11-21,73,45,0.00,0.0,0
1955-11-22,87,64,0.21,0.0,0
1955-11-23,66,42,0.00,0.0,0
1955-11-24,57,33,0.00,0.0,0
1955-11-25,64,37,0.00,0.0,0
1955-11-26,68,32,0.00,0.0,0
1955-11-27,72,32,0.00,0.0,0
1955-11-28,46,23,0.00,0.0,0
1955-11-29,48,23,0.00,0.0,0
1955-11-30,46,31,0.60,T,0
1955-12-01,44,35,0.28,0.0,0
1955-12-02,68,42,0.00,0.0,0
1955-12-03,71,47,T,0.0,0
1955-12-04,57,33,0.00,0.0,0
1955-12-05,50,40,0.00,0.0,0
1955-12-06,58,30,0.00,0.0,0
1955-12-07,64,42,0.00,0.0,0
1955-12-08,55,38,0.00,0.0,0
1955-12-09,45,24,0.00,0.0,0
1955-12-10,48,32,0.00,0.0,0
1955-12-11,46,25,0.00,0.0,0
1955-12-12,48,25,0.00,0.0,0
1955-12-13,60,34,0.00,0.0,0
1955-12-14,51,36,0.00,0.0,0
1955-12-15,40,24,0.00,0.0,0
1955-12-16,48,21,0.00,0.0,0
1955-12-17,67,35,0.00,0.0,0
1955-12-18,60,32,0.00,0.0,0
1955-12-19,41,33,0.00,0.0,0
1955-12-20,58,40,T,0.0,0
1955-12-21,49,41,0.01,0.0,0
1955-12-22,62,44,0.00,0.0,0
1955-12-23,79,51,0.00,0.0,0
1955-12-24,89,58,0.00,0.0,0
1955-12-25,68,44,0.00,0.0,0
1955-12-26,65,36,0.00,0.0,0
1955-12-27,64,46,0.00,0.0,0
1955-12-28,72,49,T,0.0,0
1955-12-29,67,39,T,0.0,0
1955-12-30,47,34,0.00,0.0,0
1955-12-31,57,28,0.00,0.0,0
1956-01-01,70,43,0.00,0.0,0
1956-01-02,71,36,0.00,0.0,0
1956-01-03,68,40,0.00,0.0,0
1956-01-04,70,34,0.00,0.0,0
1956-01-05,78,41,0.00,0.0,0
1956-01-06,74,48,0.00,0.0,0
1956-01-07,53,34,0.00,0.0,0
1956-01-08,52,28,0.00,0.0,0
1956-01-09,57,27,0.00,0.0,0
1956-01-10,57,30,0.00,0.0,0
1956-01-11,54,28,0.00,0.0,0
1956-01-12,52,25,0.00,0.0,0
1956-01-13,56,24,0.00,0.0,0
1956-01-14,63,37,0.00,0.0,0
1956-01-15,58,36,0.00,0.0,0
1956-01-16,45,26,0.00,0.0,0
1956-01-17,38,31,0.07,T,0
1956-01-18,32,25,1.03,3.2,T
1956-01-19,36,15,0.00,0.0,3
1956-01-20,38,25,T,0.0,1
1956-01-21,39,35,0.29,0.0,T
1956-01-22,43,37,0.22,0.0,0
1956-01-23,44,38,0.01,0.0,0
1956-01-24,52,40,T,0.0,0
1956-01-25,55,36,T,0.0,0
1956-01-26,58,42,0.00,0.0,0
1956-01-27,74,57,T,0.0,0
1956-01-28,74,64,0.00,0.0,0
1956-01-29,68,36,0.00,0.0,0
1956-01-30,39,29,T,T,0
1956-01-31,50,31,0.04,0.0,0
1956-02-01,46,37,0.33,0.0,0
1956-02-02,37,24,0.23,0.3,0
1956-02-03,30,25,0.01,0.1,T
1956-02-04,33,29,0.01,0.1,T
1956-02-05,41,25,0.00,0.0,T
1956-02-06,53,30,0.00,0.0,T
1956-02-07,61,37,T,0.0,0
1956-02-08,57,41,0.81,0.0,0
1956-02-09,45,39,T,0.0,0
1956-02-10,42,34,0.03,0.0,0
1956-02-11,62,31,0.00,0.0,0
1956-02-12,60,35,0.00,0.0,0
1956-02-13,76,44,0.00,0.0,0
1956-02-14,80,61,0.07,0.0,0
1956-02-15,66,42,T,0.0,0
1956-02-16,66,50,T,0.0,0
1956-02-17,72,43,0.33,0.0,0
1956-02-18,57,39,0.00,0.0,0
1956-02-19,59,43,0.10,0.0,0
1956-02-20,63,36,0.00,0.0,0
1956-02-21,66,39,0.00,0.0,0
1956-02-22,71,48,0.00,0.0,0
1956-02-23,76,60,0.00,0.0,0
1956-02-24,84,66,0.00,0.0,0
1956-02-25,73,43,0.00,0.0,0
1956-02-26,70,46,0.00,0.0,0
1956-02-27,66,48,0.00,0.0,0
1956-02-28,67,38,0.00,0.0,0
1956-02-29,71,45,0.00,0.0,0
1956-03-01,78,55,0.00,0.0,0
1956-03-02,70,57,0.00,0.0,0
1956-03-03,73,50,0.00,0.0,0
1956-03-04,84,48,0.00,0.0,0
1956-03-05,86,64,0.00,0.0,0
1956-03-06,87,68,0.00,0.0,0
1956-03-07,72,38,0.00,0.0,0
1956-03-08,66,31,0.00,0.0,0
1956-03-09,70,41,0.00,0.0,0
1956-03-10,84,53,0.00,0.0,0
1956-03-11,67,40,0.00,0.0,0
1956-03-12,44,30,0.05,0.0,0
1956-03-13,42,32,0.01,0.0,0
1956-03-14,55,36,0.00,0.0,0
1956-03-15,49,39,T,0.0,0
1956-03-16,60,30,0.00,0.0,0
1956-03-17,77,40,0.00,0.0,0
1956-03-18,75,46,0.00,0.0,0
1956-03-19,63,41,0.00,0.0,0
1956-03-20,63,40,T,0.0,0
1956-03-21,53,43,0.08,0.0,0
1956-03-22,57,42,0.00,0.0,0
1956-03-23,71,49,0.00,0.0,0
1956-03-24,83,46,0.00,0.0,0
1956-03-25,85,57,0.00,0.0,0
1956-03-26,86,60,0.00,0.0,0
1956-03-27,95,65,0.00,0.0,0
1956-03-28,71,51,0.00,0.0,0
1956-03-29,77,50,0.00,0.0,0
1956-03-30,83,47,0.00,0.0,0
1956-03-31,78,61,0.00,0.0,0
1956-04-01,76,70,T,0.0,0
1956-04-02,84,63,0.06,0.0,0
1956-04-03,78,56,0.00,0.0,0
1956-04-04,80,51,0.00,0.0,0
1956-04-05,75,54,0.01,0.0,0
1956-04-06,78,49,0.00,0.0,0
1956-04-07,70,43,0.00,0.0,0
1956-04-08,76,51,0.00,0.0,0
1956-04-09,63,45,T,0.0,0
1956-04-10,60,40,0.00,0.0,0
1956-04-11,72,38,0.00,0.0,0
1956-04-12,83,49,0.00,0.0,0
1956-04-13,89,59,0.00,0.0,0
1956-04-14,85,59,0.82,0.0,0
1956-04-15,73,52,0.00,0.0,0
1956-04-16,74,47,0.00,0.0,0
1956-04-17,66,47,0.00,0.0,0
1956-04-18,65,46,0.08,0.0,0
1956-04-19,71,49,0.01,0.0,0
1956-04-20,77,42,0.00,0.0,0
1956-04-21,71,48,0.12,0.0,0
1956-04-22,79,53,0.00,0.0,0
1956-04-23,75,56,0.00,0.0,0
1956-04-24,79,57,0.00,0.0,0
1956-04-25,84,63,0.00,0.0,0
1956-04-26,86,63,0.00,0.0,0
1956-04-27,88,66,0.00,0.0,0
1956-04-28,86,71,0.00,0.0,0
1956-04-29,75,56,2.24,0.0,0
1956-04-30,77,58,0.65,0.0,0
1956-05-01,69,61,3.27,0.0,0
1956-05-02,71,61,0.01,0.0,0
1956-05-03,83,57,0.00,0.0,0
1956-05-04,85,63,0.00,0.0,0
1956-05-05,86,63,0.00,0.0,0
1956-05-06,85,68,0.00,0.0,0
1956-05-07,91,68,0.00,0.0,0
1956-05-08,88,70,0.00,0.0,0
1956-05-09,91,71,0.00,0.0,0
1956-05-10,89,71,0.00,0.0,0
1956-05-11,92,71,0.00,0.0,0
1956-05-12,92,73,0.00,0.0,0
1956-05-13,94,73,0.00,0.0,0
1956-05-14,89,68,T,0.0,0
1956-05-15,80,62,0.15,0.0,0
1956-05-16,88,56,0.00,0.0,0
1956-05-17,96,62,0.00,0.0,0
1956-05-18,96,65,0.00,0.0,0
1956-05-19,97,69,0.00,0.0,0
1956-05-20,94,69,0.00,0.0,0
1956-05-21,90,69,0.00,0.0,0
1956-05-22,92,70,0.00,0.0,0
1956-05-23,92,71,0.00,0.0,0
1956-05-24,82,71,0.10,0.0,0
1956-05-25,91,69,0.00,0.0,0
1956-05-26,92,72,0.00,0.0,0
1956-05-27,88,71,T,0.0,0
1956-05-28,92,73,0.00,0.0,0
1956-05-29,93,74,0.00,0.0,0
1956-05-30,95,72,0.00,0.0,0
1956-05-31,91,66,0.59,0.0,0
1956-06-01,84,63,0.00,0.0,0
1956-06-02,87,60,0.00,0.0,0
1956-06-03,80,66,0.42,0.0,0
1956-06-04,81,67,T,0.0,0
1956-06-05,90,70,0.00,0.0,0
1956-06-06,92,73,0.00,0.0,0
1956-06-07,94,76,0.00,0.0,0
1956-06-08,98,74,0.07,0.0,0
1956-06-09,89,72,T,0.0,0
1956-06-10,94,70,0.00,0.0,0
1956-06-11,95,73,0.00,0.0,0
1956-06-12,94,74,0.00,0.0,0
1956-06-13,90,69,0.00,0.0,0
1956-06-14,91,69,0.00,0.0,0
1956-06-15,93,70,T,0.0,0
1956-06-16,94,74,0.00,0.0,0
1956-06-17,93,75,0.00,0.0,0
1956-06-18,92,74,0.00,0.0,0
1956-06-19,95,72,0.00,0.0,0
1956-06-20,95,73,0.00,0.0,0
1956-06-21,96,75,0.00,0.0,0
1956-06-22,98,78,0.00,0.0,0
1956-06-23,98,77,0.00,0.0,0
1956-06-24,98,78,0.00,0.0,0
1956-06-25,98,78,0.00,0.0,0
1956-06-26,98,78,0.00,0.0,0
1956-06-27,101,80,0.00,0.0,0
1956-06-28,97,74,0.01,0.0,0
1956-06-29,100,74,0.00,0.0,0
1956-06-30,101,77,0.00,0.0,0
1956-07-01,98,74,0.00,0.0,0
1956-07-02,98,77,0.00,0.0,0
1956-07-03,97,77,0.00,0.0,0
1956-07-04,99,80,0.00,0.0,0
1956-07-05,100,81,T,0.0,0
1956-07-06,100,78,0.01,0.0,0
1956-07-07,104,75,0.00,0.0,0
1956-07-08,107,78,T,0.0,0
1956-07-09,101,78,T,0.0,0
1956-07-10,99,77,0.00,0.0,0
1956-07-11,95,76,0.00,0.0,0
1956-07-12,100,79,0.00,0.0,0
1956-07-13,99,77,0.00,0.0,0
1956-07-14,101,77,0.00,0.0,0
1956-07-15,103,79,0.00,0.0,0
1956-07-16,104,79,0.00,0.0,0
1956-07-17,105,83,0.00,0.0,0
1956-07-18,103,81,0.00,0.0,0
1956-07-19,97,80,T,0.0,0
1956-07-20,98,73,0.12,0.0,0
1956-07-21,100,74,0.00,0.0,0
1956-07-22,100,77,0.00,0.0,0
1956-07-23,100,78,T,0.0,0
1956-07-24,99,78,0.00,0.0,0
1956-07-25,102,78,0.00,0.0,0
1956-07-26,100,80,0.00,0.0,0
1956-07-27,98,77,0.00,0.0,0
1956-07-28,101,81,0.00,0.0,0
1956-07-29,102,80,0.00,0.0,0
1956-07-30,102,80,0.00,0.0,0
1956-07-31,100,81,0.00,0.0,0
1956-08-01,97,78,0.00,0.0,0
1956-08-02,100,79,0.00,0.0,0
1956-08-03,101,78,0.00,0.0,0
1956-08-04,104,81,0.00,0.0,0
1956-08-05,109,80,0.00,0.0,0
1956-08-06,106,81,0.00,0.0,0
1956-08-07,102,80,0.00,0.0,0
1956-08-08,102,82,0.00,0.0,0
1956-08-09,103,82,0.00,0.0,0
1956-08-10,104,84,0.00,0.0,0
1956-08-11,102,82,0.00,0.0,0
1956-08-12,101,80,0.00,0.0,0
1956-08-13,103,82,0.00,0.0,0
1956-08-14,106,84,0.00,0.0,0
1956-08-15,105,79,0.00,0.0,0
1956-08-16,107,84,0.00,0.0,0
1956-08-17,102,81,0.00,0.0,0
1956-08-18,101,82,0.00,0.0,0
1956-08-19,99,72,T,0.0,0
1956-08-20,87,67,0.00,0.0,0
1956-08-21,87,63,0.00,0.0,0
1956-08-22,92,63,0.00,0.0,0
1956-08-23,98,66,0.00,0.0,0
1956-08-24,100,67,0.00,0.0,0
1956-08-25,97,71,0.00,0.0,0
1956-08-26,95,73,0.00,0.0,0
1956-08-27,94,70,0.00,0.0,0
1956-08-28,99,75,0.00,0.0,0
1956-08-29,101,77,0.01,0.0,0
1956-08-30,103,75,0.82,0.0,0
1956-08-31,95,74,0.03,0.0,0
1956-09-01,93,70,0.00,0.0,0
1956-09-02,96,70,0.00,0.0,0
1956-09-03,96,74,0.00,0.0,0
1956-09-04,95,74,0.00,0.0,0
1956-09-05,95,73,0.00,0.0,0
1956-09-06,85,70,T,0.0,0
1956-09-07,87,67,0.00,0.0,0
1956-09-08,87,60,0.00,0.0,0
1956-09-09,91,57,0.00,0.0,0
1956-09-10,93,63,0.00,0.0,0
1956-09-11,95,67,0.00,0.0,0
1956-09-12,94,73,0.00,0.0,0
1956-09-13,96,75,0.00,0.0,0
1956-09-14,97,77,0.00,0.0,0
1956-09-15,95,75,0.00,0.0,0
1956-09-16,97,75,0.00,0.0,0
1956-09-17,97,75,0.00,0.0,0
1956-09-18,99,67,0.00,0.0,0
1956-09-19,101,74,0.00,0.0,0
1956-09-20,94,70,0.00,0.0,0
1956-09-21,99,72,0.00,0.0,0
1956-09-22,95,76,0.00,0.0,0
1956-09-23,98,71,0.00,0.0,0
1956-09-24,91,70,0.00,0.0,0
1956-09-25,89,67,0.00,0.0,0
1956-09-26,90,59,0.00,0.0,0
1956-09-27,93,58,0.00,0.0,0
1956-09-28,95,63,0.00,0.0,0
1956-09-29,96,69,0.00,0.0,0
1956-09-30,95,63,0.00,0.0,0
1956-10-01,78,67,0.82,0.0,0
1956-10-02,93,68,T,0.0,0
1956-10-03,93,69,0.00,0.0,0
1956-10-04,95,67,0.00,0.0,0
1956-10-05,93,62,0.00,0.0,0
1956-10-06,96,64,0.00,0.0,0
1956-10-07,87,61,0.00,0.0,0
1956-10-08,90,57,0.00,0.0,0
1956-10-09,91,61,0.00,0.0,0
1956-10-10,86,62,0.00,0.0,0
1956-10-11,87,61,0.00,0.0,0
1956-10-12,86,64,0.00,0.0,0
1956-10-13,85,69,T,0.0,0
1956-10-14,86,66,0.01,0.0,0
1956-10-15,77,65,0.06,0.0,0
1956-10-16,70,62,1.04,0.0,0
1956-10-17,78,64,0.00,0.0,0
1956-10-18,81,64,0.03,0.0,0
1956-10-19,81,64,0.00,0.0,0
1956-10-20,78,64,T,0.0,0
1956-10-21,74,55,0.00,0.0,0
1956-10-22,82,52,0.00,0.0,0
1956-10-23,85,54,0.00,0.0,0
1956-10-24,83,61,0.00,0.0,0
1956-10-25,74,53,0.00,0.0,0
1956-10-26,74,43,0.00,0.0,0
1956-10-27,74,51,0.00,0.0,0
1956-10-28,78,59,0.00,0.0,0
1956-10-29,83,67,0.00,0.0,0
1956-10-30,72,55,0.60,0.0,0
1956-10-31,75,47,0.00,0.0,0
1956-11-01,78,51,0.00,0.0,0
1956-11-02,66,51,0.18,0.0,0
1956-11-03,55,45,1.40,0.0,0
1956-11-04,54,47,1.82,0.0,0
1956-11-05,63,49,0.00,0.0,0
1956-11-06,68,44,0.00,0.0,0
1956-11-07,73,46,0.00,0.0,0
1956-11-08,53,39,0.02,0.0,0
1956-11-09,59,30,0.00,0.0,0
1956-11-10,76,41,0.00,0.0,0
1956-11-11,78,49,0.00,0.0,0
1956-11-12,76,49,0.00,0.0,0
1956-11-13,78,55,0.00,0.0,0
1956-11-14,82,66,0.00,0.0,0
1956-11-15,70,40,0.00,0.0,0
1956-11-16,55,32,0.00,0.0,0
1956-11-17,61,27,0.00,0.0,0
1956-11-18,70,41,0.00,0.0,0
1956-11-19,78,55,T,0.0,0
1956-11-20,73,44,0.11,0.0,0
1956-11-21,57,36,0.00,0.0,0
1956-11-22,62,35,0.00,0.0,0
1956-11-23,63,39,0.00,0.0,0
1956-11-24,64,34,0.00,0.0,0
1956-11-25,65,40,0.00,0.0,0
1956-11-26,49,33,0.00,0.0,0
1956-11-27,61,31,0.00,0.0,0
1956-11-28,53,39,0.00,0.0,0
1956-11-29,48,24,0.00,0.0,0
1956-11-30,66,33,0.00,0.0,0
1956-12-01,72,36,0.00,0.0,0
1956-12-02,78,38,0.00,0.0,0
1956-12-03,76,48,0.00,0.0,0
1956-12-04,76,57,0.00,0.0,0
1956-12-05,81,62,0.00,0.0,0
1956-12-06,80,67,0.02,0.0,0
1956-12-07,72,40,T,0.0,0
1956-12-08,40,30,0.01,0.0,0
1956-12-09,42,26,0.00,0.0,0
1956-12-10,57,29,0.00,0.0,0
1956-12-11,68,43,0.00,0.0,0
1956-12-12,78,38,0.00,0.0,0
1956-12-13,43,32,0.00,0.0,0
1956-12-14,59,37,0.00,0.0,0
1956-12-15,54,36,0.00,0.0,0
1956-12-16,62,31,0.00,0.0,0
1956-12-17,71,38,0.00,0.0,0
1956-12-18,39,34,1.00,T,0
1956-12-19,50,39,1.26,0.0,0
1956-12-20,50,45,T,0.0,0
1956-12-21,58,39,0.00,0.0,0
1956-12-22,68,48,0.05,0.0,0
1956-12-23,52,36,0.00,0.0,0
1956-12-24,55,33,0.00,0.0,0
1956-12-25,59,32,0.00,0.0,0
1956-12-26,66,36,0.00,0.0,0
1956-12-27,70,39,0.00,0.0,0
1956-12-28,65,40,0.00,0.0,0
1956-12-29,67,36,0.00,0.0,0
1956-12-30,74,41,0.00,0.0,0
1956-12-31,71,45,0.00,0.0,0
1957-01-01,62,38,0.00,0.0,0
1957-01-02,47,39,0.00,0.0,0
1957-01-03,56,42,T,0.0,0
1957-01-04,70,50,0.27,0.0,0
1957-01-05,51,44,0.00,0.0,0
1957-01-06,65,44,T,0.0,0
1957-01-07,59,33,0.00,0.0,0
1957-01-08,78,58,0.00,0.0,0
1957-01-09,83,34,0.00,0.0,0
1957-01-10,36,25,0.00,0.0,0
1957-01-11,44,29,0.00,0.0,0
1957-01-12,70,38,0.00,0.0,0
1957-01-13,62,39,0.00,0.0,0
1957-01-14,44,29,T,0.0,0
1957-01-15,33,28,T,0.0,0
1957-01-16,28,19,0.00,0.0,0
1957-01-17,48,16,0.00,0.0,0
1957-01-18,55,24,0.00,0.0,0
1957-01-19,49,37,0.01,T,0
1957-01-20,72,47,0.00,0.0,0
1957-01-21,71,62,T,0.0,0
1957-01-22,70,28,T,0.0,0
1957-01-23,35,27,0.03,T,0
1957-01-24,45,33,T,0.0,0
1957-01-25,43,29,T,0.0,0
1957-01-26,33,28,0.04,0.0,T
1957-01-27,32,28,0.42,0.0,T
1957-01-28,52,32,T,0.0,T
1957-01-29,54,34,0.01,0.0,0
1957-01-30,40,32,0.07,0.0,0
1957-01-31,53,39,0.70,0.0,0
1957-02-01,56,38,0.28,0.0,0
1957-02-02,57,38,T,0.0,0
1957-02-03,68,50,0.00,0.0,0
1957-02-04,63,48,0.01,0.0,0
1957-02-05,55,46,T,0.0,0
1957-02-06,60,49,0.09,0.0,0
1957-02-07,65,54,T,0.0,0
1957-02-08,78,60,T,0.0,0
1957-02-09,86,61,0.00,0.0,0
1957-02-10,76,53,0.00,0.0,0
1957-02-11,66,52,0.00,0.0,0
1957-02-12,71,53,0.00,0.0,0
1957-02-13,73,50,0.00,0.0,0
1957-02-14,73,56,0.00,0.0,0
1957-02-15,79,55,0.00,0.0,0
1957-02-16,57,43,0.00,0.0,0
1957-02-17,62,38,0.00,0.0,0
1957-02-18,55,44,0.35,0.0,0
1957-02-19,49,44,0.01,0.0,0
1957-02-20,57,43,0.00,0.0,0
1957-02-21,60,38,0.00,0.0,0
1957-02-22,63,44,0.16,0.0,0
1957-02-23,44,38,0.04,0.0,0
1957-02-24,58,40,0.10,0.0,0
1957-02-25,64,48,0.08,0.0,0
1957-02-26,55,44,0.00,0.0,0
1957-02-27,60,37,0.00,0.0,0
1957-02-28,66,40,0.00,0.0,0
1957-03-01,70,40,0.00,0.0,0
1957-03-02,56,48,0.48,0.0,0
1957-03-03,58,48,T,0.0,0
1957-03-04,66,51,T,0.0,0
1957-03-05,54,42,T,0.0,0
1957-03-06,48,37,0.02,0.0,0
1957-03-07,46,31,0.00,0.0,0
1957-03-08,56,27,0.00,0.0,0
1957-03-09,67,35,0.00,0.0,0
1957-03-10,77,55,0.00,0.0,0
1957-03-11,79,57,0.20,0.0,0
1957-03-12,74,45,0.00,0.0,0
1957-03-13,72,52,T,0.0,0
1957-03-14,64,45,0.00,0.0,0
1957-03-15,65,37,0.00,0.0,0
1957-03-16,68,50,0.00,0.0,0
1957-03-17,64,56,0.92,0.0,0
1957-03-18,64,50,T,0.0,0
1957-03-19,64,41,0.00,0.0,0
1957-03-20,61,47,1.05,0.0,0
1957-03-21,60,47,T,0.0,0
1957-03-22,67,42,0.00,0.0,0
1957-03-23,65,46,0.03,0.0,0
1957-03-24,48,43,0.01,0.0,0
1957-03-25,47,38,0.00,0.0,0
1957-03-26,59,33,0.00,0.0,0
1957-03-27,66,43,0.35,0.0,0
1957-03-28,64,39,0.00,0.0,0
1957-03-29,69,45,0.00,0.0,0
1957-03-30,67,53,0.41,0.0,0
1957-03-31,66,56,2.89,0.0,0
1957-04-01,75,53,0.06,0.0,0
1957-04-02,77,63,0.40,0.0,0
1957-04-03,72,50,0.33,0.0,0
1957-04-04,59,46,T,0.0,0
1957-04-05,66,43,0.00,0.0,0
1957-04-06,77,50,0.00,0.0,0
1957-04-07,82,51,T,0.0,0
1957-04-08,60,43,0.00,0.0,0
1957-04-09,64,40,0.00,0.0,0
1957-04-10,71,50,0.00,0.0,0
1957-04-11,77,60,0.00,0.0,0
1957-04-12,68,33,0.01,0.0,0
1957-04-13,43,31,0.11,0.0,0
1957-04-14,63,42,0.00,0.0,0
1957-04-15,61,55,T,0.0,0
1957-04-16,69,58,T,0.0,0
1957-04-17,80,64,T,0.0,0
1957-04-18,83,69,T,0.0,0
1957-04-19,77,63,1.12,0.0,0
1957-04-20,75,60,1.10,0.0,0
1957-04-21,69,60,1.43,0.0,0
1957-04-22,80,63,0.04,0.0,0
1957-04-23,72,58,2.05,0.0,0
1957-04-24,71,62,1.23,0.0,0
1957-04-25,82,61,0.00,0.0,0
1957-04-26,70,60,5.10,0.0,0
1957-04-27,76,58,0.00,0.0,0
1957-04-28,72,65,0.10,0.0,0
1957-04-29,74,63,0.62,0.0,0
1957-04-30,75,63,0.15,0.0,0
1957-05-01,76,63,2.53,0.0,0
1957-05-02,76,64,0.54,0.0,0
1957-05-03,79,63,T,0.0,0
1957-05-04,68,52,T,0.0,0
1957-05-05,69,45,0.00,0.0,0
1957-05-06,73,48,0.00,0.0,0
1957-05-07,75,55,0.00,0.0,0
1957-05-08,79,64,T,0.0,0
1957-05-09,80,62,0.20,0.0,0
1957-05-10,88,66,0.00,0.0,0
1957-05-11,79,70,0.12,0.0,0
1957-05-12,83,65,2.09,0.0,0
1957-05-13,78,60,1.00,0.0,0
1957-05-14,88,64,0.00,0.0,0
1957-05-15,87,69,0.00,0.0,0
1957-05-16,88,71,0.03,0.0,0
1957-05-17,86,65,T,0.0,0
1957-05-18,76,62,0.46,0.0,0
1957-05-19,83,58,0.00,0.0,0
1957-05-20,87,66,0.00,0.0,0
1957-05-21,93,76,T,0.0,0
1957-05-22,90,67,0.42,0.0,0
1957-05-23,72,59,3.36,0.0,0
1957-05-24,87,66,T,0.0,0
1957-05-25,78,65,2.23,0.0,0
1957-05-26,84,66,0.35,0.0,0
1957-05-27,83,63,0.00,0.0,0
1957-05-28,85,66,0.00,0.0,0
1957-05-29,88,68,0.00,0.0,0
1957-05-30,89,69,0.01,0.0,0
1957-05-31,82,67,0.40,0.0,0
1957-06-01,87,69,T,0.0,0
1957-06-02,76,67,0.04,0.0,0
1957-06-03,77,66,1.04,0.0,0
1957-06-04,82,67,0.05,0.0,0
1957-06-05,82,67,0.65,0.0,0
1957-06-06,89,67,0.00,0.0,0
1957-06-07,90,72,0.00,0.0,0
1957-06-08,93,73,0.00,0.0,0
1957-06-09,96,75,0.00,0.0,0
1957-06-10,95,76,0.00,0.0,0
1957-06-11,97,79,0.00,0.0,0
1957-06-12,86,66,0.12,0.0,0
1957-06-13,99,73,T,0.0,0
1957-06-14,94,78,0.00,0.0,0
1957-06-15,93,77,0.00,0.0,0
1957-06-16,94,77,0.00,0.0,0
1957-06-17,92,75,0.00,0.0,0
1957-06-18,90,72,1.07,0.0,0
1957-06-19,93,67,0.00,0.0,0
1957-06-20,90,74,0.00,0.0,0
1957-06-21,90,75,T,0.0,0
1957-06-22,93,75,0.00,0.0,0
1957-06-23,91,69,0.05,0.0,0
1957-06-24,88,64,0.00,0.0,0
1957-06-25,90,66,0.00,0.0,0
1957-06-26,91,71,0.00,0.0,0
1957-06-27,94,72,0.00,0.0,0
1957-06-28,100,74,0.00,0.0,0
1957-06-29,99,79,0.00,0.0,0
1957-06-30,98,79,0.00,0.0,0
1957-07-01,98,75,0.00,0.0,0
1957-07-02,102,77,0.00,0.0,0
1957-07-03,104,78,0.00,0.0,0
1957-07-04,105,77,0.00,0.0,0
1957-07-05,103,77,0.00,0.0,0
1957-07-06,101,77,0.00,0.0,0
1957-07-07,100,78,0.00,0.0,0
1957-07-08,98,78,0.00,0.0,0
1957-07-09,94,78,0.00,0.0,0
1957-07-10,98,79,0.00,0.0,0
1957-07-11,101,79,0.00,0.0,0
1957-07-12,101,81,0.00,0.0,0
1957-07-13,100,82,T,0.0,0
1957-07-14,98,81,0.00,0.0,0
1957-07-15,98,78,0.00,0.0,0
1957-07-16,99,79,0.00,0.0,0
1957-07-17,98,80,0.00,0.0,0
1957-07-18,100,80,0.00,0.0,0
1957-07-19,102,80,0.00,0.0,0
1957-07-20,102,78,0.00,0.0,0
1957-07-21,99,76,0.00,0.0,0
1957-07-22,91,77,T,0.0,0
1957-07-23,90,75,0.00,0.0,0
1957-07-24,95,77,0.25,0.0,0
1957-07-25,95,77,0.00,0.0,0
1957-07-26,99,78,0.00,0.0,0
1957-07-27,101,79,0.00,0.0,0
1957-07-28,105,81,0.00,0.0,0
1957-07-29,107,81,0.00,0.0,0
1957-07-30,110,81,0.00,0.0,0
1957-07-31,100,79,0.00,0.0,0
1957-08-01,100,78,0.01,0.0,0
1957-08-02,99,81,T,0.0,0
1957-08-03,100,79,0.03,0.0,0
1957-08-04,101,79,0.00,0.0,0
1957-08-05,87,76,0.00,0.0,0
1957-08-06,90,70,0.00,0.0,0
1957-08-07,93,67,0.00,0.0,0
1957-08-08,94,68,0.00,0.0,0
1957-08-09,97,77,0.00,0.0,0
1957-08-10,95,72,0.17,0.0,0
1957-08-11,95,74,0.29,0.0,0
1957-08-12,101,78,0.00,0.0,0
1957-08-13,102,79,0.00,0.0,0
1957-08-14,102,80,0.00,0.0,0
1957-08-15,92,79,0.00,0.0,0
1957-08-16,98,78,0.03,0.0,0
1957-08-17,98,76,0.00,0.0,0
1957-08-18,86,71,0.08,0.0,0
1957-08-19,93,74,T,0.0,0
1957-08-20,94,67,0.00,0.0,0
1957-08-21,96,72,0.00,0.0,0
1957-08-22,96,73,0.00,0.0,0
1957-08-23,97,71,0.00,0.0,0
1957-08-24,102,77,T,0.0,0
1957-08-25,103,76,0.00,0.0,0
1957-08-26,99,78,0.00,0.0,0
1957-08-27,98,77,0.00,0.0,0
1957-08-28,97,77,0.00,0.0,0
1957-08-29,97,77,0.00,0.0,0
1957-08-30,94,75,0.00,0.0,0
1957-08-31,93,73,0.01,0.0,0
1957-09-01,98,72,0.00,0.0,0
1957-09-02,94,78,0.01,0.0,0
1957-09-03,97,74,0.00,0.0,0
1957-09-04,98,70,0.00,0.0,0
1957-09-05,99,71,0.00,0.0,0
1957-09-06,92,70,0.11,0.0,0
1957-09-07,76,62,0.69,0.0,0
1957-09-08,78,58,0.00,0.0,0
1957-09-09,83,59,0.00,0.0,0
1957-09-10,87,64,0.00,0.0,0
1957-09-11,91,68,0.06,0.0,0
1957-09-12,87,66,0.00,0.0,0
1957-09-13,89,66,0.00,0.0,0
1957-09-14,95,72,T,0.0,0
1957-09-15,80,68,0.00,0.0,0
1957-09-16,88,65,0.00,0.0,0
1957-09-17,90,68,0.00,0.0,0
1957-09-18,90,67,0.00,0.0,0
1957-09-19,95,70,0.00,0.0,0
1957-09-20,95,73,T,0.0,0
1957-09-21,96,69,1.82,0.0,0
1957-09-22,71,62,0.53,0.0,0
1957-09-23,74,56,0.00,0.0,0
1957-09-24,77,53,0.00,0.0,0
1957-09-25,77,56,T,0.0,0
1957-09-26,83,63,T,0.0,0
1957-09-27,84,62,0.00,0.0,0
1957-09-28,81,60,0.00,0.0,0
1957-09-29,81,55,0.00,0.0,0
1957-09-30,81,52,0.00,0.0,0
1957-10-01,83,52,0.00,0.0,0
1957-10-02,86,56,0.00,0.0,0
1957-10-03,89,63,0.00,0.0,0
1957-10-04,89,66,0.00,0.0,0
1957-10-05,88,67,0.00,0.0,0
1957-10-06,82,64,0.00,0.0,0
1957-10-07,82,62,0.00,0.0,0
1957-10-08,80,64,0.12,0.0,0
1957-10-09,72,61,0.00,0.0,0
1957-10-10,65,58,T,0.0,0
1957-10-11,78,54,0.00,0.0,0
1957-10-12,77,59,0.00,0.0,0
1957-10-13,69,60,1.36,0.0,0
1957-10-14,67,60,1.19,0.0,0
1957-10-15,69,60,0.70,0.0,0
1957-10-16,77,61,T,0.0,0
1957-10-17,75,58,0.00,0.0,0
1957-10-18,72,50,0.00,0.0,0
1957-10-19,69,47,0.00,0.0,0
1957-10-20,65,47,0.00,0.0,0
1957-10-21,70,53,0.12,0.0,0
1957-10-22,75,62,0.53,0.0,0
1957-10-23,75,58,0.00,0.0,0
1957-10-24,60,51,0.00,0.0,0
1957-10-25,52,41,0.00,0.0,0
1957-10-26,50,35,0.00,0.0,0
1957-10-27,51,30,0.00,0.0,0
1957-10-28,60,32,0.00,0.0,0
1957-10-29,68,47,T,0.0,0
1957-10-30,81,54,0.00,0.0,0
1957-10-31,80,48,0.00,0.0,0
1957-11-01,74,65,0.06,0.0,0
1957-11-02,73,56,0.00,0.0,0
1957-11-03,56,50,0.04,0.0,0
1957-11-04,56,50,1.02,0.0,0
1957-11-05,55,52,1.92,0.0,0
1957-11-06,58,52,0.05,0.0,0
1957-11-07,63,54,0.51,0.0,0
1957-11-08,58,43,0.00,0.0,0
1957-11-09,59,39,0.00,0.0,0
1957-11-10,54,43,0.01,0.0,0
1957-11-11,59,44,0.02,0.0,0
1957-11-12,54,47,0.15,0.0,0
1957-11-13,60,53,0.04,0.0,0
1957-11-14,66,43,0.00,0.0,0
1957-11-15,79,53,0.00,0.0,0
1957-11-16,77,50,0.00,0.0,0
1957-11-17,79,50,0.43,0.0,0
1957-11-18,50,38,0.04,0.0,0
1957-11-19,59,35,0.00,0.0,0
1957-11-20,65,39,0.00,0.0,0
1957-11-21,57,39,T,0.0,0
1957-11-22,45,34,0.16,T,0
1957-11-23,46,34,T,0.0,0
1957-11-24,45,35,0.80,T,0
1957-11-25,70,35,0.00,0.0,0
1957-11-26,70,45,0.00,0.0,0
1957-11-27,70,47,0.00,0.0,0
1957-11-28,56,40,0.00,0.0,0
1957-11-29,54,35,0.00,0.0,0
1957-11-30,56,30,0.00,0.0,0
1957-12-01,65,35,0.00,0.0,0
1957-12-02,67,38,0.00,0.0,0
1957-12-03,59,43,0.00,0.0,0
1957-12-04,69,38,0.00,0.0,0
1957-12-05,65,42,0.00,0.0,0
1957-12-06,62,56,0.82,0.0,0
1957-12-07,59,40,0.00,0.0,0
1957-12-08,51,37,0.00,0.0,0
1957-12-09,61,32,0.00,0.0,0
1957-12-10,61,34,0.00,0.0,0
1957-12-11,37,21,0.00,0.0,0
1957-12-12,51,27,0.00,0.0,0
1957-12-13,69,37,0.00,0.0,0
1957-12-14,71,53,0.00,0.0,0
1957-12-15,72,57,0.00,0.0,0
1957-12-16,72,62,0.00,0.0,0
1957-12-17,68,60,0.00,0.0,0
1957-12-18,70,59,0.00,0.0,0
1957-12-19,71,54,0.00,0.0,0
1957-12-20,65,43,0.00,0.0,0
1957-12-21,69,42,0.00,0.0,0
1957-12-22,70,46,0.00,0.0,0
1957-12-23,71,58,T,0.0,0
1957-12-24,58,48,0.70,0.0,0
1957-12-25,60,44,0.55,0.0,0
1957-12-26,62,36,0.00,0.0,0
1957-12-27,59,42,0.07,0.0,0
1957-12-28,59,34,0.00,0.0,0
1957-12-29,60,39,0.00,0.0,0
1957-12-30,63,46,0.00,0.0,0
1957-12-31,58,36,T,0.0,0
1958-01-01,51,29,0.00,0.0,0
1958-01-02,55,33,0.00,0.0,0
1958-01-03,55,34,0.00,0.0,0
1958-01-04,52,36,0.00,0.0,0
1958-01-05,49,39,0.00,0.0,0
1958-01-06,55,35,0.00,0.0,0
1958-01-07,41,29,0.00,0.0,0
1958-01-08,49,23,0.00,0.0,0
1958-01-09,62,32,0.00,0.0,0
1958-01-10,63,38,0.00,0.0,0
1958-01-11,60,47,T,0.0,0
1958-01-12,59,49,0.92,0.0,0
1958-01-13,56,48,0.03,0.0,0
1958-01-14,61,40,0.00,0.0,0
1958-01-15,46,36,0.00,0.0,0
1958-01-16,63,28,0.00,0.0,0
1958-01-17,62,37,0.00,0.0,0
1958-01-18,54,36,T,0.0,0
1958-01-19,52,46,0.69,0.0,0
1958-01-20,51,33,0.32,T,0
1958-01-21,50,31,0.00,0.0,0
1958-01-22,55,29,0.00,0.0,0
1958-01-23,50,37,T,0.0,0
1958-01-24,55,31,0.00,0.0,0
1958-01-25,60,43,0.00,0.0,0
1958-01-26,60,36,0.00,0.0,0
1958-01-27,61,38,T,0.0,0
1958-01-28,51,40,0.09,T,0
1958-01-29,58,36,0.00,0.0,0
1958-01-30,66,37,0.00,0.0,0
1958-01-31,61,41,0.00,0.0,0
1958-02-01,63,32,0.00,0.0,0
1958-02-02,55,32,0.00,0.0,0
1958-02-03,52,27,0.00,0.0,0
1958-02-04,66,47,T,0.0,0
1958-02-05,73,56,T,0.0,0
1958-02-06,61,38,0.00,0.0,0
1958-02-07,43,28,0.00,0.0,0
1958-02-08,52,27,0.00,0.0,0
1958-02-09,41,35,0.24,0.0,0
1958-02-10,35,31,0.04,0.0,0
1958-02-11,36,27,0.02,0.5,0
1958-02-12,32,22,0.02,0.3,1
1958-02-13,44,19,0.00,0.0,0
1958-02-14,42,33,0.36,0.0,0
1958-02-15,35,27,0.00,0.0,0
1958-02-16,40,21,0.00,0.0,0
1958-02-17,45,27,0.00,0.0,0
1958-02-18,45,35,0.00,0.0,0
1958-02-19,46,39,T,0.0,0
1958-02-20,49,41,0.00,0.0,0
1958-02-21,55,42,T,0.0,0
1958-02-22,63,50,T,0.0,0
1958-02-23,69,44,0.00,0.0,0
1958-02-24,70,46,0.00,0.0,0
1958-02-25,71,51,0.00,0.0,0
1958-02-26,73,54,0.15,0.0,0
1958-02-27,66,46,0.00,0.0,0
1958-02-28,60,41,0.00,0.0,0
1958-03-01,45,37,0.15,T,0
1958-03-02,56,39,0.00,0.0,0
1958-03-03,62,39,0.00,0.0,0
1958-03-04,50,44,0.82,0.0,0
1958-03-05,53,47,1.42,0.0,0
1958-03-06,59,50,0.06,0.0,0
1958-03-07,74,52,0.38,0.0,0
1958-03-08,63,44,0.38,0.0,0
1958-03-09,52,35,0.00,0.0,0
1958-03-10,56,45,0.00,0.0,0
1958-03-11,51,40,T,0.0,0
1958-03-12,41,37,0.41,0.0,0
1958-03-13,44,33,0.00,0.0,0
1958-03-14,50,31,0.00,0.0,0
1958-03-15,60,37,0.00,0.0,0
1958-03-16,65,40,T,0.0,0
1958-03-17,59,37,0.04,0.0,0
1958-03-18,45,33,0.00,0.0,0
1958-03-19,55,36,0.00,0.0,0
1958-03-20,66,34,0.00,0.0,0
1958-03-21,70,45,0.00,0.0,0
1958-03-22,72,56,0.30,0.0,0
1958-03-23,62,46,0.07,0.0,0
1958-03-24,56,43,0.00,0.0,0
1958-03-25,50,40,0.00,0.0,0
1958-03-26,63,44,0.00,0.0,0
1958-03-27,56,44,0.06,0.0,0
1958-03-28,70,50,T,0.0,0
1958-03-29,63,45,3.04,0.0,0
1958-03-30,54,45,0.00,0.0,0
1958-03-31,66,37,0.00,0.0,0
1958-04-01,76,56,0.00,0.0,0
1958-04-02,75,58,0.00,0.0,0
1958-04-03,81,61,0.00,0.0,0
1958-04-04,89,56,0.00,0.0,0
1958-04-05,74,63,0.00,0.0,0
1958-04-06,71,51,0.00,0.0,0
1958-04-07,68,43,0.00,0.0,0
1958-04-08,62,47,0.76,0.0,0
1958-04-09,73,51,0.00,0.0,0
1958-04-10,56,45,0.00,0.0,0
1958-04-11,65,40,0.00,0.0,0
1958-04-12,68,48,T,0.0,0
1958-04-13,60,53,1.08,0.0,0
1958-04-14,65,51,0.02,0.0,0
1958-04-15,74,45,0.00,0.0,0
1958-04-16,80,50,0.00,0.0,0
1958-04-17,73,56,0.06,0.0,0
1958-04-18,67,59,0.44,0.0,0
1958-04-19,77,59,T,0.0,0
1958-04-20,76,57,0.64,0.0,0
1958-04-21,77,57,0.05,0.0,0
1958-04-22,76,50,0.00,0.0,0
1958-04-23,90,70,0.00,0.0,0
1958-04-24,78,54,0.00,0.0,0
1958-04-25,68,58,0.39,0.0,0
1958-04-26,63,58,3.40,0.0,0
1958-04-27,70,60,0.07,0.0,0
1958-04-28,75,65,0.05,0.0,0
1958-04-29,67,50,0.95,0.0,0
1958-04-30,54,50,1.25,0.0,0
1958-05-01,66,52,0.01,0.0,0
1958-05-02,71,62,1.07,0.0,0
1958-05-03,74,62,0.28,0.0,0
1958-05-04,75,60,0.00,0.0,0
1958-05-05,75,56,0.00,0.0,0
1958-05-06,85,52,0.00,0.0,0
1958-05-07,83,60,0.00,0.0,0
1958-05-08,83,65,0.00,0.0,0
1958-05-09,75,63,T,0.0,0
1958-05-10,80,59,0.05,0.0,0
1958-05-11,84,64,0.11,0.0,0
1958-05-12,84,65,0.00,0.0,0
1958-05-13,81,67,0.00,0.0,0
1958-05-14,85,70,0.01,0.0,0
1958-05-15,84,68,0.00,0.0,0
1958-05-16,84,67,0.00,0.0,0
1958-05-17,85,64,0.00,0.0,0
1958-05-18,85,64,0.00,0.0,0
1958-05-19,82,63,0.00,0.0,0
1958-05-20,84,60,0.00,0.0,0
1958-05-21,85,63,0.00,0.0,0
1958-05-22,90,64,0.00,0.0,0
1958-05-23,92,71,0.00,0.0,0
1958-05-24,93,71,0.00,0.0,0
1958-05-25,87,70,0.04,0.0,0
1958-05-26,92,68,0.00,0.0,0
1958-05-27,99,73,0.00,0.0,0
1958-05-28,91,77,0.00,0.0,0
1958-05-29,95,71,0.00,0.0,0
1958-05-30,94,74,0.00,0.0,0
1958-05-31,95,74,0.00,0.0,0
1958-06-01,99,74,T,0.0,0
1958-06-02,95,76,0.00,0.0,0
1958-06-03,96,76,0.00,0.0,0
1958-06-04,95,75,0.00,0.0,0
1958-06-05,96,76,0.00,0.0,0
1958-06-06,98,75,0.13,0.0,0
1958-06-07,95,72,1.20,0.0,0
1958-06-08,93,75,0.00,0.0,0
1958-06-09,94,74,T,0.0,0
1958-06-10,96,77,T,0.0,0
1958-06-11,96,78,0.00,0.0,0
1958-06-12,96,77,0.00,0.0,0
1958-06-13,97,76,0.00,0.0,0
1958-06-14,97,76,0.00,0.0,0
1958-06-15,96,80,T,0.0,0
1958-06-16,89,71,0.16,0.0,0
1958-06-17,86,68,T,0.0,0
1958-06-18,98,74,T,0.0,0
1958-06-19,97,77,T,0.0,0
1958-06-20,93,74,T,0.0,0
1958-06-21,87,69,0.40,0.0,0
1958-06-22,81,67,0.01,0.0,0
1958-06-23,88,67,0.00,0.0,0
1958-06-24,93,72,0.00,0.0,0
1958-06-25,92,62,T,0.0,0
1958-06-26,83,60,T,0.0,0
1958-06-27,85,65,0.00,0.0,0
1958-06-28,87,65,0.00,0.0,0
1958-06-29,90,69,0.00,0.0,0
1958-06-30,93,75,0.00,0.0,0
1958-07-01,95,76,0.00,0.0,0
1958-07-02,95,75,0.00,0.0,0
1958-07-03,94,75,0.00,0.0,0
1958-07-04,96,72,0.00,0.0,0
1958-07-05,90,71,0.67,0.0,0
1958-07-06,80,68,0.65,0.0,0
1958-07-07,85,71,0.20,0.0,0
1958-07-08,86,68,0.00,0.0,0
1958-07-09,94,71,0.00,0.0,0
1958-07-10,95,75,0.00,0.0,0
1958-07-11,94,77,0.00,0.0,0
1958-07-12,96,77,0.00,0.0,0
1958-07-13,94,79,0.00,0.0,0
1958-07-14,95,77,0.00,0.0,0
1958-07-15,97,78,0.00,0.0,0
1958-07-16,97,78,0.00,0.0,0
1958-07-17,96,79,0.00,0.0,0
1958-07-18,98,78,0.00,0.0,0
1958-07-19,99,79,0.00,0.0,0
1958-07-20,101,78,0.00,0.0,0
1958-07-21,93,80,T,0.0,0
1958-07-22,96,77,0.00,0.0,0
1958-07-23,94,69,0.45,0.0,0
1958-07-24,100,78,0.00,0.0,0
1958-07-25,103,78,0.00,0.0,0
1958-07-26,99,78,0.00,0.0,0
1958-07-27,99,78,0.00,0.0,0
1958-07-28,99,78,0.00,0.0,0
1958-07-29,102,80,0.00,0.0,0
1958-07-30,101,81,0.00,0.0,0
1958-07-31,100,78,0.00,0.0,0
1958-08-01,100,79,0.00,0.0,0
1958-08-02,98,81,T,0.0,0
1958-08-03,99,78,0.00,0.0,0
1958-08-04,99,78,0.00,0.0,0
1958-08-05,99,77,0.00,0.0,0
1958-08-06,100,78,0.00,0.0,0
1958-08-07,99,78,0.00,0.0,0
1958-08-08,95,80,0.00,0.0,0
1958-08-09,89,75,T,0.0,0
1958-08-10,97,75,0.01,0.0,0
1958-08-11,100,74,0.00,0.0,0
1958-08-12,99,79,0.00,0.0,0
1958-08-13,105,77,T,0.0,0
1958-08-14,103,77,0.00,0.0,0
1958-08-15,100,80,0.00,0.0,0
1958-08-16,97,79,0.00,0.0,0
1958-08-17,91,75,T,0.0,0
1958-08-18,85,73,0.09,0.0,0
1958-08-19,93,74,0.00,0.0,0
1958-08-20,94,74,0.20,0.0,0
1958-08-21,84,72,0.15,0.0,0
1958-08-22,84,74,T,0.0,0
1958-08-23,93,73,0.01,0.0,0
1958-08-24,89,73,0.07,0.0,0
1958-08-25,90,63,0.00,0.0,0
1958-08-26,96,70,0.00,0.0,0
1958-08-27,100,72,0.00,0.0,0
1958-08-28,101,73,0.00,0.0,0
1958-08-29,96,75,0.00,0.0,0
1958-08-30,91,73,0.00,0.0,0
1958-08-31,95,76,0.00,0.0,0
1958-09-01,98,78,0.00,0.0,0
1958-09-02,95,75,0.00,0.0,0
1958-09-03,92,74,0.00,0.0,0
1958-09-04,93,74,0.00,0.0,0
1958-09-05,91,74,T,0.0,0
1958-09-06,86,73,0.15,0.0,0
1958-09-07,84,73,0.16,0.0,0
1958-09-08,84,71,T,0.0,0
1958-09-09,89,72,0.00,0.0,0
1958-09-10,90,73,T,0.0,0
1958-09-11,90,72,0.00,0.0,0
1958-09-12,85,71,0.00,0.0,0
1958-09-13,86,66,0.00,0.0,0
1958-09-14,86,67,0.00,0.0,0
1958-09-15,91,73,0.00,0.0,0
1958-09-16,87,69,0.30,0.0,0
1958-09-17,81,63,0.00,0.0,0
1958-09-18,80,66,T,0.0,0
1958-09-19,73,70,2.53,0.0,0
1958-09-20,83,70,T,0.0,0
1958-09-21,84,72,0.00,0.0,0
1958-09-22,77,72,0.11,0.0,0
1958-09-23,91,74,0.00,0.0,0
1958-09-24,90,75,0.00,0.0,0
1958-09-25,91,74,0.00,0.0,0
1958-09-26,91,74,0.03,0.0,0
1958-09-27,81,66,0.00,0.0,0
1958-09-28,78,58,0.00,0.0,0
1958-09-29,80,58,T,0.0,0
1958-09-30,76,56,T,0.0,0
1958-10-01,66,53,0.00,0.0,0
1958-10-02,71,50,0.10,0.0,0
1958-10-03,58,53,0.32,0.0,0
1958-10-04,66,56,0.00,0.0,0
1958-10-05,69,59,0.00,0.0,0
1958-10-06,79,62,0.00,0.0,0
1958-10-07,83,68,0.00,0.0,0
1958-10-08,87,72,0.03,0.0,0
1958-10-09,89,72,0.00,0.0,0
1958-10-10,77,67,T,0.0,0
1958-10-11,69,63,T,0.0,0
1958-10-12,79,58,0.00,0.0,0
1958-10-13,80,57,0.00,0.0,0
1958-10-14,74,65,T,0.0,0
1958-10-15,78,65,0.01,0.0,0
1958-10-16,81,63,0.00,0.0,0
1958-10-17,82,58,0.00,0.0,0
1958-10-18,85,60,0.00,0.0,0
1958-10-19,87,62,0.00,0.0,0
1958-10-20,85,63,0.00,0.0,0
1958-10-21,78,63,0.28,0.0,0
1958-10-22,76,53,0.00,0.0,0
1958-10-23,80,51,0.00,0.0,0
1958-10-24,84,61,0.00,0.0,0
1958-10-25,72,54,0.03,0.0,0
1958-10-26,60,51,T,0.0,0
1958-10-27,66,48,0.00,0.0,0
1958-10-28,61,47,0.00,0.0,0
1958-10-29,59,53,0.00,0.0,0
1958-10-30,65,52,T,0.0,0
1958-10-31,61,49,0.05,0.0,0
1958-11-01,66,43,0.00,0.0,0
1958-11-02,71,39,0.00,0.0,0
1958-11-03,75,48,0.00,0.0,0
1958-11-04,71,55,0.00,0.0,0
1958-11-05,70,55,0.00,0.0,0
1958-11-06,67,46,0.00,0.0,0
1958-11-07,71,41,0.00,0.0,0
1958-11-08,72,52,0.00,0.0,0
1958-11-09,78,48,0.00,0.0,0
1958-11-10,75,49,0.00,0.0,0
1958-11-11,74,56,T,0.0,0
1958-11-12,76,60,0.00,0.0,0
1958-11-13,75,60,T,0.0,0
1958-11-14,76,62,1.26,0.0,0
1958-11-15,79,59,T,0.0,0
1958-11-16,78,72,0.06,0.0,0
1958-11-17,77,49,0.19,0.0,0
1958-11-18,56,40,0.00,0.0,0
1958-11-19,65,37,0.00,0.0,0
1958-11-20,72,40,0.00,0.0,0
1958-11-21,74,42,0.00,0.0,0
1958-11-22,73,47,0.00,0.0,0
1958-11-23,74,57,0.00,0.0,0
1958-11-24,70,56,0.00,0.0,0
1958-11-25,80,53,0.00,0.0,0
1958-11-26,56,38,0.00,0.0,0
1958-11-27,40,34,0.81,0.0,0
1958-11-28,41,31,0.16,0.0,0
1958-11-29,57,27,0.00,0.0,0
1958-11-30,56,35,T,0.0,0
1958-12-01,52,44,0.40,0.0,0
1958-12-02,61,45,T,0.0,0
1958-12-03,69,40,0.00,0.0,0
1958-12-04,78,48,0.00,0.0,0
1958-12-05,52,38,0.00,0.0,0
1958-12-06,45,31,0.00,0.0,0
1958-12-07,50,27,0.00,0.0,0
1958-12-08,60,35,0.00,0.0,0
1958-12-09,42,31,T,0.0,0
1958-12-10,39,30,0.00,0.0,0
1958-12-11,56,25,0.00,0.0,0
1958-12-12,44,33,T,T,0
1958-12-13,33,22,T,T,T
1958-12-14,38,16,0.00,0.0,0
1958-12-15,53,20,0.00,0.0,0
1958-12-16,64,30,0.00,0.0,0
1958-12-17,61,35,0.00,0.0,0
1958-12-18,65,32,0.00,0.0,0
1958-12-19,69,43,0.00,0.0,0
1958-12-20,54,37,0.00,0.0,0
1958-12-21,59,30,0.00,0.0,0
1958-12-22,57,44,0.01,0.0,0
1958-12-23,66,51,T,0.0,0
1958-12-24,56,38,0.00,0.0,0
1958-12-25,56,37,0.00,0.0,0
1958-12-26,56,35,0.00,0.0,0
1958-12-27,58,40,0.00,0.0,0
1958-12-28,66,36,0.00,0.0,0
1958-12-29,49,38,0.16,0.0,0
1958-12-30,39,27,0.59,1.3,0
1958-12-31,35,24,T,0.0,1
1959-01-01,51,24,0.00,0.0,T
1959-01-02,60,31,0.00,0.0,0
1959-01-03,31,14,T,T,0
1959-01-04,25,9,0.00,0.0,0
1959-01-05,35,11,0.00,0.0,0
1959-01-06,40,34,T,0.0,0
1959-01-07,61,37,T,0.0,0
1959-01-08,49,31,0.00,0.0,0
1959-01-09,39,26,0.00,0.0,0
1959-01-10,52,23,0.00,0.0,0
1959-01-11,61,34,0.00,0.0,0
1959-01-12,68,50,T,0.0,0
1959-01-13,71,58,0.00,0.0,0
1959-01-14,73,52,T,0.0,0
1959-01-15,52,31,0.16,0.0,0
1959-01-16,43,24,0.00,0.0,0
1959-01-17,61,35,0.00,0.0,0
1959-01-18,62,31,0.00,0.0,0
1959-01-19,68,56,0.00,0.0,0
1959-01-20,74,35,T,0.0,0
1959-01-21,35,19,0.14,T,T
1959-01-22,36,18,0.00,0.0,0
1959-01-23,54,29,0.00,0.0,0
1959-01-24,57,47,T,0.0,0
1959-01-25,72,50,0.00,0.0,0
1959-01-26,59,36,T,0.0,0
1959-01-27,38,33,0.00,0.0,0
1959-01-28,53,36,0.00,0.0,0
1959-01-29,74,48,0.00,0.0,0
1959-01-30,50,36,0.00,0.0,0
1959-01-31,49,35,0.00,0.0,0
1959-02-01,41,32,0.20,T,0
1959-02-02,33,30,0.21,0.0,T
1959-02-03,39,30,0.12,0.0,T
1959-02-04,59,30,0.00,0.0,0
1959-02-05,48,31,0.00,0.0,0
1959-02-06,51,24,0.00,0.0,0
1959-02-07,60,43,0.00,0.0,0
1959-02-08,70,56,T,0.0,0
1959-02-09,75,59,0.01,0.0,0
1959-02-10,71,40,0.00,0.0,0
1959-02-11,54,33,0.00,0.0,0
1959-02-12,55,41,0.08,0.0,0
1959-02-13,68,55,0.10,0.0,0
1959-02-14,65,45,1.45,0.0,0
1959-02-15,62,35,0.00,0.0,0
1959-02-16,70,42,0.00,0.0,0
1959-02-17,87,51,0.00,0.0,0
1959-02-18,54,37,0.00,0.0,0
1959-02-19,37,30,0.27,1.3,0
1959-02-20,44,30,0.00,0.0,1
1959-02-21,45,36,T,0.0,0
1959-02-22,59,41,0.03,0.0,0
1959-02-23,63,46,0.00,0.0,0
1959-02-24,62,45,0.00,0.0,0
1959-02-25,66,44,0.00,0.0,0
1959-02-26,62,49,0.00,0.0,0
1959-02-27,67,43,0.00,0.0,0
1959-02-28,62,42,T,0.0,0
1959-03-01,63,37,0.00,0.0,0
1959-03-02,73,47,0.00,0.0,0
1959-03-03,65,36,0.00,0.0,0
1959-03-04,66,46,0.08,0.0,0
1959-03-05,49,39,T,0.0,0
1959-03-06,62,32,0.00,0.0,0
1959-03-07,66,40,0.00,0.0,0
1959-03-08,75,50,0.00,0.0,0
1959-03-09,72,42,0.00,0.0,0
1959-03-10,70,53,0.23,0.0,0
1959-03-11,68,44,T,0.0,0
1959-03-12,68,37,0.00,0.0,0
1959-03-13,77,46,0.00,0.0,0
1959-03-14,89,47,0.00,0.0,0
1959-03-15,57,40,0.00,0.0,0
1959-03-16,62,43,0.00,0.0,0
1959-03-17,73,40,0.00,0.0,0
1959-03-18,71,45,0.00,0.0,0
1959-03-19,69,46,0.00,0.0,0
1959-03-20,76,54,0.16,0.0,0
1959-03-21,58,43,0.02,0.0,0
1959-03-22,68,33,0.00,0.0,0
1959-03-23,76,46,0.00,0.0,0
1959-03-24,81,56,0.00,0.0,0
1959-03-25,77,55,0.60,0.0,0
1959-03-26,71,47,0.00,0.0,0
1959-03-27,63,41,0.00,0.0,0
1959-03-28,50,41,0.07,0.0,0
1959-03-29,70,43,0.00,0.0,0
1959-03-30,80,55,0.00,0.0,0
1959-03-31,78,57,0.10,0.0,0
1959-04-01,65,51,0.00,0.0,0
1959-04-02,83,45,0.00,0.0,0
1959-04-03,72,53,0.00,0.0,0
1959-04-04,77,44,0.00,0.0,0
1959-04-05,85,59,0.00,0.0,0
1959-04-06,82,62,0.00,0.0,0
1959-04-07,79,65,0.00,0.0,0
1959-04-08,70,49,0.02,0.0,0
1959-04-09,57,44,0.09,0.0,0
1959-04-10,64,50,0.05,0.0,0
1959-04-11,55,46,0.15,0.0,0
1959-04-12,59,38,0.00,0.0,0
1959-04-13,61,36,0.00,0.0,0
1959-04-14,66,40,0.00,0.0,0
1959-04-15,60,50,T,0.0,0
1959-04-16,73,56,0.01,0.0,0
1959-04-17,82,60,0.08,0.0,0
1959-04-18,75,62,0.17,0.0,0
1959-04-19,88,59,T,0.0,0
1959-04-20,71,51,0.15,0.0,0
1959-04-21,59,45,0.00,0.0,0
1959-04-22,66,40,0.00,0.0,0
1959-04-23,77,47,0.00,0.0,0
1959-04-24,82,56,0.00,0.0,0
1959-04-25,81,63,0.00,0.0,0
1959-04-26,83,67,0.00,0.0,0
1959-04-27,77,64,T,0.0,0
1959-04-28,81,59,0.00,0.0,0
1959-04-29,86,61,T,0.0,0
1959-04-30,90,66,0.00,0.0,0
1959-05-01,84,67,0.00,0.0,0
1959-05-02,85,66,T,0.0,0
1959-05-03,87,68,T,0.0,0
1959-05-04,87,72,0.00,0.0,0
1959-05-05,77,66,0.11,0.0,0
1959-05-06,83,63,0.00,0.0,0
1959-05-07,89,61,0.00,0.0,0
1959-05-08,81,66,T,0.0,0
1959-05-09,84,63,0.10,0.0,0
1959-05-10,78,60,1.48,0.0,0
1959-05-11,76,60,0.02,0.0,0
1959-05-12,85,61,0.00,0.0,0
1959-05-13,90,65,0.00,0.0,0
1959-05-14,74,60,0.00,0.0,0
1959-05-15,69,60,0.01,0.0,0
1959-05-16,80,60,T,0.0,0
1959-05-17,86,70,0.00,0.0,0
1959-05-18,87,70,0.00,0.0,0
1959-05-19,89,72,0.00,0.0,0
1959-05-20,89,72,0.00,0.0,0
1959-05-21,82,71,0.00,0.0,0
1959-05-22,77,66,0.25,0.0,0
1959-05-23,75,66,0.13,0.0,0
1959-05-24,76,65,1.08,0.0,0
1959-05-25,86,66,0.00,0.0,0
1959-05-26,85,71,T,0.0,0
1959-05-27,88,73,0.00,0.0,0
1959-05-28,90,71,0.00,0.0,0
1959-05-29,91,71,0.00,0.0,0
1959-05-30,92,72,0.00,0.0,0
1959-05-31,98,72,0.00,0.0,0
1959-06-01,90,74,0.04,0.0,0
1959-06-02,80,65,0.35,0.0,0
1959-06-03,84,66,0.00,0.0,0
1959-06-04,89,68,0.86,0.0,0
1959-06-05,80,68,0.20,0.0,0
1959-06-06,85,68,0.00,0.0,0
1959-06-07,85,68,0.00,0.0,0
1959-06-08,88,68,0.00,0.0,0
1959-06-09,90,67,0.00,0.0,0
1959-06-10,94,74,T,0.0,0
1959-06-11,96,77,0.00,0.0,0
1959-06-12,87,66,0.26,0.0,0
1959-06-13,92,73,0.00,0.0,0
1959-06-14,88,71,0.00,0.0,0
1959-06-15,89,67,0.00,0.0,0
1959-06-16,93,74,0.00,0.0,0
1959-06-17,95,75,0.00,0.0,0
1959-06-18,98,74,0.00,0.0,0
1959-06-19,99,77,T,0.0,0
1959-06-20,91,72,0.15,0.0,0
1959-06-21,92,72,0.00,0.0,0
1959-06-22,83,70,0.78,0.0,0
1959-06-23,89,70,0.10,0.0,0
1959-06-24,89,72,0.05,0.0,0
1959-06-25,87,73,0.26,0.0,0
1959-06-26,88,74,0.11,0.0,0
1959-06-27,91,75,0.00,0.0,0
1959-06-28,92,76,0.00,0.0,0
1959-06-29,93,76,0.00,0.0,0
1959-06-30,92,74,0.00,0.0,0
1959-07-01,96,76,T,0.0,0
1959-07-02,95,72,0.00,0.0,0
1959-07-03,93,75,T,0.0,0
1959-07-04,96,77,0.00,0.0,0
1959-07-05,95,76,T,0.0,0
1959-07-06,96,76,T,0.0,0
1959-07-07,94,72,0.00,0.0,0
1959-07-08,95,77,0.00,0.0,0
1959-07-09,94,79,T,0.0,0
1959-07-10,96,74,0.00,0.0,0
1959-07-11,97,77,0.00,0.0,0
1959-07-12,93,71,0.00,0.0,0
1959-07-13,93,74,T,0.0,0
1959-07-14,93,73,0.00,0.0,0
1959-07-15,94,74,0.01,0.0,0
1959-07-16,92,76,T,0.0,0
1959-07-17,95,70,0.56,0.0,0
1959-07-18,90,73,0.01,0.0,0
1959-07-19,78,70,1.55,0.0,0
1959-07-20,81,70,0.32,0.0,0
1959-07-21,86,73,0.10,0.0,0
1959-07-22,96,76,0.00,0.0,0
1959-07-23,98,73,0.20,0.0,0
1959-07-24,89,73,0.10,0.0,0
1959-07-25,83,70,T,0.0,0
1959-07-26,79,71,0.38,0.0,0
1959-07-27,94,70,0.00,0.0,0
1959-07-28,91,71,0.02,0.0,0
1959-07-29,93,75,0.00,0.0,0
1959-07-30,94,76,0.00,0.0,0
1959-07-31,95,76,0.00,0.0,0
1959-08-01,98,80,0.00,0.0,0
1959-08-02,97,77,0.00,0.0,0
1959-08-03,99,81,0.00,0.0,0
1959-08-04,98,79,0.00,0.0,0
1959-08-05,96,78,0.00,0.0,0
1959-08-06,98,78,0.00,0.0,0
1959-08-07,90,80,T,0.0,0
1959-08-08,93,74,0.00,0.0,0
1959-08-09,90,68,0.00,0.0,0
1959-08-10,91,68,0.00,0.0,0
1959-08-11,92,71,0.00,0.0,0
1959-08-12,93,73,0.00,0.0,0
1959-08-13,94,74,0.00,0.0,0
1959-08-14,91,74,0.01,0.0,0
1959-08-15,92,75,T,0.0,0
1959-08-16,95,75,0.00,0.0,0
1959-08-17,97,78,0.00,0.0,0
1959-08-18,97,79,0.00,0.0,0
1959-08-19,97,78,0.00,0.0,0
1959-08-20,97,78,0.00,0.0,0
1959-08-21,96,75,0.00,0.0,0
1959-08-22,96,75,0.00,0.0,0
1959-08-23,94,72,0.00,0.0,0
1959-08-24,95,74,0.00,0.0,0
1959-08-25,92,74,0.00,0.0,0
1959-08-26,85,74,0.06,0.0,0
1959-08-27,86,76,0.03,0.0,0
1959-08-28,97,78,0.00,0.0,0
1959-08-29,100,78,0.00,0.0,0
1959-08-30,103,70,1.14,0.0,0
1959-08-31,89,70,0.53,0.0,0
1959-09-01,98,74,0.00,0.0,0
1959-09-02,92,70,0.05,0.0,0
1959-09-03,83,70,0.09,0.0,0
1959-09-04,92,69,0.00,0.0,0
1959-09-05,94,76,0.00,0.0,0
1959-09-06,95,73,0.00,0.0,0
1959-09-07,93,74,0.00,0.0,0
1959-09-08,87,73,0.00,0.0,0
1959-09-09,94,73,0.00,0.0,0
1959-09-10,86,72,0.00,0.0,0
1959-09-11,82,61,0.00,0.0,0
1959-09-12,81,56,0.00,0.0,0
1959-09-13,83,62,T,0.0,0
1959-09-14,83,67,0.01,0.0,0
1959-09-15,88,59,0.00,0.0,0
1959-09-16,90,65,0.00,0.0,0
1959-09-17,88,68,0.00,0.0,0
1959-09-18,88,66,0.00,0.0,0
1959-09-19,91,68,0.00,0.0,0
1959-09-20,91,71,0.00,0.0,0
1959-09-21,92,74,0.00,0.0,0
1959-09-22,93,72,0.49,0.0,0
1959-09-23,88,72,0.00,0.0,0
1959-09-24,85,74,T,0.0,0
1959-09-25,88,74,0.40,0.0,0
1959-09-26,96,76,0.00,0.0,0
1959-09-27,96,75,0.00,0.0,0
1959-09-28,95,66,1.96,0.0,0
1959-09-29,86,66,T,0.0,0
1959-09-30,79,62,0.51,0.0,0
1959-10-01,85,66,6.01,0.0,0
1959-10-02,87,73,T,0.0,0
1959-10-03,78,67,1.20,0.0,0
1959-10-04,76,62,3.07,0.0,0
1959-10-05,78,62,0.00,0.0,0
1959-10-06,76,58,0.00,0.0,0
1959-10-07,82,57,0.00,0.0,0
1959-10-08,76,57,0.00,0.0,0
1959-10-09,74,48,0.00,0.0,0
1959-10-10,88,67,0.00,0.0,0
1959-10-11,85,66,0.00,0.0,0
1959-10-12,84,65,0.00,0.0,0
1959-10-13,76,58,0.68,0.0,0
1959-10-14,71,53,0.00,0.0,0
1959-10-15,72,49,0.00,0.0,0
1959-10-16,75,53,0.00,0.0,0
1959-10-17,68,50,0.00,0.0,0
1959-10-18,67,43,0.00,0.0,0
1959-10-19,72,46,0.00,0.0,0
1959-10-20,76,50,0.00,0.0,0
1959-10-21,78,53,0.00,0.0,0
1959-10-22,82,56,0.00,0.0,0
1959-10-23,85,60,0.00,0.0,0
1959-10-24,72,51,0.00,0.0,0
1959-10-25,85,49,0.00,0.0,0
1959-10-26,77,58,0.00,0.0,0
1959-10-27,58,44,0.00,0.0,0
1959-10-28,66,40,0.00,0.0,0
1959-10-29,73,48,0.00,0.0,0
1959-10-30,67,62,0.38,0.0,0
1959-10-31,64,57,0.04,0.0,0
1959-11-01,69,55,T,0.0,0
1959-11-02,73,59,0.01,0.0,0
1959-11-03,80,61,1.68,0.0,0
1959-11-04,78,61,0.05,0.0,0
1959-11-05,63,31,0.00,0.0,0
1959-11-06,47,26,0.00,0.0,0
1959-11-07,54,28,0.00,0.0,0
1959-11-08,60,33,0.00,0.0,0
1959-11-09,67,36,0.00,0.0,0
1959-11-10,62,45,0.11,0.0,0
1959-11-11,63,49,T,0.0,0
1959-11-12,72,51,T,0.0,0
1959-11-13,68,34,T,0.0,0
1959-11-14,37,29,0.00,0.0,0
1959-11-15,40,29,0.08,0.0,0
1959-11-16,58,31,T,0.0,0
1959-11-17,38,21,0.00,0.0,0
1959-11-18,54,23,0.00,0.0,0
1959-11-19,64,33,0.00,0.0,0
1959-11-20,62,44,T,0.0,0
1959-11-21,66,40,0.00,0.0,0
1959-11-22,76,49,0.00,0.0,0
1959-11-23,66,42,0.00,0.0,0
1959-11-24,66,41,0.00,0.0,0
1959-11-25,77,44,0.00,0.0,0
1959-11-26,62,36,0.00,0.0,0
1959-11-27,51,32,0.00,0.0,0
1959-11-28,43,29,0.00,0.0,0
1959-11-29,53,26,0.00,0.0,0
1959-11-30,66,33,0.00,0.0,0
1959-12-01,71,43,0.00,0.0,0
1959-12-02,57,34,0.00,0.0,0
1959-12-03,70,35,0.00,0.0,0
1959-12-04,66,50,T,0.0,0
1959-12-05,52,35,0.00,0.0,0
1959-12-06,64,29,0.00,0.0,0
1959-12-07,72,36,0.00,0.0,0
1959-12-08,74,40,0.00,0.0,0
1959-12-09,60,51,0.00,0.0,0
1959-12-10,67,57,0.07,0.0,0
1959-12-11,67,48,0.32,0.0,0
1959-12-12,63,39,0.00,0.0,0
1959-12-13,65,40,0.00,0.0,0
1959-12-14,61,51,T,0.0,0
1959-12-15,56,50,3.10,0.0,0
1959-12-16,60,50,0.44,0.0,0
1959-12-17,52,46,0.21,0.0,0
1959-12-18,57,40,0.01,0.0,0
1959-12-19,54,33,0.00,0.0,0
1959-12-20,55,37,0.00,0.0,0
1959-12-21,58,34,0.00,0.0,0
1959-12-22,55,42,T,0.0,0
1959-12-23,54,47,0.01,0.0,0
1959-12-24,57,47,T,0.0,0
1959-12-25,63,50,T,0.0,0
1959-12-26,70,55,0.46,0.0,0
1959-12-27,57,40,0.10,0.0,0
1959-12-28,58,38,0.00,0.0,0
1959-12-29,53,36,0.00,0.0,0
1959-12-30,50,34,0.00,0.0,0
1959-12-31,44,39,1.13,T,0
1960-01-01,47,40,0.01,0.0,0
1960-01-02,54,35,0.15,0.0,0
1960-01-03,41,29,0.00,0.0,0
1960-01-04,40,34,0.34,T,0
1960-01-05,39,34,1.68,0.2,0
1960-01-06,38,34,0.05,T,0
1960-01-07,56,30,0.00,0.0,0
1960-01-08,66,34,0.00,0.0,0
1960-01-09,62,50,0.00,0.0,0
1960-01-10,73,57,0.00,0.0,0
1960-01-11,70,63,0.01,0.0,0
1960-01-12,76,56,0.18,0.0,0
1960-01-13,66,50,0.12,0.0,0
1960-01-14,70,46,0.01,0.0,0
1960-01-15,49,36,0.00,0.0,0
1960-01-16,43,34,0.57,0.0,0
1960-01-17,52,36,0.08,0.0,0
1960-01-18,38,27,0.00,0.0,0
1960-01-19,33,23,0.00,0.0,0
1960-01-20,41,21,0.00,0.0,0
1960-01-21,53,27,0.00,0.0,0
1960-01-22,40,26,0.00,0.0,0
1960-01-23,33,27,T,T,0
1960-01-24,46,22,0.00,0.0,0
1960-01-25,51,31,T,0.0,0
1960-01-26,64,48,0.01,0.0,0
1960-01-27,59,37,0.00,0.0,0
1960-01-28,71,41,T,0.0,0
1960-01-29,56,35,0.00,0.0,0
1960-01-30,61,27,0.00,0.0,0
1960-01-31,60,34,0.00,0.0,0
1960-02-01,69,43,0.00,0.0,0
1960-02-02,63,51,0.04,0.0,0
1960-02-03,56,48,1.45,0.0,0
1960-02-04,52,42,0.13,0.0,0
1960-02-05,47,37,0.00,0.0,0
1960-02-06,59,32,0.00,0.0,0
1960-02-07,59,36,0.00,0.0,0
1960-02-08,74,39,0.00,0.0,0
1960-02-09,87,56,0.00,0.0,0
1960-02-10,57,38,0.00,0.0,0
1960-02-11,47,31,0.00,0.0,0
1960-02-12,38,31,0.00,0.0,0
1960-02-13,45,23,0.00,0.0,0
1960-02-14,58,31,0.00,0.0,0
1960-02-15,48,33,0.06,0.0,0
1960-02-16,63,28,0.00,0.0,0
1960-02-17,49,34,0.25,T,0
1960-02-18,49,30,0.00,0.0,0
1960-02-19,57,32,0.00,0.0,0
1960-02-20,48,40,0.28,0.0,0
1960-02-21,47,30,0.00,0.0,0
1960-02-22,60,32,0.00,0.0,0
1960-02-23,50,29,0.31,0.0,0
1960-02-24,29,22,0.14,1.5,T
1960-02-25,34,16,0.01,0.1,2
1960-02-26,42,21,0.00,0.0,T
1960-02-27,47,38,0.05,0.0,0
1960-02-28,47,30,T,0.0,0
1960-02-29,32,26,0.11,0.0,0
1960-03-01,33,30,0.18,T,T
1960-03-02,37,27,0.02,0.0,0
1960-03-03,37,19,0.00,0.0,0
1960-03-04,36,25,0.00,0.0,0
1960-03-05,36,26,0.00,0.0,0
1960-03-06,41,33,0.00,0.0,0
1960-03-07,54,41,0.00,0.0,0
1960-03-08,57,42,0.01,0.0,0
1960-03-09,64,38,T,0.0,0
1960-03-10,58,41,T,0.0,0
1960-03-11,54,39,0.00,0.0,0
1960-03-12,53,33,0.00,0.0,0
1960-03-13,49,45,T,0.0,0
1960-03-14,45,40,0.63,0.0,0
1960-03-15,65,37,T,0.0,0
1960-03-16,53,31,0.00,0.0,0
1960-03-17,52,30,0.00,0.0,0
1960-03-18,66,34,0.00,0.0,0
1960-03-19,66,43,T,0.0,0
1960-03-20,71,42,0.00,0.0,0
1960-03-21,66,42,0.00,0.0,0
1960-03-22,85,49,0.00,0.0,0
1960-03-23,71,42,0.00,0.0,0
1960-03-24,69,54,0.05,0.0,0
1960-03-25,54,46,0.06,0.0,0
1960-03-26,58,48,T,0.0,0
1960-03-27,70,53,T,0.0,0
1960-03-28,79,51,0.00,0.0,0
1960-03-29,85,53,0.00,0.0,0
1960-03-30,77,49,0.00,0.0,0
1960-03-31,86,54,0.00,0.0,0
1960-04-01,73,53,0.00,0.0,0
1960-04-02,64,46,0.00,0.0,0
1960-04-03,68,44,0.00,0.0,0
1960-04-04,80,39,0.00,0.0,0
1960-04-05,76,48,0.00,0.0,0
1960-04-06,94,53,0.00,0.0,0
1960-04-07,85,55,0.00,0.0,0
1960-04-08,69,60,T,0.0,0
1960-04-09,73,52,0.50,0.0,0
1960-04-10,78,53,0.00,0.0,0
1960-04-11,77,61,0.00,0.0,0
1960-04-12,77,63,T,0.0,0
1960-04-13,79,66,T,0.0,0
1960-04-14,85,67,T,0.0,0
1960-04-15,84,64,0.00,0.0,0
1960-04-16,87,68,T,0.0,0
1960-04-17,73,49,T,0.0,0
1960-04-18,69,43,0.00,0.0,0
1960-04-19,81,49,0.00,0.0,0
1960-04-20,83,64,T,0.0,0
1960-04-21,85,55,0.00,0.0,0
1960-04-22,84,65,T,0.0,0
1960-04-23,84,68,0.00,0.0,0
1960-04-24,82,62,1.12,0.0,0
1960-04-25,80,62,0.43,0.0,0
1960-04-26,82,58,0.00,0.0,0
1960-04-27,69,60,0.61,0.0,0
1960-04-28,80,61,T,0.0,0
1960-04-29,77,66,0.32,0.0,0
1960-04-30,67,49,0.00,0.0,0
1960-05-01,66,44,0.00,0.0,0
1960-05-02,73,52,0.00,0.0,0
1960-05-03,79,54,0.00,0.0,0
1960-05-04,82,63,T,0.0,0
1960-05-05,85,62,0.80,0.0,0
1960-05-06,66,54,0.00,0.0,0
1960-05-07,70,48,0.00,0.0,0
1960-05-08,79,53,0.00,0.0,0
1960-05-09,84,63,0.00,0.0,0
1960-05-10,80,58,T,0.0,0
1960-05-11,75,50,T,0.0,0
1960-05-12,71,42,0.00,0.0,0
1960-05-13,81,52,0.00,0.0,0
1960-05-14,86,65,0.00,0.0,0
1960-05-15,89,72,T,0.0,0
1960-05-16,91,71,0.00,0.0,0
1960-05-17,89,69,0.00,0.0,0
1960-05-18,86,72,T,0.0,0
1960-05-19,93,76,0.00,0.0,0
1960-05-20,80,61,0.17,0.0,0
1960-05-21,87,55,0.00,0.0,0
1960-05-22,86,68,0.00,0.0,0
1960-05-23,91,72,0.00,0.0,0
1960-05-24,90,68,0.00,0.0,0
1960-05-25,94,67,0.47,0.0,0
1960-05-26,87,62,0.00,0.0,0
1960-05-27,91,67,0.00,0.0,0
1960-05-28,92,68,0.00,0.0,0
1960-05-29,83,65,0.45,0.0,0
1960-05-30,82,69,0.34,0.0,0
1960-05-31,90,68,0.00,0.0,0
1960-06-01,90,68,0.23,0.0,0
1960-06-02,94,71,0.00,0.0,0
1960-06-03,97,72,0.00,0.0,0
1960-06-04,98,75,0.00,0.0,0
1960-06-05,99,73,T,0.0,0
1960-06-06,92,72,T,0.0,0
1960-06-07,92,73,0.04,0.0,0
1960-06-08,90,71,0.00,0.0,0
1960-06-09,93,72,0.00,0.0,0
1960-06-10,95,74,0.00,0.0,0
1960-06-11,93,75,0.00,0.0,0
1960-06-12,95,71,0.63,0.0,0
1960-06-13,89,70,0.50,0.0,0
1960-06-14,91,65,0.00,0.0,0
1960-06-15,102,73,0.00,0.0,0
1960-06-16,97,73,0.00,0.0,0
1960-06-17,91,65,0.00,0.0,0
1960-06-18,93,69,0.00,0.0,0
1960-06-19,95,71,0.00,0.0,0
1960-06-20,95,73,0.00,0.0,0
1960-06-21,99,76,0.00,0.0,0
1960-06-22,98,78,0.00,0.0,0
1960-06-23,97,78,0.00,0.0,0
1960-06-24,93,77,0.00,0.0,0
1960-06-25,77,70,0.86,0.0,0
1960-06-26,81,71,0.96,0.0,0
1960-06-27,91,75,0.00,0.0,0
1960-06-28,93,73,0.00,0.0,0
1960-06-29,93,75,0.00,0.0,0
1960-06-30,93,75,0.00,0.0,0
1960-07-01,95,76,0.00,0.0,0
1960-07-02,95,77,0.00,0.0,0
1960-07-03,95,76,0.00,0.0,0
1960-07-04,94,75,0.08,0.0,0
1960-07-05,92,75,0.16,0.0,0
1960-07-06,90,72,0.35,0.0,0
1960-07-07,89,73,0.00,0.0,0
1960-07-08,92,73,0.00,0.0,0
1960-07-09,95,72,0.00,0.0,0
1960-07-10,98,77,0.00,0.0,0
1960-07-11,100,77,0.00,0.0,0
1960-07-12,101,77,0.00,0.0,0
1960-07-13,103,70,4.08,0.0,0
1960-07-14,85,73,0.70,0.0,0
1960-07-15,81,69,0.50,0.0,0
1960-07-16,88,72,T,0.0,0
1960-07-17,90,72,0.00,0.0,0
1960-07-18,91,68,0.05,0.0,0
1960-07-19,90,71,T,0.0,0
1960-07-20,90,75,0.04,0.0,0
1960-07-21,88,76,T,0.0,0
1960-07-22,96,76,0.00,0.0,0
1960-07-23,97,79,0.00,0.0,0
1960-07-24,93,73,0.13,0.0,0
1960-07-25,97,77,0.00,0.0,0
1960-07-26,100,78,0.00,0.0,0
1960-07-27,100,78,0.00,0.0,0
1960-07-28,95,70,1.25,0.0,0
1960-07-29,97,75,0.00,0.0,0
1960-07-30,93,79,T,0.0,0
1960-07-31,92,70,0.00,0.0,0
1960-08-01,96,75,0.00,0.0,0
1960-08-02,93,76,0.00,0.0,0
1960-08-03,97,77,0.00,0.0,0
1960-08-04,98,79,0.00,0.0,0
1960-08-05,97,78,0.00,0.0,0
1960-08-06,98,78,0.00,0.0,0
1960-08-07,97,80,0.00,0.0,0
1960-08-08,95,77,0.00,0.0,0
1960-08-09,97,78,0.00,0.0,0
1960-08-10,87,70,0.70,0.0,0
1960-08-11,87,69,0.00,0.0,0
1960-08-12,88,66,0.00,0.0,0
1960-08-13,90,71,0.00,0.0,0
1960-08-14,88,72,0.00,0.0,0
1960-08-15,89,74,0.43,0.0,0
1960-08-16,92,75,T,0.0,0
1960-08-17,94,76,0.00,0.0,0
1960-08-18,89,71,0.09,0.0,0
1960-08-19,89,75,0.00,0.0,0
1960-08-20,96,73,0.00,0.0,0
1960-08-21,89,70,1.54,0.0,0
1960-08-22,92,71,0.00,0.0,0
1960-08-23,92,77,0.00,0.0,0
1960-08-24,93,78,0.00,0.0,0
1960-08-25,94,78,0.00,0.0,0
1960-08-26,89,78,0.53,0.0,0
1960-08-27,91,75,0.00,0.0,0
1960-08-28,91,74,0.02,0.0,0
1960-08-29,92,74,0.00,0.0,0
1960-08-30,93,72,0.00,0.0,0
1960-08-31,94,72,0.00,0.0,0
1960-09-01,94,71,0.00,0.0,0
1960-09-02,94,73,0.00,0.0,0
1960-09-03,95,76,0.00,0.0,0
1960-09-04,94,72,0.00,0.0,0
1960-09-05,95,73,0.00,0.0,0
1960-09-06,95,75,0.00,0.0,0
1960-09-07,93,75,0.00,0.0,0
1960-09-08,94,72,0.00,0.0,0
1960-09-09,93,74,1.22,0.0,0
1960-09-10,83,70,0.00,0.0,0
1960-09-11,88,62,0.00,0.0,0
1960-09-12,89,57,0.00,0.0,0
1960-09-13,91,56,0.00,0.0,0
1960-09-14,94,64,0.00,0.0,0
1960-09-15,93,68,T,0.0,0
1960-09-16,95,69,0.00,0.0,0
1960-09-17,98,72,T,0.0,0
1960-09-18,95,73,0.00,0.0,0
1960-09-19,98,76,0.00,0.0,0
1960-09-20,97,76,0.00,0.0,0
1960-09-21,93,72,0.00,0.0,0
1960-09-22,94,72,0.00,0.0,0
1960-09-23,91,68,0.30,0.0,0
1960-09-24,75,67,0.49,0.0,0
1960-09-25,68,62,0.05,0.0,0
1960-09-26,73,66,0.25,0.0,0
1960-09-27,72,62,0.30,0.0,0
1960-09-28,83,56,0.00,0.0,0
1960-09-29,87,59,0.00,0.0,0
1960-09-30,91,66,0.00,0.0,0
1960-10-01,89,66,0.00,0.0,0
1960-10-02,88,68,0.00,0.0,0
1960-10-03,87,68,T,0.0,0
1960-10-04,87,71,T,0.0,0
1960-10-05,87,67,0.00,0.0,0
1960-10-06,91,64,T,0.0,0
1960-10-07,80,61,T,0.0,0
1960-10-08,80,58,0.00,0.0,0
1960-10-09,87,62,0.00,0.0,0
1960-10-10,86,64,0.00,0.0,0
1960-10-11,87,66,0.00,0.0,0
1960-10-12,82,65,0.00,0.0,0
1960-10-13,87,65,2.84,0.0,0
1960-10-14,81,61,0.00,0.0,0
1960-10-15,81,66,0.00,0.0,0
1960-10-16,78,65,0.00,0.0,0
1960-10-17,76,64,0.00,0.0,0
1960-10-18,73,66,0.28,0.0,0
1960-10-19,67,48,T,0.0,0
1960-10-20,62,38,0.00,0.0,0
1960-10-21,71,44,0.00,0.0,0
1960-10-22,78,51,0.00,0.0,0
1960-10-23,83,60,0.00,0.0,0
1960-10-24,80,59,T,0.0,0
1960-10-25,71,66,0.62,0.0,0
1960-10-26,75,61,T,0.0,0
1960-10-27,78,56,0.00,0.0,0
1960-10-28,76,66,0.00,0.0,0
1960-10-29,77,66,0.00,0.0,0
1960-10-30,70,46,0.00,0.0,0
1960-10-31,69,42,0.00,0.0,0
1960-11-01,79,47,0.00,0.0,0
1960-11-02,78,49,0.00,0.0,0
1960-11-03,72,42,0.00,0.0,0
1960-11-04,80,54,0.00,0.0,0
1960-11-05,65,46,0.00,0.0,0
1960-11-06,69,39,0.00,0.0,0
1960-11-07,59,42,T,0.0,0
1960-11-08,73,53,T,0.0,0
1960-11-09,67,38,T,0.0,0
1960-11-10,51,34,0.00,0.0,0
1960-11-11,62,33,0.00,0.0,0
1960-11-12,69,48,0.00,0.0,0
1960-11-13,76,62,T,0.0,0
1960-11-14,79,63,0.00,0.0,0
1960-11-15,85,59,T,0.0,0
1960-11-16,69,45,0.00,0.0,0
1960-11-17,69,38,0.00,0.0,0
1960-11-18,73,42,0.00,0.0,0
1960-11-19,72,43,T,0.0,0
1960-11-20,61,51,0.71,0.0,0
1960-11-21,55,50,0.11,0.0,0
1960-11-22,70,54,T,0.0,0
1960-11-23,59,46,0.00,0.0,0
1960-11-24,67,44,0.00,0.0,0
1960-11-25,75,48,0.00,0.0,0
1960-11-26,76,58,0.00,0.0,0
1960-11-27,79,69,0.00,0.0,0
1960-11-28,72,42,T,0.0,0
1960-11-29,51,34,0.00,0.0,0
1960-11-30,55,30,0.00,0.0,0
1960-12-01,54,35,0.00,0.0,0
1960-12-02,54,32,0.00,0.0,0
1960-12-03,65,45,0.00,0.0,0
1960-12-04,67,58,0.01,0.0,0
1960-12-05,73,63,T,0.0,0
1960-12-06,64,40,3.32,0.0,0
1960-12-07,44,39,1.57,0.0,0
1960-12-08,44,41,1.05,0.0,0
1960-12-09,42,37,0.06,0.0,0
1960-12-10,39,35,1.36,T,0
1960-12-11,41,33,0.00,0.0,0
1960-12-12,43,34,0.00,0.0,0
1960-12-13,41,31,T,T,0
1960-12-14,45,37,T,0.0,0
1960-12-15,47,34,0.00,0.0,0
1960-12-16,47,27,0.00,0.0,0
1960-12-17,54,31,0.00,0.0,0
1960-12-18,63,32,0.00,0.0,0
1960-12-19,65,33,0.00,0.0,0
1960-12-20,57,28,0.00,0.0,0
1960-12-21,41,25,0.00,0.0,0
1960-12-22,43,28,0.00,0.0,0
1960-12-23,55,27,0.00,0.0,0
1960-12-24,67,36,0.00,0.0,0
1960-12-25,70,37,0.00,0.0,0
1960-12-26,63,40,0.00,0.0,0
1960-12-27,53,43,T,0.0,0
1960-12-28,44,39,0.35,0.0,0
1960-12-29,42,37,0.03,0.0,0
1960-12-30,48,30,0.30,0.0,0
1960-12-31,43,37,0.45,0.0,0
1961-01-01,53,31,0.00,0.0,0
1961-01-02,48,32,0.00,0.0,0
1961-01-03,51,27,0.00,0.0,0
1961-01-04,56,29,0.00,0.0,0
1961-01-05,60,47,0.00,0.0,0
1961-01-06,52,48,0.27,0.0,0
1961-01-07,54,44,1.88,0.0,0
1961-01-08,50,35,0.03,0.0,0
1961-01-09,51,28,0.00,0.0,0
1961-01-10,54,31,0.00,0.0,0
1961-01-11,52,40,0.25,0.0,0
1961-01-12,52,46,0.08,0.0,0
1961-01-13,61,40,0.00,0.0,0
1961-01-14,50,36,T,0.0,0
1961-01-15,57,33,0.00,0.0,0
1961-01-16,65,33,0.00,0.0,0
1961-01-17,73,39,0.00,0.0,0
1961-01-18,74,44,0.00,0.0,0
1961-01-19,49,32,0.00,0.0,0
1961-01-20,56,28,0.00,0.0,0
1961-01-21,38,18,0.00,0.0,0
1961-01-22,61,34,0.02,0.0,0
1961-01-23,67,34,0.00,0.0,0
1961-01-24,55,23,0.46,T,0
1961-01-25,26,22,0.05,T,T
1961-01-26,33,23,T,0.0,T
1961-01-27,27,20,0.15,1.0,0
1961-01-28,29,19,0.20,2.2,3
1961-01-29,41,16,0.00,0.0,2
1961-01-30,53,24,0.00,0.0,T
1961-01-31,60,38,0.00,0.0,0
1961-02-01,69,49,0.00,0.0,0
1961-02-02,60,43,0.00,0.0,0
1961-02-03,52,30,0.00,0.0,0
1961-02-04,58,39,0.06,0.0,0
1961-02-05,41,33,1.09,0.1,0
1961-02-06,37,32,0.60,1.8,0
1961-02-07,39,32,0.06,1.0,3
1961-02-08,50,31,0.00,0.0,0
1961-02-09,54,28,0.00,0.0,0
1961-02-10,63,34,0.00,0.0,0
1961-02-11,76,42,0.00,0.0,0
1961-02-12,80,46,0.00,0.0,0
1961-02-13,76,52,0.00,0.0,0
1961-02-14,69,48,T,0.0,0
1961-02-15,75,58,T,0.0,0
1961-02-16,72,60,0.32,0.0,0
1961-02-17,77,62,0.02,0.0,0
1961-02-18,68,41,T,0.0,0
1961-02-19,50,32,0.29,0.0,0
1961-02-20,45,41,0.66,0.0,0
1961-02-21,49,43,T,0.0,0
1961-02-22,69,44,0.01,0.0,0
1961-02-23,79,47,0.00,0.0,0
1961-02-24,47,36,0.10,T,0
1961-02-25,72,33,0.00,0.0,0
1961-02-26,77,44,0.00,0.0,0
1961-02-27,65,39,T,0.0,0
1961-02-28,57,32,0.00,0.0,0
1961-03-01,66,36,0.00,0.0,0
1961-03-02,74,48,0.00,0.0,0
1961-03-03,76,58,T,0.0,0
1961-03-04,83,70,0.01,0.0,0
1961-03-05,82,62,0.31,0.0,0
1961-03-06,72,50,0.00,0.0,0
1961-03-07,77,55,0.01,0.0,0
1961-03-08,65,46,0.00,0.0,0
1961-03-09,62,36,0.00,0.0,0
1961-03-10,70,40,0.00,0.0,0
1961-03-11,69,53,0.00,0.0,0
1961-03-12,85,56,0.00,0.0,0
1961-03-13,71,48,0.00,0.0,0
1961-03-14,81,45,0.00,0.0,0
1961-03-15,82,55,0.00,0.0,0
1961-03-16,77,56,1.94,0.0,0
1961-03-17,61,48,0.93,0.0,0
1961-03-18,59,45,0.01,0.0,0
1961-03-19,53,41,T,0.0,0
1961-03-20,53,41,0.02,0.0,0
1961-03-21,82,39,0.00,0.0,0
1961-03-22,69,43,0.00,0.0,0
1961-03-23,73,43,0.00,0.0,0
1961-03-24,74,51,0.00,0.0,0
1961-03-25,71,56,0.05,0.0,0
1961-03-26,76,61,0.43,0.0,0
1961-03-27,77,52,T,0.0,0
1961-03-28,82,56,0.78,0.0,0
1961-03-29,66,46,0.01,0.0,0
1961-03-30,53,46,0.40,0.0,0
1961-03-31,50,42,T,0.0,0
1961-04-01,67,37,0.00,0.0,0
1961-04-02,78,50,0.00,0.0,0
1961-04-03,73,51,0.00,0.0,0
1961-04-04,81,47,0.00,0.0,0
1961-04-05,67,50,T,0.0,0
1961-04-06,63,46,0.00,0.0,0
1961-04-07,67,45,T,0.0,0
1961-04-08,60,50,0.29,0.0,0
1961-04-09,60,46,0.00,0.0,0
1961-04-10,69,41,0.00,0.0,0
1961-04-11,76,52,T,0.0,0
1961-04-12,65,44,0.00,0.0,0
1961-04-13,77,43,0.00,0.0,0
1961-04-14,86,61,0.00,0.0,0
1961-04-15,65,43,0.04,0.0,0
1961-04-16,73,39,0.00,0.0,0
1961-04-17,76,45,0.00,0.0,0
1961-04-18,82,53,0.00,0.0,0
1961-04-19,87,61,0.00,0.0,0
1961-04-20,83,72,T,0.0,0
1961-04-21,83,70,T,0.0,0
1961-04-22,87,67,0.00,0.0,0
1961-04-23,84,68,T,0.0,0
1961-04-24,87,68,T,0.0,0
1961-04-25,79,61,0.00,0.0,0
1961-04-26,79,54,0.00,0.0,0
1961-04-27,85,61,0.00,0.0,0
1961-04-28,79,61,0.01,0.0,0
1961-04-29,82,56,0.16,0.0,0
1961-04-30,84,61,1.16,0.0,0
1961-05-01,78,57,0.07,0.0,0
1961-05-02,71,53,0.00,0.0,0
1961-05-03,76,63,T,0.0,0
1961-05-04,83,68,0.08,0.0,0
1961-05-05,83,73,T,0.0,0
1961-05-06,84,73,0.08,0.0,0
1961-05-07,90,73,0.00,0.0,0
1961-05-08,79,57,0.74,0.0,0
1961-05-09,76,50,0.00,0.0,0
1961-05-10,78,53,0.00,0.0,0
1961-05-11,83,57,0.00,0.0,0
1961-05-12,87,61,0.00,0.0,0
1961-05-13,86,67,0.00,0.0,0
1961-05-14,85,66,T,0.0,0
1961-05-15,83,58,0.00,0.0,0
1961-05-16,85,61,0.00,0.0,0
1961-05-17,82,73,T,0.0,0
1961-05-18,89,72,0.00,0.0,0
1961-05-19,85,72,0.00,0.0,0
1961-05-20,86,71,0.00,0.0,0
1961-05-21,92,69,0.00,0.0,0
1961-05-22,91,68,0.00,0.0,0
1961-05-23,75,63,0.00,0.0,0
1961-05-24,79,61,0.00,0.0,0
1961-05-25,85,65,0.12,0.0,0
1961-05-26,78,58,0.22,0.0,0
1961-05-27,73,51,0.00,0.0,0
1961-05-28,82,55,0.00,0.0,0
1961-05-29,88,66,0.00,0.0,0
1961-05-30,89,68,0.00,0.0,0
1961-05-31,91,65,0.00,0.0,0
1961-06-01,93,71,0.00,0.0,0
1961-06-02,92,71,0.00,0.0,0
1961-06-03,90,73,T,0.0,0
1961-06-04,92,66,0.03,0.0,0
1961-06-05,87,72,0.04,0.0,0
1961-06-06,88,67,1.39,0.0,0
1961-06-07,88,72,T,0.0,0
1961-06-08,92,69,0.85,0.0,0
1961-06-09,88,70,0.00,0.0,0
1961-06-10,89,69,0.00,0.0,0
1961-06-11,88,71,0.00,0.0,0
1961-06-12,92,73,0.00,0.0,0
1961-06-13,94,75,0.00,0.0,0
1961-06-14,86,70,0.87,0.0,0
1961-06-15,84,66,0.21,0.0,0
1961-06-16,67,61,1.30,0.0,0
1961-06-17,64,60,1.54,0.0,0
1961-06-18,75,61,T,0.0,0
1961-06-19,80,64,0.05,0.0,0
1961-06-20,85,64,0.00,0.0,0
1961-06-21,85,61,0.00,0.0,0
1961-06-22,90,61,0.00,0.0,0
1961-06-23,95,71,0.03,0.0,0
1961-06-24,82,70,0.05,0.0,0
1961-06-25,80,67,1.49,0.0,0
1961-06-26,83,66,0.00,0.0,0
1961-06-27,87,69,0.00,0.0,0
1961-06-28,90,72,0.00,0.0,0
1961-06-29,90,74,0.00,0.0,0
1961-06-30,90,71,0.00,0.0,0
1961-07-01,90,71,0.00,0.0,0
1961-07-02,86,74,0.31,0.0,0
1961-07-03,89,74,0.00,0.0,0
1961-07-04,90,73,0.00,0.0,0
1961-07-05,92,74,0.00,0.0,0
1961-07-06,92,73,0.00,0.0,0
1961-07-07,94,71,0.26,0.0,0
1961-07-08,90,73,T,0.0,0
1961-07-09,85,74,0.00,0.0,0
1961-07-10,86,67,0.00,0.0,0
1961-07-11,86,68,0.00,0.0,0
1961-07-12,88,71,0.00,0.0,0
1961-07-13,92,72,0.00,0.0,0
1961-07-14,93,77,0.00,0.0,0
1961-07-15,90,76,T,0.0,0
1961-07-16,95,73,T,0.0,0
1961-07-17,92,68,0.00,0.0,0
1961-07-18,96,77,0.00,0.0,0
1961-07-19,96,78,0.00,0.0,0
1961-07-20,95,77,0.00,0.0,0
1961-07-21,94,77,0.00,0.0,0
1961-07-22,92,74,0.45,0.0,0
1961-07-23,91,73,0.07,0.0,0
1961-07-24,93,76,0.21,0.0,0
1961-07-25,94,74,0.00,0.0,0
1961-07-26,94,75,0.00,0.0,0
1961-07-27,95,75,0.00,0.0,0
1961-07-28,94,75,0.00,0.0,0
1961-07-29,93,75,0.00,0.0,0
1961-07-30,96,75,0.00,0.0,0
1961-07-31,94,74,0.00,0.0,0
1961-08-01,97,73,0.00,0.0,0
1961-08-02,98,76,0.00,0.0,0
1961-08-03,100,77,0.00,0.0,0
1961-08-04,99,79,0.03,0.0,0
1961-08-05,98,75,0.00,0.0,0
1961-08-06,95,77,0.00,0.0,0
1961-08-07,98,73,0.00,0.0,0
1961-08-08,96,74,0.00,0.0,0
1961-08-09,95,76,0.00,0.0,0
1961-08-10,95,76,0.00,0.0,0
1961-08-11,92,76,0.01,0.0,0
1961-08-12,97,76,0.00,0.0,0
1961-08-13,99,76,0.05,0.0,0
1961-08-14,94,75,T,0.0,0
1961-08-15,92,72,0.00,0.0,0
1961-08-16,92,73,T,0.0,0
1961-08-17,92,72,0.00,0.0,0
1961-08-18,92,74,0.00,0.0,0
1961-08-19,94,73,0.00,0.0,0
1961-08-20,94,69,0.00,0.0,0
1961-08-21,91,66,0.00,0.0,0
1961-08-22,94,70,0.00,0.0,0
1961-08-23,83,66,0.00,0.0,0
1961-08-24,89,61,0.00,0.0,0
1961-08-25,90,65,0.00,0.0,0
1961-08-26,92,66,0.00,0.0,0
1961-08-27,94,69,0.00,0.0,0
1961-08-28,93,69,0.00,0.0,0
1961-08-29,92,72,0.09,0.0,0
1961-08-30,90,71,0.00,0.0,0
1961-08-31,92,73,0.01,0.0,0
1961-09-01,98,76,0.00,0.0,0
1961-09-02,97,79,T,0.0,0
1961-09-03,96,80,0.00,0.0,0
1961-09-04,90,69,0.00,0.0,0
1961-09-05,93,67,0.00,0.0,0
1961-09-06,97,74,0.00,0.0,0
1961-09-07,96,76,0.00,0.0,0
1961-09-08,93,75,0.00,0.0,0
1961-09-09,95,74,0.00,0.0,0
1961-09-10,95,74,0.00,0.0,0
1961-09-11,82,74,0.35,0.0,0
1961-09-12,76,74,4.19,0.0,0
1961-09-13,80,61,0.09,0.0,0
1961-09-14,75,54,0.00,0.0,0
1961-09-15,75,53,0.00,0.0,0
1961-09-16,75,57,0.00,0.0,0
1961-09-17,79,56,0.00,0.0,0
1961-09-18,81,58,0.00,0.0,0
1961-09-19,80,59,0.00,0.0,0
1961-09-20,85,66,T,0.0,0
1961-09-21,89,72,0.00,0.0,0
1961-09-22,92,75,0.00,0.0,0
1961-09-23,92,74,0.00,0.0,0
1961-09-24,90,70,0.00,0.0,0
1961-09-25,78,59,0.00,0.0,0
1961-09-26,88,58,0.00,0.0,0
1961-09-27,90,71,0.00,0.0,0
1961-09-28,79,66,0.89,0.0,0
1961-09-29,88,66,0.00,0.0,0
1961-09-30,82,63,0.02,0.0,0
1961-10-01,79,60,0.00,0.0,0
1961-10-02,69,49,2.02,0.0,0
1961-10-03,70,45,0.00,0.0,0
1961-10-04,74,49,0.00,0.0,0
1961-10-05,74,51,0.00,0.0,0
1961-10-06,77,53,0.00,0.0,0
1961-10-07,82,60,0.00,0.0,0
1961-10-08,81,63,0.00,0.0,0
1961-10-09,76,72,0.99,0.0,0
1961-10-10,82,70,0.16,0.0,0
1961-10-11,79,70,0.00,0.0,0
1961-10-12,84,69,0.00,0.0,0
1961-10-13,84,63,0.03,0.0,0
1961-10-14,74,55,0.00,0.0,0
1961-10-15,71,50,0.00,0.0,0
1961-10-16,74,49,0.00,0.0,0
1961-10-17,78,49,0.00,0.0,0
1961-10-18,81,52,0.00,0.0,0
1961-10-19,69,49,0.00,0.0,0
1961-10-20,73,41,0.00,0.0,0
1961-10-21,80,49,0.00,0.0,0
1961-10-22,82,55,0.00,0.0,0
1961-10-23,80,59,0.00,0.0,0
1961-10-24,82,60,0.00,0.0,0
1961-10-25,78,58,0.00,0.0,0
1961-10-26,68,48,0.00,0.0,0
1961-10-27,74,51,0.00,0.0,0
1961-10-28,79,68,T,0.0,0
1961-10-29,81,70,T,0.0,0
1961-10-30,84,69,0.21,0.0,0
1961-10-31,80,67,0.00,0.0,0
1961-11-01,83,67,0.01,0.0,0
1961-11-02,74,45,1.31,0.0,0
1961-11-03,52,36,0.00,0.0,0
1961-11-04,65,35,0.00,0.0,0
1961-11-05,56,40,0.00,0.0,0
1961-11-06,53,37,0.00,0.0,0
1961-11-07,63,35,0.00,0.0,0
1961-11-08,62,38,0.00,0.0,0
1961-11-09,63,35,0.00,0.0,0
1961-11-10,67,44,0.01,0.0,0
1961-11-11,77,59,0.00,0.0,0
1961-11-12,79,62,T,0.0,0
1961-11-13,65,44,T,0.0,0
1961-11-14,57,43,0.02,0.0,0
1961-11-15,61,48,0.33,0.0,0
1961-11-16,54,42,0.00,0.0,0
1961-11-17,48,35,0.00,0.0,0
1961-11-18,56,39,0.03,0.0,0
1961-11-19,51,33,0.00,0.0,0
1961-11-20,56,42,0.01,0.0,0
1961-11-21,64,47,0.40,0.0,0
1961-11-22,67,43,1.92,0.0,0
1961-11-23,67,38,0.00,0.0,0
1961-11-24,70,43,0.00,0.0,0
1961-11-25,67,46,0.00,0.0,0
1961-11-26,76,54,0.00,0.0,0
1961-11-27,61,44,0.00,0.0,0
1961-11-28,49,42,0.00,0.0,0
1961-11-29,52,34,0.00,0.0,0
1961-11-30,57,39,0.00,0.0,0
1961-12-01,73,48,0.00,0.0,0
1961-12-02,73,56,0.00,0.0,0
1961-12-03,72,56,T,0.0,0
1961-12-04,72,56,0.00,0.0,0
1961-12-05,56,46,0.70,0.0,0
1961-12-06,54,43,T,0.0,0
1961-12-07,52,38,0.01,0.0,0
1961-12-08,47,42,0.15,0.0,0
1961-12-09,66,45,1.20,0.0,0
1961-12-10,52,33,0.03,0.0,0
1961-12-11,34,28,0.13,0.0,T
1961-12-12,30,20,0.00,0.0,T
1961-12-13,40,20,0.00,0.0,0
1961-12-14,41,36,0.25,0.0,0
1961-12-15,44,37,0.02,0.0,0
1961-12-16,57,40,0.60,0.0,0
1961-12-17,59,45,0.10,0.0,0
1961-12-18,68,42,0.00,0.0,0
1961-12-19,47,33,0.00,0.0,0
1961-12-20,52,27,0.00,0.0,0
1961-12-21,64,38,0.00,0.0,0
1961-12-22,57,37,0.00,0.0,0
1961-12-23,52,33,0.00,0.0,0
1961-12-24,50,27,0.00,0.0,0
1961-12-25,66,33,0.00,0.0,0
1961-12-26,74,43,0.00,0.0,0
1961-12-27,49,31,0.00,0.0,0
1961-12-28,46,28,0.00,0.0,0
1961-12-29,52,25,0.00,0.0,0
1961-12-30,62,27,0.00,0.0,0
1961-12-31,57,36,0.00,0.0,0
1962-01-01,51,28,0.00,0.0,0
1962-01-02,62,28,0.00,0.0,0
1962-01-03,63,40,0.29,0.0,0
1962-01-04,70,51,0.04,0.0,0
1962-01-05,57,30,0.00,0.0,0
1962-01-06,46,23,0.00,0.0,0
1962-01-07,54,36,0.00,0.0,0
1962-01-08,59,31,0.00,0.0,0
1962-01-09,38,13,0.35,2.2,1
1962-01-10,15,8,0.00,0.0,2
1962-01-11,23,8,0.00,0.0,2
1962-01-12,42,14,0.00,0.0,1
1962-01-13,51,24,T,0.0,T
1962-01-14,62,31,0.13,0.0,0
1962-01-15,44,24,0.00,0.0,0
1962-01-16,52,28,0.00,0.0,0
1962-01-17,55,32,0.00,0.0,0
1962-01-18,46,39,0.01,0.0,0
1962-01-19,39,21,T,0.0,0
1962-01-20,31,16,T,0.0,0
1962-01-21,63,30,0.13,0.0,T
1962-01-22,43,21,0.18,1.0,T
1962-01-23,31,20,0.00,0.0,T
1962-01-24,53,29,0.00,0.0,T
1962-01-25,60,45,0.07,0.0,0
1962-01-26,64,48,0.12,0.0,0
1962-01-27,59,38,T,0.0,0
1962-01-28,63,30,0.00,0.0,0
1962-01-29,70,35,0.00,0.0,0
1962-01-30,74,41,0.00,0.0,0
1962-01-31,73,38,0.00,0.0,0
1962-02-01,76,44,0.00,0.0,0
1962-02-02,74,39,0.00,0.0,0
1962-02-03,80,48,0.00,0.0,0
1962-02-04,77,51,0.00,0.0,0
1962-02-05,60,34,0.00,0.0,0
1962-02-06,46,26,0.00,0.0,0
1962-02-07,56,32,0.00,0.0,0
1962-02-08,86,45,0.00,0.0,0
1962-02-09,76,43,0.00,0.0,0
1962-02-10,68,35,0.00,0.0,0
1962-02-11,79,48,0.00,0.0,0
1962-02-12,84,55,0.00,0.0,0
1962-02-13,82,55,0.00,0.0,0
1962-02-14,74,55,0.00,0.0,0
1962-02-15,71,47,0.84,0.0,0
1962-02-16,65,40,0.00,0.0,0
1962-02-17,65,48,T,0.0,0
1962-02-18,63,43,0.00,0.0,0
1962-02-19,63,38,0.00,0.0,0
1962-02-20,64,51,0.00,0.0,0
1962-02-21,69,54,T,0.0,0
1962-02-22,67,48,T,0.0,0
1962-02-23,71,50,0.99,0.0,0
1962-02-24,52,40,0.00,0.0,0
1962-02-25,63,41,0.01,0.0,0
1962-02-26,68,34,1.15,0.0,0
1962-02-27,34,27,0.03,T,0
1962-02-28,34,20,T,T,0
1962-03-01,44,17,0.00,0.0,0
1962-03-02,54,28,0.00,0.0,0
1962-03-03,66,39,0.00,0.0,0
1962-03-04,61,37,0.00,0.0,0
1962-03-05,50,32,0.00,0.0,0
1962-03-06,57,30,0.00,0.0,0
1962-03-07,64,43,0.00,0.0,0
1962-03-08,72,54,0.06,0.0,0
1962-03-09,62,47,0.00,0.0,0
1962-03-10,73,49,0.22,0.0,0
1962-03-11,65,47,0.00,0.0,0
1962-03-12,60,36,0.00,0.0,0
1962-03-13,56,33,0.00,0.0,0
1962-03-14,46,31,0.20,2.0,0
1962-03-15,56,31,0.00,0.0,1
1962-03-16,67,34,0.00,0.0,0
1962-03-17,70,42,0.00,0.0,0
1962-03-18,71,56,0.00,0.0,0
1962-03-19,72,59,T,0.0,0
1962-03-20,79,62,0.19,0.0,0
1962-03-21,65,50,0.00,0.0,0
1962-03-22,68,52,T,0.0,0
1962-03-23,77,48,0.00,0.0,0
1962-03-24,75,51,T,0.0,0
1962-03-25,68,49,0.00,0.0,0
1962-03-26,72,42,0.00,0.0,0
1962-03-27,82,47,0.00,0.0,0
1962-03-28,82,55,0.00,0.0,0
1962-03-29,71,52,0.00,0.0,0
1962-03-30,52,44,1.68,0.0,0
1962-03-31,62,42,0.00,0.0,0
1962-04-01,58,40,0.00,0.0,0
1962-04-02,59,33,0.00,0.0,0
1962-04-03,66,44,0.00,0.0,0
1962-04-04,61,51,1.30,0.0,0
1962-04-05,57,52,0.02,0.0,0
1962-04-06,61,52,T,0.0,0
1962-04-07,69,51,0.00,0.0,0
1962-04-08,68,52,0.00,0.0,0
1962-04-09,71,47,0.00,0.0,0
1962-04-10,86,63,0.70,0.0,0
1962-04-11,65,51,0.04,0.0,0
1962-04-12,68,45,0.00,0.0,0
1962-04-13,80,46,0.00,0.0,0
1962-04-14,84,57,0.00,0.0,0
1962-04-15,76,59,0.00,0.0,0
1962-04-16,73,53,T,0.0,0
1962-04-17,74,58,T,0.0,0
1962-04-18,79,59,0.00,0.0,0
1962-04-19,85,59,0.00,0.0,0
1962-04-20,85,64,0.00,0.0,0
1962-04-21,83,62,0.00,0.0,0
1962-04-22,75,62,1.42,0.0,0
1962-04-23,73,61,2.15,0.0,0
1962-04-24,66,60,0.30,0.0,0
1962-04-25,71,59,0.00,0.0,0
1962-04-26,80,58,0.00,0.0,0
1962-04-27,76,59,2.47,0.0,0
1962-04-28,81,57,0.00,0.0,0
1962-04-29,86,67,0.00,0.0,0
1962-04-30,84,61,0.55,0.0,0
1962-05-01,74,55,0.00,0.0,0
1962-05-02,77,49,0.00,0.0,0
1962-05-03,80,54,0.00,0.0,0
1962-05-04,83,59,0.00,0.0,0
1962-05-05,87,61,0.00,0.0,0
1962-05-06,90,65,0.00,0.0,0
1962-05-07,90,66,0.00,0.0,0
1962-05-08,89,66,0.00,0.0,0
1962-05-09,89,66,0.00,0.0,0
1962-05-10,87,66,0.00,0.0,0
1962-05-11,88,67,0.00,0.0,0
1962-05-12,89,69,0.00,0.0,0
1962-05-13,89,69,0.00,0.0,0
1962-05-14,87,65,0.00,0.0,0
1962-05-15,89,70,0.00,0.0,0
1962-05-16,87,70,0.00,0.0,0
1962-05-17,88,70,0.00,0.0,0
1962-05-18,89,69,0.00,0.0,0
1962-05-19,91,71,0.00,0.0,0
1962-05-20,90,68,0.00,0.0,0
1962-05-21,90,68,0.00,0.0,0
1962-05-22,86,71,T,0.0,0
1962-05-23,95,71,0.00,0.0,0
1962-05-24,95,70,0.00,0.0,0
1962-05-25,93,73,0.00,0.0,0
1962-05-26,94,74,0.00,0.0,0
1962-05-27,93,70,0.00,0.0,0
1962-05-28,90,65,1.04,0.0,0
1962-05-29,87,62,0.86,0.0,0
1962-05-30,89,68,0.00,0.0,0
1962-05-31,90,72,0.10,0.0,0
1962-06-01,86,65,0.07,0.0,0
1962-06-02,81,67,0.00,0.0,0
1962-06-03,75,64,0.11,0.0,0
1962-06-04,86,65,0.00,0.0,0
1962-06-05,91,69,0.01,0.0,0
1962-06-06,90,67,0.16,0.0,0
1962-06-07,90,71,T,0.0,0
1962-06-08,88,66,1.45,0.0,0
1962-06-09,80,65,0.72,0.0,0
1962-06-10,90,70,T,0.0,0
1962-06-11,87,70,0.05,0.0,0
1962-06-12,89,68,T,0.0,0
1962-06-13,87,69,0.00,0.0,0
1962-06-14,86,70,0.00,0.0,0
1962-06-15,89,69,0.00,0.0,0
1962-06-16,91,72,0.00,0.0,0
1962-06-17,93,73,0.00,0.0,0
1962-06-18,94,75,0.00,0.0,0
1962-06-19,90,71,0.00,0.0,0
1962-06-20,93,72,0.00,0.0,0
1962-06-21,94,70,0.00,0.0,0
1962-06-22,92,74,0.00,0.0,0
1962-06-23,95,76,0.00,0.0,0
1962-06-24,95,76,0.00,0.0,0
1962-06-25,94,71,0.50,0.0,0
1962-06-26,88,69,T,0.0,0
1962-06-27,88,70,0.35,0.0,0
1962-06-28,85,70,0.16,0.0,0
1962-06-29,85,71,0.60,0.0,0
1962-06-30,84,70,0.45,0.0,0
1962-07-01,87,72,T,0.0,0
1962-07-02,91,73,0.00,0.0,0
1962-07-03,92,75,0.00,0.0,0
1962-07-04,94,74,0.00,0.0,0
1962-07-05,96,75,0.00,0.0,0
1962-07-06,96,75,0.00,0.0,0
1962-07-07,95,76,0.00,0.0,0
1962-07-08,97,78,0.00,0.0,0
1962-07-09,97,79,0.00,0.0,0
1962-07-10,99,80,0.00,0.0,0
1962-07-11,99,78,0.00,0.0,0
1962-07-12,100,78,0.00,0.0,0
1962-07-13,98,78,0.00,0.0,0
1962-07-14,98,75,0.00,0.0,0
1962-07-15,99,76,T,0.0,0
1962-07-16,84,75,T,0.0,0
1962-07-17,93,74,T,0.0,0
1962-07-18,95,75,0.04,0.0,0
1962-07-19,94,72,0.00,0.0,0
1962-07-20,98,75,0.00,0.0,0
1962-07-21,92,75,0.00,0.0,0
1962-07-22,97,75,0.00,0.0,0
1962-07-23,94,79,0.00,0.0,0
1962-07-24,97,81,0.00,0.0,0
1962-07-25,94,76,0.30,0.0,0
1962-07-26,77,72,3.56,0.0,0
1962-07-27,77,70,4.62,0.0,0
1962-07-28,93,75,0.00,0.0,0
1962-07-29,95,74,0.00,0.0,0
1962-07-30,95,73,0.00,0.0,0
1962-07-31,97,73,0.00,0.0,0
1962-08-01,96,79,0.00,0.0,0
1962-08-02,84,72,1.21,0.0,0
1962-08-03,92,72,0.37,0.0,0
1962-08-04,98,78,T,0.0,0
1962-08-05,100,79,0.00,0.0,0
1962-08-06,100,80,0.00,0.0,0
1962-08-07,100,79,0.00,0.0,0
1962-08-08,100,78,0.00,0.0,0
1962-08-09,102,79,0.00,0.0,0
1962-08-10,103,80,0.00,0.0,0
1962-08-11,103,80,0.00,0.0,0
1962-08-12,99,77,0.00,0.0,0
1962-08-13,94,70,0.00,0.0,0
1962-08-14,94,75,0.00,0.0,0
1962-08-15,94,73,0.00,0.0,0
1962-08-16,96,74,0.00,0.0,0
1962-08-17,95,73,0.00,0.0,0
1962-08-18,99,74,0.00,0.0,0
1962-08-19,98,74,0.00,0.0,0
1962-08-20,96,77,0.00,0.0,0
1962-08-21,96,76,0.00,0.0,0
1962-08-22,96,76,0.00,0.0,0
1962-08-23,99,78,0.00,0.0,0
1962-08-24,101,72,1.80,0.0,0
1962-08-25,88,72,T,0.0,0
1962-08-26,90,64,0.00,0.0,0
1962-08-27,89,69,0.00,0.0,0
1962-08-28,93,73,0.00,0.0,0
1962-08-29,92,74,0.00,0.0,0
1962-08-30,97,72,0.00,0.0,0
1962-08-31,97,74,0.00,0.0,0
1962-09-01,83,70,1.17,0.0,0
1962-09-02,91,75,0.08,0.0,0
1962-09-03,93,76,0.00,0.0,0
1962-09-04,95,76,0.56,0.0,0
1962-09-05,76,71,0.21,0.0,0
1962-09-06,78,68,0.91,0.0,0
1962-09-07,78,68,2.45,0.0,0
1962-09-08,89,70,0.40,0.0,0
1962-09-09,89,62,0.00,0.0,0
1962-09-10,79,60,0.00,0.0,0
1962-09-11,88,67,0.00,0.0,0
1962-09-12,93,75,0.00,0.0,0
1962-09-13,93,77,0.00,0.0,0
1962-09-14,95,78,0.00,0.0,0
1962-09-15,92,75,0.00,0.0,0
1962-09-16,91,70,0.00,0.0,0
1962-09-17,89,75,T,0.0,0
1962-09-18,88,68,0.00,0.0,0
1962-09-19,89,67,0.00,0.0,0
1962-09-20,84,69,0.00,0.0,0
1962-09-21,82,61,0.00,0.0,0
1962-09-22,88,65,0.00,0.0,0
1962-09-23,87,66,0.00,0.0,0
1962-09-24,89,69,0.00,0.0,0
1962-09-25,80,64,0.46,0.0,0
1962-09-26,77,62,0.00,0.0,0
1962-09-27,82,56,0.00,0.0,0
1962-09-28,83,60,0.00,0.0,0
1962-09-29,81,61,0.00,0.0,0
1962-09-30,86,65,0.03,0.0,0
1962-10-01,76,55,0.00,0.0,0
1962-10-02,79,51,0.00,0.0,0
1962-10-03,81,54,0.00,0.0,0
1962-10-04,88,62,0.00,0.0,0
1962-10-05,89,66,0.00,0.0,0
1962-10-06,91,72,0.00,0.0,0
1962-10-07,92,76,0.00,0.0,0
1962-10-08,80,67,4.92,0.0,0
1962-10-09,83,64,0.00,0.0,0
1962-10-10,90,72,0.00,0.0,0
1962-10-11,91,76,0.00,0.0,0
1962-10-12,89,76,0.00,0.0,0
1962-10-13,84,74,0.06,0.0,0
1962-10-14,81,74,0.01,0.0,0
1962-10-15,90,74,0.00,0.0,0
1962-10-16,85,68,0.00,0.0,0
1962-10-17,78,67,T,0.0,0
1962-10-18,79,62,0.00,0.0,0
1962-10-19,82,62,0.00,0.0,0
1962-10-20,86,62,T,0.0,0
1962-10-21,75,56,0.00,0.0,0
1962-10-22,83,52,0.00,0.0,0
1962-10-23,74,54,0.00,0.0,0
1962-10-24,70,46,0.00,0.0,0
1962-10-25,63,47,0.00,0.0,0
1962-10-26,75,49,0.00,0.0,0
1962-10-27,82,59,T,0.0,0
1962-10-28,71,59,2.30,0.0,0
1962-10-29,64,55,0.00,0.0,0
1962-10-30,72,49,0.00,0.0,0
1962-10-31,65,43,0.00,0.0,0
1962-11-01,67,46,0.00,0.0,0
1962-11-02,62,45,0.00,0.0,0
1962-11-03,56,43,0.00,0.0,0
1962-11-04,69,36,0.00,0.0,0
1962-11-05,76,45,0.00,0.0,0
1962-11-06,74,59,0.24,0.0,0
1962-11-07,63,49,0.95,0.0,0
1962-11-08,61,40,0.00,0.0,0
1962-11-09,71,38,0.00,0.0,0
1962-11-10,82,47,0.00,0.0,0
1962-11-11,74,54,0.00,0.0,0
1962-11-12,68,43,0.00,0.0,0
1962-11-13,70,38,0.00,0.0,0
1962-11-14,74,41,0.00,0.0,0
1962-11-15,78,53,0.00,0.0,0
1962-11-16,69,46,0.00,0.0,0
1962-11-17,46,41,0.14,0.0,0
1962-11-18,44,40,0.00,0.0,0
1962-11-19,46,43,0.07,0.0,0
1962-11-20,49,45,0.60,0.0,0
1962-11-21,66,42,T,0.0,0
1962-11-22,65,44,0.00,0.0,0
1962-11-23,67,45,T,0.0,0
1962-11-24,67,59,0.46,0.0,0
1962-11-25,63,61,0.01,0.0,0
1962-11-26,61,53,3.23,0.0,0
1962-11-27,59,54,0.02,0.0,0
1962-11-28,63,49,T,0.0,0
1962-11-29,66,42,0.00,0.0,0
1962-11-30,64,57,0.00,0.0,0
1962-12-01,64,57,T,0.0,0
1962-12-02,66,57,0.35,0.0,0
1962-12-03,69,53,0.00,0.0,0
1962-12-04,64,48,0.00,0.0,0
1962-12-05,54,39,0.00,0.0,0
1962-12-06,65,34,0.00,0.0,0
1962-12-07,64,41,0.00,0.0,0
1962-12-08,58,36,0.00,0.0,0
1962-12-09,52,34,0.00,0.0,0
1962-12-10,66,33,0.00,0.0,0
1962-12-11,53,24,0.00,0.0,0
1962-12-12,30,19,0.00,0.0,0
1962-12-13,51,24,0.00,0.0,0
1962-12-14,64,32,0.00,0.0,0
1962-12-15,68,42,0.00,0.0,0
1962-12-16,68,39,0.00,0.0,0
1962-12-17,72,42,0.00,0.0,0
1962-12-18,65,51,T,0.0,0
1962-12-19,67,57,0.00,0.0,0
1962-12-20,68,46,0.54,0.0,0
1962-12-21,50,39,0.00,0.0,0
1962-12-22,60,34,0.00,0.0,0
1962-12-23,51,34,T,T,0
1962-12-24,41,36,0.23,T,0
1962-12-25,46,33,0.01,0.0,0
1962-12-26,40,27,0.00,0.0,0
1962-12-27,50,31,0.00,0.0,0
1962-12-28,47,42,0.16,0.0,0
1962-12-29,50,38,T,0.0,0
1962-12-30,55,33,0.00,0.0,0
1962-12-31,59,35,0.00,0.0,0
1963-01-01,60,43,0.00,0.0,0
1963-01-02,60,40,0.00,0.0,0
1963-01-03,58,33,0.00,0.0,0
1963-01-04,56,50,0.35,0.0,0
1963-01-05,55,44,T,0.0,0
1963-01-06,53,35,0.00,0.0,0
1963-01-07,57,34,0.00,0.0,0
1963-01-08,68,37,0.00,0.0,0
1963-01-09,74,42,0.00,0.0,0
1963-01-10,76,37,0.00,0.0,0
1963-01-11,37,17,0.04,0.0,T
1963-01-12,18,11,T,T,T
1963-01-13,30,12,0.00,0.0,0
1963-01-14,42,15,0.00,0.0,0
1963-01-15,49,24,0.00,0.0,0
1963-01-16,53,26,0.00,0.0,0
1963-01-17,57,45,0.00,0.0,0
1963-01-18,65,46,T,0.0,0
1963-01-19,52,12,0.10,0.7,T
1963-01-20,39,12,0.00,0.0,1
1963-01-21,57,24,0.00,0.0,T
1963-01-22,68,23,0.00,0.0,0
1963-01-23,23,12,T,T,T
1963-01-24,32,8,0.00,0.0,0
1963-01-25,38,21,T,0.0,0
1963-01-26,37,22,T,T,0
1963-01-27,30,12,0.00,0.0,0
1963-01-28,36,18,0.00,0.0,0
1963-01-29,40,33,T,0.0,0
1963-01-30,40,31,T,0.0,0
1963-01-31,53,36,0.00,0.0,0
1963-02-01,87,46,0.00,0.0,0
1963-02-02,67,32,T,0.0,0
1963-02-03,50,21,0.00,0.0,0
1963-02-04,68,35,0.00,0.0,0
1963-02-05,74,36,0.00,0.0,0
1963-02-06,78,39,0.00,0.0,0
1963-02-07,69,38,0.00,0.0,0
1963-02-08,56,36,0.00,0.0,0
1963-02-09,58,36,0.00,0.0,0
1963-02-10,55,38,0.03,0.0,0
1963-02-11,38,23,T,T,T
1963-02-12,41,19,0.00,0.0,0
1963-02-13,59,25,0.00,0.0,0
1963-02-14,56,28,0.00,0.0,0
1963-02-15,55,33,0.00,0.0,0
1963-02-16,48,33,0.05,T,0
1963-02-17,59,34,0.00,0.0,0
1963-02-18,51,38,0.00,0.0,0
1963-02-19,56,37,0.02,0.0,0
1963-02-20,76,34,0.00,0.0,0
1963-02-21,49,27,0.00,0.0,0
1963-02-22,45,19,0.00,0.0,0
1963-02-23,48,38,T,0.0,0
1963-02-24,72,31,0.00,0.0,0
1963-02-25,73,40,0.00,0.0,0
1963-02-26,65,32,0.00,0.0,0
1963-02-27,79,47,0.00,0.0,0
1963-02-28,63,39,0.20,0.0,0
1963-03-01,64,33,T,T,0
1963-03-02,75,45,0.00,0.0,0
1963-03-03,73,45,T,0.0,0
1963-03-04,84,46,T,0.0,0
1963-03-05,53,36,0.01,T,T
1963-03-06,64,30,0.00,0.0,0
1963-03-07,69,35,0.00,0.0,0
1963-03-08,71,46,0.45,0.0,0
1963-03-09,66,47,0.00,0.0,0
1963-03-10,73,44,0.06,0.0,0
1963-03-11,79,56,0.00,0.0,0
1963-03-12,81,53,0.00,0.0,0
1963-03-13,63,43,0.00,0.0,0
1963-03-14,63,41,0.00,0.0,0
1963-03-15,55,48,0.14,0.0,0
1963-03-16,77,54,T,0.0,0
1963-03-17,81,55,0.00,0.0,0
1963-03-18,86,70,T,0.0,0
1963-03-19,73,54,T,0.0,0
1963-03-20,72,43,0.00,0.0,0
1963-03-21,69,47,0.00,0.0,0
1963-03-22,70,46,0.00,0.0,0
1963-03-23,76,42,0.00,0.0,0
1963-03-24,79,63,0.00,0.0,0
1963-03-25,84,58,T,0.0,0
1963-03-26,73,46,0.00,0.0,0
1963-03-27,84,44,0.00,0.0,0
1963-03-28,86,58,0.00,0.0,0
1963-03-29,84,68,0.00,0.0,0
1963-03-30,87,68,0.00,0.0,0
1963-03-31,86,66,T,0.0,0
1963-04-01,84,64,0.00,0.0,0
1963-04-02,85,64,0.00,0.0,0
1963-04-03,76,62,T,0.0,0
1963-04-04,65,53,0.07,0.0,0
1963-04-05,53,50,0.56,0.0,0
1963-04-06,67,50,0.06,0.0,0
1963-04-07,77,47,0.00,0.0,0
1963-04-08,88,57,0.00,0.0,0
1963-04-09,97,64,0.00,0.0,0
1963-04-10,99,63,0.00,0.0,0
1963-04-11,83,62,0.00,0.0,0
1963-04-12,81,55,0.00,0.0,0
1963-04-13,85,55,0.00,0.0,0
1963-04-14,91,60,0.00,0.0,0
1963-04-15,88,64,0.00,0.0,0
1963-04-16,84,70,T,0.0,0
1963-04-17,87,68,0.00,0.0,0
1963-04-18,87,71,0.00,0.0,0
1963-04-19,83,60,0.11,0.0,0
1963-04-20,92,54,0.00,0.0,0
1963-04-21,92,70,0.00,0.0,0
1963-04-22,93,70,0.13,0.0,0
1963-04-23,76,63,0.00,0.0,0
1963-04-24,75,54,0.95,0.0,0
1963-04-25,83,64,0.00,0.0,0
1963-04-26,78,65,0.92,0.0,0
1963-04-27,73,66,1.17,0.0,0
1963-04-28,78,61,2.39,0.0,0
1963-04-29,80,62,0.00,0.0,0
1963-04-30,73,54,0.00,0.0,0
1963-05-01,66,49,0.00,0.0,0
1963-05-02,75,53,0.15,0.0,0
1963-05-03,84,66,0.00,0.0,0
1963-05-04,88,68,0.00,0.0,0
1963-05-05,81,65,0.29,0.0,0
1963-05-06,74,66,0.42,0.0,0
1963-05-07,83,62,0.00,0.0,0
1963-05-08,86,66,0.00,0.0,0
1963-05-09,89,71,0.00,0.0,0
1963-05-10,95,71,0.00,0.0,0
1963-05-11,91,73,0.00,0.0,0
1963-05-12,89,68,0.00,0.0,0
1963-05-13,90,71,0.00,0.0,0
1963-05-14,91,70,0.00,0.0,0
1963-05-15,91,71,0.00,0.0,0
1963-05-16,91,72,0.00,0.0,0
1963-05-17,91,74,0.00,0.0,0
1963-05-18,88,65,0.00,0.0,0
1963-05-19,88,68,0.04,0.0,0
1963-05-20,73,60,0.00,0.0,0
1963-05-21,80,65,0.00,0.0,0
1963-05-22,71,56,0.04,0.0,0
1963-05-23,72,54,0.00,0.0,0
1963-05-24,84,63,0.00,0.0,0
1963-05-25,87,73,0.00,0.0,0
1963-05-26,93,73,0.00,0.0,0
1963-05-27,97,70,T,0.0,0
1963-05-28,86,66,0.41,0.0,0
1963-05-29,90,68,0.00,0.0,0
1963-05-30,80,68,0.59,0.0,0
1963-05-31,86,70,0.00,0.0,0
1963-06-01,87,71,0.00,0.0,0
1963-06-02,87,70,0.00,0.0,0
1963-06-03,90,73,0.00,0.0,0
1963-06-04,92,70,0.00,0.0,0
1963-06-05,90,74,0.00,0.0,0
1963-06-06,93,75,0.00,0.0,0
1963-06-07,94,75,0.00,0.0,0
1963-06-08,96,76,0.00,0.0,0
1963-06-09,93,76,0.00,0.0,0
1963-06-10,98,76,0.00,0.0,0
1963-06-11,95,74,0.00,0.0,0
1963-06-12,95,76,0.00,0.0,0
1963-06-13,98,81,0.00,0.0,0
1963-06-14,99,77,0.00,0.0,0
1963-06-15,99,78,0.00,0.0,0
1963-06-16,87,71,1.18,0.0,0
1963-06-17,81,68,0.00,0.0,0
1963-06-18,87,71,0.00,0.0,0
1963-06-19,93,75,0.02,0.0,0
1963-06-20,91,72,0.00,0.0,0
1963-06-21,92,71,0.00,0.0,0
1963-06-22,92,74,0.00,0.0,0
1963-06-23,93,75,0.00,0.0,0
1963-06-24,93,74,0.00,0.0,0
1963-06-25,93,72,0.00,0.0,0
1963-06-26,94,76,T,0.0,0
1963-06-27,93,73,0.00,0.0,0
1963-06-28,94,75,0.00,0.0,0
1963-06-29,96,74,0.00,0.0,0
1963-06-30,95,74,0.28,0.0,0
1963-07-01,94,71,0.00,0.0,0
1963-07-02,93,73,0.00,0.0,0
1963-07-03,96,74,0.00,0.0,0
1963-07-04,97,78,0.00,0.0,0
1963-07-05,94,77,T,0.0,0
1963-07-06,96,78,0.00,0.0,0
1963-07-07,99,79,0.00,0.0,0
1963-07-08,101,81,0.10,0.0,0
1963-07-09,101,80,0.00,0.0,0
1963-07-10,99,78,T,0.0,0
1963-07-11,89,80,T,0.0,0
1963-07-12,99,79,0.00,0.0,0
1963-07-13,100,78,0.00,0.0,0
1963-07-14,90,73,1.60,0.0,0
1963-07-15,96,72,0.00,0.0,0
1963-07-16,100,79,0.00,0.0,0
1963-07-17,99,78,0.00,0.0,0
1963-07-18,98,79,0.00,0.0,0
1963-07-19,98,79,0.00,0.0,0
1963-07-20,98,80,0.00,0.0,0
1963-07-21,103,81,0.00,0.0,0
1963-07-22,103,81,0.00,0.0,0
1963-07-23,102,82,0.00,0.0,0
1963-07-24,103,83,0.00,0.0,0
1963-07-25,93,75,T,0.0,0
1963-07-26,87,74,0.01,0.0,0
1963-07-27,98,76,T,0.0,0
1963-07-28,97,76,0.00,0.0,0
1963-07-29,99,77,T,0.0,0
1963-07-30,98,79,0.00,0.0,0
1963-07-31,101,79,0.00,0.0,0
1963-08-01,100,77,0.00,0.0,0
1963-08-02,99,79,0.00,0.0,0
1963-08-03,97,78,0.00,0.0,0
1963-08-04,99,80,0.00,0.0,0
1963-08-05,101,80,0.00,0.0,0
1963-08-06,100,82,0.00,0.0,0
1963-08-07,101,81,0.00,0.0,0
1963-08-08,100,82,0.00,0.0,0
1963-08-09,99,77,0.00,0.0,0
1963-08-10,100,83,T,0.0,0
1963-08-11,101,81,0.00,0.0,0
1963-08-12,100,80,0.00,0.0,0
1963-08-13,102,77,T,0.0,0
1963-08-14,94,75,0.00,0.0,0
1963-08-15,92,71,0.00,0.0,0
1963-08-16,94,71,0.00,0.0,0
1963-08-17,98,72,0.00,0.0,0
1963-08-18,98,76,0.00,0.0,0
1963-08-19,97,76,0.00,0.0,0
1963-08-20,96,74,0.00,0.0,0
1963-08-21,98,74,0.00,0.0,0
1963-08-22,99,75,0.00,0.0,0
1963-08-23,101,80,0.00,0.0,0
1963-08-24,102,80,0.00,0.0,0
1963-08-25,101,81,0.00,0.0,0
1963-08-26,103,80,0.00,0.0,0
1963-08-27,103,80,0.00,0.0,0
1963-08-28,103,83,0.00,0.0,0
1963-08-29,101,81,0.00,0.0,0
1963-08-30,95,77,0.00,0.0,0
1963-08-31,90,74,0.02,0.0,0
1963-09-01,94,74,0.00,0.0,0
1963-09-02,97,78,0.00,0.0,0
1963-09-03,99,80,0.00,0.0,0
1963-09-04,100,82,0.00,0.0,0
1963-09-05,103,77,0.01,0.0,0
1963-09-06,101,74,0.00,0.0,0
1963-09-07,103,75,0.75,0.0,0
1963-09-08,93,72,0.00,0.0,0
1963-09-09,96,71,0.00,0.0,0
1963-09-10,98,74,0.00,0.0,0
1963-09-11,99,79,0.00,0.0,0
1963-09-12,85,72,0.18,0.0,0
1963-09-13,89,72,T,0.0,0
1963-09-14,86,72,0.00,0.0,0
1963-09-15,89,72,T,0.0,0
1963-09-16,84,74,0.00,0.0,0
1963-09-17,82,73,T,0.0,0
1963-09-18,89,73,T,0.0,0
1963-09-19,90,73,0.00,0.0,0
1963-09-20,90,65,0.00,0.0,0
1963-09-21,91,64,0.00,0.0,0
1963-09-22,90,66,0.00,0.0,0
1963-09-23,88,63,0.00,0.0,0
1963-09-24,87,63,0.00,0.0,0
1963-09-25,82,61,0.00,0.0,0
1963-09-26,84,59,0.00,0.0,0
1963-09-27,83,58,T,0.0,0
1963-09-28,86,57,0.00,0.0,0
1963-09-29,76,57,0.00,0.0,0
1963-09-30,78,47,0.00,0.0,0
1963-10-01,82,53,0.00,0.0,0
1963-10-02,86,54,0.00,0.0,0
1963-10-03,90,56,0.00,0.0,0
1963-10-04,93,59,0.00,0.0,0
1963-10-05,94,59,0.00,0.0,0
1963-10-06,93,63,0.00,0.0,0
1963-10-07,94,64,0.00,0.0,0
1963-10-08,94,56,0.00,0.0,0
1963-10-09,93,59,0.00,0.0,0
1963-10-10,91,59,0.00,0.0,0
1963-10-11,92,56,0.00,0.0,0
1963-10-12,91,62,0.00,0.0,0
1963-10-13,92,63,0.00,0.0,0
1963-10-14,87,64,0.00,0.0,0
1963-10-15,88,66,0.00,0.0,0
1963-10-16,86,67,0.00,0.0,0
1963-10-17,84,64,0.00,0.0,0
1963-10-18,85,63,0.00,0.0,0
1963-10-19,82,62,T,0.0,0
1963-10-20,84,68,0.00,0.0,0
1963-10-21,84,64,0.00,0.0,0
1963-10-22,84,62,0.00,0.0,0
1963-10-23,81,67,T,0.0,0
1963-10-24,82,65,T,0.0,0
1963-10-25,82,62,0.00,0.0,0
1963-10-26,83,60,0.00,0.0,0
1963-10-27,84,59,0.00,0.0,0
1963-10-28,75,57,0.00,0.0,0
1963-10-29,70,45,0.00,0.0,0
1963-10-30,80,53,0.00,0.0,0
1963-10-31,83,55,0.01,0.0,0
1963-11-01,61,41,0.23,0.0,0
1963-11-02,66,34,0.00,0.0,0
1963-11-03,64,49,0.04,0.0,0
1963-11-04,83,62,0.00,0.0,0
1963-11-05,82,57,0.00,0.0,0
1963-11-06,81,47,0.00,0.0,0
1963-11-07,85,53,0.00,0.0,0
1963-11-08,75,55,T,0.0,0
1963-11-09,74,54,0.00,0.0,0
1963-11-10,80,47,0.00,0.0,0
1963-11-11,77,47,0.00,0.0,0
1963-11-12,66,45,T,0.0,0
1963-11-13,60,37,0.00,0.0,0
1963-11-14,60,34,0.00,0.0,0
1963-11-15,70,53,0.00,0.0,0
1963-11-16,80,64,0.00,0.0,0
1963-11-17,75,54,0.00,0.0,0
1963-11-18,62,50,0.04,0.0,0
1963-11-19,66,50,1.03,0.0,0
1963-11-20,68,46,0.00,0.0,0
1963-11-21,74,55,T,0.0,0
1963-11-22,69,41,0.06,0.0,0
1963-11-23,52,36,0.00,0.0,0
1963-11-24,56,28,0.00,0.0,0
1963-11-25,63,36,0.00,0.0,0
1963-11-26,55,38,0.00,0.0,0
1963-11-27,58,36,0.09,0.0,0
1963-11-28,65,48,0.31,0.0,0
1963-11-29,59,37,0.00,0.0,0
1963-11-30,66,36,0.00,0.0,0
1963-12-01,67,43,0.00,0.0,0
1963-12-02,57,38,0.00,0.0,0
1963-12-03,68,33,0.00,0.0,0
1963-12-04,64,34,0.00,0.0,0
1963-12-05,65,35,0.00,0.0,0
1963-12-06,61,43,T,0.0,0
1963-12-07,66,43,0.00,0.0,0
1963-12-08,55,37,0.00,0.0,0
1963-12-09,56,30,0.00,0.0,0
1963-12-10,55,47,1.22,0.0,0
1963-12-11,47,26,0.18,0.0,0
1963-12-12,35,25,0.07,0.1,T
1963-12-13,37,31,0.01,T,0
1963-12-14,37,24,0.00,0.0,T
1963-12-15,43,22,0.00,0.0,0
1963-12-16,45,26,0.00,0.0,0
1963-12-17,47,39,0.00,0.0,0
1963-12-18,45,28,0.00,0.0,0
1963-12-19,38,29,T,0.0,0
1963-12-20,37,31,0.12,T,0
1963-12-21,33,27,0.02,0.2,T
1963-12-22,28,17,0.19,1.9,2
1963-12-23,31,10,0.00,0.0,1
1963-12-24,55,22,0.00,0.0,T
1963-12-25,68,31,0.00,0.0,0
1963-12-26,65,42,0.00,0.0,0
1963-12-27,59,33,0.00,0.0,0
1963-12-28,54,33,0.00,0.0,0
1963-12-29,46,28,0.00,0.0,0
1963-12-30,43,30,T,T,T
1963-12-31,46,25,0.00,0.0,0
1964-01-01,58,30,0.00,0.0,0
1964-01-02,73,33,0.00,0.0,0
1964-01-03,65,42,0.00,0.0,0
1964-01-04,56,33,0.00,0.0,0
1964-01-05,61,30,0.00,0.0,0
1964-01-06,55,32,0.00,0.0,0
1964-01-07,64,30,0.00,0.0,0
1964-01-08,68,39,T,0.0,0
1964-01-09,46,30,0.00,0.0,0
1964-01-10,54,28,0.00,0.0,0
1964-01-11,55,31,0.00,0.0,0
1964-01-12,31,20,0.00,0.0,0
1964-01-13,32,12,0.00,0.0,0
1964-01-14,41,11,0.00,0.0,0
1964-01-15,39,23,0.68,6.0,0
1964-01-16,35,27,1.09,1.4,6
1964-01-17,46,20,0.00,0.0,5
1964-01-18,60,33,0.00,0.0,3
1964-01-19,72,40,0.00,0.0,T
1964-01-20,69,35,0.00,0.0,0
1964-01-21,67,45,0.00,0.0,0
1964-01-22,77,57,0.00,0.0,0
1964-01-23,71,56,0.00,0.0,0
1964-01-24,63,40,0.00,0.0,0
1964-01-25,60,34,0.00,0.0,0
1964-01-26,68,32,0.00,0.0,0
1964-01-27,65,41,0.00,0.0,0
1964-01-28,61,33,0.00,0.0,0
1964-01-29,51,45,0.61,0.0,0
1964-01-30,49,44,0.89,0.0,0
1964-01-31,54,43,0.00,0.0,0
1964-02-01,62,34,0.00,0.0,0
1964-02-02,65,43,0.00,0.0,0
1964-02-03,60,49,0.07,0.0,0
1964-02-04,54,42,0.53,0.0,0
1964-02-05,44,37,T,0.0,0
1964-02-06,52,35,0.00,0.0,0
1964-02-07,48,31,0.00,0.0,0
1964-02-08,63,29,0.00,0.0,0
1964-02-09,67,32,0.00,0.0,0
1964-02-10,66,36,0.00,0.0,0
1964-02-11,56,36,0.00,0.0,0
1964-02-12,60,45,0.45,0.0,0
1964-02-13,47,36,0.05,0.0,0
1964-02-14,50,31,0.04,0.0,0
1964-02-15,51,35,T,0.0,0
1964-02-16,54,28,0.00,0.0,0
1964-02-17,47,35,0.08,0.0,0
1964-02-18,60,36,0.00,0.0,0
1964-02-19,54,35,0.00,0.0,0
1964-02-20,52,31,0.03,0.3,0
1964-02-21,45,31,T,T,T
1964-02-22,53,25,0.00,0.0,0
1964-02-23,61,33,0.00,0.0,0
1964-02-24,54,32,0.00,0.0,0
1964-02-25,63,38,0.00,0.0,0
1964-02-26,46,31,0.00,0.0,0
1964-02-27,55,32,0.00,0.0,0
1964-02-28,56,30,0.00,0.0,0
1964-02-29,56,35,T,0.0,0
1964-03-01,71,53,0.04,0.0,0
1964-03-02,75,54,0.21,0.0,0
1964-03-03,75,50,0.00,0.0,0
1964-03-04,63,40,0.27,0.0,0
1964-03-05,67,35,0.00,0.0,0
1964-03-06,72,52,0.00,0.0,0
1964-03-07,69,62,0.05,0.0,0
1964-03-08,77,44,1.73,0.0,0
1964-03-09,44,33,0.57,T,0
1964-03-10,64,31,0.00,0.0,0
1964-03-11,64,45,0.00,0.0,0
1964-03-12,71,36,0.00,0.0,0
1964-03-13,73,53,0.00,0.0,0
1964-03-14,69,49,0.00,0.0,0
1964-03-15,68,40,0.00,0.0,0
1964-03-16,74,46,0.00,0.0,0
1964-03-17,76,45,0.00,0.0,0
1964-03-18,69,52,0.55,0.0,0
1964-03-19,69,52,1.11,0.0,0
1964-03-20,56,38,0.00,0.0,0
1964-03-21,54,33,0.00,0.0,0
1964-03-22,69,39,0.00,0.0,0
1964-03-23,69,54,0.00,0.0,0
1964-03-24,77,62,T,0.0,0
1964-03-25,71,34,0.00,0.0,0
1964-03-26,56,29,0.00,0.0,0
1964-03-27,74,45,0.00,0.0,0
1964-03-28,70,51,T,0.0,0
1964-03-29,70,42,0.00,0.0,0
1964-03-30,65,42,0.00,0.0,0
1964-03-31,79,50,0.00,0.0,0
1964-04-01,75,60,T,0.0,0
1964-04-02,86,67,T,0.0,0
1964-04-03,89,70,T,0.0,0
1964-04-04,73,69,0.04,0.0,0
1964-04-05,73,53,0.71,0.0,0
1964-04-06,83,57,0.00,0.0,0
1964-04-07,71,51,0.00,0.0,0
1964-04-08,60,42,0.00,0.0,0
1964-04-09,70,37,0.00,0.0,0
1964-04-10,77,45,0.00,0.0,0
1964-04-11,79,53,T,0.0,0
1964-04-12,87,59,0.20,0.0,0
1964-04-13,72,47,0.00,0.0,0
1964-04-14,78,46,0.00,0.0,0
1964-04-15,85,48,0.00,0.0,0
1964-04-16,73,58,T,0.0,0
1964-04-17,83,62,T,0.0,0
1964-04-18,81,68,0.01,0.0,0
1964-04-19,84,69,0.00,0.0,0
1964-04-20,81,70,T,0.0,0
1964-04-21,74,65,0.99,0.0,0
1964-04-22,82,65,0.02,0.0,0
1964-04-23,85,70,T,0.0,0
1964-04-24,88,70,0.07,0.0,0
1964-04-25,84,65,0.01,0.0,0
1964-04-26,80,66,1.18,0.0,0
1964-04-27,82,60,0.00,0.0,0
1964-04-28,78,57,0.00,0.0,0
1964-04-29,73,56,0.00,0.0,0
1964-04-30,77,54,0.00,0.0,0
1964-05-01,79,61,0.53,0.0,0
1964-05-02,86,58,T,0.0,0
1964-05-03,90,67,0.00,0.0,0
1964-05-04,81,66,T,0.0,0
1964-05-05,76,69,T,0.0,0
1964-05-06,76,69,0.15,0.0,0
1964-05-07,77,70,0.01,0.0,0
1964-05-08,80,68,0.59,0.0,0
1964-05-09,80,69,T,0.0,0
1964-05-10,87,69,0.03,0.0,0
1964-05-11,82,70,0.00,0.0,0
1964-05-12,79,60,0.02,0.0,0
1964-05-13,81,52,0.00,0.0,0
1964-05-14,85,57,0.00,0.0,0
1964-05-15,85,68,0.00,0.0,0
1964-05-16,86,64,0.00,0.0,0
1964-05-17,86,67,0.00,0.0,0
1964-05-18,88,64,0.00,0.0,0
1964-05-19,87,67,0.00,0.0,0
1964-05-20,89,64,0.00,0.0,0
1964-05-21,89,69,0.00,0.0,0
1964-05-22,85,73,0.00,0.0,0
1964-05-23,88,70,0.00,0.0,0
1964-05-24,91,72,0.00,0.0,0
1964-05-25,89,71,0.00,0.0,0
1964-05-26,93,71,0.00,0.0,0
1964-05-27,90,73,T,0.0,0
1964-05-28,82,66,0.00,0.0,0
1964-05-29,76,61,1.44,0.0,0
1964-05-30,79,60,0.59,0.0,0
1964-05-31,68,57,0.03,0.0,0
1964-06-01,77,53,0.00,0.0,0
1964-06-02,81,59,0.00,0.0,0
1964-06-03,85,62,0.00,0.0,0
1964-06-04,87,68,T,0.0,0
1964-06-05,83,65,0.07,0.0,0
1964-06-06,92,65,0.00,0.0,0
1964-06-07,96,75,0.00,0.0,0
1964-06-08,95,75,0.00,0.0,0
1964-06-09,95,79,0.00,0.0,0
1964-06-10,96,77,0.00,0.0,0
1964-06-11,94,75,0.00,0.0,0
1964-06-12,95,78,T,0.0,0
1964-06-13,95,76,0.00,0.0,0
1964-06-14,95,75,T,0.0,0
1964-06-15,84,73,0.01,0.0,0
1964-06-16,81,73,0.22,0.0,0
1964-06-17,91,74,0.00,0.0,0
1964-06-18,92,77,0.00,0.0,0
1964-06-19,95,77,0.00,0.0,0
1964-06-20,97,77,0.00,0.0,0
1964-06-21,96,76,0.00,0.0,0
1964-06-22,96,76,0.00,0.0,0
1964-06-23,95,77,0.00,0.0,0
1964-06-24,90,71,0.00,0.0,0
1964-06-25,93,65,0.00,0.0,0
1964-06-26,93,70,0.00,0.0,0
1964-06-27,94,68,0.00,0.0,0
1964-06-28,95,74,0.00,0.0,0
1964-06-29,95,75,0.00,0.0,0
1964-06-30,96,75,0.00,0.0,0
1964-07-01,95,74,0.00,0.0,0
1964-07-02,96,76,0.00,0.0,0
1964-07-03,97,76,0.00,0.0,0
1964-07-04,100,74,0.00,0.0,0
1964-07-05,101,79,0.00,0.0,0
1964-07-06,100,80,0.00,0.0,0
1964-07-07,102,81,0.00,0.0,0
1964-07-08,104,82,0.00,0.0,0
1964-07-09,103,81,0.00,0.0,0
1964-07-10,102,82,0.00,0.0,0
1964-07-11,104,82,0.00,0.0,0
1964-07-12,95,74,0.00,0.0,0
1964-07-13,91,66,0.00,0.0,0
1964-07-14,98,70,0.00,0.0,0
1964-07-15,96,76,0.00,0.0,0
1964-07-16,95,77,0.00,0.0,0
1964-07-17,96,76,0.00,0.0,0
1964-07-18,98,76,0.00,0.0,0
1964-07-19,97,75,0.00,0.0,0
1964-07-20,96,74,0.00,0.0,0
1964-07-21,100,81,0.00,0.0,0
1964-07-22,101,81,0.00,0.0,0
1964-07-23,102,81,0.00,0.0,0
1964-07-24,105,81,0.00,0.0,0
1964-07-25,104,81,0.10,0.0,0
1964-07-26,104,78,0.00,0.0,0
1964-07-27,100,80,0.00,0.0,0
1964-07-28,101,78,0.00,0.0,0
1964-07-29,101,75,0.07,0.0,0
1964-07-30,97,75,0.02,0.0,0
1964-07-31,98,75,0.00,0.0,0
1964-08-01,99,77,0.00,0.0,0
1964-08-02,100,79,0.00,0.0,0
1964-08-03,101,81,0.00,0.0,0
1964-08-04,102,81,0.00,0.0,0
1964-08-05,107,81,0.00,0.0,0
1964-08-06,104,82,0.00,0.0,0
1964-08-07,102,80,0.00,0.0,0
1964-08-08,99,78,0.00,0.0,0
1964-08-09,101,77,0.00,0.0,0
1964-08-10,104,82,0.00,0.0,0
1964-08-11,106,82,0.00,0.0,0
1964-08-12,88,77,T,0.0,0
1964-08-13,94,76,0.00,0.0,0
1964-08-14,99,76,0.00,0.0,0
1964-08-15,87,70,2.48,0.0,0
1964-08-16,84,70,0.55,0.0,0
1964-08-17,83,72,0.42,0.0,0
1964-08-18,90,72,0.06,0.0,0
1964-08-19,98,75,0.00,0.0,0
1964-08-20,98,76,0.00,0.0,0
1964-08-21,97,76,0.04,0.0,0
1964-08-22,81,74,0.05,0.0,0
1964-08-23,87,71,T,0.0,0
1964-08-24,89,73,0.03,0.0,0
1964-08-25,93,74,T,0.0,0
1964-08-26,94,75,0.00,0.0,0
1964-08-27,96,75,T,0.0,0
1964-08-28,93,77,T,0.0,0
1964-08-29,95,79,0.00,0.0,0
1964-08-30,97,79,0.00,0.0,0
1964-08-31,98,79,0.00,0.0,0
1964-09-01,97,76,0.00,0.0,0
1964-09-02,97,78,0.00,0.0,0
1964-09-03,97,79,T,0.0,0
1964-09-04,96,78,0.00,0.0,0
1964-09-05,95,76,T,0.0,0
1964-09-06,93,73,0.00,0.0,0
1964-09-07,93,74,0.00,0.0,0
1964-09-08,94,73,0.00,0.0,0
1964-09-09,93,76,0.00,0.0,0
1964-09-10,96,76,0.00,0.0,0
1964-09-11,95,73,T,0.0,0
1964-09-12,85,65,T,0.0,0
1964-09-13,84,61,0.00,0.0,0
1964-09-14,85,62,0.00,0.0,0
1964-09-15,88,68,T,0.0,0
1964-09-16,80,65,1.49,0.0,0
1964-09-17,82,65,0.00,0.0,0
1964-09-18,89,66,0.00,0.0,0
1964-09-19,89,72,0.00,0.0,0
1964-09-20,78,69,2.17,0.0,0
1964-09-21,82,70,3.25,0.0,0
1964-09-22,85,70,2.15,0.0,0
1964-09-23,80,69,0.22,0.0,0
1964-09-24,78,67,T,0.0,0
1964-09-25,81,63,0.00,0.0,0
1964-09-26,81,65,0.35,0.0,0
1964-09-27,75,56,1.04,0.0,0
1964-09-28,65,55,T,0.0,0
1964-09-29,72,57,0.00,0.0,0
1964-09-30,70,58,0.00,0.0,0
1964-10-01,72,64,0.00,0.0,0
1964-10-02,82,59,0.00,0.0,0
1964-10-03,81,58,0.00,0.0,0
1964-10-04,76,58,0.00,0.0,0
1964-10-05,68,47,0.00,0.0,0
1964-10-06,70,45,0.00,0.0,0
1964-10-07,74,51,0.00,0.0,0
1964-10-08,76,52,0.00,0.0,0
1964-10-09,70,49,0.00,0.0,0
1964-10-10,70,46,0.00,0.0,0
1964-10-11,76,51,0.00,0.0,0
1964-10-12,71,55,0.07,0.0,0
1964-10-13,73,50,0.00,0.0,0
1964-10-14,72,50,0.00,0.0,0
1964-10-15,75,49,0.00,0.0,0
1964-10-16,86,55,0.00,0.0,0
1964-10-17,89,61,0.00,0.0,0
1964-10-18,71,59,0.02,0.0,0
1964-10-19,67,46,0.00,0.0,0
1964-10-20,74,41,0.00,0.0,0
1964-10-21,84,46,0.00,0.0,0
1964-10-22,82,50,0.00,0.0,0
1964-10-23,78,51,0.00,0.0,0
1964-10-24,78,52,0.00,0.0,0
1964-10-25,78,54,T,0.0,0
1964-10-26,70,64,0.68,0.0,0
1964-10-27,75,63,0.00,0.0,0
1964-10-28,79,58,0.00,0.0,0
1964-10-29,81,57,0.00,0.0,0
1964-10-30,83,59,0.00,0.0,0
1964-10-31,80,60,0.00,0.0,0
1964-11-01,80,65,T,0.0,0
1964-11-02,80,64,0.00,0.0,0
1964-11-03,77,62,1.76,0.0,0
1964-11-04,66,60,0.96,0.0,0
1964-11-05,67,57,0.34,0.0,0
1964-11-06,68,54,0.00,0.0,0
1964-11-07,70,52,0.00,0.0,0
1964-11-08,73,48,0.00,0.0,0
1964-11-09,77,53,0.00,0.0,0
1964-11-10,76,56,0.00,0.0,0
1964-11-11,76,60,0.00,0.0,0
1964-11-12,73,55,T,0.0,0
1964-11-13,80,46,0.00,0.0,0
1964-11-14,77,66,T,0.0,0
1964-11-15,80,71,T,0.0,0
1964-11-16,78,68,0.00,0.0,0
1964-11-17,70,60,0.65,0.0,0
1964-11-18,65,56,1.37,0.0,0
1964-11-19,61,38,0.30,0.0,0
1964-11-20,60,33,0.00,0.0,0
1964-11-21,41,29,0.00,0.0,0
1964-11-22,48,27,0.00,0.0,0
1964-11-23,52,32,0.00,0.0,0
1964-11-24,60,42,0.00,0.0,0
1964-11-25,70,37,0.00,0.0,0
1964-11-26,69,48,0.00,0.0,0
1964-11-27,81,48,0.00,0.0,0
1964-11-28,63,41,0.00,0.0,0
1964-11-29,66,38,0.00,0.0,0
1964-11-30,42,26,0.00,0.0,0
1964-12-01,60,31,0.00,0.0,0
1964-12-02,73,46,0.00,0.0,0
1964-12-03,46,33,0.16,0.0,0
1964-12-04,38,30,0.00,0.0,0
1964-12-05,41,28,0.00,0.0,0
1964-12-06,46,25,0.00,0.0,0
1964-12-07,51,26,0.00,0.0,0
1964-12-08,59,33,0.00,0.0,0
1964-12-09,51,46,0.63,0.0,0
1964-12-10,56,48,0.06,0.0,0
1964-12-11,62,39,0.00,0.0,0
1964-12-12,71,45,0.00,0.0,0
1964-12-13,51,35,0.00,0.0,0
1964-12-14,58,28,0.00,0.0,0
1964-12-15,57,34,0.00,0.0,0
1964-12-16,70,45,0.00,0.0,0
1964-12-17,65,23,0.00,0.0,0
1964-12-18,31,15,T,T,0
1964-12-19,45,28,0.01,0.0,T
1964-12-20,60,34,0.00,0.0,0
1964-12-21,62,44,0.00,0.0,0
1964-12-22,74,38,0.00,0.0,0
1964-12-23,81,53,0.00,0.0,0
1964-12-24,74,50,0.00,0.0,0
1964-12-25,70,50,T,0.0,0
1964-12-26,51,34,T,0.0,0
1964-12-27,50,29,0.00,0.0,0
1964-12-28,64,42,0.00,0.0,0
1964-12-29,77,56,0.00,0.0,0
1964-12-30,63,55,T,0.0,0
1964-12-31,78,54,0.00,0.0,0
1965-01-01,71,61,0.02,0.0,0
1965-01-02,68,44,0.44,0.0,0
1965-01-03,51,43,0.10,0.0,0
1965-01-04,57,44,0.00,0.0,0
1965-01-05,62,46,0.00,0.0,0
1965-01-06,75,54,0.00,0.0,0
1965-01-07,74,58,0.00,0.0,0
1965-01-08,74,41,0.04,0.0,0
1965-01-09,41,29,0.06,0.0,0
1965-01-10,42,29,0.00,0.0,0
1965-01-11,51,28,0.00,0.0,0
1965-01-12,60,35,0.00,0.0,0
1965-01-13,59,39,0.00,0.0,0
1965-01-14,57,34,0.00,0.0,0
1965-01-15,61,34,0.00,0.0,0
1965-01-16,40,22,0.00,0.0,0
1965-01-17,50,21,0.00,0.0,0
1965-01-18,52,30,0.00,0.0,0
1965-01-19,62,29,0.00,0.0,0
1965-01-20,65,47,0.00,0.0,0
1965-01-21,62,54,0.92,0.0,0
1965-01-22,67,57,0.29,0.0,0
1965-01-23,58,35,0.00,0.0,0
1965-01-24,54,31,0.00,0.0,0
1965-01-25,74,47,0.00,0.0,0
1965-01-26,50,36,0.00,0.0,0
1965-01-27,57,30,0.00,0.0,0
1965-01-28,65,34,0.00,0.0,0
1965-01-29,52,28,0.00,0.0,0
1965-01-30,46,29,0.00,0.0,0
1965-01-31,56,27,0.00,0.0,0
1965-02-01,53,29,0.00,0.0,0
1965-02-02,44,24,0.00,0.0,0
1965-02-03,49,32,0.00,0.0,0
1965-02-04,49,40,T,0.0,0
1965-02-05,56,43,T,0.0,0
1965-02-06,60,47,0.01,0.0,0
1965-02-07,65,56,0.02,0.0,0
1965-02-08,59,41,1.55,0.0,0
1965-02-09,61,39,1.82,0.0,0
1965-02-10,65,42,0.01,0.0,0
1965-02-11,65,31,0.05,0.0,0
1965-02-12,40,27,0.00,0.0,0
1965-02-13,45,28,0.00,0.0,0
1965-02-14,53,29,0.00,0.0,0
1965-02-15,56,37,0.01,0.0,0
1965-02-16,49,40,0.69,0.0,0
1965-02-17,55,42,0.01,0.0,0
1965-02-18,62,38,0.00,0.0,0
1965-02-19,67,38,0.00,0.0,0
1965-02-20,67,45,0.00,0.0,0
1965-02-21,55,35,0.00,0.0,0
1965-02-22,57,28,0.00,0.0,0
1965-02-23,56,22,1.19,T,0
1965-02-24,33,18,T,T,T
1965-02-25,53,28,0.00,0.0,0
1965-02-26,66,34,0.00,0.0,0
1965-02-27,70,47,0.00,0.0,0
1965-02-28,72,58,T,0.0,0
1965-03-01,63,34,T,0.0,0
1965-03-02,43,31,0.00,0.0,0
1965-03-03,41,30,0.00,0.0,0
1965-03-04,45,24,0.00,0.0,0
1965-03-05,56,35,0.00,0.0,0
1965-03-06,59,35,0.00,0.0,0
1965-03-07,55,32,0.00,0.0,0
1965-03-08,67,32,0.00,0.0,0
1965-03-09,66,43,0.00,0.0,0
1965-03-10,56,50,0.00,0.0,0
1965-03-11,60,49,0.42,0.0,0
1965-03-12,51,44,T,0.0,0
1965-03-13,56,45,0.00,0.0,0
1965-03-14,76,41,0.00,0.0,0
1965-03-15,75,46,0.00,0.0,0
1965-03-16,72,57,0.10,0.0,0
1965-03-17,71,40,0.00,0.0,0
1965-03-18,41,29,0.00,0.0,0
1965-03-19,35,23,T,T,0
1965-03-20,43,20,0.00,0.0,0
1965-03-21,58,30,0.00,0.0,0
1965-03-22,71,45,0.00,0.0,0
1965-03-23,68,37,0.00,0.0,0
1965-03-24,38,34,0.01,0.0,0
1965-03-25,36,31,0.32,0.0,0
1965-03-26,49,28,0.00,0.0,0
1965-03-27,60,34,0.00,0.0,0
1965-03-28,66,53,0.02,0.0,0
1965-03-29,64,51,0.95,0.0,0
1965-03-30,51,45,0.18,0.0,0
1965-03-31,66,47,0.00,0.0,0
1965-04-01,70,53,0.00,0.0,0
1965-04-02,74,63,0.06,0.0,0
1965-04-03,84,67,T,0.0,0
1965-04-04,80,66,T,0.0,0
1965-04-05,80,68,0.04,0.0,0
1965-04-06,84,68,0.00,0.0,0
1965-04-07,84,66,0.00,0.0,0
1965-04-08,84,69,T,0.0,0
1965-04-09,79,66,T,0.0,0
1965-04-10,86,69,0.00,0.0,0
1965-04-11,78,61,0.30,0.0,0
1965-04-12,79,55,0.00,0.0,0
1965-04-13,80,60,0.00,0.0,0
1965-04-14,84,66,0.53,0.0,0
1965-04-15,72,54,0.00,0.0,0
1965-04-16,74,48,0.00,0.0,0
1965-04-17,82,59,0.00,0.0,0
1965-04-18,86,65,0.00,0.0,0
1965-04-19,77,57,0.00,0.0,0
1965-04-20,84,52,0.00,0.0,0
1965-04-21,88,61,0.00,0.0,0
1965-04-22,88,62,0.00,0.0,0
1965-04-23,87,65,0.00,0.0,0
1965-04-24,86,67,0.00,0.0,0
1965-04-25,78,59,0.08,0.0,0
1965-04-26,62,54,1.02,0.0,0
1965-04-27,68,53,0.00,0.0,0
1965-04-28,68,47,0.00,0.0,0
1965-04-29,75,47,0.00,0.0,0
1965-04-30,81,50,0.00,0.0,0
1965-05-01,82,57,0.00,0.0,0
1965-05-02,83,59,0.00,0.0,0
1965-05-03,84,65,T,0.0,0
1965-05-04,81,69,T,0.0,0
1965-05-05,77,69,0.01,0.0,0
1965-05-06,83,67,0.00,0.0,0
1965-05-07,85,67,0.00,0.0,0
1965-05-08,81,70,0.01,0.0,0
1965-05-09,84,65,0.65,0.0,0
1965-05-10,70,62,4.54,0.0,0
1965-05-11,78,62,T,0.0,0
1965-05-12,72,65,0.04,0.0,0
1965-05-13,83,67,0.00,0.0,0
1965-05-14,75,65,0.42,0.0,0
1965-05-15,86,63,1.16,0.0,0
1965-05-16,68,63,0.43,0.0,0
1965-05-17,81,62,0.00,0.0,0
1965-05-18,79,70,T,0.0,0
1965-05-19,81,65,0.77,0.0,0
1965-05-20,80,62,T,0.0,0
1965-05-21,85,66,0.00,0.0,0
1965-05-22,84,69,0.00,0.0,0
1965-05-23,83,71,0.02,0.0,0
1965-05-24,87,72,0.01,0.0,0
1965-05-25,88,73,T,0.0,0
1965-05-26,87,72,0.01,0.0,0
1965-05-27,91,69,0.27,0.0,0
1965-05-28,77,65,0.89,0.0,0
1965-05-29,82,62,0.00,0.0,0
1965-05-30,86,65,0.00,0.0,0
1965-05-31,85,71,0.05,0.0,0
1965-06-01,88,72,0.00,0.0,0
1965-06-02,86,74,0.00,0.0,0
1965-06-03,89,72,0.00,0.0,0
1965-06-04,90,71,0.00,0.0,0
1965-06-05,79,63,0.82,0.0,0
1965-06-06,85,66,0.00,0.0,0
1965-06-07,89,68,0.00,0.0,0
1965-06-08,91,75,0.00,0.0,0
1965-06-09,92,75,0.00,0.0,0
1965-06-10,90,73,0.00,0.0,0
1965-06-11,89,72,0.00,0.0,0
1965-06-12,93,72,0.00,0.0,0
1965-06-13,90,65,0.78,0.0,0
1965-06-14,89,76,0.00,0.0,0
1965-06-15,90,68,0.26,0.0,0
1965-06-16,87,66,0.00,0.0,0
1965-06-17,87,71,0.00,0.0,0
1965-06-18,85,67,0.00,0.0,0
1965-06-19,87,70,0.00,0.0,0
1965-06-20,92,71,0.00,0.0,0
1965-06-21,92,75,0.00,0.0,0
1965-06-22,90,75,0.45,0.0,0
1965-06-23,92,74,0.38,0.0,0
1965-06-24,88,73,0.00,0.0,0
1965-06-25,92,74,0.05,0.0,0
1965-06-26,92,75,0.00,0.0,0
1965-06-27,92,73,0.00,0.0,0
1965-06-28,92,74,0.04,0.0,0
1965-06-29,92,74,0.00,0.0,0
1965-06-30,93,76,0.00,0.0,0
1965-07-01,95,75,0.00,0.0,0
1965-07-02,97,77,0.00,0.0,0
1965-07-03,96,78,0.00,0.0,0
1965-07-04,96,76,0.00,0.0,0
1965-07-05,96,76,0.00,0.0,0
1965-07-06,98,77,0.00,0.0,0
1965-07-07,100,81,T,0.0,0
1965-07-08,99,81,0.00,0.0,0
1965-07-09,99,80,0.00,0.0,0
1965-07-10,99,79,0.00,0.0,0
1965-07-11,98,78,0.00,0.0,0
1965-07-12,98,79,0.00,0.0,0
1965-07-13,98,79,0.00,0.0,0
1965-07-14,96,78,0.04,0.0,0
1965-07-15,89,77,T,0.0,0
1965-07-16,96,73,0.00,0.0,0
1965-07-17,98,80,0.00,0.0,0
1965-07-18,98,80,0.00,0.0,0
1965-07-19,97,80,0.00,0.0,0
1965-07-20,96,78,0.00,0.0,0
1965-07-21,97,79,0.00,0.0,0
1965-07-22,99,79,0.00,0.0,0
1965-07-23,99,81,0.00,0.0,0
1965-07-24,99,81,0.00,0.0,0
1965-07-25,95,73,0.12,0.0,0
1965-07-26,95,76,0.00,0.0,0
1965-07-27,99,80,0.00,0.0,0
1965-07-28,93,78,0.00,0.0,0
1965-07-29,93,76,0.00,0.0,0
1965-07-30,90,69,0.00,0.0,0
1965-07-31,93,68,0.00,0.0,0
1965-08-01,91,74,T,0.0,0
1965-08-02,94,70,0.00,0.0,0
1965-08-03,97,68,0.00,0.0,0
1965-08-04,96,75,0.00,0.0,0
1965-08-05,96,76,0.00,0.0,0
1965-08-06,98,76,0.00,0.0,0
1965-08-07,95,73,0.05,0.0,0
1965-08-08,98,75,0.00,0.0,0
1965-08-09,100,73,T,0.0,0
1965-08-10,95,71,T,0.0,0
1965-08-11,96,74,0.00,0.0,0
1965-08-12,95,72,0.00,0.0,0
1965-08-13,93,72,0.00,0.0,0
1965-08-14,95,74,0.00,0.0,0
1965-08-15,91,76,0.04,0.0,0
1965-08-16,90,75,T,0.0,0
1965-08-17,98,78,0.00,0.0,0
1965-08-18,98,79,0.00,0.0,0
1965-08-19,101,79,0.00,0.0,0
1965-08-20,100,79,0.00,0.0,0
1965-08-21,100,77,0.00,0.0,0
1965-08-22,99,75,0.57,0.0,0
1965-08-23,94,75,0.09,0.0,0
1965-08-24,82,73,0.10,0.0,0
1965-08-25,96,70,0.00,0.0,0
1965-08-26,97,76,0.00,0.0,0
1965-08-27,99,79,0.00,0.0,0
1965-08-28,92,74,0.03,0.0,0
1965-08-29,95,73,0.00,0.0,0
1965-08-30,96,76,0.00,0.0,0
1965-08-31,98,73,0.82,0.0,0
1965-09-01,85,70,0.02,0.0,0
1965-09-02,86,68,0.00,0.0,0
1965-09-03,94,72,0.00,0.0,0
1965-09-04,97,79,T,0.0,0
1965-09-05,95,76,0.00,0.0,0
1965-09-06,94,77,0.00,0.0,0
1965-09-07,94,76,0.00,0.0,0
1965-09-08,95,75,0.00,0.0,0
1965-09-09,95,74,0.00,0.0,0
1965-09-10,95,67,0.00,0.0,0
1965-09-11,93,73,0.00,0.0,0
1965-09-12,97,72,0.00,0.0,0
1965-09-13,100,76,0.00,0.0,0
1965-09-14,102,81,0.00,0.0,0
1965-09-15,100,78,0.00,0.0,0
1965-09-16,97,77,0.00,0.0,0
1965-09-17,95,77,0.04,0.0,0
1965-09-18,92,75,0.13,0.0,0
1965-09-19,91,76,0.01,0.0,0
1965-09-20,90,76,0.13,0.0,0
1965-09-21,79,66,4.32,0.0,0
1965-09-22,78,62,0.49,0.0,0
1965-09-23,80,65,0.00,0.0,0
1965-09-24,72,55,0.00,0.0,0
1965-09-25,73,52,0.00,0.0,0
1965-09-26,79,58,0.00,0.0,0
1965-09-27,80,58,0.00,0.0,0
1965-09-28,84,59,0.00,0.0,0
1965-09-29,84,64,0.00,0.0,0
1965-09-30,71,53,T,0.0,0
1965-10-01,73,48,0.00,0.0,0
1965-10-02,71,55,T,0.0,0
1965-10-03,72,57,0.20,0.0,0
1965-10-04,63,56,0.26,0.0,0
1965-10-05,61,56,0.01,0.0,0
1965-10-06,68,57,T,0.0,0
1965-10-07,84,55,0.00,0.0,0
1965-10-08,90,57,0.00,0.0,0
1965-10-09,92,60,0.00,0.0,0
1965-10-10,92,60,0.00,0.0,0
1965-10-11,85,64,0.00,0.0,0
1965-10-12,75,57,0.00,0.0,0
1965-10-13,83,59,0.00,0.0,0
1965-10-14,83,65,0.00,0.0,0
1965-10-15,83,67,0.29,0.0,0
1965-10-16,86,72,0.00,0.0,0
1965-10-17,85,70,0.00,0.0,0
1965-10-18,74,64,0.85,0.0,0
1965-10-19,79,62,0.00,0.0,0
1965-10-20,75,58,0.00,0.0,0
1965-10-21,68,51,0.00,0.0,0
1965-10-22,71,45,0.00,0.0,0
1965-10-23,80,49,0.00,0.0,0
1965-10-24,66,47,0.00,0.0,0
1965-10-25,68,42,0.00,0.0,0
1965-10-26,76,45,0.00,0.0,0
1965-10-27,73,45,0.00,0.0,0
1965-10-28,74,45,0.00,0.0,0
1965-10-29,74,44,0.00,0.0,0
1965-10-30,77,47,0.00,0.0,0
1965-10-31,79,48,0.00,0.0,0
1965-11-01,79,49,0.00,0.0,0
1965-11-02,71,55,0.00,0.0,0
1965-11-03,63,58,1.34,0.0,0
1965-11-04,65,62,0.45,0.0,0
1965-11-05,65,62,0.20,0.0,0
1965-11-06,68,57,T,0.0,0
1965-11-07,72,57,0.00,0.0,0
1965-11-08,64,56,T,0.0,0
1965-11-09,66,54,0.00,0.0,0
1965-11-10,63,49,0.00,0.0,0
1965-11-11,67,56,T,0.0,0
1965-11-12,77,62,0.00,0.0,0
1965-11-13,71,58,T,0.0,0
1965-11-14,78,60,0.00,0.0,0
1965-11-15,82,61,0.00,0.0,0
1965-11-16,78,56,0.00,0.0,0
1965-11-17,62,44,0.00,0.0,0
1965-11-18,69,49,0.00,0.0,0
1965-11-19,68,54,0.00,0.0,0
1965-11-20,76,62,0.00,0.0,0
1965-11-21,65,52,0.00,0.0,0
1965-11-22,72,46,0.00,0.0,0
1965-11-23,76,49,0.00,0.0,0
1965-11-24,84,58,0.00,0.0,0
1965-11-25,85,55,0.00,0.0,0
1965-11-26,86,52,0.00,0.0,0
1965-11-27,66,40,0.00,0.0,0
1965-11-28,62,46,0.00,0.0,0
1965-11-29,61,35,0.00,0.0,0
1965-11-30,62,37,0.00,0.0,0
1965-12-01,57,43,T,0.0,0
1965-12-02,50,44,0.77,0.0,0
1965-12-03,54,42,T,0.0,0
1965-12-04,66,36,0.00,0.0,0
1965-12-05,76,43,0.00,0.0,0
1965-12-06,68,40,0.00,0.0,0
1965-12-07,58,33,0.00,0.0,0
1965-12-08,62,37,0.00,0.0,0
1965-12-09,72,48,T,0.0,0
1965-12-10,67,63,0.08,0.0,0
1965-12-11,78,61,0.07,0.0,0
1965-12-12,63,43,0.00,0.0,0
1965-12-13,58,38,0.00,0.0,0
1965-12-14,63,51,0.00,0.0,0
1965-12-15,51,41,0.05,0.0,0
1965-12-16,53,39,T,0.0,0
1965-12-17,54,34,0.09,0.0,0
1965-12-18,47,42,0.27,0.0,0
1965-12-19,51,38,0.04,0.0,0
1965-12-20,64,34,0.00,0.0,0
1965-12-21,67,32,0.00,0.0,0
1965-12-22,65,43,0.00,0.0,0
1965-12-23,68,59,T,0.0,0
1965-12-24,67,38,0.21,0.0,0
1965-12-25,50,31,0.00,0.0,0
1965-12-26,54,32,0.00,0.0,0
1965-12-27,55,37,0.00,0.0,0
1965-12-28,53,36,0.00,0.0,0
1965-12-29,64,50,0.00,0.0,0
1965-12-30,71,58,0.00,0.0,0
1965-12-31,74,62,T,0.0,0
1966-01-01,70,58,0.45,0.0,0
1966-01-02,60,40,0.00,0.0,0
1966-01-03,50,30,0.00,0.0,0
1966-01-04,46,34,T,0.0,0
1966-01-05,57,42,T,0.0,0
1966-01-06,62,37,0.00,0.0,0
1966-01-07,65,36,0.00,0.0,0
1966-01-08,59,33,0.00,0.0,0
1966-01-09,66,47,0.00,0.0,0
1966-01-10,64,43,0.00,0.0,0
1966-01-11,69,47,T,0.0,0
1966-01-12,66,47,0.00,0.0,0
1966-01-13,49,37,0.00,0.0,0
1966-01-14,54,29,0.00,0.0,0
1966-01-15,57,29,0.00,0.0,0
1966-01-16,54,36,0.00,0.0,0
1966-01-17,40,31,0.04,T,0
1966-01-18,39,33,0.01,0.1,0
1966-01-19,39,32,0.31,0.3,0
1966-01-20,35,32,0.00,0.0,0
1966-01-21,34,29,0.20,2.3,T
1966-01-22,30,17,T,T,2
1966-01-23,36,11,0.00,0.0,2
1966-01-24,36,34,0.03,0.0,T
1966-01-25,36,32,T,T,0
1966-01-26,43,31,0.00,0.0,0
1966-01-27,53,26,0.00,0.0,0
1966-01-28,42,20,0.74,0.4,0
1966-01-29,20,11,T,T,T
1966-01-30,31,10,0.00,0.0,T
1966-01-31,55,31,T,0.0,0
1966-02-01,52,27,0.00,0.0,0
1966-02-02,38,23,0.00,0.0,0
1966-02-03,48,23,0.00,0.0,0
1966-02-04,57,24,0.00,0.0,0
1966-02-05,63,36,0.00,0.0,0
1966-02-06,70,50,0.00,0.0,0
1966-02-07,72,59,0.00,0.0,0
1966-02-08,68,63,0.01,0.0,0
1966-02-09,65,53,2.32,0.0,0
1966-02-10,64,45,0.00,0.0,0
1966-02-11,54,38,0.00,0.0,0
1966-02-12,58,42,0.00,0.0,0
1966-02-13,68,38,0.00,0.0,0
1966-02-14,41,33,0.00,0.0,0
1966-02-15,45,37,0.05,T,0
1966-02-16,47,31,T,0.0,0
1966-02-17,50,22,0.00,0.0,0
1966-02-18,62,32,0.00,0.0,0
1966-02-19,67,41,0.00,0.0,0
1966-02-20,68,41,0.00,0.0,0
1966-02-21,51,29,T,T,0
1966-02-22,30,27,0.20,2.0,T
1966-02-23,44,30,0.02,0.2,2
1966-02-24,51,24,0.00,0.0,0
1966-02-25,60,34,0.00,0.0,0
1966-02-26,49,44,0.47,0.0,0
1966-02-27,53,42,T,0.0,0
1966-02-28,64,43,0.23,0.0,0
1966-03-01,67,36,0.00,0.0,0
1966-03-02,75,51,T,0.0,0
1966-03-03,66,51,0.15,0.0,0
1966-03-04,52,35,0.00,0.0,0
1966-03-05,52,34,0.00,0.0,0
1966-03-06,51,27,0.00,0.0,0
1966-03-07,59,33,0.00,0.0,0
1966-03-08,59,43,0.02,0.0,0
1966-03-09,66,46,0.00,0.0,0
1966-03-10,67,51,0.00,0.0,0
1966-03-11,71,58,0.00,0.0,0
1966-03-12,68,51,0.34,0.0,0
1966-03-13,68,48,0.00,0.0,0
1966-03-14,63,49,0.00,0.0,0
1966-03-15,76,51,0.00,0.0,0
1966-03-16,78,54,0.00,0.0,0
1966-03-17,78,59,0.00,0.0,0
1966-03-18,70,53,T,0.0,0
1966-03-19,79,44,0.00,0.0,0
1966-03-20,80,59,0.00,0.0,0
1966-03-21,79,62,T,0.0,0
1966-03-22,79,52,0.08,0.0,0
1966-03-23,56,38,0.00,0.0,0
1966-03-24,56,33,0.00,0.0,0
1966-03-25,61,41,T,0.0,0
1966-03-26,72,46,0.00,0.0,0
1966-03-27,75,52,0.00,0.0,0
1966-03-28,64,45,1.83,0.0,0
1966-03-29,63,41,0.00,0.0,0
1966-03-30,74,45,0.00,0.0,0
1966-03-31,88,54,0.00,0.0,0
1966-04-01,76,54,0.00,0.0,0
1966-04-02,80,44,0.00,0.0,0
1966-04-03,76,56,0.00,0.0,0
1966-04-04,66,48,0.00,0.0,0
1966-04-05,66,39,0.00,0.0,0
1966-04-06,80,45,0.00,0.0,0
1966-04-07,85,57,0.00,0.0,0
1966-04-08,79,59,0.00,0.0,0
1966-04-09,73,54,0.00,0.0,0
1966-04-10,70,57,T,0.0,0
1966-04-11,87,65,0.00,0.0,0
1966-04-12,85,54,0.00,0.0,0
1966-04-13,74,48,0.56,0.0,0
1966-04-14,65,51,0.74,0.0,0
1966-04-15,75,47,0.00,0.0,0
1966-04-16,81,51,0.00,0.0,0
1966-04-17,72,58,1.34,0.0,0
1966-04-18,75,60,0.37,0.0,0
1966-04-19,85,68,T,0.0,0
1966-04-20,73,45,T,0.0,0
1966-04-21,65,39,0.00,0.0,0
1966-04-22,63,54,0.49,0.0,0
1966-04-23,79,61,1.86,0.0,0
1966-04-24,69,61,1.25,0.0,0
1966-04-25,70,63,2.33,0.0,0
1966-04-26,72,62,T,0.0,0
1966-04-27,86,62,0.00,0.0,0
1966-04-28,74,58,3.60,0.0,0
1966-04-29,66,59,1.84,0.0,0
1966-04-30,79,55,1.02,0.0,0
1966-05-01,57,51,0.83,0.0,0
1966-05-02,64,51,T,0.0,0
1966-05-03,73,50,0.00,0.0,0
1966-05-04,78,52,0.00,0.0,0
1966-05-05,80,59,0.00,0.0,0
1966-05-06,81,60,0.00,0.0,0
1966-05-07,82,59,0.00,0.0,0
1966-05-08,84,63,0.00,0.0,0
1966-05-09,74,60,0.00,0.0,0
1966-05-10,73,57,0.00,0.0,0
1966-05-11,81,67,T,0.0,0
1966-05-12,80,54,0.90,0.0,0
1966-05-13,72,51,0.00,0.0,0
1966-05-14,81,54,0.00,0.0,0
1966-05-15,90,71,T,0.0,0
1966-05-16,90,74,0.00,0.0,0
1966-05-17,96,77,0.00,0.0,0
1966-05-18,81,73,0.00,0.0,0
1966-05-19,79,65,T,0.0,0
1966-05-20,81,66,0.05,0.0,0
1966-05-21,89,66,0.58,0.0,0
1966-05-22,91,72,T,0.0,0
1966-05-23,91,72,0.01,0.0,0
1966-05-24,83,66,T,0.0,0
1966-05-25,82,61,0.01,0.0,0
1966-05-26,82,59,0.00,0.0,0
1966-05-27,83,60,0.00,0.0,0
1966-05-28,89,63,0.00,0.0,0
1966-05-29,86,67,0.00,0.0,0
1966-05-30,90,63,0.00,0.0,0
1966-05-31,87,70,0.00,0.0,0
1966-06-01,84,66,0.00,0.0,0
1966-06-02,86,65,0.00,0.0,0
1966-06-03,87,66,0.00,0.0,0
1966-06-04,89,70,T,0.0,0
1966-06-05,91,72,T,0.0,0
1966-06-06,93,75,0.00,0.0,0
1966-06-07,92,73,0.00,0.0,0
1966-06-08,93,73,0.00,0.0,0
1966-06-09,89,72,0.00,0.0,0
1966-06-10,92,65,0.00,0.0,0
1966-06-11,94,73,0.00,0.0,0
1966-06-12,92,67,2.00,0.0,0
1966-06-13,88,70,0.23,0.0,0
1966-06-14,90,71,0.00,0.0,0
1966-06-15,94,72,0.00,0.0,0
1966-06-16,90,66,0.43,0.0,0
1966-06-17,77,64,1.79,0.0,0
1966-06-18,78,69,0.05,0.0,0
1966-06-19,85,69,0.00,0.0,0
1966-06-20,87,70,0.00,0.0,0
1966-06-21,89,68,0.00,0.0,0
1966-06-22,89,72,0.00,0.0,0
1966-06-23,89,70,0.00,0.0,0
1966-06-24,89,73,T,0.0,0
1966-06-25,91,75,0.00,0.0,0
1966-06-26,89,74,0.00,0.0,0
1966-06-27,92,73,0.00,0.0,0
1966-06-28,92,75,0.00,0.0,0
1966-06-29,93,76,0.00,0.0,0
1966-06-30,94,74,0.00,0.0,0
1966-07-01,89,74,0.00,0.0,0
1966-07-02,92,73,0.00,0.0,0
1966-07-03,94,76,0.00,0.0,0
1966-07-04,93,76,0.00,0.0,0
1966-07-05,96,77,0.00,0.0,0
1966-07-06,92,76,0.00,0.0,0
1966-07-07,85,74,0.79,0.0,0
1966-07-08,96,77,0.00,0.0,0
1966-07-09,95,77,0.00,0.0,0
1966-07-10,97,76,0.00,0.0,0
1966-07-11,98,77,0.00,0.0,0
1966-07-12,99,80,0.00,0.0,0
1966-07-13,97,77,0.00,0.0,0
1966-07-14,96,78,0.00,0.0,0
1966-07-15,100,81,0.00,0.0,0
1966-07-16,93,81,T,0.0,0
1966-07-17,93,77,0.55,0.0,0
1966-07-18,97,80,0.00,0.0,0
1966-07-19,99,81,0.00,0.0,0
1966-07-20,99,81,0.00,0.0,0
1966-07-21,95,81,0.00,0.0,0
1966-07-22,92,79,0.00,0.0,0
1966-07-23,95,77,0.00,0.0,0
1966-07-24,97,78,0.00,0.0,0
1966-07-25,90,77,0.00,0.0,0
1966-07-26,95,78,0.00,0.0,0
1966-07-27,97,78,0.00,0.0,0
1966-07-28,98,79,0.00,0.0,0
1966-07-29,99,79,0.00,0.0,0
1966-07-30,97,84,0.03,0.0,0
1966-07-31,101,81,T,0.0,0
1966-08-01,101,80,0.00,0.0,0
1966-08-02,91,80,0.01,0.0,0
1966-08-03,90,71,0.00,0.0,0
1966-08-04,91,69,0.00,0.0,0
1966-08-05,93,73,0.00,0.0,0
1966-08-06,94,72,0.00,0.0,0
1966-08-07,94,76,0.00,0.0,0
1966-08-08,97,76,0.00,0.0,0
1966-08-09,98,76,0.00,0.0,0
1966-08-10,99,79,0.00,0.0,0
1966-08-11,95,74,T,0.0,0
1966-08-12,86,72,0.01,0.0,0
1966-08-13,86,73,1.36,0.0,0
1966-08-14,91,74,0.15,0.0,0
1966-08-15,94,78,T,0.0,0
1966-08-16,98,78,0.00,0.0,0
1966-08-17,97,79,0.00,0.0,0
1966-08-18,98,79,0.00,0.0,0
1966-08-19,95,78,0.17,0.0,0
1966-08-20,87,75,0.00,0.0,0
1966-08-21,97,77,0.00,0.0,0
1966-08-22,92,75,0.15,0.0,0
1966-08-23,86,71,0.00,0.0,0
1966-08-24,71,61,1.29,0.0,0
1966-08-25,80,61,0.00,0.0,0
1966-08-26,82,62,0.00,0.0,0
1966-08-27,84,69,0.00,0.0,0
1966-08-28,86,70,0.39,0.0,0
1966-08-29,85,72,1.25,0.0,0
1966-08-30,85,71,0.34,0.0,0
1966-08-31,90,71,0.00,0.0,0
1966-09-01,88,74,T,0.0,0
1966-09-02,93,73,0.00,0.0,0
1966-09-03,92,78,T,0.0,0
1966-09-04,91,75,0.00,0.0,0
1966-09-05,91,72,0.00,0.0,0
1966-09-06,91,70,0.00,0.0,0
1966-09-07,88,72,0.00,0.0,0
1966-09-08,84,71,T,0.0,0
1966-09-09,75,68,0.32,0.0,0
1966-09-10,71,66,0.01,0.0,0
1966-09-11,74,66,T,0.0,0
1966-09-12,81,66,T,0.0,0
1966-09-13,89,64,0.00,0.0,0
1966-09-14,92,72,0.00,0.0,0
1966-09-15,77,67,0.21,0.0,0
1966-09-16,72,64,0.70,0.0,0
1966-09-17,75,65,0.15,0.0,0
1966-09-18,81,67,0.00,0.0,0
1966-09-19,81,60,0.00,0.0,0
1966-09-20,81,58,0.00,0.0,0
1966-09-21,83,58,0.00,0.0,0
1966-09-22,89,61,0.00,0.0,0
1966-09-23,86,61,0.00,0.0,0
1966-09-24,87,57,0.00,0.0,0
1966-09-25,92,70,0.00,0.0,0
1966-09-26,89,69,0.00,0.0,0
1966-09-27,83,64,0.56,0.0,0
1966-09-28,78,60,0.00,0.0,0
1966-09-29,92,63,0.00,0.0,0
1966-09-30,79,58,0.76,0.0,0
1966-10-01,70,48,0.00,0.0,0
1966-10-02,77,53,0.00,0.0,0
1966-10-03,85,64,0.00,0.0,0
1966-10-04,79,60,1.44,0.0,0
1966-10-05,72,59,0.00,0.0,0
1966-10-06,77,59,0.00,0.0,0
1966-10-07,77,56,0.00,0.0,0
1966-10-08,84,60,0.00,0.0,0
1966-10-09,91,67,0.00,0.0,0
1966-10-10,80,65,0.00,0.0,0
1966-10-11,81,59,0.00,0.0,0
1966-10-12,80,63,T,0.0,0
1966-10-13,93,70,T,0.0,0
1966-10-14,88,55,0.07,0.0,0
1966-10-15,67,46,0.00,0.0,0
1966-10-16,68,38,0.00,0.0,0
1966-10-17,62,51,0.36,0.0,0
1966-10-18,66,51,T,0.0,0
1966-10-19,63,42,0.00,0.0,0
1966-10-20,69,38,0.00,0.0,0
1966-10-21,76,48,0.00,0.0,0
1966-10-22,74,58,0.00,0.0,0
1966-10-23,74,46,0.00,0.0,0
1966-10-24,73,51,T,0.0,0
1966-10-25,76,43,0.00,0.0,0
1966-10-26,80,47,0.00,0.0,0
1966-10-27,80,50,0.00,0.0,0
1966-10-28,81,55,0.00,0.0,0
1966-10-29,81,52,0.00,0.0,0
1966-10-30,79,50,0.00,0.0,0
1966-10-31,81,56,0.00,0.0,0
1966-11-01,57,41,0.17,0.0,0
1966-11-02,47,29,0.00,0.0,0
1966-11-03,64,33,0.00,0.0,0
1966-11-04,70,47,0.00,0.0,0
1966-11-05,66,57,0.00,0.0,0
1966-11-06,80,59,0.00,0.0,0
1966-11-07,82,65,0.00,0.0,0
1966-11-08,83,68,0.00,0.0,0
1966-11-09,80,47,0.47,0.0,0
1966-11-10,60,38,0.01,0.0,0
1966-11-11,80,47,0.00,0.0,0
1966-11-12,70,44,0.00,0.0,0
1966-11-13,71,48,0.00,0.0,0
1966-11-14,72,47,0.00,0.0,0
1966-11-15,74,44,0.00,0.0,0
1966-11-16,76,49,0.00,0.0,0
1966-11-17,77,55,0.00,0.0,0
1966-11-18,78,55,0.00,0.0,0
1966-11-19,65,50,0.00,0.0,0
1966-11-20,83,47,0.00,0.0,0
1966-11-21,80,61,0.00,0.0,0
1966-11-22,80,65,T,0.0,0
1966-11-23,80,63,0.00,0.0,0
1966-11-24,78,65,0.00,0.0,0
1966-11-25,78,62,0.00,0.0,0
1966-11-26,72,57,0.39,0.0,0
1966-11-27,57,41,0.00,0.0,0
1966-11-28,57,35,0.00,0.0,0
1966-11-29,65,35,0.00,0.0,0
1966-11-30,63,38,0.00,0.0,0
1966-12-01,56,31,0.00,0.0,0
1966-12-02,46,36,0.00,0.0,0
1966-12-03,41,34,T,0.0,0
1966-12-04,56,37,0.01,0.0,0
1966-12-05,77,56,T,0.0,0
1966-12-06,82,66,0.00,0.0,0
1966-12-07,81,68,0.00,0.0,0
1966-12-08,71,46,T,0.0,0
1966-12-09,55,40,T,0.0,0
1966-12-10,41,28,0.00,0.0,0
1966-12-11,44,24,0.00,0.0,0
1966-12-12,43,23,0.00,0.0,0
1966-12-13,53,24,0.00,0.0,0
1966-12-14,63,30,0.00,0.0,0
1966-12-15,64,41,0.50,0.0,0
1966-12-16,52,47,T,0.0,0
1966-12-17,57,42,T,0.0,0
1966-12-18,59,36,0.00,0.0,0
1966-12-19,54,40,0.00,0.0,0
1966-12-20,75,38,0.00,0.0,0
1966-12-21,68,44,0.00,0.0,0
1966-12-22,70,35,T,0.0,0
1966-12-23,35,24,T,T,0
1966-12-24,48,16,0.00,0.0,0
1966-12-25,52,30,0.00,0.0,0
1966-12-26,50,37,0.05,0.0,0
1966-12-27,55,38,0.30,0.0,0
1966-12-28,40,26,T,0.0,0
1966-12-29,43,21,0.00,0.0,0
1966-12-30,40,31,0.22,T,0
1966-12-31,48,32,0.00,0.0,0
1967-01-01,55,33,T,0.0,0
1967-01-02,60,35,0.00,0.0,0
1967-01-03,47,30,0.00,0.0,0
1967-01-04,60,31,0.00,0.0,0
1967-01-05,66,30,0.00,0.0,0
1967-01-06,72,36,0.00,0.0,0
1967-01-07,44,28,0.00,0.0,0
1967-01-08,40,23,0.00,0.0,0
1967-01-09,43,24,0.00,0.0,0
1967-01-10,58,29,0.00,0.0,0
1967-01-11,58,27,0.00,0.0,0
1967-01-12,66,32,0.00,0.0,0
1967-01-13,56,47,0.10,0.0,0
1967-01-14,64,43,T,0.0,0
1967-01-15,53,36,T,0.0,0
1967-01-16,67,35,0.00,0.0,0
1967-01-17,51,29,0.00,0.0,0
1967-01-18,34,27,0.00,0.0,0
1967-01-19,48,25,0.00,0.0,0
1967-01-20,64,27,0.00,0.0,0
1967-01-21,72,54,0.00,0.0,0
1967-01-22,78,54,0.00,0.0,0
1967-01-23,73,59,T,0.0,0
1967-01-24,82,58,0.04,0.0,0
1967-01-25,75,55,T,0.0,0
1967-01-26,70,34,0.20,0.0,0
1967-01-27,50,28,0.00,0.0,0
1967-01-28,67,35,0.00,0.0,0
1967-01-29,74,43,0.00,0.0,0
1967-01-30,76,48,0.00,0.0,0
1967-01-31,79,60,0.00,0.0,0
1967-02-01,78,51,T,0.0,0
1967-02-02,51,39,0.00,0.0,0
1967-02-03,52,35,0.00,0.0,0
1967-02-04,72,41,0.00,0.0,0
1967-02-05,78,40,0.00,0.0,0
1967-02-06,41,27,0.00,0.0,0
1967-02-07,51,24,0.00,0.0,0
1967-02-08,52,33,0.00,0.0,0
1967-02-09,60,39,0.00,0.0,0
1967-02-10,67,39,0.00,0.0,0
1967-02-11,52,34,0.44,0.0,0
1967-02-12,58,29,0.00,0.0,0
1967-02-13,71,37,0.00,0.0,0
1967-02-14,75,49,0.00,0.0,0
1967-02-15,79,43,0.00,0.0,0
1967-02-16,46,35,0.00,0.0,0
1967-02-17,47,34,T,0.0,0
1967-02-18,57,32,0.00,0.0,0
1967-02-19,64,47,0.20,0.0,0
1967-02-20,49,33,0.04,0.0,0
1967-02-21,50,27,T,0.0,0
1967-02-22,53,36,0.00,0.0,0
1967-02-23,62,30,0.00,0.0,0
1967-02-24,50,25,0.00,0.0,0
1967-02-25,55,30,0.00,0.0,0
1967-02-26,63,47,T,0.0,0
1967-02-27,65,44,0.07,0.0,0
1967-02-28,70,35,0.00,0.0,0
1967-03-01,77,40,0.00,0.0,0
1967-03-02,79,47,0.00,0.0,0
1967-03-03,85,58,0.00,0.0,0
1967-03-04,84,64,0.00,0.0,0
1967-03-05,78,41,0.06,0.0,0
1967-03-06,50,36,0.34,T,0
1967-03-07,62,34,0.00,0.0,0
1967-03-08,46,24,0.00,0.0,0
1967-03-09,71,39,0.00,0.0,0
1967-03-10,86,59,0.00,0.0,0
1967-03-11,91,65,0.00,0.0,0
1967-03-12,91,65,0.00,0.0,0
1967-03-13,88,64,0.00,0.0,0
1967-03-14,89,67,0.00,0.0,0
1967-03-15,77,44,0.00,0.0,0
1967-03-16,68,38,0.00,0.0,0
1967-03-17,72,47,0.00,0.0,0
1967-03-18,66,42,0.00,0.0,0
1967-03-19,67,52,T,0.0,0
1967-03-20,77,58,0.73,0.0,0
1967-03-21,74,49,0.00,0.0,0
1967-03-22,78,54,T,0.0,0
1967-03-23,80,54,0.00,0.0,0
1967-03-24,78,56,T,0.0,0
1967-03-25,77,61,0.62,0.0,0
1967-03-26,72,56,0.05,0.0,0
1967-03-27,84,52,0.00,0.0,0
1967-03-28,86,61,0.00,0.0,0
1967-03-29,89,64,0.00,0.0,0
1967-03-30,81,66,0.00,0.0,0
1967-03-31,78,67,T,0.0,0
1967-04-01,82,69,0.00,0.0,0
1967-04-02,84,66,0.00,0.0,0
1967-04-03,83,62,0.00,0.0,0
1967-04-04,87,63,0.00,0.0,0
1967-04-05,88,65,0.00,0.0,0
1967-04-06,91,68,0.00,0.0,0
1967-04-07,87,70,0.00,0.0,0
1967-04-08,88,65,0.00,0.0,0
1967-04-09,85,69,0.00,0.0,0
1967-04-10,84,61,0.05,0.0,0
1967-04-11,74,61,0.06,0.0,0
1967-04-12,84,70,T,0.0,0
1967-04-13,74,55,0.47,0.0,0
1967-04-14,86,56,0.00,0.0,0
1967-04-15,88,65,T,0.0,0
1967-04-16,90,73,0.00,0.0,0
1967-04-17,79,63,T,0.0,0
1967-04-18,73,54,T,0.0,0
1967-04-19,82,59,0.00,0.0,0
1967-04-20,80,69,0.60,0.0,0
1967-04-21,85,68,1.67,0.0,0
1967-04-22,85,66,0.09,0.0,0
1967-04-23,86,60,0.00,0.0,0
1967-04-24,74,47,0.00,0.0,0
1967-04-25,81,66,0.55,0.0,0
1967-04-26,76,56,0.00,0.0,0
1967-04-27,69,46,0.00,0.0,0
1967-04-28,72,57,0.00,0.0,0
1967-04-29,79,66,0.01,0.0,0
1967-04-30,86,69,0.55,0.0,0
1967-05-01,79,56,T,0.0,0
1967-05-02,70,48,0.00,0.0,0
1967-05-03,70,55,0.18,0.0,0
1967-05-04,70,55,0.02,0.0,0
1967-05-05,80,63,0.01,0.0,0
1967-05-06,91,64,0.00,0.0,0
1967-05-07,82,55,0.00,0.0,0
1967-05-08,84,67,T,0.0,0
1967-05-09,86,64,0.00,0.0,0
1967-05-10,96,73,0.00,0.0,0
1967-05-11,98,76,0.00,0.0,0
1967-05-12,94,69,T,0.0,0
1967-05-13,91,68,0.00,0.0,0
1967-05-14,81,58,0.53,0.0,0
1967-05-15,75,52,0.00,0.0,0
1967-05-16,82,54,0.00,0.0,0
1967-05-17,88,60,0.00,0.0,0
1967-05-18,92,66,0.00,0.0,0
1967-05-19,90,68,0.27,0.0,0
1967-05-20,78,59,0.39,0.0,0
1967-05-21,60,54,0.01,0.0,0
1967-05-22,79,55,0.00,0.0,0
1967-05-23,84,57,0.00,0.0,0
1967-05-24,89,65,0.00,0.0,0
1967-05-25,89,66,0.00,0.0,0
1967-05-26,89,67,0.00,0.0,0
1967-05-27,88,70,0.00,0.0,0
1967-05-28,90,72,0.00,0.0,0
1967-05-29,77,69,0.21,0.0,0
1967-05-30,88,62,1.25,0.0,0
1967-05-31,85,60,0.76,0.0,0
1967-06-01,89,71,0.00,0.0,0
1967-06-02,81,69,T,0.0,0
1967-06-03,84,64,0.00,0.0,0
1967-06-04,86,69,0.00,0.0,0
1967-06-05,89,70,0.00,0.0,0
1967-06-06,88,72,0.00,0.0,0
1967-06-07,87,71,0.00,0.0,0
1967-06-08,91,72,0.00,0.0,0
1967-06-09,91,72,0.00,0.0,0
1967-06-10,94,76,0.00,0.0,0
1967-06-11,87,74,0.09,0.0,0
1967-06-12,83,67,1.23,0.0,0
1967-06-13,91,73,0.00,0.0,0
1967-06-14,92,75,0.00,0.0,0
1967-06-15,92,74,0.00,0.0,0
1967-06-16,92,76,0.00,0.0,0
1967-06-17,94,76,0.00,0.0,0
1967-06-18,94,76,0.00,0.0,0
1967-06-19,95,77,0.00,0.0,0
1967-06-20,97,78,0.00,0.0,0
1967-06-21,98,78,0.00,0.0,0
1967-06-22,91,76,T,0.0,0
1967-06-23,96,80,0.00,0.0,0
1967-06-24,97,79,0.00,0.0,0
1967-06-25,93,74,0.29,0.0,0
1967-06-26,92,72,0.00,0.0,0
1967-06-27,92,80,0.00,0.0,0
1967-06-28,100,80,0.00,0.0,0
1967-06-29,98,78,0.00,0.0,0
1967-06-30,91,76,0.15,0.0,0
1967-07-01,86,70,1.15,0.0,0
1967-07-02,94,74,T,0.0,0
1967-07-03,94,72,0.01,0.0,0
1967-07-04,92,71,0.00,0.0,0
1967-07-05,94,75,0.25,0.0,0
1967-07-06,89,73,0.00,0.0,0
1967-07-07,91,74,0.00,0.0,0
1967-07-08,98,77,0.00,0.0,0
1967-07-09,98,80,0.00,0.0,0
1967-07-10,100,82,0.00,0.0,0
1967-07-11,100,79,0.00,0.0,0
1967-07-12,98,80,0.00,0.0,0
1967-07-13,91,75,0.75,0.0,0
1967-07-14,85,69,0.00,0.0,0
1967-07-15,86,65,0.00,0.0,0
1967-07-16,82,67,T,0.0,0
1967-07-17,84,68,0.04,0.0,0
1967-07-18,79,71,0.02,0.0,0
1967-07-19,77,71,0.04,0.0,0
1967-07-20,86,72,0.30,0.0,0
1967-07-21,91,73,0.00,0.0,0
1967-07-22,91,74,0.00,0.0,0
1967-07-23,96,75,0.00,0.0,0
1967-07-24,98,77,0.00,0.0,0
1967-07-25,98,78,0.00,0.0,0
1967-07-26,98,77,0.00,0.0,0
1967-07-27,98,77,T,0.0,0
1967-07-28,102,80,0.00,0.0,0
1967-07-29,99,81,0.00,0.0,0
1967-07-30,101,78,0.00,0.0,0
1967-07-31,105,81,0.00,0.0,0
1967-08-01,100,81,0.00,0.0,0
1967-08-02,101,80,0.00,0.0,0
1967-08-03,101,80,0.00,0.0,0
1967-08-04,99,80,T,0.0,0
1967-08-05,98,78,T,0.0,0
1967-08-06,103,78,0.00,0.0,0
1967-08-07,102,81,0.00,0.0,0
1967-08-08,101,81,0.00,0.0,0
1967-08-09,103,81,T,0.0,0
1967-08-10,85,74,0.00,0.0,0
1967-08-11,89,70,0.00,0.0,0
1967-08-12,86,62,0.00,0.0,0
1967-08-13,87,62,0.00,0.0,0
1967-08-14,92,66,0.00,0.0,0
1967-08-15,93,70,0.00,0.0,0
1967-08-16,93,72,0.00,0.0,0
1967-08-17,92,74,0.07,0.0,0
1967-08-18,92,74,T,0.0,0
1967-08-19,95,71,0.05,0.0,0
1967-08-20,93,69,0.00,0.0,0
1967-08-21,95,73,T,0.0,0
1967-08-22,90,68,T,0.0,0
1967-08-23,93,71,0.00,0.0,0
1967-08-24,91,71,0.00,0.0,0
1967-08-25,94,72,0.00,0.0,0
1967-08-26,96,75,0.00,0.0,0
1967-08-27,93,73,0.00,0.0,0
1967-08-28,95,74,0.00,0.0,0
1967-08-29,99,75,0.00,0.0,0
1967-08-30,101,74,0.00,0.0,0
1967-08-31,88,69,0.00,0.0,0
1967-09-01,85,66,0.00,0.0,0
1967-09-02,80,66,0.00,0.0,0
1967-09-03,88,69,0.00,0.0,0
1967-09-04,76,68,0.37,0.0,0
1967-09-05,72,66,0.45,0.0,0
1967-09-06,72,66,0.24,0.0,0
1967-09-07,78,66,0.03,0.0,0
1967-09-08,84,62,0.00,0.0,0
1967-09-09,88,65,0.00,0.0,0
1967-09-10,89,64,0.00,0.0,0
1967-09-11,86,66,0.00,0.0,0
1967-09-12,93,68,0.00,0.0,0
1967-09-13,88,71,0.00,0.0,0
1967-09-14,82,70,0.54,0.0,0
1967-09-15,75,69,0.83,0.0,0
1967-09-16,79,70,T,0.0,0
1967-09-17,86,71,T,0.0,0
1967-09-18,86,72,0.13,0.0,0
1967-09-19,88,71,0.03,0.0,0
1967-09-20,86,74,0.08,0.0,0
1967-09-21,86,70,0.52,0.0,0
1967-09-22,84,69,0.02,0.0,0
1967-09-23,87,63,0.00,0.0,0
1967-09-24,87,68,0.00,0.0,0
1967-09-25,88,67,0.00,0.0,0
1967-09-26,84,67,0.12,0.0,0
1967-09-27,71,53,0.80,0.0,0
1967-09-28,66,46,0.00,0.0,0
1967-09-29,77,50,0.00,0.0,0
1967-09-30,87,56,0.00,0.0,0
1967-10-01,84,61,0.00,0.0,0
1967-10-02,85,61,0.00,0.0,0
1967-10-03,87,68,0.00,0.0,0
1967-10-04,90,74,0.00,0.0,0
1967-10-05,88,72,0.00,0.0,0
1967-10-06,88,67,0.00,0.0,0
1967-10-07,74,58,1.30,0.0,0
1967-10-08,77,53,0.00,0.0,0
1967-10-09,80,52,0.00,0.0,0
1967-10-10,74,57,0.00,0.0,0
1967-10-11,76,51,0.00,0.0,0
1967-10-12,83,57,0.00,0.0,0
1967-10-13,86,67,0.00,0.0,0
1967-10-14,83,64,0.00,0.0,0
1967-10-15,74,58,1.68,0.0,0
1967-10-16,68,50,0.00,0.0,0
1967-10-17,77,45,0.00,0.0,0
1967-10-18,73,48,0.00,0.0,0
1967-10-19,79,49,0.00,0.0,0
1967-10-20,83,53,0.00,0.0,0
1967-10-21,81,56,0.00,0.0,0
1967-10-22,80,58,0.00,0.0,0
1967-10-23,78,60,0.00,0.0,0
1967-10-24,77,58,0.00,0.0,0
1967-10-25,73,46,0.00,0.0,0
1967-10-26,86,55,0.00,0.0,0
1967-10-27,69,45,0.00,0.0,0
1967-10-28,76,46,0.00,0.0,0
1967-10-29,81,52,0.83,0.0,0
1967-10-30,52,41,0.92,0.0,0
1967-10-31,49,42,0.03,0.0,0
1967-11-01,57,45,0.09,0.0,0
1967-11-02,70,44,0.00,0.0,0
1967-11-03,59,39,T,0.0,0
1967-11-04,56,34,0.00,0.0,0
1967-11-05,58,38,0.00,0.0,0
1967-11-06,64,44,0.00,0.0,0
1967-11-07,64,43,0.00,0.0,0
1967-11-08,63,44,T,0.0,0
1967-11-09,58,53,0.53,0.0,0
1967-11-10,71,55,0.10,0.0,0
1967-11-11,77,54,0.00,0.0,0
1967-11-12,79,46,0.00,0.0,0
1967-11-13,81,48,0.00,0.0,0
1967-11-14,70,48,0.00,0.0,0
1967-11-15,71,44,0.00,0.0,0
1967-11-16,72,50,0.00,0.0,0
1967-11-17,67,51,0.00,0.0,0
1967-11-18,70,43,0.00,0.0,0
1967-11-19,71,44,0.00,0.0,0
1967-11-20,77,60,0.01,0.0,0
1967-11-21,81,56,0.00,0.0,0
1967-11-22,56,50,0.00,0.0,0
1967-11-23,82,47,0.00,0.0,0
1967-11-24,70,50,0.00,0.0,0
1967-11-25,81,50,0.00,0.0,0
1967-11-26,65,44,0.00,0.0,0
1967-11-27,56,46,0.07,0.0,0
1967-11-28,47,40,0.32,0.0,0
1967-11-29,49,40,0.07,0.0,0
1967-11-30,53,40,0.00,0.0,0
1967-12-01,68,46,0.00,0.0,0
1967-12-02,68,40,0.00,0.0,0
1967-12-03,58,30,0.00,0.0,0
1967-12-04,61,35,T,0.0,0
1967-12-05,62,52,0.19,0.0,0
1967-12-06,76,54,0.00,0.0,0
1967-12-07,62,41,0.00,0.0,0
1967-12-08,65,44,0.00,0.0,0
1967-12-09,64,45,0.00,0.0,0
1967-12-10,45,40,0.09,0.0,0
1967-12-11,55,39,T,0.0,0
1967-12-12,75,43,0.00,0.0,0
1967-12-13,52,42,0.30,0.0,0
1967-12-14,42,37,0.31,0.0,0
1967-12-15,37,35,0.86,0.0,0
1967-12-16,43,36,0.26,0.0,0
1967-12-17,60,42,0.07,0.0,0
1967-12-18,62,44,0.00,0.0,0
1967-12-19,69,40,0.00,0.0,0
1967-12-20,74,61,T,0.0,0
1967-12-21,72,32,0.13,0.0,0
1967-12-22,44,28,0.00,0.0,0
1967-12-23,57,29,0.00,0.0,0
1967-12-24,60,35,0.00,0.0,0
1967-12-25,54,35,0.00,0.0,0
1967-12-26,46,26,0.00,0.0,0
1967-12-27,42,34,0.10,T,0
1967-12-28,43,32,0.00,0.0,0
1967-12-29,46,26,0.00,0.0,0
1967-12-30,44,40,0.24,0.0,0
1967-12-31,41,29,0.09,0.0,0
1968-01-01,42,29,0.02,0.0,T
1968-01-02,49,41,0.02,0.0,0
1968-01-03,47,34,0.24,0.0,0
1968-01-04,40,32,0.01,0.0,0
1968-01-05,40,37,0.13,0.0,0
1968-01-06,42,19,0.02,0.0,0
1968-01-07,25,13,0.00,0.0,0
1968-01-08,31,21,0.13,T,0
1968-01-09,33,30,0.02,0.0,T
1968-01-10,38,31,T,0.0,T
1968-01-11,41,35,T,0.0,0
1968-01-12,46,31,0.01,0.0,0
1968-01-13,41,25,0.00,0.0,0
1968-01-14,48,24,0.00,0.0,0
1968-01-15,49,28,0.00,0.0,0
1968-01-16,54,27,0.00,0.0,0
1968-01-17,62,39,T,0.0,0
1968-01-18,59,48,0.75,0.0,0
1968-01-19,61,53,T,0.0,0
1968-01-20,60,53,0.06,0.0,0
1968-01-21,55,52,0.46,0.0,0
1968-01-22,58,51,T,0.0,0
1968-01-23,52,37,0.20,0.0,0
1968-01-24,53,31,0.00,0.0,0
1968-01-25,71,39,0.00,0.0,0
1968-01-26,69,52,0.00,0.0,0
1968-01-27,66,63,0.12,0.0,0
1968-01-28,66,61,0.68,0.0,0
1968-01-29,69,60,T,0.0,0
1968-01-30,67,50,0.37,0.0,0
1968-01-31,72,51,T,0.0,0
1968-02-01,68,45,0.15,0.0,0
1968-02-02,63,38,0.00,0.0,0
1968-02-03,62,43,0.00,0.0,0
1968-02-04,62,42,0.13,0.0,0
1968-02-05,59,43,0.12,0.0,0
1968-02-06,63,39,0.00,0.0,0
1968-02-07,52,32,0.00,0.0,0
1968-02-08,53,30,0.00,0.0,0
1968-02-09,62,33,0.00,0.0,0
1968-02-10,66,39,0.00,0.0,0
1968-02-11,53,29,0.00,0.0,0
1968-02-12,54,31,T,0.0,0
1968-02-13,47,32,0.01,T,0
1968-02-14,34,30,0.49,0.0,T
1968-02-15,37,34,0.00,0.0,0
1968-02-16,52,35,0.00,0.0,0
1968-02-17,46,35,0.00,0.0,0
1968-02-18,49,39,0.01,0.0,0
1968-02-19,53,39,0.14,0.0,0
1968-02-20,67,42,0.00,0.0,0
1968-02-21,54,30,0.15,T,0
1968-02-22,30,25,0.03,0.3,0
1968-02-23,35,24,0.01,0.1,T
1968-02-24,52,27,0.00,0.0,0
1968-02-25,67,36,0.00,0.0,0
1968-02-26,70,38,0.00,0.0,0
1968-02-27,68,40,T,0.0,0
1968-02-28,63,39,0.45,0.0,0
1968-02-29,43,27,0.00,0.0,0
1968-03-01,64,31,0.00,0.0,0
1968-03-02,56,43,0.02,0.0,0
1968-03-03,46,32,0.00,0.0,0
1968-03-04,54,27,0.00,0.0,0
1968-03-05,62,40,0.23,0.0,0
1968-03-06,56,49,0.17,0.0,0
1968-03-07,65,49,0.00,0.0,0
1968-03-08,70,55,T,0.0,0
1968-03-09,78,61,0.08,0.0,0
1968-03-10,64,50,0.30,0.0,0
1968-03-11,54,35,1.72,T,0
1968-03-12,47,36,0.01,T,0
1968-03-13,57,32,0.00,0.0,0
1968-03-14,66,44,0.00,0.0,0
1968-03-15,74,52,0.00,0.0,0
1968-03-16,76,45,0.00,0.0,0
1968-03-17,72,58,T,0.0,0
1968-03-18,68,61,0.05,0.0,0
1968-03-19,66,57,0.96,0.0,0
1968-03-20,59,38,1.98,0.0,0
1968-03-21,47,36,0.00,0.0,0
1968-03-22,49,31,0.04,T,0
1968-03-23,54,30,0.00,0.0,0
1968-03-24,69,41,0.00,0.0,0
1968-03-25,72,50,0.00,0.0,0
1968-03-26,74,54,0.00,0.0,0
1968-03-27,67,53,0.00,0.0,0
1968-03-28,78,62,0.00,0.0,0
1968-03-29,76,62,0.00,0.0,0
1968-03-30,75,65,T,0.0,0
1968-03-31,79,58,0.13,0.0,0
1968-04-01,62,57,0.27,0.0,0
1968-04-02,75,60,T,0.0,0
1968-04-03,81,59,0.05,0.0,0
1968-04-04,59,41,0.00,0.0,0
1968-04-05,61,37,0.00,0.0,0
1968-04-06,71,46,0.00,0.0,0
1968-04-07,79,63,T,0.0,0
1968-04-08,79,58,T,0.0,0
1968-04-09,67,59,T,0.0,0
1968-04-10,76,59,0.00,0.0,0
1968-04-11,77,50,0.00,0.0,0
1968-04-12,68,60,0.40,0.0,0
1968-04-13,83,62,T,0.0,0
1968-04-14,74,50,0.00,0.0,0
1968-04-15,77,48,0.00,0.0,0
1968-04-16,75,62,T,0.0,0
1968-04-17,85,71,0.00,0.0,0
1968-04-18,80,70,0.05,0.0,0
1968-04-19,77,68,0.18,0.0,0
1968-04-20,79,56,0.00,0.0,0
1968-04-21,73,65,0.03,0.0,0
1968-04-22,82,62,0.83,0.0,0
1968-04-23,66,50,0.00,0.0,0
1968-04-24,75,45,0.00,0.0,0
1968-04-25,78,49,0.00,0.0,0
1968-04-26,80,58,0.00,0.0,0
1968-04-27,81,61,T,0.0,0
1968-04-28,68,56,0.72,0.0,0
1968-04-29,74,53,0.00,0.0,0
1968-04-30,78,52,0.00,0.0,0
1968-05-01,84,56,0.00,0.0,0
1968-05-02,86,64,0.06,0.0,0
1968-05-03,82,63,0.53,0.0,0
1968-05-04,80,63,0.00,0.0,0
1968-05-05,80,57,0.00,0.0,0
1968-05-06,81,62,0.00,0.0,0
1968-05-07,81,67,0.31,0.0,0
1968-05-08,83,67,0.00,0.0,0
1968-05-09,73,64,0.43,0.0,0
1968-05-10,79,64,0.13,0.0,0
1968-05-11,73,62,0.47,0.0,0
1968-05-12,73,59,0.06,0.0,0
1968-05-13,84,70,1.67,0.0,0
1968-05-14,88,72,0.00,0.0,0
1968-05-15,86,74,T,0.0,0
1968-05-16,83,67,0.34,0.0,0
1968-05-17,68,57,0.01,0.0,0
1968-05-18,78,51,0.00,0.0,0
1968-05-19,70,59,0.00,0.0,0
1968-05-20,76,54,0.00,0.0,0
1968-05-21,78,59,T,0.0,0
1968-05-22,89,70,0.00,0.0,0
1968-05-23,90,75,0.00,0.0,0
1968-05-24,89,73,0.00,0.0,0
1968-05-25,92,67,0.10,0.0,0
1968-05-26,78,63,0.00,0.0,0
1968-05-27,76,60,0.00,0.0,0
1968-05-28,84,60,0.00,0.0,0
1968-05-29,93,65,0.00,0.0,0
1968-05-30,88,73,T,0.0,0
1968-05-31,87,75,T,0.0,0
1968-06-01,79,66,0.10,0.0,0
1968-06-02,82,68,T,0.0,0
1968-06-03,84,71,0.01,0.0,0
1968-06-04,84,68,0.21,0.0,0
1968-06-05,88,71,T,0.0,0
1968-06-06,91,68,0.00,0.0,0
1968-06-07,88,75,0.00,0.0,0
1968-06-08,90,75,0.00,0.0,0
1968-06-09,91,75,0.00,0.0,0
1968-06-10,94,76,0.00,0.0,0
1968-06-11,97,79,0.00,0.0,0
1968-06-12,100,77,0.00,0.0,0
1968-06-13,96,75,0.00,0.0,0
1968-06-14,95,75,0.00,0.0,0
1968-06-15,93,69,1.68,0.0,0
1968-06-16,90,70,0.36,0.0,0
1968-06-17,89,71,0.00,0.0,0
1968-06-18,84,70,0.00,0.0,0
1968-06-19,90,72,0.00,0.0,0
1968-06-20,87,71,0.10,0.0,0
1968-06-21,86,70,0.00,0.0,0
1968-06-22,86,72,0.10,0.0,0
1968-06-23,85,74,0.05,0.0,0
1968-06-24,89,72,1.75,0.0,0
1968-06-25,91,72,0.44,0.0,0
1968-06-26,78,65,0.00,0.0,0
1968-06-27,87,65,0.00,0.0,0
1968-06-28,92,74,0.00,0.0,0
1968-06-29,95,78,0.00,0.0,0
1968-06-30,93,80,0.00,0.0,0
1968-07-01,94,72,0.01,0.0,0
1968-07-02,83,71,0.32,0.0,0
1968-07-03,87,71,0.00,0.0,0
1968-07-04,86,67,0.00,0.0,0
1968-07-05,87,67,0.00,0.0,0
1968-07-06,86,70,0.00,0.0,0
1968-07-07,88,69,0.00,0.0,0
1968-07-08,82,73,0.35,0.0,0
1968-07-09,89,68,0.00,0.0,0
1968-07-10,91,74,0.00,0.0,0
1968-07-11,93,76,0.01,0.0,0
1968-07-12,90,73,T,0.0,0
1968-07-13,89,73,0.40,0.0,0
1968-07-14,89,75,0.02,0.0,0
1968-07-15,93,77,0.00,0.0,0
1968-07-16,93,76,0.00,0.0,0
1968-07-17,93,76,0.00,0.0,0
1968-07-18,94,75,0.00,0.0,0
1968-07-19,92,71,0.06,0.0,0
1968-07-20,89,72,0.00,0.0,0
1968-07-21,95,73,0.00,0.0,0
1968-07-22,95,77,0.00,0.0,0
1968-07-23,94,74,0.02,0.0,0
1968-07-24,94,76,0.00,0.0,0
1968-07-25,95,76,0.00,0.0,0
1968-07-26,95,76,0.00,0.0,0
1968-07-27,96,78,0.00,0.0,0
1968-07-28,96,78,0.00,0.0,0
1968-07-29,88,71,0.34,0.0,0
1968-07-30,95,77,0.00,0.0,0
1968-07-31,97,78,0.00,0.0,0
1968-08-01,97,75,0.00,0.0,0
1968-08-02,97,78,0.00,0.0,0
1968-08-03,96,79,0.00,0.0,0
1968-08-04,94,77,T,0.0,0
1968-08-05,95,77,T,0.0,0
1968-08-06,96,78,0.00,0.0,0
1968-08-07,98,77,0.00,0.0,0
1968-08-08,99,76,0.00,0.0,0
1968-08-09,98,81,0.00,0.0,0
1968-08-10,101,82,0.00,0.0,0
1968-08-11,86,76,0.00,0.0,0
1968-08-12,93,74,0.26,0.0,0
1968-08-13,91,72,2.06,0.0,0
1968-08-14,88,74,0.39,0.0,0
1968-08-15,97,77,0.00,0.0,0
1968-08-16,98,79,T,0.0,0
1968-08-17,95,78,T,0.0,0
1968-08-18,94,75,0.00,0.0,0
1968-08-19,96,77,0.00,0.0,0
1968-08-20,96,78,0.00,0.0,0
1968-08-21,95,78,0.00,0.0,0
1968-08-22,98,79,0.00,0.0,0
1968-08-23,97,78,0.00,0.0,0
1968-08-24,95,76,0.00,0.0,0
1968-08-25,95,76,0.00,0.0,0
1968-08-26,94,74,T,0.0,0
1968-08-27,91,74,0.00,0.0,0
1968-08-28,90,72,0.00,0.0,0
1968-08-29,87,66,0.00,0.0,0
1968-08-30,85,72,0.06,0.0,0
1968-08-31,87,70,0.00,0.0,0
1968-09-01,88,69,0.00,0.0,0
1968-09-02,89,72,T,0.0,0
1968-09-03,94,72,0.05,0.0,0
1968-09-04,82,68,0.33,0.0,0
1968-09-05,82,66,0.01,0.0,0
1968-09-06,86,60,0.00,0.0,0
1968-09-07,89,69,0.00,0.0,0
1968-09-08,98,71,0.00,0.0,0
1968-09-09,86,68,0.00,0.0,0
1968-09-10,84,58,0.00,0.0,0
1968-09-11,85,56,0.00,0.0,0
1968-09-12,85,62,0.00,0.0,0
1968-09-13,84,63,0.00,0.0,0
1968-09-14,80,67,0.42,0.0,0
1968-09-15,81,67,0.32,0.0,0
1968-09-16,98,72,0.06,0.0,0
1968-09-17,80,62,0.04,0.0,0
1968-09-18,89,58,0.00,0.0,0
1968-09-19,90,63,0.00,0.0,0
1968-09-20,92,68,0.00,0.0,0
1968-09-21,90,75,0.08,0.0,0
1968-09-22,90,74,0.00,0.0,0
1968-09-23,90,73,0.00,0.0,0
1968-09-24,79,68,1.00,0.0,0
1968-09-25,81,61,T,0.0,0
1968-09-26,82,55,0.00,0.0,0
1968-09-27,85,59,0.00,0.0,0
1968-09-28,84,61,0.00,0.0,0
1968-09-29,84,61,0.00,0.0,0
1968-09-30,84,61,0.00,0.0,0
1968-10-01,87,63,0.00,0.0,0
1968-10-02,92,71,0.00,0.0,0
1968-10-03,79,64,0.01,0.0,0
1968-10-04,74,62,0.00,0.0,0
1968-10-05,70,59,T,0.0,0
1968-10-06,79,57,T,0.0,0
1968-10-07,79,55,0.00,0.0,0
1968-10-08,84,66,0.17,0.0,0
1968-10-09,75,58,2.42,0.0,0
1968-10-10,74,51,0.00,0.0,0
1968-10-11,72,62,0.00,0.0,0
1968-10-12,84,66,0.01,0.0,0
1968-10-13,89,71,0.00,0.0,0
1968-10-14,88,72,0.00,0.0,0
1968-10-15,87,73,0.00,0.0,0
1968-10-16,81,59,0.03,0.0,0
1968-10-17,70,51,0.00,0.0,0
1968-10-18,71,45,0.00,0.0,0
1968-10-19,82,52,0.00,0.0,0
1968-10-20,86,58,0.00,0.0,0
1968-10-21,82,61,0.02,0.0,0
1968-10-22,76,58,0.06,0.0,0
1968-10-23,76,58,0.00,0.0,0
1968-10-24,64,48,0.00,0.0,0
1968-10-25,76,45,0.00,0.0,0
1968-10-26,83,49,0.00,0.0,0
1968-10-27,76,50,0.00,0.0,0
1968-10-28,70,43,0.00,0.0,0
1968-10-29,88,47,0.00,0.0,0
1968-10-30,86,59,0.00,0.0,0
1968-10-31,85,70,0.00,0.0,0
1968-11-01,84,67,0.00,0.0,0
1968-11-02,80,62,1.04,0.0,0
1968-11-03,62,48,T,0.0,0
1968-11-04,66,41,0.00,0.0,0
1968-11-05,74,52,0.00,0.0,0
1968-11-06,62,47,0.00,0.0,0
1968-11-07,57,45,0.00,0.0,0
1968-11-08,46,35,0.42,T,0
1968-11-09,56,33,0.00,0.0,0
1968-11-10,57,45,0.00,0.0,0
1968-11-11,51,35,0.00,0.0,0
1968-11-12,60,33,0.00,0.0,0
1968-11-13,76,45,0.00,0.0,0
1968-11-14,74,61,0.04,0.0,0
1968-11-15,71,48,0.26,0.0,0
1968-11-16,75,45,0.00,0.0,0
1968-11-17,64,43,0.00,0.0,0
1968-11-18,55,37,0.00,0.0,0
1968-11-19,63,32,0.00,0.0,0
1968-11-20,60,35,0.00,0.0,0
1968-11-21,75,44,0.00,0.0,0
1968-11-22,76,49,0.00,0.0,0
1968-11-23,77,57,0.09,0.0,0
1968-11-24,68,43,0.00,0.0,0
1968-11-25,71,39,0.00,0.0,0
1968-11-26,65,47,1.00,0.0,0
1968-11-27,47,39,0.74,0.0,0
1968-11-28,58,36,0.07,T,0
1968-11-29,48,34,0.00,0.0,0
1968-11-30,46,41,0.60,0.0,0
1968-12-01,59,41,0.02,0.0,0
1968-12-02,69,45,0.00,0.0,0
1968-12-03,56,41,0.01,0.0,0
1968-12-04,67,37,0.00,0.0,0
1968-12-05,58,38,0.00,0.0,0
1968-12-06,56,30,0.00,0.0,0
1968-12-07,52,35,0.00,0.0,0
1968-12-08,49,28,0.00,0.0,0
1968-12-09,57,36,0.00,0.0,0
1968-12-10,59,46,0.00,0.0,0
1968-12-11,66,49,T,0.0,0
1968-12-12,73,45,0.00,0.0,0
1968-12-13,58,35,0.00,0.0,0
1968-12-14,47,26,0.00,0.0,0
1968-12-15,49,27,0.00,0.0,0
1968-12-16,54,36,0.00,0.0,0
1968-12-17,68,50,0.00,0.0,0
1968-12-18,75,43,T,0.0,0
1968-12-19,60,36,0.00,0.0,0
1968-12-20,60,40,0.09,0.0,0
1968-12-21,62,46,0.32,0.0,0
1968-12-22,55,33,0.00,0.0,0
1968-12-23,45,27,0.00,0.0,0
1968-12-24,56,30,0.00,0.0,0
1968-12-25,71,40,0.00,0.0,0
1968-12-26,73,58,0.00,0.0,0
1968-12-27,70,39,0.10,0.0,0
1968-12-28,52,33,0.00,0.0,0
1968-12-29,69,39,0.00,0.0,0
1968-12-30,58,28,0.00,0.0,0
1968-12-31,30,16,0.00,0.0,0
1969-01-01,43,20,0.00,0.0,0
1969-01-02,50,40,0.00,0.0,0
1969-01-03,46,28,T,0.0,0
1969-01-04,36,22,0.00,0.0,0
1969-01-05,56,27,0.00,0.0,0
1969-01-06,63,37,0.00,0.0,0
1969-01-07,69,40,0.00,0.0,0
1969-01-08,88,42,0.00,0.0,0
1969-01-09,46,33,0.00,0.0,0
1969-01-10,37,28,0.00,0.0,0
1969-01-11,48,27,0.00,0.0,0
1969-01-12,56,35,0.00,0.0,0
1969-01-13,62,39,0.00,0.0,0
1969-01-14,62,52,0.00,0.0,0
1969-01-15,62,53,0.04,0.0,0
1969-01-16,71,59,T,0.0,0
1969-01-17,76,50,0.00,0.0,0
1969-01-18,50,42,0.00,0.0,0
1969-01-19,49,40,T,0.0,0
1969-01-20,65,44,T,0.0,0
1969-01-21,71,49,0.00,0.0,0
1969-01-22,81,44,T,0.0,0
1969-01-23,63,31,0.00,0.0,0
1969-01-24,37,21,0.00,0.0,0
1969-01-25,54,29,0.00,0.0,0
1969-01-26,60,43,T,0.0,0
1969-01-27,77,56,0.00,0.0,0
1969-01-28,77,53,0.07,0.0,0
1969-01-29,75,50,1.03,0.0,0
1969-01-30,58,42,0.90,0.0,0
1969-01-31,46,40,0.09,0.0,0
1969-02-01,50,44,T,0.0,0
1969-02-02,69,43,0.00,0.0,0
1969-02-03,56,30,0.00,0.0,0
1969-02-04,61,32,0.00,0.0,0
1969-02-05,61,49,0.00,0.0,0
1969-02-06,72,53,0.00,0.0,0
1969-02-07,83,50,0.00,0.0,0
1969-02-08,65,39,0.00,0.0,0
1969-02-09,59,33,0.00,0.0,0
1969-02-10,71,40,0.00,0.0,0
1969-02-11,70,44,0.00,0.0,0
1969-02-12,64,40,0.00,0.0,0
1969-02-13,51,44,0.08,0.0,0
1969-02-14,47,41,1.20,0.0,0
1969-02-15,42,38,T,0.0,0
1969-02-16,40,36,0.00,0.0,0
1969-02-17,47,35,0.01,T,0
1969-02-18,52,29,0.00,0.0,0
1969-02-19,50,38,0.02,0.0,0
1969-02-20,44,42,0.33,0.0,0
1969-02-21,49,43,0.57,0.0,0
1969-02-22,58,40,0.00,0.0,0
1969-02-23,65,39,0.00,0.0,0
1969-02-24,60,39,0.00,0.0,0
1969-02-25,75,44,0.00,0.0,0
1969-02-26,69,51,0.00,0.0,0
1969-02-27,74,48,0.00,0.0,0
1969-02-28,61,38,0.00,0.0,0
1969-03-01,60,39,0.00,0.0,0
1969-03-02,48,36,0.40,0.0,0
1969-03-03,50,36,T,0.0,0
1969-03-04,55,30,0.00,0.0,0
1969-03-05,48,41,0.32,0.0,0
1969-03-06,55,42,0.00,0.0,0
1969-03-07,61,38,0.22,0.0,0
1969-03-08,55,31,0.00,0.0,0
1969-03-09,45,23,0.00,0.0,0
1969-03-10,45,28,0.00,0.0,0
1969-03-11,47,27,0.00,0.0,0
1969-03-12,57,35,0.00,0.0,0
1969-03-13,57,34,0.00,0.0,0
1969-03-14,53,45,0.18,0.0,0
1969-03-15,45,40,1.04,0.0,0
1969-03-16,60,41,T,0.0,0
1969-03-17,53,46,0.65,0.0,0
1969-03-18,74,45,0.03,0.0,0
1969-03-19,82,52,0.00,0.0,0
1969-03-20,67,50,0.00,0.0,0
1969-03-21,71,47,0.00,0.0,0
1969-03-22,67,54,T,0.0,0
1969-03-23,66,53,0.74,0.0,0
1969-03-24,53,44,0.00,0.0,0
1969-03-25,58,37,0.00,0.0,0
1969-03-26,61,35,0.00,0.0,0
1969-03-27,70,45,0.00,0.0,0
1969-03-28,80,55,0.05,0.0,0
1969-03-29,65,48,T,0.0,0
1969-03-30,52,44,0.14,0.0,0
1969-03-31,66,44,0.02,0.0,0
1969-04-01,80,56,0.00,0.0,0
1969-04-02,77,64,0.00,0.0,0
1969-04-03,81,64,0.00,0.0,0
1969-04-04,77,67,0.15,0.0,0
1969-04-05,74,52,0.00,0.0,0
1969-04-06,70,44,0.00,0.0,0
1969-04-07,80,55,0.00,0.0,0
1969-04-08,79,64,T,0.0,0
1969-04-09,86,69,0.00,0.0,0
1969-04-10,82,57,0.00,0.0,0
1969-04-11,78,60,T,0.0,0
1969-04-12,69,56,0.94,0.0,0
1969-04-13,62,57,0.04,0.0,0
1969-04-14,74,55,0.00,0.0,0
1969-04-15,82,60,0.00,0.0,0
1969-04-16,78,62,0.27,0.0,0
1969-04-17,72,54,0.13,0.0,0
1969-04-18,72,53,0.00,0.0,0
1969-04-19,73,47,0.00,0.0,0
1969-04-20,74,57,T,0.0,0
1969-04-21,83,56,0.00,0.0,0
1969-04-22,85,62,0.00,0.0,0
1969-04-23,77,58,0.00,0.0,0
1969-04-24,74,55,0.00,0.0,0
1969-04-25,78,60,0.00,0.0,0
1969-04-26,78,65,T,0.0,0
1969-04-27,73,56,1.15,0.0,0
1969-04-28,70,49,0.00,0.0,0
1969-04-29,76,49,0.00,0.0,0
1969-04-30,77,55,0.00,0.0,0
1969-05-01,80,59,0.00,0.0,0
1969-05-02,82,62,0.00,0.0,0
1969-05-03,79,66,0.00,0.0,0
1969-05-04,79,65,0.46,0.0,0
1969-05-05,78,62,1.59,0.0,0
1969-05-06,80,64,4.49,0.0,0
1969-05-07,71,64,0.93,0.0,0
1969-05-08,80,54,0.02,0.0,0
1969-05-09,76,49,0.00,0.0,0
1969-05-10,85,59,0.00,0.0,0
1969-05-11,82,57,0.00,0.0,0
1969-05-12,82,65,0.00,0.0,0
1969-05-13,83,61,0.00,0.0,0
1969-05-14,81,67,0.25,0.0,0
1969-05-15,83,65,T,0.0,0
1969-05-16,81,66,0.20,0.0,0
1969-05-17,73,57,0.66,0.0,0
1969-05-18,70,57,0.24,0.0,0
1969-05-19,85,58,0.00,0.0,0
1969-05-20,86,67,0.00,0.0,0
1969-05-21,89,71,0.00,0.0,0
1969-05-22,90,69,0.00,0.0,0
1969-05-23,87,67,0.00,0.0,0
1969-05-24,90,69,0.00,0.0,0
1969-05-25,89,70,0.01,0.0,0
1969-05-26,87,70,0.07,0.0,0
1969-05-27,90,67,0.00,0.0,0
1969-05-28,91,71,0.09,0.0,0
1969-05-29,91,72,0.00,0.0,0
1969-05-30,92,72,T,0.0,0
1969-05-31,93,72,0.00,0.0,0
1969-06-01,82,64,0.02,0.0,0
1969-06-02,80,58,0.00,0.0,0
1969-06-03,69,60,0.28,0.0,0
1969-06-04,77,60,0.00,0.0,0
1969-06-05,86,62,0.00,0.0,0
1969-06-06,90,65,0.00,0.0,0
1969-06-07,88,70,0.00,0.0,0
1969-06-08,90,70,0.00,0.0,0
1969-06-09,83,70,0.00,0.0,0
1969-06-10,91,66,0.00,0.0,0
1969-06-11,93,71,0.00,0.0,0
1969-06-12,92,70,T,0.0,0
1969-06-13,93,70,0.00,0.0,0
1969-06-14,88,70,0.04,0.0,0
1969-06-15,78,63,0.00,0.0,0
1969-06-16,86,63,0.00,0.0,0
1969-06-17,93,70,0.00,0.0,0
1969-06-18,96,71,0.00,0.0,0
1969-06-19,99,74,T,0.0,0
1969-06-20,100,79,0.00,0.0,0
1969-06-21,102,79,0.00,0.0,0
1969-06-22,100,80,0.00,0.0,0
1969-06-23,100,76,0.10,0.0,0
1969-06-24,97,80,0.00,0.0,0
1969-06-25,98,82,0.00,0.0,0
1969-06-26,97,82,0.00,0.0,0
1969-06-27,98,81,0.00,0.0,0
1969-06-28,97,80,0.00,0.0,0
1969-06-29,98,80,0.00,0.0,0
1969-06-30,98,80,0.00,0.0,0
1969-07-01,98,81,0.00,0.0,0
1969-07-02,101,80,0.00,0.0,0
1969-07-03,102,83,0.00,0.0,0
1969-07-04,101,81,0.00,0.0,0
1969-07-05,99,79,T,0.0,0
1969-07-06,99,81,0.00,0.0,0
1969-07-07,100,80,0.00,0.0,0
1969-07-08,101,80,0.00,0.0,0
1969-07-09,101,82,0.00,0.0,0
1969-07-10,102,82,0.00,0.0,0
1969-07-11,103,83,0.00,0.0,0
1969-07-12,101,81,0.00,0.0,0
1969-07-13,102,83,0.00,0.0,0
1969-07-14,103,85,0.00,0.0,0
1969-07-15,104,83,0.00,0.0,0
1969-07-16,98,79,0.00,0.0,0
1969-07-17,98,81,0.00,0.0,0
1969-07-18,100,80,0.00,0.0,0
1969-07-19,101,80,0.00,0.0,0
1969-07-20,99,82,0.00,0.0,0
1969-07-21,97,77,0.00,0.0,0
1969-07-22,98,81,0.00,0.0,0
1969-07-23,102,81,T,0.0,0
1969-07-24,104,80,0.00,0.0,0
1969-07-25,102,83,0.00,0.0,0
1969-07-26,101,82,0.00,0.0,0
1969-07-27,93,82,T,0.0,0
1969-07-28,101,79,0.00,0.0,0
1969-07-29,96,73,0.00,0.0,0
1969-07-30,95,73,0.00,0.0,0
1969-07-31,91,77,0.00,0.0,0
1969-08-01,96,73,0.00,0.0,0
1969-08-02,93,76,0.00,0.0,0
1969-08-03,97,75,0.00,0.0,0
1969-08-04,93,75,1.05,0.0,0
1969-08-05,92,70,0.64,0.0,0
1969-08-06,94,76,0.00,0.0,0
1969-08-07,98,78,0.00,0.0,0
1969-08-08,99,78,0.00,0.0,0
1969-08-09,101,79,0.00,0.0,0
1969-08-10,105,79,0.00,0.0,0
1969-08-11,104,79,0.00,0.0,0
1969-08-12,101,79,0.00,0.0,0
1969-08-13,105,78,0.00,0.0,0
1969-08-14,103,81,0.00,0.0,0
1969-08-15,83,73,0.59,0.0,0
1969-08-16,98,75,0.00,0.0,0
1969-08-17,99,74,0.00,0.0,0
1969-08-18,98,77,0.00,0.0,0
1969-08-19,100,81,0.00,0.0,0
1969-08-20,100,81,0.00,0.0,0
1969-08-21,99,82,0.00,0.0,0
1969-08-22,102,79,T,0.0,0
1969-08-23,90,76,0.09,0.0,0
1969-08-24,90,73,0.00,0.0,0
1969-08-25,83,74,0.02,0.0,0
1969-08-26,85,74,T,0.0,0
1969-08-27,88,73,0.04,0.0,0
1969-08-28,94,73,0.00,0.0,0
1969-08-29,95,74,0.00,0.0,0
1969-08-30,92,75,0.00,0.0,0
1969-08-31,93,72,0.00,0.0,0
1969-09-01,95,72,0.00,0.0,0
1969-09-02,92,74,0.00,0.0,0
1969-09-03,81,70,1.37,0.0,0
1969-09-04,90,72,0.00,0.0,0
1969-09-05,93,75,0.00,0.0,0
1969-09-06,93,75,0.00,0.0,0
1969-09-07,95,75,T,0.0,0
1969-09-08,94,70,0.08,0.0,0
1969-09-09,83,73,T,0.0,0
1969-09-10,77,68,0.08,0.0,0
1969-09-11,78,66,0.02,0.0,0
1969-09-12,86,62,0.00,0.0,0
1969-09-13,88,63,0.00,0.0,0
1969-09-14,90,71,0.00,0.0,0
1969-09-15,93,76,0.05,0.0,0
1969-09-16,94,73,0.53,0.0,0
1969-09-17,89,71,0.00,0.0,0
1969-09-18,85,65,0.00,0.0,0
1969-09-19,86,68,0.00,0.0,0
1969-09-20,88,67,0.00,0.0,0
1969-09-21,87,71,0.00,0.0,0
1969-09-22,83,71,0.45,0.0,0
1969-09-23,83,65,1.26,0.0,0
1969-09-24,82,61,0.00,0.0,0
1969-09-25,87,63,0.00,0.0,0
1969-09-26,88,69,0.00,0.0,0
1969-09-27,91,67,0.00,0.0,0
1969-09-28,92,64,0.00,0.0,0
1969-09-29,89,68,0.00,0.0,0
1969-09-30,91,67,0.00,0.0,0
1969-10-01,93,64,0.00,0.0,0
1969-10-02,93,72,0.00,0.0,0
1969-10-03,91,71,0.00,0.0,0
1969-10-04,88,74,0.00,0.0,0
1969-10-05,81,72,0.03,0.0,0
1969-10-06,74,57,T,0.0,0
1969-10-07,80,51,0.00,0.0,0
1969-10-08,82,50,0.00,0.0,0
1969-10-09,89,60,0.00,0.0,0
1969-10-10,91,70,0.00,0.0,0
1969-10-11,93,78,T,0.0,0
1969-10-12,82,51,4.39,0.0,0
1969-10-13,61,45,0.00,0.0,0
1969-10-14,63,41,0.00,0.0,0
1969-10-15,76,49,0.00,0.0,0
1969-10-16,65,49,0.00,0.0,0
1969-10-17,66,54,0.00,0.0,0
1969-10-18,83,58,0.00,0.0,0
1969-10-19,85,59,0.00,0.0,0
1969-10-20,88,67,0.00,0.0,0
1969-10-21,81,60,0.00,0.0,0
1969-10-22,77,55,0.00,0.0,0
1969-10-23,63,55,T,0.0,0
1969-10-24,67,51,0.01,0.0,0
1969-10-25,74,57,0.00,0.0,0
1969-10-26,79,59,0.00,0.0,0
1969-10-27,59,46,0.80,0.0,0
1969-10-28,54,46,0.11,0.0,0
1969-10-29,53,48,1.24,0.0,0
1969-10-30,64,48,0.76,0.0,0
1969-10-31,60,42,0.00,0.0,0
1969-11-01,68,42,0.00,0.0,0
1969-11-02,52,45,0.16,0.0,0
1969-11-03,62,40,0.10,0.0,0
1969-11-04,61,44,0.33,0.0,0
1969-11-05,75,47,0.00,0.0,0
1969-11-06,75,52,0.00,0.0,0
1969-11-07,83,52,0.00,0.0,0
1969-11-08,84,50,0.00,0.0,0
1969-11-09,78,52,0.00,0.0,0
1969-11-10,80,59,0.03,0.0,0
1969-11-11,83,58,0.00,0.0,0
1969-11-12,73,49,0.00,0.0,0
1969-11-13,67,46,0.00,0.0,0
1969-11-14,46,36,0.00,0.0,0
1969-11-15,66,35,0.00,0.0,0
1969-11-16,69,44,0.03,0.0,0
1969-11-17,83,65,0.54,0.0,0
1969-11-18,71,40,0.00,0.0,0
1969-11-19,53,32,0.00,0.0,0
1969-11-20,69,36,0.00,0.0,0
1969-11-21,69,37,0.00,0.0,0
1969-11-22,74,44,0.00,0.0,0
1969-11-23,63,52,0.00,0.0,0
1969-11-24,55,47,0.02,0.0,0
1969-11-25,70,44,0.00,0.0,0
1969-11-26,68,43,0.02,0.0,0
1969-11-27,58,40,0.24,0.0,0
1969-11-28,48,30,0.00,0.0,0
1969-11-29,60,40,T,0.0,0
1969-11-30,64,34,0.00,0.0,0
1969-12-01,72,42,0.00,0.0,0
1969-12-02,68,40,0.00,0.0,0
1969-12-03,68,40,0.00,0.0,0
1969-12-04,56,45,0.01,0.0,0
1969-12-05,51,42,0.69,0.0,0
1969-12-06,44,38,0.62,0.0,0
1969-12-07,48,38,0.00,0.0,0
1969-12-08,53,36,0.00,0.0,0
1969-12-09,58,43,0.00,0.0,0
1969-12-10,60,40,0.00,0.0,0
1969-12-11,60,35,0.00,0.0,0
1969-12-12,70,35,0.00,0.0,0
1969-12-13,74,47,0.00,0.0,0
1969-12-14,71,45,0.00,0.0,0
1969-12-15,69,43,0.00,0.0,0
1969-12-16,58,36,0.00,0.0,0
1969-12-17,69,48,0.00,0.0,0
1969-12-18,71,59,T,0.0,0
1969-12-19,59,46,T,0.0,0
1969-12-20,53,45,T,0.0,0
1969-12-21,64,45,0.00,0.0,0
1969-12-22,69,41,0.00,0.0,0
1969-12-23,65,40,0.00,0.0,0
1969-12-24,64,45,0.00,0.0,0
1969-12-25,56,44,0.00,0.0,0
1969-12-26,61,36,0.00,0.0,0
1969-12-27,68,49,0.00,0.0,0
1969-12-28,60,37,0.73,0.0,0
1969-12-29,37,31,1.16,T,0
1969-12-30,34,28,T,T,T
1969-12-31,45,25,0.00,0.0,0
1970-01-01,55,30,0.00,0.0,0
1970-01-02,45,31,0.15,0.0,0
1970-01-03,50,28,0.00,0.0,0
1970-01-04,51,29,0.00,0.0,0
1970-01-05,46,24,0.50,T,0
1970-01-06,30,21,0.00,0.0,T
1970-01-07,43,20,0.00,0.0,0
1970-01-08,30,21,0.00,0.0,0
1970-01-09,36,17,0.00,0.0,0
1970-01-10,46,34,T,0.0,0
1970-01-11,53,40,T,0.0,0
1970-01-12,43,38,0.00,0.0,0
1970-01-13,47,32,0.00,0.0,0
1970-01-14,58,32,0.00,0.0,0
1970-01-15,60,35,0.00,0.0,0
1970-01-16,57,43,T,0.0,0
1970-01-17,55,41,0.00,0.0,0
1970-01-18,41,21,T,T,T
1970-01-19,36,22,T,T,T
1970-01-20,42,26,0.00,0.0,0
1970-01-21,35,28,0.00,0.0,0
1970-01-22,42,32,0.00,0.0,0
1970-01-23,60,40,0.00,0.0,0
1970-01-24,68,38,T,0.0,0
1970-01-25,70,46,0.00,0.0,0
1970-01-26,69,40,0.00,0.0,0
1970-01-27,75,49,T,0.0,0
1970-01-28,84,62,0.00,0.0,0
1970-01-29,63,35,0.00,0.0,0
1970-01-30,58,29,0.00,0.0,0
1970-01-31,58,36,0.00,0.0,0
1970-02-01,50,42,1.40,0.0,0
1970-02-02,46,28,0.00,0.0,0
1970-02-03,39,23,0.00,0.0,0
1970-02-04,63,33,0.00,0.0,0
1970-02-05,62,47,0.02,0.0,0
1970-02-06,58,54,0.49,0.0,0
1970-02-07,62,54,0.02,0.0,0
1970-02-08,61,43,T,0.0,0
1970-02-09,54,36,0.00,0.0,0
1970-02-10,70,33,0.00,0.0,0
1970-02-11,72,43,0.00,0.0,0
1970-02-12,55,31,0.00,0.0,0
1970-02-13,75,45,0.00,0.0,0
1970-02-14,63,41,T,0.0,0
1970-02-15,42,36,0.58,0.0,0
1970-02-16,55,31,0.00,0.0,0
1970-02-17,72,40,0.00,0.0,0
1970-02-18,77,44,0.00,0.0,0
1970-02-19,51,32,0.00,0.0,0
1970-02-20,58,30,0.00,0.0,0
1970-02-21,59,46,0.00,0.0,0
1970-02-22,56,50,0.17,0.0,0
1970-02-23,53,48,0.24,0.0,0
1970-02-24,52,50,1.44,0.0,0
1970-02-25,50,39,0.02,0.0,0
1970-02-26,59,35,0.00,0.0,0
1970-02-27,66,46,0.49,0.0,0
1970-02-28,73,54,0.19,0.0,0
1970-03-01,70,62,0.02,0.0,0
1970-03-02,71,62,0.02,0.0,0
1970-03-03,79,58,0.73,0.0,0
1970-03-04,62,48,0.00,0.0,0
1970-03-05,68,42,0.00,0.0,0
1970-03-06,59,50,0.13,0.0,0
1970-03-07,59,50,0.01,0.0,0
1970-03-08,68,43,0.00,0.0,0
1970-03-09,74,51,0.00,0.0,0
1970-03-10,62,42,0.07,0.0,0
1970-03-11,43,33,0.42,T,0
1970-03-12,43,33,0.03,T,0
1970-03-13,54,31,0.00,0.0,0
1970-03-14,59,35,0.00,0.0,0
1970-03-15,68,38,0.00,0.0,0
1970-03-16,63,40,1.22,0.0,0
1970-03-17,44,37,0.10,0.0,0
1970-03-18,58,39,0.01,0.0,0
1970-03-19,57,44,0.02,0.0,0
1970-03-20,46,33,0.70,T,0
1970-03-21,47,33,0.18,0.5,T
1970-03-22,65,33,0.00,0.0,0
1970-03-23,74,42,0.00,0.0,0
1970-03-24,82,56,0.00,0.0,0
1970-03-25,68,45,0.00,0.0,0
1970-03-26,58,36,0.00,0.0,0
1970-03-27,66,44,0.00,0.0,0
1970-03-28,60,43,0.01,0.0,0
1970-03-29,55,39,0.00,0.0,0
1970-03-30,68,46,0.00,0.0,0
1970-03-31,71,50,0.00,0.0,0
1970-04-01,70,44,T,0.0,0
1970-04-02,63,35,0.00,0.0,0
1970-04-03,70,45,0.00,0.0,0
1970-04-04,69,42,0.00,0.0,0
1970-04-05,67,39,0.00,0.0,0
1970-04-06,84,46,0.00,0.0,0
1970-04-07,83,52,0.00,0.0,0
1970-04-08,81,56,0.00,0.0,0
1970-04-09,73,62,0.10,0.0,0
1970-04-10,74,58,T,0.0,0
1970-04-11,80,56,0.00,0.0,0
1970-04-12,82,62,0.00,0.0,0
1970-04-13,72,53,0.00,0.0,0
1970-04-14,76,55,0.00,0.0,0
1970-04-15,71,61,0.31,0.0,0
1970-04-16,76,66,0.13,0.0,0
1970-04-17,76,65,T,0.0,0
1970-04-18,80,66,0.81,0.0,0
1970-04-19,73,59,T,0.0,0
1970-04-20,85,57,0.00,0.0,0
1970-04-21,85,57,0.00,0.0,0
1970-04-22,84,68,0.00,0.0,0
1970-04-23,81,73,T,0.0,0
1970-04-24,75,64,T,0.0,0
1970-04-25,71,60,2.05,0.0,0
1970-04-26,81,60,T,0.0,0
1970-04-27,82,73,0.00,0.0,0
1970-04-28,84,75,0.00,0.0,0
1970-04-29,81,75,T,0.0,0
1970-04-30,77,60,0.52,0.0,0
1970-05-01,66,52,0.00,0.0,0
1970-05-02,71,48,0.00,0.0,0
1970-05-03,76,50,0.00,0.0,0
1970-05-04,81,55,0.00,0.0,0
1970-05-05,84,60,0.00,0.0,0
1970-05-06,86,64,0.00,0.0,0
1970-05-07,84,59,0.00,0.0,0
1970-05-08,83,66,0.00,0.0,0
1970-05-09,86,68,0.00,0.0,0
1970-05-10,88,71,0.00,0.0,0
1970-05-11,87,74,0.00,0.0,0
1970-05-12,87,75,0.00,0.0,0
1970-05-13,85,70,T,0.0,0
1970-05-14,87,70,0.00,0.0,0
1970-05-15,71,60,0.00,0.0,0
1970-05-16,81,50,0.00,0.0,0
1970-05-17,84,57,0.00,0.0,0
1970-05-18,83,61,0.00,0.0,0
1970-05-19,89,67,0.00,0.0,0
1970-05-20,88,70,0.00,0.0,0
1970-05-21,87,69,0.00,0.0,0
1970-05-22,86,66,0.12,0.0,0
1970-05-23,83,65,T,0.0,0
1970-05-24,84,67,0.00,0.0,0
1970-05-25,87,66,0.00,0.0,0
1970-05-26,86,68,0.12,0.0,0
1970-05-27,82,64,0.39,0.0,0
1970-05-28,84,64,0.29,0.0,0
1970-05-29,86,72,0.00,0.0,0
1970-05-30,86,67,2.15,0.0,0
1970-05-31,79,67,T,0.0,0
1970-06-01,79,63,T,0.0,0
1970-06-02,79,59,T,0.0,0
1970-06-03,75,56,0.00,0.0,0
1970-06-04,74,57,T,0.0,0
1970-06-05,77,58,0.00,0.0,0
1970-06-06,86,59,0.00,0.0,0
1970-06-07,91,66,0.00,0.0,0
1970-06-08,90,71,0.00,0.0,0
1970-06-09,90,72,0.00,0.0,0
1970-06-10,88,72,0.00,0.0,0
1970-06-11,90,75,T,0.0,0
1970-06-12,94,78,0.00,0.0,0
1970-06-13,95,79,0.00,0.0,0
1970-06-14,96,81,0.00,0.0,0
1970-06-15,97,76,0.00,0.0,0
1970-06-16,98,73,0.00,0.0,0
1970-06-17,98,74,0.00,0.0,0
1970-06-18,95,77,0.00,0.0,0
1970-06-19,95,78,0.00,0.0,0
1970-06-20,95,79,0.00,0.0,0
1970-06-21,90,74,0.19,0.0,0
1970-06-22,92,72,0.48,0.0,0
1970-06-23,92,76,T,0.0,0
1970-06-24,95,75,T,0.0,0
1970-06-25,98,75,0.00,0.0,0
1970-06-26,96,80,0.00,0.0,0
1970-06-27,96,78,0.00,0.0,0
1970-06-28,98,78,0.00,0.0,0
1970-06-29,97,78,0.00,0.0,0
1970-06-30,95,77,0.00,0.0,0
1970-07-01,97,79,0.00,0.0,0
1970-07-02,98,81,0.00,0.0,0
1970-07-03,102,80,0.00,0.0,0
1970-07-04,98,79,T,0.0,0
1970-07-05,90,68,0.00,0.0,0
1970-07-06,92,71,0.00,0.0,0
1970-07-07,103,78,0.00,0.0,0
1970-07-08,101,79,0.00,0.0,0
1970-07-09,91,84,0.00,0.0,0
1970-07-10,101,82,0.01,0.0,0
1970-07-11,97,82,T,0.0,0
1970-07-12,85,75,0.30,0.0,0
1970-07-13,93,72,0.00,0.0,0
1970-07-14,93,77,0.00,0.0,0
1970-07-15,94,76,0.00,0.0,0
1970-07-16,95,76,0.00,0.0,0
1970-07-17,99,78,0.00,0.0,0
1970-07-18,100,78,0.00,0.0,0
1970-07-19,103,80,0.00,0.0,0
1970-07-20,93,68,T,0.0,0
1970-07-21,79,67,T,0.0,0
1970-07-22,85,65,0.00,0.0,0
1970-07-23,87,66,0.00,0.0,0
1970-07-24,92,71,0.20,0.0,0
1970-07-25,94,73,0.00,0.0,0
1970-07-26,94,74,0.00,0.0,0
1970-07-27,97,77,0.00,0.0,0
1970-07-28,97,78,0.00,0.0,0
1970-07-29,98,79,0.00,0.0,0
1970-07-30,100,80,0.00,0.0,0
1970-07-31,100,80,0.00,0.0,0
1970-08-01,100,81,0.00,0.0,0
1970-08-02,102,82,0.00,0.0,0
1970-08-03,102,82,0.00,0.0,0
1970-08-04,99,78,0.00,0.0,0
1970-08-05,100,80,0.00,0.0,0
1970-08-06,101,80,0.00,0.0,0
1970-08-07,102,81,0.00,0.0,0
1970-08-08,103,85,0.00,0.0,0
1970-08-09,102,84,0.00,0.0,0
1970-08-10,96,83,0.00,0.0,0
1970-08-11,97,78,0.00,0.0,0
1970-08-12,96,76,0.00,0.0,0
1970-08-13,97,76,0.00,0.0,0
1970-08-14,100,80,0.00,0.0,0
1970-08-15,97,80,0.00,0.0,0
1970-08-16,97,80,0.00,0.0,0
1970-08-17,103,82,0.00,0.0,0
1970-08-18,102,83,0.00,0.0,0
1970-08-19,97,74,2.04,0.0,0
1970-08-20,98,81,T,0.0,0
1970-08-21,94,80,0.00,0.0,0
1970-08-22,88,78,0.08,0.0,0
1970-08-23,90,73,1.53,0.0,0
1970-08-24,90,73,0.00,0.0,0
1970-08-25,89,71,0.00,0.0,0
1970-08-26,90,69,0.00,0.0,0
1970-08-27,89,69,0.00,0.0,0
1970-08-28,91,69,0.00,0.0,0
1970-08-29,90,72,0.73,0.0,0
1970-08-30,90,73,0.00,0.0,0
1970-08-31,92,73,0.42,0.0,0
1970-09-01,82,72,0.44,0.0,0
1970-09-02,89,71,1.88,0.0,0
1970-09-03,94,78,0.00,0.0,0
1970-09-04,96,78,0.00,0.0,0
1970-09-05,95,77,0.00,0.0,0
1970-09-06,96,78,0.00,0.0,0
1970-09-07,96,78,0.00,0.0,0
1970-09-08,95,78,0.00,0.0,0
1970-09-09,96,76,0.00,0.0,0
1970-09-10,87,73,0.00,0.0,0
1970-09-11,89,70,0.00,0.0,0
1970-09-12,93,76,T,0.0,0
1970-09-13,84,76,0.72,0.0,0
1970-09-14,91,76,0.00,0.0,0
1970-09-15,89,76,0.00,0.0,0
1970-09-16,83,74,1.71,0.0,0
1970-09-17,86,75,0.01,0.0,0
1970-09-18,88,73,0.00,0.0,0
1970-09-19,92,73,0.00,0.0,0
1970-09-20,91,77,0.03,0.0,0
1970-09-21,91,76,0.28,0.0,0
1970-09-22,91,77,T,0.0,0
1970-09-23,80,60,1.95,0.0,0
1970-09-24,85,62,0.00,0.0,0
1970-09-25,87,65,0.15,0.0,0
1970-09-26,65,57,0.49,0.0,0
1970-09-27,65,53,0.00,0.0,0
1970-09-28,73,57,0.00,0.0,0
1970-09-29,78,60,0.00,0.0,0
1970-09-30,82,61,0.00,0.0,0
1970-10-01,85,66,T,0.0,0
1970-10-02,87,68,0.00,0.0,0
1970-10-03,87,68,0.00,0.0,0
1970-10-04,87,68,0.00,0.0,0
1970-10-05,83,71,0.07,0.0,0
1970-10-06,86,71,0.00,0.0,0
1970-10-07,88,70,0.00,0.0,0
1970-10-08,78,47,0.37,0.0,0
1970-10-09,63,43,0.00,0.0,0
1970-10-10,70,45,0.00,0.0,0
1970-10-11,61,58,1.59,0.0,0
1970-10-12,64,57,0.01,0.0,0
1970-10-13,75,53,T,0.0,0
1970-10-14,73,53,0.00,0.0,0
1970-10-15,65,52,T,0.0,0
1970-10-16,58,51,T,0.0,0
1970-10-17,56,46,0.01,0.0,0
1970-10-18,62,45,0.00,0.0,0
1970-10-19,69,50,0.00,0.0,0
1970-10-20,74,51,0.00,0.0,0
1970-10-21,75,56,0.00,0.0,0
1970-10-22,81,67,T,0.0,0
1970-10-23,72,60,0.94,0.0,0
1970-10-24,76,55,0.00,0.0,0
1970-10-25,80,59,0.00,0.0,0
1970-10-26,84,68,0.02,0.0,0
1970-10-27,69,48,0.00,0.0,0
1970-10-28,63,42,0.00,0.0,0
1970-10-29,71,43,0.00,0.0,0
1970-10-30,74,48,0.00,0.0,0
1970-10-31,76,49,0.00,0.0,0
1970-11-01,62,43,0.00,0.0,0
1970-11-02,58,38,0.00,0.0,0
1970-11-03,56,37,0.00,0.0,0
1970-11-04,55,39,0.00,0.0,0
1970-11-05,66,38,0.00,0.0,0
1970-11-06,74,44,0.00,0.0,0
1970-11-07,78,48,0.00,0.0,0
1970-11-08,77,60,T,0.0,0
1970-11-09,68,49,0.00,0.0,0
1970-11-10,70,40,0.00,0.0,0
1970-11-11,70,44,0.00,0.0,0
1970-11-12,61,38,0.00,0.0,0
1970-11-13,50,45,0.38,0.0,0
1970-11-14,47,39,T,0.0,0
1970-11-15,47,33,0.00,0.0,0
1970-11-16,65,32,0.00,0.0,0
1970-11-17,68,45,0.00,0.0,0
1970-11-18,73,42,0.00,0.0,0
1970-11-19,77,52,0.00,0.0,0
1970-11-20,66,41,0.00,0.0,0
1970-11-21,76,50,0.00,0.0,0
1970-11-22,65,40,0.00,0.0,0
1970-11-23,42,29,0.00,0.0,0
1970-11-24,45,26,0.00,0.0,0
1970-11-25,71,38,0.00,0.0,0
1970-11-26,78,61,0.00,0.0,0
1970-11-27,76,64,0.00,0.0,0
1970-11-28,74,61,0.00,0.0,0
1970-11-29,77,59,0.00,0.0,0
1970-11-30,79,62,0.00,0.0,0
1970-12-01,81,66,0.00,0.0,0
1970-12-02,79,58,0.00,0.0,0
1970-12-03,83,58,0.00,0.0,0
1970-12-04,72,50,0.00,0.0,0
1970-12-05,74,49,0.00,0.0,0
1970-12-06,60,43,0.00,0.0,0
1970-12-07,64,41,0.00,0.0,0
1970-12-08,70,51,0.00,0.0,0
1970-12-09,78,62,0.00,0.0,0
1970-12-10,76,66,0.00,0.0,0
1970-12-11,67,33,T,0.0,0
1970-12-12,55,29,0.00,0.0,0
1970-12-13,58,37,0.00,0.0,0
1970-12-14,57,37,0.00,0.0,0
1970-12-15,67,45,0.21,0.0,0
1970-12-16,58,42,0.00,0.0,0
1970-12-17,71,38,0.00,0.0,0
1970-12-18,77,53,T,0.0,0
1970-12-19,68,40,0.00,0.0,0
1970-12-20,48,42,T,0.0,0
1970-12-21,69,47,T,0.0,0
1970-12-22,77,62,0.00,0.0,0
1970-12-23,67,33,0.00,0.0,0
1970-12-24,55,26,0.00,0.0,0
1970-12-25,52,33,0.00,0.0,0
1970-12-26,54,28,0.00,0.0,0
1970-12-27,67,37,T,0.0,0
1970-12-28,68,48,0.00,0.0,0
1970-12-29,62,47,T,0.0,0
1970-12-30,62,47,0.73,0.0,0
1970-12-31,56,39,0.00,0.0,0
1971-01-01,65,40,0.00,0.0,0
1971-01-02,66,51,T,0.0,0
1971-01-03,72,34,0.13,0.0,0
1971-01-04,35,25,0.00,0.0,0
1971-01-05,34,17,0.00,0.0,0
1971-01-06,36,24,0.00,0.0,0
1971-01-07,31,23,0.00,0.0,0
1971-01-08,46,23,0.00,0.0,0
1971-01-09,67,33,0.00,0.0,0
1971-01-10,71,48,0.00,0.0,0
1971-01-11,78,39,0.00,0.0,0
1971-01-12,48,32,T,0.0,0
1971-01-13,71,44,0.03,0.0,0
1971-01-14,76,39,0.00,0.0,0
1971-01-15,53,34,0.00,0.0,0
1971-01-16,65,35,0.00,0.0,0
1971-01-17,63,38,0.00,0.0,0
1971-01-18,56,32,T,0.0,0
1971-01-19,40,24,0.00,0.0,0
1971-01-20,58,30,0.00,0.0,0
1971-01-21,71,49,0.00,0.0,0
1971-01-22,72,43,0.00,0.0,0
1971-01-23,55,41,0.00,0.0,0
1971-01-24,67,47,0.00,0.0,0
1971-01-25,76,45,0.00,0.0,0
1971-01-26,70,38,0.00,0.0,0
1971-01-27,56,35,0.00,0.0,0
1971-01-28,68,40,0.00,0.0,0
1971-01-29,77,50,0.00,0.0,0
1971-01-30,76,49,0.00,0.0,0
1971-01-31,51,33,0.00,0.0,0
1971-02-01,46,29,0.00,0.0,0
1971-02-02,47,37,0.01,0.0,0
1971-02-03,63,37,T,0.0,0
1971-02-04,69,37,0.13,0.0,0
1971-02-05,65,31,0.00,0.0,0
1971-02-06,52,34,0.00,0.0,0
1971-02-07,35,23,0.05,0.5,0
1971-02-08,47,15,0.00,0.0,T
1971-02-09,42,19,0.00,0.0,0
1971-02-10,65,29,0.00,0.0,0
1971-02-11,76,48,0.03,0.0,0
1971-02-12,56,37,0.00,0.0,0
1971-02-13,56,28,0.00,0.0,0
1971-02-14,76,43,0.00,0.0,0
1971-02-15,70,40,0.00,0.0,0
1971-02-16,80,52,0.00,0.0,0
1971-02-17,76,61,0.00,0.0,0
1971-02-18,79,59,0.66,0.0,0
1971-02-19,74,55,0.00,0.0,0
1971-02-20,78,50,0.00,0.0,0
1971-02-21,63,29,1.20,T,0
1971-02-22,49,28,T,T,0
1971-02-23,62,34,0.00,0.0,0
1971-02-24,68,44,0.01,0.0,0
1971-02-25,61,56,0.48,0.0,0
1971-02-26,66,47,0.00,0.0,0
1971-02-27,62,39,0.00,0.0,0
1971-02-28,68,49,0.08,0.0,0
1971-03-01,68,45,0.00,0.0,0
1971-03-02,45,29,0.26,0.8,0
1971-03-03,41,24,T,T,1
1971-03-04,60,31,0.00,0.0,0
1971-03-05,79,44,0.00,0.0,0
1971-03-06,66,38,0.00,0.0,0
1971-03-07,55,30,0.00,0.0,0
1971-03-08,70,37,0.00,0.0,0
1971-03-09,78,51,0.00,0.0,0
1971-03-10,67,40,0.00,0.0,0
1971-03-11,84,49,0.00,0.0,0
1971-03-12,82,51,0.00,0.0,0
1971-03-13,92,61,0.00,0.0,0
1971-03-14,89,53,0.00,0.0,0
1971-03-15,74,46,0.00,0.0,0
1971-03-16,75,52,0.00,0.0,0
1971-03-17,79,49,0.00,0.0,0
1971-03-18,68,49,0.01,0.0,0
1971-03-19,61,37,0.00,0.0,0
1971-03-20,65,35,0.00,0.0,0
1971-03-21,82,52,0.00,0.0,0
1971-03-22,67,49,0.00,0.0,0
1971-03-23,64,46,0.00,0.0,0
1971-03-24,56,43,0.00,0.0,0
1971-03-25,58,44,0.01,0.0,0
1971-03-26,69,37,0.00,0.0,0
1971-03-27,78,51,0.00,0.0,0
1971-03-28,88,61,0.00,0.0,0
1971-03-29,70,50,0.00,0.0,0
1971-03-30,76,47,0.00,0.0,0
1971-03-31,81,53,0.00,0.0,0
1971-04-01,69,49,0.00,0.0,0
1971-04-02,68,38,0.00,0.0,0
1971-04-03,76,51,0.00,0.0,0
1971-04-04,73,48,0.10,0.0,0
1971-04-05,63,39,T,0.0,0
1971-04-06,62,38,0.00,0.0,0
1971-04-07,73,38,0.00,0.0,0
1971-04-08,81,51,0.00,0.0,0
1971-04-09,78,59,0.00,0.0,0
1971-04-10,81,60,0.00,0.0,0
1971-04-11,84,59,0.00,0.0,0
1971-04-12,89,61,0.00,0.0,0
1971-04-13,77,59,0.00,0.0,0
1971-04-14,65,54,0.00,0.0,0
1971-04-15,81,55,0.00,0.0,0
1971-04-16,72,61,0.87,0.0,0
1971-04-17,76,59,1.06,0.0,0
1971-04-18,81,59,0.04,0.0,0
1971-04-19,86,66,T,0.0,0
1971-04-20,68,54,0.42,0.0,0
1971-04-21,85,53,0.00,0.0,0
1971-04-22,87,67,0.03,0.0,0
1971-04-23,75,58,0.00,0.0,0
1971-04-24,76,52,0.00,0.0,0
1971-04-25,86,62,0.00,0.0,0
1971-04-26,87,67,0.00,0.0,0
1971-04-27,86,68,0.00,0.0,0
1971-04-28,80,62,T,0.0,0
1971-04-29,70,59,0.27,0.0,0
1971-04-30,72,57,0.00,0.0,0
1971-05-01,81,53,0.00,0.0,0
1971-05-02,88,59,0.00,0.0,0
1971-05-03,77,58,0.00,0.0,0
1971-05-04,86,60,0.00,0.0,0
1971-05-05,89,70,0.03,0.0,0
1971-05-06,89,68,0.06,0.0,0
1971-05-07,83,61,0.00,0.0,0
1971-05-08,84,64,0.01,0.0,0
1971-05-09,77,68,0.01,0.0,0
1971-05-10,82,64,0.06,0.0,0
1971-05-11,79,63,0.00,0.0,0
1971-05-12,72,55,0.00,0.0,0
1971-05-13,72,48,0.00,0.0,0
1971-05-14,77,50,0.00,0.0,0
1971-05-15,85,55,0.00,0.0,0
1971-05-16,90,62,0.00,0.0,0
1971-05-17,90,65,0.00,0.0,0
1971-05-18,90,69,0.02,0.0,0
1971-05-19,77,57,T,0.0,0
1971-05-20,86,58,0.00,0.0,0
1971-05-21,87,66,0.00,0.0,0
1971-05-22,86,73,0.00,0.0,0
1971-05-23,89,71,0.00,0.0,0
1971-05-24,82,66,0.00,0.0,0
1971-05-25,90,61,0.00,0.0,0
1971-05-26,92,68,0.00,0.0,0
1971-05-27,86,64,2.57,0.0,0
1971-05-28,87,72,0.00,0.0,0
1971-05-29,74,66,1.00,0.0,0
1971-05-30,83,66,T,0.0,0
1971-05-31,90,72,T,0.0,0
1971-06-01,90,69,T,0.0,0
1971-06-02,95,76,0.00,0.0,0
1971-06-03,91,73,0.00,0.0,0
1971-06-04,92,73,0.00,0.0,0
1971-06-05,94,72,0.00,0.0,0
1971-06-06,93,75,0.00,0.0,0
1971-06-07,95,75,0.00,0.0,0
1971-06-08,94,76,0.00,0.0,0
1971-06-09,95,76,0.00,0.0,0
1971-06-10,95,76,0.00,0.0,0
1971-06-11,95,77,T,0.0,0
1971-06-12,97,77,0.00,0.0,0
1971-06-13,97,80,T,0.0,0
1971-06-14,91,78,T,0.0,0
1971-06-15,97,72,0.00,0.0,0
1971-06-16,97,74,0.00,0.0,0
1971-06-17,99,79,0.00,0.0,0
1971-06-18,97,77,0.00,0.0,0
1971-06-19,94,74,0.00,0.0,0
1971-06-20,97,73,0.00,0.0,0
1971-06-21,86,73,0.58,0.0,0
1971-06-22,94,73,T,0.0,0
1971-06-23,97,72,0.00,0.0,0
1971-06-24,102,76,0.00,0.0,0
1971-06-25,98,80,0.00,0.0,0
1971-06-26,97,78,0.00,0.0,0
1971-06-27,98,77,0.00,0.0,0
1971-06-28,88,73,0.74,0.0,0
1971-06-29,93,74,0.00,0.0,0
1971-06-30,96,76,0.00,0.0,0
1971-07-01,99,79,0.00,0.0,0
1971-07-02,96,76,0.08,0.0,0
1971-07-03,100,78,T,0.0,0
1971-07-04,100,81,0.00,0.0,0
1971-07-05,100,82,0.00,0.0,0
1971-07-06,102,82,0.00,0.0,0
1971-07-07,101,83,0.00,0.0,0
1971-07-08,96,79,0.00,0.0,0
1971-07-09,100,81,0.00,0.0,0
1971-07-10,98,82,0.00,0.0,0
1971-07-11,98,78,0.00,0.0,0
1971-07-12,101,82,0.00,0.0,0
1971-07-13,102,82,0.00,0.0,0
1971-07-14,102,81,0.00,0.0,0
1971-07-15,102,82,0.00,0.0,0
1971-07-16,103,84,0.00,0.0,0
1971-07-17,102,83,0.00,0.0,0
1971-07-18,103,82,0.00,0.0,0
1971-07-19,104,75,0.59,0.0,0
1971-07-20,82,72,T,0.0,0
1971-07-21,84,75,0.00,0.0,0
1971-07-22,98,77,0.00,0.0,0
1971-07-23,84,74,0.53,0.0,0
1971-07-24,87,75,0.82,0.0,0
1971-07-25,91,76,0.00,0.0,0
1971-07-26,90,77,0.00,0.0,0
1971-07-27,82,73,0.14,0.0,0
1971-07-28,79,72,2.27,0.0,0
1971-07-29,89,71,0.29,0.0,0
1971-07-30,78,65,T,0.0,0
1971-07-31,83,63,0.00,0.0,0
1971-08-01,80,68,0.00,0.0,0
1971-08-02,79,70,0.00,0.0,0
1971-08-03,85,70,0.00,0.0,0
1971-08-04,84,71,0.13,0.0,0
1971-08-05,83,71,0.11,0.0,0
1971-08-06,85,71,T,0.0,0
1971-08-07,87,74,T,0.0,0
1971-08-08,94,72,0.00,0.0,0
1971-08-09,93,75,0.18,0.0,0
1971-08-10,95,76,0.00,0.0,0
1971-08-11,94,78,0.00,0.0,0
1971-08-12,89,72,0.06,0.0,0
1971-08-13,82,72,0.25,0.0,0
1971-08-14,84,72,2.21,0.0,0
1971-08-15,90,76,0.00,0.0,0
1971-08-16,90,73,0.00,0.0,0
1971-08-17,90,75,0.00,0.0,0
1971-08-18,89,75,0.00,0.0,0
1971-08-19,91,72,0.00,0.0,0
1971-08-20,93,77,0.00,0.0,0
1971-08-21,95,76,0.00,0.0,0
1971-08-22,97,79,0.00,0.0,0
1971-08-23,96,79,0.00,0.0,0
1971-08-24,94,75,0.67,0.0,0
1971-08-25,83,73,0.50,0.0,0
1971-08-26,91,73,0.00,0.0,0
1971-08-27,92,75,0.00,0.0,0
1971-08-28,93,74,0.00,0.0,0
1971-08-29,84,73,0.00,0.0,0
1971-08-30,86,69,0.00,0.0,0
1971-08-31,92,69,0.00,0.0,0
1971-09-01,90,70,0.00,0.0,0
1971-09-02,88,72,0.21,0.0,0
1971-09-03,92,72,0.00,0.0,0
1971-09-04,93,77,0.00,0.0,0
1971-09-05,97,77,0.00,0.0,0
1971-09-06,100,78,0.00,0.0,0
1971-09-07,96,78,0.00,0.0,0
1971-09-08,95,76,0.00,0.0,0
1971-09-09,91,74,0.00,0.0,0
1971-09-10,86,77,0.00,0.0,0
1971-09-11,93,74,0.00,0.0,0
1971-09-12,96,67,0.00,0.0,0
1971-09-13,95,71,0.00,0.0,0
1971-09-14,96,72,0.00,0.0,0
1971-09-15,92,72,0.00,0.0,0
1971-09-16,90,72,0.00,0.0,0
1971-09-17,86,67,0.00,0.0,0
1971-09-18,75,59,0.00,0.0,0
1971-09-19,64,54,0.01,0.0,0
1971-09-20,75,50,0.00,0.0,0
1971-09-21,77,59,0.00,0.0,0
1971-09-22,69,65,0.98,0.0,0
1971-09-23,74,67,0.22,0.0,0
1971-09-24,86,67,0.31,0.0,0
1971-09-25,86,71,0.10,0.0,0
1971-09-26,91,75,0.00,0.0,0
1971-09-27,92,75,0.00,0.0,0
1971-09-28,91,75,0.00,0.0,0
1971-09-29,91,73,0.00,0.0,0
1971-09-30,89,72,0.00,0.0,0
1971-10-01,90,70,0.00,0.0,0
1971-10-02,91,75,T,0.0,0
1971-10-03,78,65,3.96,0.0,0
1971-10-04,78,64,0.10,0.0,0
1971-10-05,82,65,0.00,0.0,0
1971-10-06,87,58,0.00,0.0,0
1971-10-07,82,56,0.00,0.0,0
1971-10-08,72,63,0.15,0.0,0
1971-10-09,76,53,0.00,0.0,0
1971-10-10,75,48,0.00,0.0,0
1971-10-11,84,52,0.00,0.0,0
1971-10-12,83,60,0.00,0.0,0
1971-10-13,80,64,0.00,0.0,0
1971-10-14,83,60,0.04,0.0,0
1971-10-15,87,65,0.00,0.0,0
1971-10-16,87,72,T,0.0,0
1971-10-17,76,70,0.78,0.0,0
1971-10-18,85,66,1.87,0.0,0
1971-10-19,80,66,2.55,0.0,0
1971-10-20,70,58,0.02,0.0,0
1971-10-21,75,55,0.00,0.0,0
1971-10-22,74,55,0.00,0.0,0
1971-10-23,72,57,0.00,0.0,0
1971-10-24,75,53,0.00,0.0,0
1971-10-25,78,57,0.00,0.0,0
1971-10-26,80,58,0.28,0.0,0
1971-10-27,79,57,0.02,0.0,0
1971-10-28,82,65,0.00,0.0,0
1971-10-29,82,69,0.00,0.0,0
1971-10-30,81,64,0.01,0.0,0
1971-10-31,80,59,0.00,0.0,0
1971-11-01,81,65,0.00,0.0,0
1971-11-02,77,54,0.00,0.0,0
1971-11-03,68,48,0.00,0.0,0
1971-11-04,71,45,0.00,0.0,0
1971-11-05,78,53,0.00,0.0,0
1971-11-06,67,48,0.00,0.0,0
1971-11-07,60,39,0.00,0.0,0
1971-11-08,53,48,0.00,0.0,0
1971-11-09,70,47,0.00,0.0,0
1971-11-10,71,41,0.00,0.0,0
1971-11-11,78,48,0.00,0.0,0
1971-11-12,78,52,0.00,0.0,0
1971-11-13,82,57,0.00,0.0,0
1971-11-14,81,66,0.00,0.0,0
1971-11-15,78,63,0.00,0.0,0
1971-11-16,75,61,0.00,0.0,0
1971-11-17,72,64,0.79,0.0,0
1971-11-18,66,45,0.00,0.0,0
1971-11-19,56,38,0.00,0.0,0
1971-11-20,71,42,0.00,0.0,0
1971-11-21,66,45,0.00,0.0,0
1971-11-22,51,36,0.52,0.0,0
1971-11-23,45,37,0.00,0.0,0
1971-11-24,51,37,0.00,0.0,0
1971-11-25,56,39,0.00,0.0,0
1971-11-26,66,46,0.00,0.0,0
1971-11-27,62,40,0.00,0.0,0
1971-11-28,68,46,T,0.0,0
1971-11-29,57,38,0.00,0.0,0
1971-11-30,44,40,0.28,0.0,0
1971-12-01,48,41,0.00,0.0,0
1971-12-02,45,37,1.29,T,0
1971-12-03,42,37,T,0.0,0
1971-12-04,43,40,T,0.0,0
1971-12-05,44,40,1.32,0.0,0
1971-12-06,45,39,0.42,0.0,0
1971-12-07,64,36,0.00,0.0,0
1971-12-08,58,51,0.97,0.0,0
1971-12-09,52,44,3.27,0.0,0
1971-12-10,60,42,0.13,0.0,0
1971-12-11,59,36,0.00,0.0,0
1971-12-12,63,43,0.00,0.0,0
1971-12-13,59,36,0.04,0.0,0
1971-12-14,75,50,0.30,0.0,0
1971-12-15,69,46,0.00,0.0,0
1971-12-16,67,48,0.01,0.0,0
1971-12-17,57,41,T,0.0,0
1971-12-18,58,35,0.00,0.0,0
1971-12-19,68,49,0.00,0.0,0
1971-12-20,73,49,0.00,0.0,0
1971-12-21,62,39,0.00,0.0,0
1971-12-22,48,39,T,0.0,0
1971-12-23,67,45,T,0.0,0
1971-12-24,71,55,0.00,0.0,0
1971-12-25,74,56,0.00,0.0,0
1971-12-26,76,57,0.00,0.0,0
1971-12-27,78,53,T,0.0,0
1971-12-28,53,46,T,0.0,0
1971-12-29,74,51,T,0.0,0
1971-12-30,66,48,0.00,0.0,0
1971-12-31,57,46,0.01,0.0,0
1972-01-01,54,47,0.48,0.0,0
1972-01-02,57,37,0.00,0.0,0
1972-01-03,61,34,0.28,0.0,0
1972-01-04,34,20,0.12,0.5,T
1972-01-05,37,16,0.00,0.0,T
1972-01-06,50,27,0.00,0.0,0
1972-01-07,58,33,0.00,0.0,0
1972-01-08,60,40,T,0.0,0
1972-01-09,67,47,0.00,0.0,0
1972-01-10,60,43,0.00,0.0,0
1972-01-11,63,36,0.00,0.0,0
1972-01-12,78,47,0.00,0.0,0
1972-01-13,67,36,0.00,0.0,0
1972-01-14,48,24,0.00,0.0,0
1972-01-15,38,15,T,T,0
1972-01-16,45,24,0.00,0.0,0
1972-01-17,57,37,0.00,0.0,0
1972-01-18,77,56,T,0.0,0
1972-01-19,77,54,0.00,0.0,0
1972-01-20,83,52,0.00,0.0,0
1972-01-21,52,45,T,0.0,0
1972-01-22,63,37,0.00,0.0,0
1972-01-23,79,39,0.00,0.0,0
1972-01-24,82,46,0.00,0.0,0
1972-01-25,59,36,0.00,0.0,0
1972-01-26,47,39,0.12,0.0,0
1972-01-27,47,30,0.08,0.0,0
1972-01-28,35,22,T,0.0,T
1972-01-29,36,28,0.05,0.0,T
1972-01-30,49,28,0.00,0.0,0
1972-01-31,47,26,T,0.0,0
1972-02-01,47,35,T,T,T
1972-02-02,44,22,0.00,0.0,0
1972-02-03,43,18,0.00,0.0,0
1972-02-04,52,26,0.00,0.0,0
1972-02-05,52,34,0.02,0.0,0
1972-02-06,69,33,T,0.0,0
1972-02-07,45,25,0.00,0.0,0
1972-02-08,58,27,0.00,0.0,0
1972-02-09,64,34,0.00,0.0,0
1972-02-10,61,41,0.00,0.0,0
1972-02-11,42,31,0.23,0.0,0
1972-02-12,51,30,0.00,0.0,0
1972-02-13,68,29,0.00,0.0,0
1972-02-14,76,48,0.00,0.0,0
1972-02-15,63,38,0.00,0.0,0
1972-02-16,65,34,0.00,0.0,0
1972-02-17,71,41,0.00,0.0,0
1972-02-18,58,40,0.00,0.0,0
1972-02-19,63,37,0.00,0.0,0
1972-02-20,70,49,0.00,0.0,0
1972-02-21,78,60,0.00,0.0,0
1972-02-22,64,50,0.00,0.0,0
1972-02-23,76,50,0.00,0.0,0
1972-02-24,80,58,0.00,0.0,0
1972-02-25,82,56,0.00,0.0,0
1972-02-26,61,42,0.00,0.0,0
1972-02-27,70,40,0.00,0.0,0
1972-02-28,82,48,0.00,0.0,0
1972-02-29,78,58,0.00,0.0,0
1972-03-01,83,37,0.00,0.0,0
1972-03-02,57,30,0.00,0.0,0
1972-03-03,70,38,0.00,0.0,0
1972-03-04,68,45,0.00,0.0,0
1972-03-05,64,38,0.00,0.0,0
1972-03-06,73,45,0.00,0.0,0
1972-03-07,89,59,0.00,0.0,0
1972-03-08,62,51,0.00,0.0,0
1972-03-09,70,45,0.00,0.0,0
1972-03-10,80,51,0.00,0.0,0
1972-03-11,78,57,0.00,0.0,0
1972-03-12,79,62,T,0.0,0
1972-03-13,78,62,0.00,0.0,0
1972-03-14,84,58,0.00,0.0,0
1972-03-15,75,51,T,0.0,0
1972-03-16,80,46,0.00,0.0,0
1972-03-17,84,48,0.00,0.0,0
1972-03-18,71,54,0.00,0.0,0
1972-03-19,80,50,0.00,0.0,0
1972-03-20,79,61,T,0.0,0
1972-03-21,78,58,T,0.0,0
1972-03-22,80,48,0.00,0.0,0
1972-03-23,88,58,T,0.0,0
1972-03-24,85,55,0.04,0.0,0
1972-03-25,73,44,0.00,0.0,0
1972-03-26,80,57,0.22,0.0,0
1972-03-27,80,62,0.00,0.0,0
1972-03-28,71,49,0.00,0.0,0
1972-03-29,59,41,0.00,0.0,0
1972-03-30,53,43,0.00,0.0,0
1972-03-31,67,38,0.00,0.0,0
1972-04-01,67,43,0.00,0.0,0
1972-04-02,84,49,0.00,0.0,0
1972-04-03,81,49,0.00,0.0,0
1972-04-04,67,40,0.00,0.0,0
1972-04-05,83,51,0.00,0.0,0
1972-04-06,84,65,0.00,0.0,0
1972-04-07,91,65,0.00,0.0,0
1972-04-08,74,47,0.00,0.0,0
1972-04-09,73,43,0.00,0.0,0
1972-04-10,82,63,0.00,0.0,0
1972-04-11,87,70,0.00,0.0,0
1972-04-12,94,70,0.00,0.0,0
1972-04-13,92,70,0.00,0.0,0
1972-04-14,86,69,0.05,0.0,0
1972-04-15,81,62,0.31,0.0,0
1972-04-16,80,52,0.00,0.0,0
1972-04-17,85,56,0.00,0.0,0
1972-04-18,83,64,0.00,0.0,0
1972-04-19,90,71,0.00,0.0,0
1972-04-20,87,71,0.02,0.0,0
1972-04-21,76,58,0.21,0.0,0
1972-04-22,84,50,0.00,0.0,0
1972-04-23,85,57,0.00,0.0,0
1972-04-24,78,56,0.00,0.0,0
1972-04-25,80,55,0.00,0.0,0
1972-04-26,71,58,T,0.0,0
1972-04-27,69,59,2.71,0.0,0
1972-04-28,73,63,T,0.0,0
1972-04-29,81,63,0.37,0.0,0
1972-04-30,83,65,T,0.0,0
1972-05-01,82,70,T,0.0,0
1972-05-02,83,65,0.00,0.0,0
1972-05-03,82,56,0.00,0.0,0
1972-05-04,85,61,0.00,0.0,0
1972-05-05,83,64,0.00,0.0,0
1972-05-06,77,64,0.38,0.0,0
1972-05-07,70,60,0.44,0.0,0
1972-05-08,76,58,0.00,0.0,0
1972-05-09,81,56,0.00,0.0,0
1972-05-10,75,59,0.00,0.0,0
1972-05-11,83,63,0.00,0.0,0
1972-05-12,82,61,0.27,0.0,0
1972-05-13,85,62,T,0.0,0
1972-05-14,84,60,0.00,0.0,0
1972-05-15,88,60,0.00,0.0,0
1972-05-16,91,67,T,0.0,0
1972-05-17,90,61,0.00,0.0,0
1972-05-18,90,67,T,0.0,0
1972-05-19,86,68,0.00,0.0,0
1972-05-20,88,65,0.00,0.0,0
1972-05-21,90,69,0.00,0.0,0
1972-05-22,91,73,T,0.0,0
1972-05-23,91,70,0.00,0.0,0
1972-05-24,91,72,0.00,0.0,0
1972-05-25,93,72,0.00,0.0,0
1972-05-26,94,74,0.00,0.0,0
1972-05-27,93,74,0.00,0.0,0
1972-05-28,92,72,T,0.0,0
1972-05-29,91,71,0.00,0.0,0
1972-05-30,84,65,0.00,0.0,0
1972-05-31,82,62,0.00,0.0,0
1972-06-01,84,61,0.00,0.0,0
1972-06-02,86,67,0.00,0.0,0
1972-06-03,86,68,0.00,0.0,0
1972-06-04,87,69,0.00,0.0,0
1972-06-05,87,69,0.00,0.0,0
1972-06-06,91,69,0.00,0.0,0
1972-06-07,92,71,0.00,0.0,0
1972-06-08,91,73,0.00,0.0,0
1972-06-09,91,75,0.00,0.0,0
1972-06-10,92,74,T,0.0,0
1972-06-11,91,71,0.01,0.0,0
1972-06-12,90,72,0.02,0.0,0
1972-06-13,92,72,0.01,0.0,0
1972-06-14,90,66,0.59,0.0,0
1972-06-15,88,70,0.67,0.0,0
1972-06-16,88,68,0.00,0.0,0
1972-06-17,88,70,0.00,0.0,0
1972-06-18,90,72,T,0.0,0
1972-06-19,95,74,0.00,0.0,0
1972-06-20,100,79,0.00,0.0,0
1972-06-21,86,65,1.50,0.0,0
1972-06-22,91,74,T,0.0,0
1972-06-23,91,75,0.00,0.0,0
1972-06-24,98,77,0.00,0.0,0
1972-06-25,104,82,T,0.0,0
1972-06-26,102,81,0.00,0.0,0
1972-06-27,101,80,0.00,0.0,0
1972-06-28,98,82,0.00,0.0,0
1972-06-29,94,75,T,0.0,0
1972-06-30,89,71,0.00,0.0,0
1972-07-01,96,79,0.00,0.0,0
1972-07-02,96,77,0.00,0.0,0
1972-07-03,91,76,T,0.0,0
1972-07-04,85,70,0.23,0.0,0
1972-07-05,84,68,0.00,0.0,0
1972-07-06,86,62,0.00,0.0,0
1972-07-07,86,68,0.00,0.0,0
1972-07-08,91,68,0.01,0.0,0
1972-07-09,93,74,0.00,0.0,0
1972-07-10,93,73,0.00,0.0,0
1972-07-11,92,73,0.00,0.0,0
1972-07-12,93,70,1.70,0.0,0
1972-07-13,92,74,0.00,0.0,0
1972-07-14,95,75,0.00,0.0,0
1972-07-15,95,76,0.00,0.0,0
1972-07-16,95,75,0.00,0.0,0
1972-07-17,92,74,0.00,0.0,0
1972-07-18,92,76,T,0.0,0
1972-07-19,91,72,0.00,0.0,0
1972-07-20,92,73,T,0.0,0
1972-07-21,88,72,0.01,0.0,0
1972-07-22,89,71,T,0.0,0
1972-07-23,91,71,0.00,0.0,0
1972-07-24,93,74,0.00,0.0,0
1972-07-25,95,72,0.00,0.0,0
1972-07-26,96,76,0.00,0.0,0
1972-07-27,100,76,0.00,0.0,0
1972-07-28,99,79,0.00,0.0,0
1972-07-29,100,78,0.00,0.0,0
1972-07-30,94,73,0.00,0.0,0
1972-07-31,94,74,0.00,0.0,0
1972-08-01,97,73,0.00,0.0,0
1972-08-02,96,75,0.00,0.0,0
1972-08-03,95,74,T,0.0,0
1972-08-04,94,75,T,0.0,0
1972-08-05,99,75,0.00,0.0,0
1972-08-06,103,75,0.00,0.0,0
1972-08-07,101,78,0.00,0.0,0
1972-08-08,100,81,0.00,0.0,0
1972-08-09,98,77,0.75,0.0,0
1972-08-10,94,73,0.00,0.0,0
1972-08-11,95,75,T,0.0,0
1972-08-12,95,76,0.13,0.0,0
1972-08-13,94,77,0.28,0.0,0
1972-08-14,95,80,T,0.0,0
1972-08-15,97,77,0.00,0.0,0
1972-08-16,96,76,0.00,0.0,0
1972-08-17,95,80,0.00,0.0,0
1972-08-18,97,77,T,0.0,0
1972-08-19,98,77,0.00,0.0,0
1972-08-20,98,78,0.00,0.0,0
1972-08-21,100,77,0.00,0.0,0
1972-08-22,88,78,0.02,0.0,0
1972-08-23,93,74,T,0.0,0
1972-08-24,96,71,0.00,0.0,0
1972-08-25,94,72,0.05,0.0,0
1972-08-26,97,75,0.21,0.0,0
1972-08-27,99,74,0.00,0.0,0
1972-08-28,99,76,0.00,0.0,0
1972-08-29,95,76,0.00,0.0,0
1972-08-30,95,75,0.00,0.0,0
1972-08-31,87,76,T,0.0,0
1972-09-01,86,72,0.10,0.0,0
1972-09-02,86,74,0.20,0.0,0
1972-09-03,88,69,0.00,0.0,0
1972-09-04,82,73,0.58,0.0,0
1972-09-05,88,70,0.00,0.0,0
1972-09-06,96,74,0.00,0.0,0
1972-09-07,99,79,0.00,0.0,0
1972-09-08,99,80,0.00,0.0,0
1972-09-09,101,79,0.09,0.0,0
1972-09-10,96,78,0.00,0.0,0
1972-09-11,97,78,0.00,0.0,0
1972-09-12,96,78,0.00,0.0,0
1972-09-13,97,78,0.00,0.0,0
1972-09-14,98,80,0.00,0.0,0
1972-09-15,96,75,T,0.0,0
1972-09-16,85,74,0.11,0.0,0
1972-09-17,96,76,0.02,0.0,0
1972-09-18,95,79,0.00,0.0,0
1972-09-19,98,79,0.00,0.0,0
1972-09-20,95,76,0.00,0.0,0
1972-09-21,85,67,0.30,0.0,0
1972-09-22,70,62,0.18,0.0,0
1972-09-23,84,67,0.06,0.0,0
1972-09-24,83,71,0.00,0.0,0
1972-09-25,89,73,0.00,0.0,0
1972-09-26,95,74,0.25,0.0,0
1972-09-27,88,73,0.00,0.0,0
1972-09-28,93,73,0.00,0.0,0
1972-09-29,94,58,0.17,0.0,0
1972-09-30,74,50,0.00,0.0,0
1972-10-01,83,54,0.00,0.0,0
1972-10-02,82,57,0.00,0.0,0
1972-10-03,85,56,0.00,0.0,0
1972-10-04,88,59,0.00,0.0,0
1972-10-05,91,65,0.00,0.0,0
1972-10-06,80,64,0.00,0.0,0
1972-10-07,80,57,0.00,0.0,0
1972-10-08,85,61,0.00,0.0,0
1972-10-09,87,69,T,0.0,0
1972-10-10,91,69,0.00,0.0,0
1972-10-11,89,68,0.00,0.0,0
1972-10-12,91,70,0.00,0.0,0
1972-10-13,91,69,0.00,0.0,0
1972-10-14,94,66,0.00,0.0,0
1972-10-15,89,67,0.00,0.0,0
1972-10-16,93,65,0.00,0.0,0
1972-10-17,95,69,0.00,0.0,0
1972-10-18,90,49,0.00,0.0,0
1972-10-19,54,45,0.36,0.0,0
1972-10-20,62,49,0.00,0.0,0
1972-10-21,72,58,1.47,0.0,0
1972-10-22,79,59,0.37,0.0,0
1972-10-23,62,51,0.00,0.0,0
1972-10-24,58,48,0.00,0.0,0
1972-10-25,62,44,0.00,0.0,0
1972-10-26,51,46,2.18,0.0,0
1972-10-27,54,46,T,0.0,0
1972-10-28,60,52,0.01,0.0,0
1972-10-29,66,59,0.53,0.0,0
1972-10-30,78,61,0.51,0.0,0
1972-10-31,61,47,0.29,0.0,0
1972-11-01,60,45,0.95,0.0,0
1972-11-02,70,46,0.00,0.0,0
1972-11-03,74,45,0.00,0.0,0
1972-11-04,74,46,0.00,0.0,0
1972-11-05,73,50,0.00,0.0,0
1972-11-06,78,60,0.05,0.0,0
1972-11-07,68,49,0.00,0.0,0
1972-11-08,70,43,0.00,0.0,0
1972-11-09,80,53,0.00,0.0,0
1972-11-10,67,48,0.00,0.0,0
1972-11-11,67,47,0.00,0.0,0
1972-11-12,71,52,0.74,0.0,0
1972-11-13,63,46,0.00,0.0,0
1972-11-14,46,41,0.00,0.0,0
1972-11-15,44,40,0.00,0.0,0
1972-11-16,60,37,0.00,0.0,0
1972-11-17,54,35,0.08,0.0,0
1972-11-18,46,42,0.97,0.0,0
1972-11-19,46,39,0.00,0.0,0
1972-11-20,40,37,0.00,0.0,0
1972-11-21,44,34,0.18,0.4,0
1972-11-22,49,31,0.00,0.0,0
1972-11-23,47,37,0.00,0.0,0
1972-11-24,44,41,0.16,0.0,0
1972-11-25,55,41,T,0.0,0
1972-11-26,65,37,0.00,0.0,0
1972-11-27,61,42,0.00,0.0,0
1972-11-28,53,37,0.00,0.0,0
1972-11-29,45,36,0.05,0.0,0
1972-11-30,58,36,0.00,0.0,0
1972-12-01,68,37,0.00,0.0,0
1972-12-02,72,44,0.00,0.0,0
1972-12-03,74,36,0.00,0.0,0
1972-12-04,38,29,T,0.0,0
1972-12-05,60,30,0.01,0.0,0
1972-12-06,31,21,0.00,0.0,0
1972-12-07,36,24,T,0.0,0
1972-12-08,42,35,0.05,0.0,0
1972-12-09,39,34,T,0.0,0
1972-12-10,34,24,0.10,T,T
1972-12-11,33,25,0.22,T,T
1972-12-12,48,32,0.14,0.0,T
1972-12-13,42,26,0.00,0.0,0
1972-12-14,39,34,0.20,0.0,0
1972-12-15,45,29,T,0.0,0
1972-12-16,49,21,0.00,0.0,0
1972-12-17,49,27,0.00,0.0,0
1972-12-18,55,37,0.01,0.0,0
1972-12-19,69,47,T,0.0,0
1972-12-20,70,48,0.00,0.0,0
1972-12-21,51,35,0.00,0.0,0
1972-12-22,61,30,0.00,0.0,0
1972-12-23,74,42,0.00,0.0,0
1972-12-24,55,40,0.00,0.0,0
1972-12-25,62,35,0.00,0.0,0
1972-12-26,58,37,0.00,0.0,0
1972-12-27,68,35,0.00,0.0,0
1972-12-28,63,45,0.00,0.0,0
1972-12-29,74,54,0.08,0.0,0
1972-12-30,57,39,T,0.0,0
1972-12-31,56,32,0.00,0.0,0
1973-01-01,49,39,T,0.0,0
1973-01-02,44,38,0.54,0.0,0
1973-01-03,59,38,0.56,0.0,0
1973-01-04,43,35,0.00,0.0,0
1973-01-05,39,31,0.04,T,0
1973-01-06,33,30,0.17,0.0,0
1973-01-07,34,29,0.28,0.0,0
1973-01-08,29,23,T,T,T
1973-01-09,24,20,T,T,0
1973-01-10,29,21,0.08,0.8,0
1973-01-11,29,17,0.22,2.3,3
1973-01-12,33,14,0.00,0.0,2
1973-01-13,48,24,0.00,0.0,1
1973-01-14,65,30,0.00,0.0,0
1973-01-15,72,37,0.00,0.0,0
1973-01-16,63,50,0.00,0.0,0
1973-01-17,73,56,T,0.0,0
1973-01-18,71,49,0.00,0.0,0
1973-01-19,70,40,0.00,0.0,0
1973-01-20,73,54,0.20,0.0,0
1973-01-21,55,42,0.02,0.0,0
1973-01-22,56,36,0.00,0.0,0
1973-01-23,51,33,0.00,0.0,0
1973-01-24,62,29,0.00,0.0,0
1973-01-25,49,39,1.24,T,0
1973-01-26,51,39,0.03,0.0,0
1973-01-27,61,38,0.00,0.0,0
1973-01-28,44,30,0.00,0.0,0
1973-01-29,46,24,0.00,0.0,0
1973-01-30,60,35,0.00,0.0,0
1973-01-31,67,50,0.68,0.0,0
1973-02-01,57,46,0.00,0.0,0
1973-02-02,59,37,0.00,0.0,0
1973-02-03,65,34,0.00,0.0,0
1973-02-04,78,46,0.00,0.0,0
1973-02-05,72,50,0.00,0.0,0
1973-02-06,69,40,0.00,0.0,0
1973-02-07,69,36,1.18,0.0,0
1973-02-08,36,28,0.05,0.0,T
1973-02-09,40,28,0.00,0.0,0
1973-02-10,47,25,0.00,0.0,0
1973-02-11,54,33,0.00,0.0,0
1973-02-12,69,45,0.00,0.0,0
1973-02-13,61,49,0.00,0.0,0
1973-02-14,50,38,0.00,0.0,0
1973-02-15,51,30,0.00,0.0,0
1973-02-16,47,28,0.00,0.0,0
1973-02-17,45,35,T,T,T
1973-02-18,47,39,0.00,0.0,0
1973-02-19,57,37,0.00,0.0,0
1973-02-20,60,36,0.00,0.0,0
1973-02-21,59,46,0.00,0.0,0
1973-02-22,48,40,0.29,0.0,0
1973-02-23,47,40,T,0.0,0
1973-02-24,62,37,0.00,0.0,0
1973-02-25,68,47,0.00,0.0,0
1973-02-26,61,43,0.20,0.0,0
1973-02-27,59,37,0.00,0.0,0
1973-02-28,66,42,0.00,0.0,0
1973-03-01,69,55,0.17,0.0,0
1973-03-02,65,52,0.00,0.0,0
1973-03-03,73,50,T,0.0,0
1973-03-04,67,50,0.00,0.0,0
1973-03-05,72,49,0.00,0.0,0
1973-03-06,75,56,0.20,0.0,0
1973-03-07,78,46,0.00,0.0,0
1973-03-08,80,57,0.00,0.0,0
1973-03-09,68,52,0.96,0.0,0
1973-03-10,72,57,1.41,0.0,0
1973-03-11,77,52,0.00,0.0,0
1973-03-12,81,55,0.00,0.0,0
1973-03-13,76,64,0.08,0.0,0
1973-03-14,79,54,0.00,0.0,0
1973-03-15,66,52,0.00,0.0,0
1973-03-16,64,48,0.10,0.0,0
1973-03-17,68,40,0.00,0.0,0
1973-03-18,75,52,0.00,0.0,0
1973-03-19,83,52,T,0.0,0
1973-03-20,65,46,0.00,0.0,0
1973-03-21,59,43,0.00,0.0,0
1973-03-22,71,52,T,0.0,0
1973-03-23,67,61,T,0.0,0
1973-03-24,74,54,0.88,0.0,0
1973-03-25,61,52,0.00,0.0,0
1973-03-26,67,49,0.00,0.0,0
1973-03-27,65,49,0.02,0.0,0
1973-03-28,79,58,0.00,0.0,0
1973-03-29,77,58,T,0.0,0
1973-03-30,67,59,0.29,0.0,0
1973-03-31,70,53,0.00,0.0,0
1973-04-01,72,47,0.00,0.0,0
1973-04-02,72,54,0.42,0.0,0
1973-04-03,62,44,0.00,0.0,0
1973-04-04,65,41,0.00,0.0,0
1973-04-05,68,40,0.00,0.0,0
1973-04-06,60,50,0.11,0.0,0
1973-04-07,67,50,0.01,0.0,0
1973-04-08,55,40,0.39,0.0,0
1973-04-09,57,35,0.00,0.0,0
1973-04-10,60,33,0.00,0.0,0
1973-04-11,71,43,0.00,0.0,0
1973-04-12,75,59,0.00,0.0,0
1973-04-13,80,58,0.23,0.0,0
1973-04-14,73,57,0.47,0.0,0
1973-04-15,74,60,0.82,0.0,0
1973-04-16,65,53,0.00,0.0,0
1973-04-17,65,51,0.13,0.0,0
1973-04-18,77,54,0.00,0.0,0
1973-04-19,86,66,0.15,0.0,0
1973-04-20,86,74,0.00,0.0,0
1973-04-21,78,73,0.10,0.0,0
1973-04-22,75,72,0.08,0.0,0
1973-04-23,85,66,0.66,0.0,0
1973-04-24,81,60,1.92,0.0,0
1973-04-25,77,57,0.00,0.0,0
1973-04-26,74,54,0.00,0.0,0
1973-04-27,71,49,0.00,0.0,0
1973-04-28,77,51,0.00,0.0,0
1973-04-29,74,60,0.00,0.0,0
1973-04-30,73,67,T,0.0,0
1973-05-01,83,70,0.10,0.0,0
1973-05-02,72,54,0.00,0.0,0
1973-05-03,73,46,0.00,0.0,0
1973-05-04,76,49,0.00,0.0,0
1973-05-05,76,56,0.66,0.0,0
1973-05-06,78,65,0.23,0.0,0
1973-05-07,79,61,0.00,0.0,0
1973-05-08,83,56,T,0.0,0
1973-05-09,87,65,0.00,0.0,0
1973-05-10,90,66,0.00,0.0,0
1973-05-11,91,66,1.55,0.0,0
1973-05-12,76,60,T,0.0,0
1973-05-13,78,53,0.00,0.0,0
1973-05-14,71,57,T,0.0,0
1973-05-15,75,50,0.00,0.0,0
1973-05-16,81,53,0.00,0.0,0
1973-05-17,79,60,0.00,0.0,0
1973-05-18,91,62,T,0.0,0
1973-05-19,95,65,0.00,0.0,0
1973-05-20,87,70,T,0.0,0
1973-05-21,94,71,0.00,0.0,0
1973-05-22,89,71,0.00,0.0,0
1973-05-23,85,64,0.02,0.0,0
1973-05-24,91,66,0.78,0.0,0
1973-05-25,82,65,0.67,0.0,0
1973-05-26,92,63,0.00,0.0,0
1973-05-27,84,65,0.00,0.0,0
1973-05-28,82,64,0.00,0.0,0
1973-05-29,87,60,0.00,0.0,0
1973-05-30,88,66,0.00,0.0,0
1973-05-31,88,66,0.00,0.0,0
1973-06-01,89,69,0.75,0.0,0
1973-06-02,89,69,T,0.0,0
1973-06-03,79,63,2.78,0.0,0
1973-06-04,90,64,0.47,0.0,0
1973-06-05,79,65,0.44,0.0,0
1973-06-06,87,60,0.00,0.0,0
1973-06-07,90,65,0.00,0.0,0
1973-06-08,87,66,0.00,0.0,0
1973-06-09,86,70,0.00,0.0,0
1973-06-10,89,70,T,0.0,0
1973-06-11,84,70,0.71,0.0,0
1973-06-12,81,70,0.09,0.0,0
1973-06-13,78,70,0.90,0.0,0
1973-06-14,90,72,0.06,0.0,0
1973-06-15,92,75,0.00,0.0,0
1973-06-16,92,76,0.00,0.0,0
1973-06-17,94,75,0.00,0.0,0
1973-06-18,94,78,0.00,0.0,0
1973-06-19,94,65,1.11,0.0,0
1973-06-20,85,67,0.36,0.0,0
1973-06-21,88,69,0.00,0.0,0
1973-06-22,91,67,0.00,0.0,0
1973-06-23,91,69,0.00,0.0,0
1973-06-24,89,71,0.00,0.0,0
1973-06-25,88,72,0.01,0.0,0
1973-06-26,90,69,0.00,0.0,0
1973-06-27,94,74,0.00,0.0,0
1973-06-28,96,74,T,0.0,0
1973-06-29,90,76,T,0.0,0
1973-06-30,93,76,0.00,0.0,0
1973-07-01,93,76,0.00,0.0,0
1973-07-02,94,77,0.00,0.0,0
1973-07-03,94,77,0.00,0.0,0
1973-07-04,97,77,0.00,0.0,0
1973-07-05,94,76,0.03,0.0,0
1973-07-06,92,72,0.00,0.0,0
1973-07-07,92,68,0.40,0.0,0
1973-07-08,89,73,0.03,0.0,0
1973-07-09,90,74,T,0.0,0
1973-07-10,93,77,T,0.0,0
1973-07-11,90,73,0.76,0.0,0
1973-07-12,88,71,0.07,0.0,0
1973-07-13,91,74,0.00,0.0,0
1973-07-14,90,72,0.23,0.0,0
1973-07-15,86,74,0.14,0.0,0
1973-07-16,90,74,T,0.0,0
1973-07-17,92,75,0.00,0.0,0
1973-07-18,91,76,0.00,0.0,0
1973-07-19,93,77,0.00,0.0,0
1973-07-20,96,77,0.00,0.0,0
1973-07-21,97,77,0.00,0.0,0
1973-07-22,96,77,0.00,0.0,0
1973-07-23,95,77,0.00,0.0,0
1973-07-24,95,78,0.00,0.0,0
1973-07-25,98,79,0.00,0.0,0
1973-07-26,99,78,0.00,0.0,0
1973-07-27,97,77,0.00,0.0,0
1973-07-28,97,73,0.42,0.0,0
1973-07-29,90,72,0.26,0.0,0
1973-07-30,81,73,0.50,0.0,0
1973-07-31,91,72,T,0.0,0
1973-08-01,88,73,0.00,0.0,0
1973-08-02,88,69,0.00,0.0,0
1973-08-03,89,67,0.00,0.0,0
1973-08-04,87,68,0.00,0.0,0
1973-08-05,87,68,0.00,0.0,0
1973-08-06,92,72,0.00,0.0,0
1973-08-07,95,76,0.00,0.0,0
1973-08-08,93,74,0.00,0.0,0
1973-08-09,95,76,0.00,0.0,0
1973-08-10,96,75,0.00,0.0,0
1973-08-11,96,76,0.00,0.0,0
1973-08-12,96,77,0.00,0.0,0
1973-08-13,92,77,0.00,0.0,0
1973-08-14,101,76,0.00,0.0,0
1973-08-15,96,73,0.00,0.0,0
1973-08-16,93,71,T,0.0,0
1973-08-17,91,73,0.55,0.0,0
1973-08-18,90,73,0.00,0.0,0
1973-08-19,92,73,0.00,0.0,0
1973-08-20,95,75,0.00,0.0,0
1973-08-21,96,75,0.00,0.0,0
1973-08-22,95,74,0.00,0.0,0
1973-08-23,97,72,0.00,0.0,0
1973-08-24,96,75,T,0.0,0
1973-08-25,94,75,0.00,0.0,0
1973-08-26,93,75,0.01,0.0,0
1973-08-27,91,74,T,0.0,0
1973-08-28,92,69,0.84,0.0,0
1973-08-29,90,71,0.00,0.0,0
1973-08-30,91,70,0.00,0.0,0
1973-08-31,92,73,0.00,0.0,0
1973-09-01,91,75,0.00,0.0,0
1973-09-02,92,75,0.00,0.0,0
1973-09-03,91,73,0.00,0.0,0
1973-09-04,87,69,0.17,0.0,0
1973-09-05,74,68,1.63,0.0,0
1973-09-06,84,72,0.55,0.0,0
1973-09-07,83,71,0.00,0.0,0
1973-09-08,90,74,0.00,0.0,0
1973-09-09,91,74,0.00,0.0,0
1973-09-10,91,74,0.00,0.0,0
1973-09-11,86,72,0.12,0.0,0
1973-09-12,87,75,0.00,0.0,0
1973-09-13,89,70,0.58,0.0,0
1973-09-14,79,65,0.00,0.0,0
1973-09-15,81,60,0.00,0.0,0
1973-09-16,84,64,0.00,0.0,0
1973-09-17,76,62,0.00,0.0,0
1973-09-18,71,57,0.00,0.0,0
1973-09-19,90,65,0.00,0.0,0
1973-09-20,90,72,0.00,0.0,0
1973-09-21,91,73,0.00,0.0,0
1973-09-22,86,71,0.00,0.0,0
1973-09-23,85,71,0.44,0.0,0
1973-09-24,90,71,0.04,0.0,0
1973-09-25,91,75,0.00,0.0,0
1973-09-26,86,69,3.32,0.0,0
1973-09-27,74,66,0.21,0.0,0
1973-09-28,77,57,0.00,0.0,0
1973-09-29,84,57,T,0.0,0
1973-09-30,83,62,0.00,0.0,0
1973-10-01,85,62,0.00,0.0,0
1973-10-02,88,69,0.00,0.0,0
1973-10-03,88,74,0.00,0.0,0
1973-10-04,83,64,0.00,0.0,0
1973-10-05,76,61,0.03,0.0,0
1973-10-06,80,69,0.10,0.0,0
1973-10-07,88,70,0.00,0.0,0
1973-10-08,86,69,0.00,0.0,0
1973-10-09,88,71,0.00,0.0,0
1973-10-10,89,72,0.01,0.0,0
1973-10-11,78,65,2.18,0.0,0
1973-10-12,78,65,1.90,0.0,0
1973-10-13,75,63,0.18,0.0,0
1973-10-14,73,63,0.00,0.0,0
1973-10-15,71,64,0.46,0.0,0
1973-10-16,74,61,0.00,0.0,0
1973-10-17,72,52,0.00,0.0,0
1973-10-18,77,50,0.00,0.0,0
1973-10-19,80,51,0.00,0.0,0
1973-10-20,80,53,0.00,0.0,0
1973-10-21,80,53,0.00,0.0,0
1973-10-22,82,56,0.00,0.0,0
1973-10-23,82,55,0.00,0.0,0
1973-10-24,82,57,0.00,0.0,0
1973-10-25,82,65,0.00,0.0,0
1973-10-26,83,66,0.00,0.0,0
1973-10-27,71,54,0.08,0.0,0
1973-10-28,73,47,0.00,0.0,0
1973-10-29,69,42,0.00,0.0,0
1973-10-30,70,54,1.77,0.0,0
1973-10-31,72,51,0.00,0.0,0
1973-11-01,77,53,0.00,0.0,0
1973-11-02,73,50,0.00,0.0,0
1973-11-03,65,50,0.00,0.0,0
1973-11-04,75,54,0.04,0.0,0
1973-11-05,55,47,0.00,0.0,0
1973-11-06,55,48,T,0.0,0
1973-11-07,68,51,T,0.0,0
1973-11-08,73,55,0.00,0.0,0
1973-11-09,55,47,T,0.0,0
1973-11-10,60,47,0.00,0.0,0
1973-11-11,61,48,0.00,0.0,0
1973-11-12,70,55,0.00,0.0,0
1973-11-13,80,61,0.00,0.0,0
1973-11-14,81,66,0.00,0.0,0
1973-11-15,78,55,0.00,0.0,0
1973-11-16,69,44,0.00,0.0,0
1973-11-17,73,53,T,0.0,0
1973-11-18,83,65,0.00,0.0,0
1973-11-19,79,65,T,0.0,0
1973-11-20,73,46,0.63,0.0,0
1973-11-21,73,43,0.00,0.0,0
1973-11-22,73,53,T,0.0,0
1973-11-23,84,68,0.01,0.0,0
1973-11-24,79,53,0.80,0.0,0
1973-11-25,68,52,0.10,0.0,0
1973-11-26,73,57,0.33,0.0,0
1973-11-27,68,47,0.13,0.0,0
1973-11-28,63,41,0.00,0.0,0
1973-11-29,72,42,0.00,0.0,0
1973-11-30,71,46,0.00,0.0,0
1973-12-01,73,46,0.00,M,M
1973-12-02,71,53,0.00,M,M
1973-12-03,71,50,0.14,M,M
1973-12-04,60,40,0.00,M,M
1973-12-05,58,35,0.00,M,M
1973-12-06,52,36,0.00,M,M
1973-12-07,54,30,0.00,M,M
1973-12-08,59,37,0.00,M,M
1973-12-09,60,37,0.00,M,M
1973-12-10,53,32,0.00,M,M
1973-12-11,71,38,0.00,M,M
1973-12-12,83,51,0.00,M,M
1973-12-13,65,44,0.00,M,M
1973-12-14,69,42,0.00,M,M
1973-12-15,58,37,0.00,M,M
1973-12-16,46,32,0.00,M,M
1973-12-17,60,32,0.00,M,M
1973-12-18,70,44,0.00,M,M
1973-12-19,65,27,0.33,M,M
1973-12-20,44,23,0.00,M,M
1973-12-21,57,27,0.00,M,M
1973-12-22,67,35,0.00,M,M
1973-12-23,66,49,0.37,M,M
1973-12-24,54,40,0.00,M,M
1973-12-25,49,33,0.00,M,M
1973-12-26,58,38,0.00,M,M
1973-12-27,53,31,0.00,M,M
1973-12-28,73,43,0.00,M,M
1973-12-29,61,41,0.00,M,M
1973-12-30,78,40,0.00,M,M
1973-12-31,41,21,0.00,M,M
1974-01-01,35,17,0.00,M,M
1974-01-02,31,27,T,M,M
1974-01-03,31,24,T,M,M
1974-01-04,39,21,0.00,M,M
1974-01-05,48,30,T,M,M
1974-01-06,49,32,0.03,M,M
1974-01-07,51,26,0.00,M,M
1974-01-08,63,40,T,M,M
1974-01-09,40,27,T,M,M
1974-01-10,36,28,1.02,M,M
1974-01-11,39,22,T,M,M
1974-01-12,32,22,T,M,M
1974-01-13,44,30,0.02,M,M
1974-01-14,55,42,T,M,M
1974-01-15,55,40,0.00,M,M
1974-01-16,68,43,T,M,M
1974-01-17,77,51,0.00,M,M
1974-01-18,80,47,0.54,M,M
1974-01-19,50,45,0.01,M,M
1974-01-20,56,42,0.00,M,M
1974-01-21,70,38,0.00,M,M
1974-01-22,67,43,0.00,M,M
1974-01-23,48,38,0.08,M,M
1974-01-24,57,41,0.00,M,M
1974-01-25,53,41,0.14,M,M
1974-01-26,72,46,0.19,M,M
1974-01-27,63,45,0.20,M,M
1974-01-28,58,40,0.00,M,M
1974-01-29,68,40,0.00,M,M
1974-01-30,74,39,0.00,M,M
1974-01-31,80,47,0.00,M,M
1974-02-01,80,53,0.00,M,M
1974-02-02,70,49,0.00,M,M
1974-02-03,63,39,0.00,M,M
1974-02-04,69,39,0.00,M,M
1974-02-05,74,46,0.00,M,M
1974-02-06,65,36,T,M,M
1974-02-07,44,32,0.00,M,M
1974-02-08,48,25,0.00,M,M
1974-02-09,57,33,0.00,M,M
1974-02-10,73,33,0.00,M,M
1974-02-11,70,43,0.00,M,M
1974-02-12,80,52,0.00,M,M
1974-02-13,79,56,0.00,M,M
1974-02-14,70,59,0.03,M,M
1974-02-15,60,45,0.00,M,M
1974-02-16,67,38,0.00,M,M
1974-02-17,71,42,0.00,M,M
1974-02-18,76,53,0.11,M,M
1974-02-19,66,44,0.00,M,M
1974-02-20,78,50,0.00,M,M
1974-02-21,65,39,0.99,M,M
1974-02-22,57,37,0.00,M,M
1974-02-23,71,40,0.00,M,M
1974-02-24,49,30,0.00,M,M
1974-02-25,53,26,0.00,M,M
1974-02-26,64,38,0.00,M,M
1974-02-27,72,44,0.00,M,M
1974-02-28,78,58,0.00,M,M
1974-03-01,78,63,0.00,M,M
1974-03-02,84,62,0.00,M,M
1974-03-03,85,63,0.00,M,M
1974-03-04,81,67,0.00,M,M
1974-03-05,84,66,T,M,M
1974-03-06,84,66,0.00,M,M
1974-03-07,84,68,0.00,M,M
1974-03-08,83,66,0.00,M,M
1974-03-09,78,68,0.04,M,M
1974-03-10,83,60,0.07,M,M
1974-03-11,83,57,0.16,M,M
1974-03-12,73,50,0.00,M,M
1974-03-13,65,44,0.00,M,M
1974-03-14,72,51,0.00,M,M
1974-03-15,74,55,0.00,M,M
1974-03-16,68,50,0.00,M,M
1974-03-17,79,51,0.00,M,M
1974-03-18,86,65,0.00,M,M
1974-03-19,72,54,0.00,M,M
1974-03-20,57,39,0.17,M,M
1974-03-21,51,32,0.00,M,M
1974-03-22,69,37,0.00,M,M
1974-03-23,57,33,0.00,M,M
1974-03-24,39,30,0.07,M,M
1974-03-25,55,35,0.00,M,M
1974-03-26,67,55,T,M,M
1974-03-27,79,51,0.00,M,M
1974-03-28,83,59,T,M,M
1974-03-29,84,56,0.00,M,M
1974-03-30,90,47,0.00,M,M
1974-03-31,97,64,0.00,M,M
1974-04-01,81,61,0.00,M,M
1974-04-02,86,58,0.03,M,M
1974-04-03,82,50,0.00,M,M
1974-04-04,68,45,0.00,M,M
1974-04-05,72,37,0.00,M,M
1974-04-06,79,47,0.00,M,M
1974-04-07,88,57,0.00,M,M
1974-04-08,70,46,0.00,M,M
1974-04-09,74,43,0.00,M,M
1974-04-10,68,52,0.07,M,M
1974-04-11,71,57,0.59,M,M
1974-04-12,86,56,0.00,M,M
1974-04-13,90,65,T,M,M
1974-04-14,70,47,0.00,M,M
1974-04-15,74,44,0.00,M,M
1974-04-16,72,49,0.00,M,M
1974-04-17,76,49,0.00,M,M
1974-04-18,81,60,0.00,M,M
1974-04-19,84,62,T,M,M
1974-04-20,74,63,0.05,M,M
1974-04-21,78,62,1.22,M,M
1974-04-22,79,62,0.02,M,M
1974-04-23,80,53,0.00,M,M
1974-04-24,81,54,0.00,M,M
1974-04-25,79,55,0.00,M,M
1974-04-26,83,61,0.00,M,M
1974-04-27,79,62,0.00,M,M
1974-04-28,84,68,0.00,M,M
1974-04-29,80,67,T,M,M
1974-04-30,73,61,1.33,M,M
1974-05-01,75,62,0.44,M,M
1974-05-02,88,56,0.00,M,M
1974-05-03,86,68,0.00,M,M
1974-05-04,85,62,0.00,M,M
1974-05-05,69,61,2.43,M,M
1974-05-06,76,53,0.00,M,M
1974-05-07,79,56,0.00,M,M
1974-05-08,85,62,0.00,M,M
1974-05-09,86,67,0.00,M,M
1974-05-10,80,66,0.00,M,M
1974-05-11,85,63,0.00,M,M
1974-05-12,87,65,0.00,M,M
1974-05-13,88,65,0.00,M,M
1974-05-14,88,62,0.47,M,M
1974-05-15,91,74,0.00,M,M
1974-05-16,86,75,0.00,M,M
1974-05-17,89,75,T,M,M
1974-05-18,91,74,0.00,M,M
1974-05-19,90,70,0.00,M,M
1974-05-20,88,69,0.00,M,M
1974-05-21,83,69,0.07,M,M
1974-05-22,87,67,0.00,M,M
1974-05-23,90,66,0.00,M,M
1974-05-24,90,68,0.00,M,M
1974-05-25,90,68,0.55,M,M
1974-05-26,81,64,0.14,M,M
1974-05-27,84,59,0.00,M,M
1974-05-28,91,66,0.00,M,M
1974-05-29,95,73,0.00,M,M
1974-05-30,93,75,0.00,M,M
1974-05-31,83,66,T,M,M
1974-06-01,87,61,0.00,M,M
1974-06-02,86,66,0.00,M,M
1974-06-03,86,69,0.24,M,M
1974-06-04,91,67,0.30,M,M
1974-06-05,90,74,0.00,M,M
1974-06-06,95,75,0.00,M,M
1974-06-07,88,68,2.86,M,M
1974-06-08,93,73,T,M,M
1974-06-09,82,66,1.41,M,M
1974-06-10,88,62,0.00,M,M
1974-06-11,90,67,0.00,M,M
1974-06-12,79,65,0.60,M,M
1974-06-13,87,64,0.00,M,M
1974-06-14,92,71,0.00,M,M
1974-06-15,96,73,0.00,M,M
1974-06-16,91,72,T,M,M
1974-06-17,85,70,0.02,M,M
1974-06-18,93,75,0.00,M,M
1974-06-19,94,73,0.00,M,M
1974-06-20,94,74,0.00,M,M
1974-06-21,95,75,0.00,M,M
1974-06-22,96,76,0.00,M,M
1974-06-23,89,70,0.00,M,M
1974-06-24,83,65,0.00,M,M
1974-06-25,83,61,0.00,M,M
1974-06-26,82,61,0.00,M,M
1974-06-27,83,61,0.00,M,M
1974-06-28,90,64,0.00,M,M
1974-06-29,90,70,0.00,M,M
1974-06-30,91,70,0.00,M,M
1974-07-01,95,74,0.00,M,M
1974-07-02,94,73,0.00,M,M
1974-07-03,95,73,0.00,M,M
1974-07-04,88,74,0.10,M,M
1974-07-05,96,71,0.00,M,M
1974-07-06,97,74,0.00,M,M
1974-07-07,95,71,0.00,M,M
1974-07-08,94,75,0.00,M,M
1974-07-09,97,74,0.00,M,M
1974-07-10,99,76,0.00,M,M
1974-07-11,98,71,0.00,M,M
1974-07-12,93,69,0.00,M,M
1974-07-13,95,70,0.00,M,M
1974-07-14,97,73,0.00,M,M
1974-07-15,97,71,0.00,M,M
1974-07-16,101,79,0.00,M,M
1974-07-17,96,76,0.00,M,M
1974-07-18,98,76,0.00,M,M
1974-07-19,100,77,0.00,M,M
1974-07-20,103,80,0.00,M,M
1974-07-21,104,81,0.00,M,M
1974-07-22,108,80,0.00,M,M
1974-07-23,108,84,0.00,M,M
1974-07-24,95,84,0.00,M,M
1974-07-25,108,82,0.00,M,M
1974-07-26,103,84,0.00,M,M
1974-07-27,103,80,0.00,M,M
1974-07-28,104,80,0.00,M,M
1974-07-29,104,73,1.73,M,M
1974-07-30,91,72,0.59,M,M
1974-07-31,93,77,0.02,M,M
1974-08-01,99,69,T,M,M
1974-08-02,95,73,T,M,M
1974-08-03,92,71,0.00,M,M
1974-08-04,94,70,0.00,M,M
1974-08-05,92,76,0.00,M,M
1974-08-06,82,69,0.57,M,M
1974-08-07,91,74,0.00,M,M
1974-08-08,91,74,0.01,M,M
1974-08-09,100,77,0.00,M,M
1974-08-10,86,69,1.36,M,M
1974-08-11,96,71,T,M,M
1974-08-12,96,71,2.01,M,M
1974-08-13,96,75,0.00,M,M
1974-08-14,98,75,0.00,M,M
1974-08-15,99,76,0.00,M,M
1974-08-16,99,79,0.00,M,M
1974-08-17,99,79,0.00,M,M
1974-08-18,99,79,0.00,M,M
1974-08-19,100,79,0.00,M,M
1974-08-20,100,80,0.00,M,M
1974-08-21,98,76,0.00,M,M
1974-08-22,95,78,0.18,M,M
1974-08-23,96,75,0.00,M,M
1974-08-24,95,75,0.00,M,M
1974-08-25,95,74,0.25,M,M
1974-08-26,85,74,0.70,M,M
1974-08-27,98,73,0.06,M,M
1974-08-28,89,75,0.04,M,M
1974-08-29,85,75,T,M,M
1974-08-30,90,73,0.80,M,M
1974-08-31,94,76,T,M,M
1974-09-01,94,75,0.00,M,M
1974-09-02,86,63,0.00,M,M
1974-09-03,77,60,0.00,M,M
1974-09-04,76,55,0.00,M,M
1974-09-05,75,53,0.00,M,M
1974-09-06,79,53,0.00,M,M
1974-09-07,83,56,0.00,M,M
1974-09-08,84,62,0.00,M,M
1974-09-09,81,68,0.17,M,M
1974-09-10,78,68,0.42,M,M
1974-09-11,88,72,0.00,M,M
1974-09-12,83,71,1.22,M,M
1974-09-13,71,57,0.11,M,M
1974-09-14,74,59,T,M,M
1974-09-15,71,66,T,M,M
1974-09-16,81,67,1.55,M,M
1974-09-17,78,66,1.11,M,M
1974-09-18,78,68,0.00,M,M
1974-09-19,86,67,0.00,M,M
1974-09-20,88,64,1.78,M,M
1974-09-21,73,62,0.06,M,M
1974-09-22,75,60,0.00,M,M
1974-09-23,68,55,0.01,M,M
1974-09-24,60,52,0.55,M,M
1974-09-25,59,52,0.18,M,M
1974-09-26,70,59,T,M,M
1974-09-27,85,60,0.00,M,M
1974-09-28,74,53,0.00,M,M
1974-09-29,80,46,0.00,M,M
1974-09-30,81,50,0.00,M,M
1974-10-01,85,53,0.00,M,M
1974-10-02,85,55,0.00,M,M
1974-10-03,83,59,0.00,M,M
1974-10-04,86,59,0.00,M,M
1974-10-05,85,63,0.00,M,M
1974-10-06,84,67,0.00,M,M
1974-10-07,73,57,0.00,M,M
1974-10-08,82,56,0.00,M,M
1974-10-09,86,64,0.00,M,M
1974-10-10,86,63,0.00,M,M
1974-10-11,84,65,0.00,M,M
1974-10-12,84,66,0.00,M,M
1974-10-13,85,67,0.39,M,M
1974-10-14,69,52,1.37,M,M
1974-10-15,66,48,0.00,M,M
1974-10-16,79,45,0.00,M,M
1974-10-17,85,49,0.00,M,M
1974-10-18,83,57,0.00,M,M
1974-10-19,75,56,0.00,M,M
1974-10-20,70,49,0.00,M,M
1974-10-21,74,53,0.00,M,M
1974-10-22,77,53,0.00,M,M
1974-10-23,76,61,0.00,M,M
1974-10-24,74,63,0.11,M,M
1974-10-25,70,62,T,M,M
1974-10-26,77,60,0.00,M,M
1974-10-27,78,55,0.00,M,M
1974-10-28,69,59,0.71,M,M
1974-10-29,82,63,0.00,M,M
1974-10-30,80,71,0.62,M,M
1974-10-31,73,61,2.44,M,M
1974-11-01,74,57,0.00,M,M
1974-11-02,81,67,T,M,M
1974-11-03,83,59,0.16,M,M
1974-11-04,60,46,0.37,M,M
1974-11-05,68,43,0.00,M,M
1974-11-06,67,44,0.02,M,M
1974-11-07,53,48,0.15,M,M
1974-11-08,53,46,0.00,M,M
1974-11-09,57,51,0.41,M,M
1974-11-10,67,51,1.17,M,M
1974-11-11,67,44,0.00,M,M
1974-11-12,63,41,0.00,M,M
1974-11-13,74,49,0.00,M,M
1974-11-14,52,39,0.00,M,M
1974-11-15,56,35,0.00,M,M
1974-11-16,53,47,0.00,M,M
1974-11-17,51,46,0.00,M,M
1974-11-18,60,48,0.00,M,M
1974-11-19,82,55,0.00,M,M
1974-11-20,72,43,0.00,M,M
1974-11-21,75,42,0.00,M,M
1974-11-22,78,52,0.00,M,M
1974-11-23,74,50,0.43,M,M
1974-11-24,56,39,0.00,M,M
1974-11-25,60,34,0.00,M,M
1974-11-26,62,41,0.00,M,M
1974-11-27,63,38,0.00,M,M
1974-11-28,66,41,T,M,M
1974-11-29,60,29,0.36,M,M
1974-11-30,41,25,0.00,M,M
1974-12-01,45,27,0.00,M,M
1974-12-02,53,26,0.00,M,M
1974-12-03,58,33,0.00,M,M
1974-12-04,61,34,0.00,M,M
1974-12-05,55,49,0.16,M,M
1974-12-06,67,48,0.06,M,M
1974-12-07,59,40,0.00,M,M
1974-12-08,45,29,0.00,M,M
1974-12-09,49,22,0.00,M,M
1974-12-10,45,39,0.74,M,M
1974-12-11,51,39,T,M,M
1974-12-12,61,36,0.00,M,M
1974-12-13,60,37,0.00,M,M
1974-12-14,68,43,0.00,M,M
1974-12-15,54,32,0.00,M,M
1974-12-16,52,29,0.00,M,M
1974-12-17,66,31,0.00,M,M
1974-12-18,66,40,0.00,M,M
1974-12-19,61,34,0.00,M,M
1974-12-20,61,33,0.00,M,M
1974-12-21,71,34,0.00,M,M
1974-12-22,73,46,0.00,M,M
1974-12-23,79,65,0.00,M,M
1974-12-24,68,34,T,M,M
1974-12-25,40,33,0.08,M,M
1974-12-26,41,34,0.15,M,M
1974-12-27,49,40,T,M,M
1974-12-28,51,46,0.05,M,M
1974-12-29,59,49,0.01,M,M
1974-12-30,54,47,0.38,M,M
1974-12-31,50,41,0.05,M,M
1975-01-01,47,39,T,M,M
1975-01-02,46,40,0.34,M,M
1975-01-03,51,34,0.00,M,M
1975-01-04,57,30,0.00,M,M
1975-01-05,61,37,0.00,M,M
1975-01-06,66,33,0.00,M,M
1975-01-07,77,49,0.00,M,M
1975-01-08,65,43,0.00,M,M
1975-01-09,75,45,0.14,M,M
1975-01-10,57,38,0.00,M,M
1975-01-11,41,31,0.12,M,M
1975-01-12,37,20,T,M,M
1975-01-13,48,20,0.00,M,M
1975-01-14,59,30,0.00,M,M
1975-01-15,64,35,0.00,M,M
1975-01-16,57,38,0.00,M,M
1975-01-17,51,43,0.02,M,M
1975-01-18,62,46,T,M,M
1975-01-19,60,36,0.00,M,M
1975-01-20,51,26,0.00,M,M
1975-01-21,62,39,0.00,M,M
1975-01-22,49,37,0.00,M,M
1975-01-23,64,39,0.00,M,M
1975-01-24,63,44,0.11,M,M
1975-01-25,73,36,0.00,M,M
1975-01-26,68,47,0.00,M,M
1975-01-27,82,53,0.00,M,M
1975-01-28,72,51,T,M,M
1975-01-29,69,57,T,M,M
1975-01-30,78,51,0.13,M,M
1975-01-31,67,45,1.81,M,M
1975-02-01,47,43,1.41,M,M
1975-02-02,48,43,0.19,M,M
1975-02-03,49,44,0.12,M,M
1975-02-04,55,45,0.24,M,M
1975-02-05,47,35,0.00,M,M
1975-02-06,35,23,T,M,M
1975-02-07,45,20,0.00,M,M
1975-02-08,64,32,0.00,M,M
1975-02-09,38,24,0.00,M,M
1975-02-10,67,28,0.00,M,M
1975-02-11,71,45,0.00,M,M
1975-02-12,63,37,0.00,M,M
1975-02-13,74,41,0.00,M,M
1975-02-14,79,49,0.00,M,M
1975-02-15,65,40,T,M,M
1975-02-16,51,37,0.02,M,M
1975-02-17,62,33,0.00,M,M
1975-02-18,55,32,0.00,M,M
1975-02-19,56,29,0.00,M,M
1975-02-20,71,39,0.00,M,M
1975-02-21,70,53,0.00,M,M
1975-02-22,69,33,0.06,M,M
1975-02-23,45,30,0.19,M,M
1975-02-24,55,31,0.00,M,M
1975-02-25,70,38,0.00,M,M
1975-02-26,63,39,0.00,M,M
1975-02-27,67,35,0.00,M,M
1975-02-28,72,52,0.00,M,M
1975-03-01,81,46,0.00,M,M
1975-03-02,66,46,0.00,M,M
1975-03-03,48,37,0.04,M,M
1975-03-04,55,37,T,M,M
1975-03-05,58,38,0.00,M,M
1975-03-06,78,53,0.00,M,M
1975-03-07,69,46,0.00,M,M
1975-03-08,57,37,0.00,M,M
1975-03-09,60,44,0.21,M,M
1975-03-10,60,42,0.00,M,M
1975-03-11,63,41,0.07,M,M
1975-03-12,61,38,0.11,M,M
1975-03-13,44,32,0.33,M,M
1975-03-14,51,28,0.00,M,M
1975-03-15,54,46,0.18,M,M
1975-03-16,62,44,0.00,M,M
1975-03-17,66,44,0.15,M,M
1975-03-18,69,51,0.00,M,M
1975-03-19,82,45,0.00,M,M
1975-03-20,82,57,0.00,M,M
1975-03-21,82,62,0.00,M,M
1975-03-22,82,57,0.00,M,M
1975-03-23,86,59,0.00,M,M
1975-03-24,72,46,0.00,M,M
1975-03-25,74,46,0.00,M,M
1975-03-26,66,54,1.02,M,M
1975-03-27,72,66,0.21,M,M
1975-03-28,68,38,0.05,M,M
1975-03-29,40,34,0.23,M,M
1975-03-30,59,31,0.00,M,M
1975-03-31,68,44,0.00,M,M
1975-04-01,81,50,0.00,M,M
1975-04-02,63,41,0.00,M,M
1975-04-03,59,32,0.00,M,M
1975-04-04,69,43,0.00,M,M
1975-04-05,67,52,0.00,M,M
1975-04-06,67,59,0.17,M,M
1975-04-07,66,52,2.14,M,M
1975-04-08,75,54,0.22,M,M
1975-04-09,79,56,T,M,M
1975-04-10,68,58,T,M,M
1975-04-11,67,49,0.03,M,M
1975-04-12,63,45,0.00,M,M
1975-04-13,62,51,0.69,M,M
1975-04-14,72,50,T,M,M
1975-04-15,80,52,0.00,M,M
1975-04-16,79,57,0.00,M,M
1975-04-17,79,67,T,M,M
1975-04-18,85,59,0.00,M,M
1975-04-19,76,45,0.00,M,M
1975-04-20,79,54,0.00,M,M
1975-04-21,80,54,0.00,M,M
1975-04-22,79,63,0.00,M,M
1975-04-23,81,70,T,M,M
1975-04-24,90,71,0.00,M,M
1975-04-25,91,72,0.00,M,M
1975-04-26,89,74,0.00,M,M
1975-04-27,86,74,0.00,M,M
1975-04-28,83,64,0.21,M,M
1975-04-29,90,65,0.02,M,M
1975-04-30,80,63,0.00,M,M
1975-05-01,83,58,0.00,0.0,0
1975-05-02,76,66,0.81,0.0,0
1975-05-03,78,66,0.01,0.0,0
1975-05-04,74,64,T,0.0,0
1975-05-05,79,63,0.00,0.0,0
1975-05-06,90,70,T,0.0,0
1975-05-07,91,66,0.00,0.0,0
1975-05-08,89,66,0.00,0.0,0
1975-05-09,89,64,0.00,0.0,0
1975-05-10,84,70,0.00,0.0,0
1975-05-11,77,63,0.03,0.0,0
1975-05-12,86,59,0.00,0.0,0
1975-05-13,87,62,0.48,0.0,0
1975-05-14,76,61,0.27,0.0,0
1975-05-15,83,62,0.25,0.0,0
1975-05-16,82,56,0.00,0.0,0
1975-05-17,86,57,0.00,0.0,0
1975-05-18,90,69,0.00,0.0,0
1975-05-19,90,73,0.02,0.0,0
1975-05-20,78,65,1.00,0.0,0
1975-05-21,90,68,0.00,0.0,0
1975-05-22,90,74,0.00,0.0,0
1975-05-23,79,66,0.50,0.0,0
1975-05-24,77,64,0.04,0.0,0
1975-05-25,87,62,0.00,0.0,0
1975-05-26,89,73,0.00,M,M
1975-05-27,90,69,0.64,M,M
1975-05-28,80,68,0.96,M,M
1975-05-29,83,63,1.04,M,M
1975-05-30,74,60,T,M,M
1975-05-31,81,55,0.00,M,M
1975-06-01,83,60,0.00,M,M
1975-06-02,88,65,0.00,M,M
1975-06-03,89,69,0.00,M,M
1975-06-04,93,73,0.00,M,M
1975-06-05,94,75,0.00,M,M
1975-06-06,96,77,0.00,M,M
1975-06-07,93,71,T,M,M
1975-06-08,89,69,0.72,M,M
1975-06-09,89,69,1.25,M,M
1975-06-10,83,68,0.38,M,M
1975-06-11,80,65,0.00,M,M
1975-06-12,87,60,0.00,M,M
1975-06-13,94,70,0.00,M,M
1975-06-14,94,76,0.00,M,M
1975-06-15,90,71,T,M,M
1975-06-16,92,78,0.00,M,M
1975-06-17,94,77,0.00,M,M
1975-06-18,95,78,0.00,M,M
1975-06-19,95,78,0.00,M,M
1975-06-20,94,76,0.00,M,M
1975-06-21,94,74,0.00,M,M
1975-06-22,92,67,0.07,M,M
1975-06-23,93,75,0.00,M,M
1975-06-24,92,73,0.00,M,M
1975-06-25,82,73,0.17,M,M
1975-06-26,91,73,0.01,M,M
1975-06-27,90,73,0.00,M,M
1975-06-28,93,70,0.00,M,M
1975-06-29,93,74,0.00,M,M
1975-06-30,95,75,0.00,M,M
1975-07-01,91,75,0.00,0.0,0
1975-07-02,91,74,0.03,0.0,0
1975-07-03,88,73,0.27,0.0,0
1975-07-04,92,71,0.14,0.0,0
1975-07-05,95,71,0.00,0.0,0
1975-07-06,97,78,0.00,0.0,0
1975-07-07,99,78,0.00,0.0,0
1975-07-08,102,79,0.00,0.0,0
1975-07-09,97,78,0.00,0.0,0
1975-07-10,87,75,0.07,0.0,0
1975-07-11,92,70,0.00,0.0,0
1975-07-12,93,73,0.00,0.0,0
1975-07-13,95,68,0.00,0.0,0
1975-07-14,95,73,0.00,0.0,0
1975-07-15,96,72,0.00,0.0,0
1975-07-16,93,71,0.00,0.0,0
1975-07-17,93,77,0.00,0.0,0
1975-07-18,95,76,0.00,0.0,0
1975-07-19,96,72,0.00,0.0,0
1975-07-20,97,77,0.00,0.0,0
1975-07-21,100,78,0.00,0.0,0
1975-07-22,101,75,0.00,0.0,0
1975-07-23,99,78,0.00,0.0,0
1975-07-24,90,73,1.90,0.0,0
1975-07-25,86,70,1.54,0.0,0
1975-07-26,95,73,0.04,0.0,0
1975-07-27,97,76,0.00,0.0,0
1975-07-28,100,78,0.00,0.0,0
1975-07-29,97,74,0.78,0.0,0
1975-07-30,94,76,0.00,0.0,0
1975-07-31,92,76,0.00,0.0,0
1975-08-01,94,75,0.00,M,M
1975-08-02,91,75,T,M,M
1975-08-03,95,72,0.00,M,M
1975-08-04,92,75,0.00,M,M
1975-08-05,94,73,0.00,M,M
1975-08-06,96,72,0.00,M,M
1975-08-07,96,73,0.00,M,M
1975-08-08,96,73,0.00,M,M
1975-08-09,95,75,0.00,M,M
1975-08-10,95,72,0.00,M,M
1975-08-11,95,75,0.00,M,M
1975-08-12,96,76,0.00,M,M
1975-08-13,97,77,0.00,M,M
1975-08-14,98,79,0.00,M,M
1975-08-15,96,74,0.00,M,M
1975-08-16,94,78,0.06,M,M
1975-08-17,95,74,0.03,M,M
1975-08-18,99,75,0.00,M,M
1975-08-19,98,78,0.00,M,M
1975-08-20,97,77,0.00,M,M
1975-08-21,99,76,0.55,M,M
1975-08-22,98,75,T,M,M
1975-08-23,94,74,0.00,M,M
1975-08-24,95,75,T,M,M
1975-08-25,95,75,0.00,M,M
1975-08-26,92,75,T,M,M
1975-08-27,94,74,0.01,M,M
1975-08-28,95,74,0.00,M,M
1975-08-29,96,76,0.00,M,M
1975-08-30,98,78,0.00,M,M
1975-08-31,99,75,0.00,M,M
1975-09-01,99,75,0.00,M,M
1975-09-02,97,76,0.00,M,M
1975-09-03,100,74,0.00,M,M
1975-09-04,95,76,0.00,M,M
1975-09-05,94,75,0.18,M,M
1975-09-06,92,70,0.00,M,M
1975-09-07,88,70,0.00,M,M
1975-09-08,89,67,0.00,M,M
1975-09-09,91,75,T,M,M
1975-09-10,95,74,0.00,M,M
1975-09-11,96,74,0.00,M,M
1975-09-12,81,61,0.07,M,M
1975-09-13,68,61,T,M,M
1975-09-14,78,60,0.00,M,M
1975-09-15,83,65,0.43,M,M
1975-09-16,88,64,0.00,M,M
1975-09-17,90,68,0.00,M,M
1975-09-18,98,72,0.00,M,M
1975-09-19,91,69,0.00,M,M
1975-09-20,84,61,0.00,M,M
1975-09-21,71,56,0.04,M,M
1975-09-22,78,47,0.00,M,M
1975-09-23,81,47,0.00,M,M
1975-09-24,78,51,0.00,M,M
1975-09-25,76,48,0.00,M,M
1975-09-26,78,53,0.00,M,M
1975-09-27,84,56,0.00,M,M
1975-09-28,86,59,0.00,M,M
1975-09-29,90,63,0.00,M,M
1975-09-30,89,63,0.00,M,M
1975-10-01,77,56,0.00,M,M
1975-10-02,73,42,0.00,M,M
1975-10-03,73,50,0.00,M,M
1975-10-04,75,48,0.00,M,M
1975-10-05,83,47,0.00,M,M
1975-10-06,84,50,0.00,M,M
1975-10-07,87,57,0.00,M,M
1975-10-08,87,61,0.00,M,M
1975-10-09,90,65,0.00,M,M
1975-10-10,94,69,0.00,M,M
1975-10-11,93,71,0.00,M,M
1975-10-12,91,70,0.00,M,M
1975-10-13,88,71,0.00,M,M
1975-10-14,87,69,0.00,M,M
1975-10-15,81,65,0.00,M,M
1975-10-16,78,54,0.00,M,M
1975-10-17,73,46,0.00,M,M
1975-10-18,73,45,0.00,M,M
1975-10-19,81,44,0.00,M,M
1975-10-20,86,54,0.00,M,M
1975-10-21,84,61,0.00,M,M
1975-10-22,81,64,T,M,M
1975-10-23,86,61,T,M,M
1975-10-24,86,59,T,M,M
1975-10-25,60,47,T,M,M
1975-10-26,70,45,0.00,M,M
1975-10-27,79,56,0.00,M,M
1975-10-28,85,62,0.00,M,M
1975-10-29,66,54,0.00,M,M
1975-10-30,75,52,0.00,M,M
1975-10-31,78,60,0.00,M,M
1975-11-01,83,60,0.00,M,M
1975-11-02,71,59,0.44,M,M
1975-11-03,80,52,0.00,M,M
1975-11-04,78,54,0.00,M,M
1975-11-05,78,53,0.00,M,M
1975-11-06,81,58,0.00,M,M
1975-11-07,87,63,0.00,M,M
1975-11-08,84,58,0.00,M,M
1975-11-09,85,56,0.00,M,M
1975-11-10,69,46,0.00,M,M
1975-11-11,82,49,0.00,M,M
1975-11-12,61,39,0.00,M,M
1975-11-13,58,31,0.00,M,M
1975-11-14,72,39,0.00,M,M
1975-11-15,73,42,0.00,M,M
1975-11-16,75,54,0.00,M,M
1975-11-17,77,58,T,M,M
1975-11-18,76,59,0.00,M,M
1975-11-19,74,46,0.09,M,M
1975-11-20,54,36,0.00,M,M
1975-11-21,53,30,0.00,M,M
1975-11-22,51,30,0.00,M,M
1975-11-23,57,26,0.00,M,M
1975-11-24,54,33,0.00,M,M
1975-11-25,60,29,0.00,M,M
1975-11-26,51,26,0.00,M,M
1975-11-27,64,31,0.00,M,M
1975-11-28,73,49,T,M,M
1975-11-29,81,61,0.32,M,M
1975-11-30,63,32,0.00,M,M
1975-12-01,56,31,0.00,M,M
1975-12-02,72,35,0.00,M,M
1975-12-03,76,41,0.00,M,M
1975-12-04,72,51,T,M,M
1975-12-05,82,62,T,M,M
1975-12-06,63,42,0.00,M,M
1975-12-07,53,39,0.00,M,M
1975-12-08,66,44,0.00,M,M
1975-12-09,69,36,0.00,M,M
1975-12-10,79,41,0.00,M,M
1975-12-11,79,52,0.00,M,M
1975-12-12,68,54,0.00,M,M
1975-12-13,78,63,0.00,M,M
1975-12-14,80,67,0.00,M,M
1975-12-15,71,32,T,M,M
1975-12-16,56,31,0.00,M,M
1975-12-17,46,28,0.00,M,M
1975-12-18,40,22,0.00,M,M
1975-12-19,58,24,0.00,M,M
1975-12-20,66,32,0.00,M,M
1975-12-21,54,26,0.00,M,M
1975-12-22,53,41,T,M,M
1975-12-23,54,37,0.00,M,M
1975-12-24,50,35,1.37,M,M
1975-12-25,42,32,0.08,M,M
1975-12-26,63,27,0.00,M,M
1975-12-27,67,41,0.00,M,M
1975-12-28,61,45,0.00,M,M
1975-12-29,47,40,0.00,M,M
1975-12-30,56,39,0.00,M,M
1975-12-31,69,36,0.00,M,M
1976-01-01,76,49,0.00,M,M
1976-01-02,51,33,0.00,M,M
1976-01-03,44,26,0.00,M,M
1976-01-04,43,21,0.00,M,M
1976-01-05,44,27,0.00,M,M
1976-01-06,58,38,0.00,M,M
1976-01-07,39,19,0.00,M,M
1976-01-08,33,12,0.00,M,M
1976-01-09,52,21,0.00,M,M
1976-01-10,70,39,0.00,M,M
1976-01-11,64,37,0.00,M,M
1976-01-12,74,31,0.00,M,M
1976-01-13,67,44,0.00,M,M
1976-01-14,59,30,0.00,M,M
1976-01-15,67,32,0.00,M,M
1976-01-16,58,37,0.00,M,M
1976-01-17,64,32,0.00,M,M
1976-01-18,75,43,0.00,M,M
1976-01-19,61,42,0.14,M,M
1976-01-20,54,32,0.00,M,M
1976-01-21,67,28,0.00,M,M
1976-01-22,72,34,0.00,M,M
1976-01-23,82,46,0.00,M,M
1976-01-24,73,60,0.12,M,M
1976-01-25,61,40,0.00,M,M
1976-01-26,45,29,0.00,M,M
1976-01-27,52,21,0.00,M,M
1976-01-28,65,30,0.00,M,M
1976-01-29,72,33,0.00,M,M
1976-01-30,78,40,0.00,M,M
1976-01-31,60,39,0.04,M,M
1976-02-01,68,33,0.00,M,M
1976-02-02,74,39,0.00,M,M
1976-02-03,82,39,0.00,M,M
1976-02-04,77,45,0.00,M,M
1976-02-05,47,34,0.14,M,M
1976-02-06,40,29,0.00,M,M
1976-02-07,46,19,0.00,M,M
1976-02-08,73,32,0.00,M,M
1976-02-09,85,44,0.00,M,M
1976-02-10,82,63,0.00,M,M
1976-02-11,69,57,0.00,M,M
1976-02-12,81,57,T,M,M
1976-02-13,80,59,0.00,M,M
1976-02-14,76,59,0.00,M,M
1976-02-15,76,61,0.00,M,M
1976-02-16,83,64,0.00,M,M
1976-02-17,78,54,0.57,M,M
1976-02-18,72,45,0.00,M,M
1976-02-19,74,48,0.00,M,M
1976-02-20,74,54,0.35,M,M
1976-02-21,54,40,0.00,M,M
1976-02-22,60,30,0.00,M,M
1976-02-23,76,37,0.00,M,M
1976-02-24,73,42,0.00,M,M
1976-02-25,72,52,0.00,M,M
1976-02-26,81,43,0.00,M,M
1976-02-27,80,54,0.00,M,M
1976-02-28,76,54,0.00,M,M
1976-02-29,80,61,0.00,M,M
1976-03-01,83,65,0.00,M,M
1976-03-02,86,68,0.00,M,M
1976-03-03,82,68,0.00,M,M
1976-03-04,86,61,0.10,M,M
1976-03-05,64,37,T,M,M
1976-03-06,64,39,0.00,M,M
1976-03-07,56,43,0.75,M,M
1976-03-08,49,42,0.39,M,M
1976-03-09,57,44,0.00,M,M
1976-03-10,71,40,0.00,M,M
1976-03-11,68,52,0.33,M,M
1976-03-12,71,43,0.00,M,M
1976-03-13,45,34,0.12,M,M
1976-03-14,55,39,T,M,M
1976-03-15,69,47,0.01,M,M
1976-03-16,59,37,0.00,M,M
1976-03-17,71,42,0.00,M,M
1976-03-18,75,48,0.00,M,M
1976-03-19,85,62,0.00,M,M
1976-03-20,80,49,0.00,M,M
1976-03-21,71,41,0.00,M,M
1976-03-22,80,47,0.00,M,M
1976-03-23,78,49,0.00,M,M
1976-03-24,66,50,0.57,M,M
1976-03-25,88,63,T,M,M
1976-03-26,84,52,T,M,M
1976-03-27,72,42,0.00,M,M
1976-03-28,66,53,0.39,M,M
1976-03-29,84,57,0.00,M,M
1976-03-30,64,46,T,M,M
1976-03-31,72,39,0.00,M,M
1976-04-01,74,41,0.00,M,M
1976-04-02,82,50,0.00,M,M
1976-04-03,74,58,0.12,M,M
1976-04-04,71,58,0.22,M,M
1976-04-05,67,55,0.00,M,M
1976-04-06,80,50,0.00,M,M
1976-04-07,68,53,0.09,M,M
1976-04-08,75,55,0.01,M,M
1976-04-09,75,56,0.00,M,M
1976-04-10,81,55,0.00,M,M
1976-04-11,81,57,0.00,M,M
1976-04-12,84,61,0.02,M,M
1976-04-13,78,66,0.30,M,M
1976-04-14,80,66,0.00,M,M
1976-04-15,82,53,0.35,M,M
1976-04-16,75,53,0.30,M,M
1976-04-17,78,60,0.92,M,M
1976-04-18,69,53,1.10,M,M
1976-04-19,75,63,2.08,M,M
1976-04-20,73,55,0.26,M,M
1976-04-21,77,47,0.00,M,M
1976-04-22,84,60,0.00,M,M
1976-04-23,80,66,T,M,M
1976-04-24,83,59,0.59,M,M
1976-04-25,75,51,0.00,M,M
1976-04-26,72,47,0.00,M,M
1976-04-27,77,54,0.00,M,M
1976-04-28,74,55,0.49,M,M
1976-04-29,65,55,0.06,M,M
1976-04-30,71,53,0.02,M,M
1976-05-01,73,50,0.00,M,M
1976-05-02,84,48,0.00,M,M
1976-05-03,74,52,0.00,M,M
1976-05-04,81,56,0.00,M,M
1976-05-05,68,59,0.89,M,M
1976-05-06,80,56,0.12,M,M
1976-05-07,62,54,T,M,M
1976-05-08,73,51,0.00,M,M
1976-05-09,73,57,T,M,M
1976-05-10,83,62,0.00,M,M
1976-05-11,86,67,0.00,M,M
1976-05-12,88,61,0.96,M,M
1976-05-13,79,60,0.05,M,M
1976-05-14,70,51,0.00,M,M
1976-05-15,79,50,0.00,M,M
1976-05-16,80,58,0.00,M,M
1976-05-17,78,55,0.00,M,M
1976-05-18,78,50,0.00,M,M
1976-05-19,80,56,0.00,M,M
1976-05-20,79,61,0.00,M,M
1976-05-21,84,65,0.00,M,M
1976-05-22,89,66,0.00,M,M
1976-05-23,86,65,1.08,M,M
1976-05-24,86,62,0.00,M,M
1976-05-25,73,61,0.51,M,M
1976-05-26,79,62,1.37,M,M
1976-05-27,70,61,T,M,M
1976-05-28,82,54,0.00,M,M
1976-05-29,88,66,0.00,M,M
1976-05-30,84,66,1.53,M,M
1976-05-31,84,62,0.40,M,M
1976-06-01,87,67,0.00,M,M
1976-06-02,90,64,0.00,M,M
1976-06-03,88,65,0.00,M,M
1976-06-04,89,68,0.00,M,M
1976-06-05,87,68,0.00,M,M
1976-06-06,84,67,0.00,M,M
1976-06-07,85,67,0.01,M,M
1976-06-08,86,65,0.00,M,M
1976-06-09,89,67,0.00,M,M
1976-06-10,90,67,0.00,M,M
1976-06-11,92,69,0.00,M,M
1976-06-12,90,75,0.00,M,M
1976-06-13,92,74,0.00,M,M
1976-06-14,90,71,0.00,M,M
1976-06-15,90,75,T,M,M
1976-06-16,89,65,0.14,M,M
1976-06-17,95,71,0.00,M,M
1976-06-18,84,69,1.18,M,M
1976-06-19,84,68,0.06,M,M
1976-06-20,86,58,0.00,M,M
1976-06-21,88,62,0.00,M,M
1976-06-22,91,73,T,M,M
1976-06-23,90,75,0.02,M,M
1976-06-24,93,73,0.09,M,M
1976-06-25,88,70,0.04,M,M
1976-06-26,92,71,0.00,M,M
1976-06-27,94,74,0.00,M,M
1976-06-28,96,75,0.00,M,M
1976-06-29,96,75,0.00,M,M
1976-06-30,95,76,0.00,M,M
1976-07-01,90,75,T,0.0,0
1976-07-02,95,72,0.00,0.0,0
1976-07-03,91,73,0.57,0.0,0
1976-07-04,91,71,0.03,0.0,0
1976-07-05,86,71,0.00,0.0,0
1976-07-06,88,70,0.00,0.0,0
1976-07-07,89,69,0.00,0.0,0
1976-07-08,90,73,0.00,0.0,0
1976-07-09,88,72,0.61,0.0,0
1976-07-10,80,71,0.06,0.0,0
1976-07-11,86,72,0.65,0.0,0
1976-07-12,92,72,0.00,0.0,0
1976-07-13,89,74,0.64,0.0,0
1976-07-14,86,73,0.02,0.0,0
1976-07-15,90,72,0.12,0.0,0
1976-07-16,82,70,1.25,0.0,0
1976-07-17,87,70,T,0.0,0
1976-07-18,91,73,T,0.0,0
1976-07-19,92,72,0.00,0.0,0
1976-07-20,92,72,0.00,0.0,0
1976-07-21,92,73,0.00,0.0,0
1976-07-22,91,71,0.00,0.0,0
1976-07-23,95,75,0.00,0.0,0
1976-07-24,96,74,0.00,0.0,0
1976-07-25,95,75,0.28,0.0,0
1976-07-26,96,72,0.00,0.0,0
1976-07-27,95,76,0.00,0.0,0
1976-07-28,96,77,0.00,0.0,0
1976-07-29,97,76,0.00,0.0,0
1976-07-30,96,77,0.00,0.0,0
1976-07-31,98,76,0.00,0.0,0
1976-08-01,100,76,0.00,0.0,0
1976-08-02,90,76,0.00,0.0,0
1976-08-03,89,72,0.00,0.0,0
1976-08-04,91,69,0.00,0.0,0
1976-08-05,99,71,0.00,0.0,0
1976-08-06,101,77,0.00,0.0,0
1976-08-07,100,78,0.00,0.0,0
1976-08-08,103,79,0.00,0.0,0
1976-08-09,102,77,0.00,0.0,0
1976-08-10,98,78,0.00,0.0,0
1976-08-11,96,72,0.00,0.0,0
1976-08-12,97,74,0.00,0.0,0
1976-08-13,100,77,0.00,0.0,0
1976-08-14,99,78,0.00,0.0,0
1976-08-15,99,78,0.00,0.0,0
1976-08-16,97,76,0.00,0.0,0
1976-08-17,96,74,0.00,0.0,0
1976-08-18,94,77,0.00,0.0,0
1976-08-19,93,73,0.00,0.0,0
1976-08-20,93,72,0.00,0.0,0
1976-08-21,93,71,0.00,0.0,0
1976-08-22,96,71,0.00,0.0,0
1976-08-23,99,72,0.41,0.0,0
1976-08-24,93,67,0.56,0.0,0
1976-08-25,95,71,0.00,0.0,0
1976-08-26,96,76,0.00,0.0,0
1976-08-27,98,75,0.00,0.0,0
1976-08-28,89,76,0.00,0.0,0
1976-08-29,87,73,T,0.0,0
1976-08-30,87,72,T,0.0,0
1976-08-31,88,71,1.15,0.0,0
1976-09-01,74,71,1.34,0.0,0
1976-09-02,83,71,0.05,0.0,0
1976-09-03,89,70,1.08,0.0,0
1976-09-04,97,74,0.00,0.0,0
1976-09-05,93,73,0.00,0.0,0
1976-09-06,92,71,0.00,0.0,0
1976-09-07,92,66,0.00,0.0,0
1976-09-08,92,71,0.00,0.0,0
1976-09-09,80,73,0.15,0.0,0
1976-09-10,81,63,0.00,0.0,0
1976-09-11,84,65,0.00,0.0,0
1976-09-12,88,65,0.00,0.0,0
1976-09-13,85,66,0.00,0.0,0
1976-09-14,94,69,0.00,0.0,0
1976-09-15,92,69,0.00,0.0,0
1976-09-16,94,72,0.00,0.0,0
1976-09-17,95,72,0.00,0.0,0
1976-09-18,92,71,2.19,0.0,0
1976-09-19,87,70,0.15,0.0,0
1976-09-20,82,66,T,0.0,0
1976-09-21,83,60,0.00,0.0,0
1976-09-22,86,58,0.00,0.0,0
1976-09-23,92,63,0.00,0.0,0
1976-09-24,90,67,0.00,0.0,0
1976-09-25,93,71,0.00,0.0,0
1976-09-26,96,71,0.44,0.0,0
1976-09-27,87,60,0.02,0.0,0
1976-09-28,75,60,0.36,0.0,0
1976-09-29,79,60,0.00,0.0,0
1976-09-30,88,55,0.00,0.0,0
1976-10-01,93,61,0.00,0.0,0
1976-10-02,89,66,0.00,0.0,0
1976-10-03,89,67,0.00,0.0,0
1976-10-04,88,63,0.50,0.0,0
1976-10-05,66,52,0.04,0.0,0
1976-10-06,69,47,0.00,0.0,0
1976-10-07,58,45,0.23,0.0,0
1976-10-08,66,46,T,0.0,0
1976-10-09,84,45,0.00,0.0,0
1976-10-10,85,49,0.00,0.0,0
1976-10-11,89,57,0.00,0.0,0
1976-10-12,82,59,0.00,0.0,0
1976-10-13,85,61,0.00,0.0,0
1976-10-14,85,57,0.00,0.0,0
1976-10-15,72,59,0.60,0.0,0
1976-10-16,63,48,T,0.0,0
1976-10-17,68,37,0.00,0.0,0
1976-10-18,70,45,0.00,0.0,0
1976-10-19,60,39,0.03,0.0,0
1976-10-20,66,33,0.00,0.0,0
1976-10-21,72,40,0.00,0.0,0
1976-10-22,66,50,0.01,0.0,0
1976-10-23,77,63,0.06,0.0,0
1976-10-24,76,54,0.72,0.0,0
1976-10-25,60,45,0.00,0.0,0
1976-10-26,63,42,0.00,0.0,0
1976-10-27,56,49,0.02,0.0,0
1976-10-28,52,45,0.08,0.0,0
1976-10-29,49,44,1.20,0.0,0
1976-10-30,62,45,0.00,0.0,0
1976-10-31,69,38,0.00,0.0,0
1976-11-01,69,40,0.00,0.0,0
1976-11-02,75,41,0.00,0.0,0
1976-11-03,73,46,0.00,0.0,0
1976-11-04,69,41,0.00,0.0,0
1976-11-05,64,33,0.00,0.0,0
1976-11-06,79,48,0.00,0.0,0
1976-11-07,69,45,0.00,0.0,0
1976-11-08,67,34,0.00,0.0,0
1976-11-09,78,50,0.00,0.0,0
1976-11-10,82,55,0.00,0.0,0
1976-11-11,67,39,T,0.0,0
1976-11-12,47,32,0.00,0.0,0
1976-11-13,37,30,0.41,3.1,2
1976-11-14,36,31,T,T,3
1976-11-15,39,34,0.00,0.0,1
1976-11-16,41,36,0.00,0.0,0
1976-11-17,55,36,0.00,0.0,0
1976-11-18,67,32,0.00,0.0,0
1976-11-19,68,52,T,0.0,0
1976-11-20,69,46,T,0.0,0
1976-11-21,60,36,0.00,0.0,0
1976-11-22,58,30,0.00,0.0,0
1976-11-23,56,47,0.00,0.0,0
1976-11-24,68,48,0.00,0.0,0
1976-11-25,66,57,0.01,0.0,0
1976-11-26,82,48,0.00,0.0,0
1976-11-27,48,28,0.00,0.0,0
1976-11-28,33,21,0.00,0.0,0
1976-11-29,46,19,0.00,0.0,0
1976-11-30,59,28,0.00,0.0,0
1976-12-01,59,32,0.00,0.0,0
1976-12-02,60,28,0.00,0.0,0
1976-12-03,74,34,0.00,0.0,0
1976-12-04,65,35,0.00,0.0,0
1976-12-05,54,41,0.81,0.0,0
1976-12-06,54,35,0.06,0.0,0
1976-12-07,48,25,0.00,0.0,0
1976-12-08,61,30,0.00,0.0,0
1976-12-09,65,39,0.00,0.0,0
1976-12-10,60,37,0.86,0.0,0
1976-12-11,37,31,0.59,0.0,0
1976-12-12,50,34,0.00,0.0,0
1976-12-13,54,33,0.00,0.0,0
1976-12-14,59,40,0.04,0.0,0
1976-12-15,63,42,0.00,0.0,0
1976-12-16,68,35,0.00,0.0,0
1976-12-17,72,36,0.00,0.0,0
1976-12-18,70,46,0.00,0.0,0
1976-12-19,75,48,0.00,0.0,0
1976-12-20,48,29,0.00,0.0,0
1976-12-21,43,23,0.00,0.0,0
1976-12-22,56,35,0.00,0.0,0
1976-12-23,62,26,0.00,0.0,0
1976-12-24,58,33,0.00,0.0,0
1976-12-25,57,34,0.00,0.0,0
1976-12-26,67,30,0.00,0.0,0
1976-12-27,73,44,0.00,0.0,0
1976-12-28,58,35,0.00,0.0,0
1976-12-29,70,36,0.00,0.0,0
1976-12-30,69,16,0.00,0.0,0
1976-12-31,32,12,0.00,0.0,0
1977-01-01,36,19,0.23,T,0
1977-01-02,31,29,0.21,T,0
1977-01-03,39,31,0.00,0.0,0
1977-01-04,72,37,0.00,0.0,0
1977-01-05,40,29,T,0.0,0
1977-01-06,43,32,0.09,0.0,0
1977-01-07,52,29,0.00,0.0,0
1977-01-08,61,24,0.06,T,0
1977-01-09,29,13,0.62,1.0,1
1977-01-10,37,15,0.00,0.0,1
1977-01-11,41,24,0.00,0.0,T
1977-01-12,43,37,0.19,0.0,T
1977-01-13,41,34,0.39,0.0,0
1977-01-14,44,31,0.00,0.0,0
1977-01-15,55,26,0.00,0.0,0
1977-01-16,32,18,0.00,0.0,0
1977-01-17,50,18,0.00,0.0,0
1977-01-18,40,16,0.00,0.0,0
1977-01-19,50,20,0.00,0.0,0
1977-01-20,64,24,0.00,0.0,0
1977-01-21,66,30,0.00,0.0,0
1977-01-22,46,40,0.15,0.0,0
1977-01-23,51,41,0.23,0.0,0
1977-01-24,59,33,0.00,0.0,0
1977-01-25,62,30,0.00,0.0,0
1977-01-26,72,44,0.00,0.0,0
1977-01-27,52,37,0.00,0.0,0
1977-01-28,49,20,0.00,0.0,0
1977-01-29,38,17,0.00,0.0,0
1977-01-30,37,23,0.29,4.5,T
1977-01-31,38,14,0.00,0.0,4
1977-02-01,54,29,0.00,0.0,2
1977-02-02,51,41,0.18,0.0,0
1977-02-03,46,37,0.24,0.0,0
1977-02-04,67,32,0.00,0.0,0
1977-02-05,56,32,0.00,0.0,0
1977-02-06,57,32,0.00,0.0,0
1977-02-07,54,40,0.00,0.0,0
1977-02-08,63,42,0.00,0.0,0
1977-02-09,66,39,0.00,0.0,0
1977-02-10,56,46,0.05,0.0,0
1977-02-11,66,49,1.57,0.0,0
1977-02-12,65,47,0.00,0.0,0
1977-02-13,77,36,0.00,0.0,0
1977-02-14,60,45,0.00,0.0,0
1977-02-15,54,37,0.00,0.0,0
1977-02-16,67,38,0.00,0.0,0
1977-02-17,84,36,0.00,0.0,0
1977-02-18,78,41,0.00,0.0,0
1977-02-19,61,40,0.00,0.0,0
1977-02-20,74,36,0.00,0.0,0
1977-02-21,76,45,0.00,0.0,0
1977-02-22,78,58,0.00,0.0,0
1977-02-23,71,57,0.48,0.0,0
1977-02-24,81,45,0.00,0.0,0
1977-02-25,80,61,0.00,0.0,0
1977-02-26,62,36,0.01,0.0,0
1977-02-27,59,30,0.00,0.0,0
1977-02-28,66,36,0.00,0.0,0
1977-03-01,71,36,0.00,0.0,0
1977-03-02,67,54,0.89,0.0,0
1977-03-03,58,45,1.44,0.0,0
1977-03-04,60,36,0.00,0.0,0
1977-03-05,56,37,0.00,0.0,0
1977-03-06,63,30,0.00,0.0,0
1977-03-07,74,37,0.00,0.0,0
1977-03-08,76,45,0.00,0.0,0
1977-03-09,66,48,0.00,0.0,0
1977-03-10,74,53,0.00,0.0,0
1977-03-11,69,51,0.14,0.0,0
1977-03-12,70,46,0.00,0.0,0
1977-03-13,84,45,0.00,0.0,0
1977-03-14,80,52,0.00,0.0,0
1977-03-15,80,59,0.00,0.0,0
1977-03-16,70,49,0.00,0.0,0
1977-03-17,80,62,T,0.0,0
1977-03-18,77,55,0.00,0.0,0
1977-03-19,73,48,0.00,0.0,0
1977-03-20,72,36,0.00,0.0,0
1977-03-21,66,48,0.00,0.0,0
1977-03-22,66,34,0.00,0.0,0
1977-03-23,73,45,0.00,0.0,0
1977-03-24,60,51,0.08,0.0,0
1977-03-25,62,54,T,0.0,0
1977-03-26,68,60,0.52,0.0,0
1977-03-27,73,52,6.02,0.0,0
1977-03-28,81,50,T,0.0,0
1977-03-29,85,55,0.00,0.0,0
1977-03-30,76,52,0.00,0.0,0
1977-03-31,67,49,0.00,0.0,0
1977-04-01,68,52,T,0.0,0
1977-04-02,82,61,T,0.0,0
1977-04-03,73,58,0.01,0.0,0
1977-04-04,65,47,0.00,0.0,0
1977-04-05,71,41,0.00,0.0,0
1977-04-06,84,45,0.00,0.0,0
1977-04-07,83,54,0.00,0.0,0
1977-04-08,83,57,0.00,0.0,0
1977-04-09,82,57,0.00,0.0,0
1977-04-10,83,54,0.00,0.0,0
1977-04-11,83,60,0.00,0.0,0
1977-04-12,81,60,0.00,0.0,0
1977-04-13,82,62,0.00,0.0,0
1977-04-14,75,63,0.51,0.0,0
1977-04-15,67,58,1.26,0.0,0
1977-04-16,69,59,0.38,0.0,0
1977-04-17,79,59,T,0.0,0
1977-04-18,81,61,0.71,0.0,0
1977-04-19,83,66,0.08,0.0,0
1977-04-20,76,62,1.05,0.0,0
1977-04-21,72,58,0.00,0.0,0
1977-04-22,72,53,0.00,0.0,0
1977-04-23,74,54,0.00,0.0,0
1977-04-24,83,51,0.00,0.0,0
1977-04-25,75,48,0.00,0.0,0
1977-04-26,79,52,0.00,0.0,0
1977-04-27,86,58,0.00,0.0,0
1977-04-28,84,63,0.00,0.0,0
1977-04-29,80,64,0.06,0.0,0
1977-04-30,80,66,0.15,0.0,0
1977-05-01,81,65,0.00,0.0,0
1977-05-02,77,62,0.19,0.0,0
1977-05-03,86,61,0.00,0.0,0
1977-05-04,86,70,T,0.0,0
1977-05-05,80,66,T,0.0,0
1977-05-06,79,65,0.00,0.0,0
1977-05-07,82,69,0.00,0.0,0
1977-05-08,90,69,T,0.0,0
1977-05-09,87,66,0.00,0.0,0
1977-05-10,77,62,0.00,0.0,0
1977-05-11,78,59,0.00,0.0,0
1977-05-12,85,56,0.00,0.0,0
1977-05-13,84,70,0.00,0.0,0
1977-05-14,85,63,0.00,0.0,0
1977-05-15,87,70,0.00,0.0,0
1977-05-16,87,71,0.00,0.0,0
1977-05-17,88,69,0.00,0.0,0
1977-05-18,87,68,0.00,0.0,0
1977-05-19,88,69,T,0.0,0
1977-05-20,87,71,0.02,0.0,0
1977-05-21,90,63,0.33,0.0,0
1977-05-22,91,69,0.00,0.0,0
1977-05-23,90,70,0.00,0.0,0
1977-05-24,90,69,0.00,0.0,0
1977-05-25,92,69,0.00,0.0,0
1977-05-26,95,70,0.00,0.0,0
1977-05-27,95,69,0.00,0.0,0
1977-05-28,95,74,0.00,0.0,0
1977-05-29,94,74,0.00,0.0,0
1977-05-30,95,74,0.00,0.0,0
1977-05-31,92,72,T,0.0,0
1977-06-01,94,68,0.00,0.0,0
1977-06-02,100,73,0.00,0.0,0
1977-06-03,100,75,0.00,0.0,0
1977-06-04,100,76,0.00,0.0,0
1977-06-05,101,73,0.00,0.0,0
1977-06-06,102,75,0.00,0.0,0
1977-06-07,90,70,0.00,0.0,0
1977-06-08,95,66,0.00,0.0,0
1977-06-09,100,73,0.00,0.0,0
1977-06-10,98,76,0.00,0.0,0
1977-06-11,98,76,0.00,0.0,0
1977-06-12,100,71,2.05,0.0,0
1977-06-13,93,70,0.00,0.0,0
1977-06-14,90,72,0.00,0.0,0
1977-06-15,87,73,0.05,0.0,0
1977-06-16,94,74,0.10,0.0,0
1977-06-17,96,74,0.00,0.0,0
1977-06-18,95,75,0.00,0.0,0
1977-06-19,96,75,0.00,0.0,0
1977-06-20,96,75,0.00,0.0,0
1977-06-21,97,76,0.00,0.0,0
1977-06-22,95,75,0.00,0.0,0
1977-06-23,95,74,T,0.0,0
1977-06-24,93,72,0.00,0.0,0
1977-06-25,96,76,0.01,0.0,0
1977-06-26,98,77,0.00,0.0,0
1977-06-27,100,77,0.00,0.0,0
1977-06-28,99,74,0.00,0.0,0
1977-06-29,97,78,0.00,0.0,0
1977-06-30,97,76,0.00,0.0,0
1977-07-01,96,77,0.00,0.0,0
1977-07-02,97,77,0.00,0.0,0
1977-07-03,101,75,0.00,0.0,0
1977-07-04,99,75,0.00,0.0,0
1977-07-05,100,78,0.00,0.0,0
1977-07-06,100,78,0.00,0.0,0
1977-07-07,99,77,0.00,0.0,0
1977-07-08,101,79,0.00,0.0,0
1977-07-09,102,78,T,0.0,0
1977-07-10,99,76,0.00,0.0,0
1977-07-11,100,78,0.00,0.0,0
1977-07-12,100,77,0.00,0.0,0
1977-07-13,101,77,0.00,0.0,0
1977-07-14,101,79,0.00,0.0,0
1977-07-15,100,80,0.00,0.0,0
1977-07-16,100,77,0.00,0.0,0
1977-07-17,99,77,0.00,0.0,0
1977-07-18,100,77,0.00,0.0,0
1977-07-19,99,76,0.00,0.0,0
1977-07-20,102,80,0.00,0.0,0
1977-07-21,100,78,T,0.0,0
1977-07-22,102,78,0.00,0.0,0
1977-07-23,105,81,0.00,0.0,0
1977-07-24,109,83,0.00,0.0,0
1977-07-25,106,81,0.00,0.0,0
1977-07-26,104,78,0.16,0.0,0
1977-07-27,102,74,1.90,0.0,0
1977-07-28,95,75,0.15,0.0,0
1977-07-29,98,78,T,0.0,0
1977-07-30,101,78,0.00,0.0,0
1977-07-31,103,82,0.00,0.0,0
1977-08-01,93,71,0.57,0.0,0
1977-08-02,95,75,0.00,0.0,0
1977-08-03,98,75,0.00,0.0,0
1977-08-04,98,75,0.00,0.0,0
1977-08-05,98,78,0.00,0.0,0
1977-08-06,98,74,0.00,0.0,0
1977-08-07,99,77,0.00,0.0,0
1977-08-08,100,78,0.00,0.0,0
1977-08-09,99,79,0.00,0.0,0
1977-08-10,100,80,0.00,0.0,0
1977-08-11,102,79,0.00,0.0,0
1977-08-12,98,78,T,0.0,0
1977-08-13,100,75,0.00,0.0,0
1977-08-14,99,75,0.00,0.0,0
1977-08-15,101,77,0.00,0.0,0
1977-08-16,101,79,0.00,0.0,0
1977-08-17,102,81,0.00,0.0,0
1977-08-18,92,76,0.21,0.0,0
1977-08-19,90,75,0.04,0.0,0
1977-08-20,92,71,2.03,0.0,0
1977-08-21,90,76,0.00,0.0,0
1977-08-22,95,76,0.41,0.0,0
1977-08-23,99,76,0.00,0.0,0
1977-08-24,101,79,0.00,0.0,0
1977-08-25,98,78,0.00,0.0,0
1977-08-26,98,78,0.00,0.0,0
1977-08-27,96,78,0.00,0.0,0
1977-08-28,96,75,T,0.0,0
1977-08-29,92,76,T,0.0,0
1977-08-30,95,76,0.00,0.0,0
1977-08-31,96,74,0.00,0.0,0
1977-09-01,96,75,0.00,0.0,0
1977-09-02,96,76,0.00,0.0,0
1977-09-03,96,74,0.00,0.0,0
1977-09-04,99,76,0.00,0.0,0
1977-09-05,91,76,0.00,0.0,0
1977-09-06,86,73,T,0.0,0
1977-09-07,92,71,1.49,0.0,0
1977-09-08,88,72,T,0.0,0
1977-09-09,93,70,0.00,0.0,0
1977-09-10,93,72,0.00,0.0,0
1977-09-11,95,73,0.00,0.0,0
1977-09-12,96,77,T,0.0,0
1977-09-13,91,71,0.00,0.0,0
1977-09-14,85,65,0.00,0.0,0
1977-09-15,92,61,0.00,0.0,0
1977-09-16,92,69,0.00,0.0,0
1977-09-17,95,73,0.00,0.0,0
1977-09-18,98,78,T,0.0,0
1977-09-19,93,69,0.00,0.0,0
1977-09-20,97,62,0.00,0.0,0
1977-09-21,92,70,0.00,0.0,0
1977-09-22,92,71,0.00,0.0,0
1977-09-23,93,73,0.00,0.0,0
1977-09-24,98,77,0.02,0.0,0
1977-09-25,100,76,0.00,0.0,0
1977-09-26,102,79,0.00,0.0,0
1977-09-27,104,79,0.00,0.0,0
1977-09-28,101,78,0.00,0.0,0
1977-09-29,99,78,0.00,0.0,0
1977-09-30,100,77,0.00,0.0,0
1977-10-01,98,75,0.00,0.0,0
1977-10-02,80,63,0.00,0.0,0
1977-10-03,75,56,0.00,0.0,0
1977-10-04,76,59,T,0.0,0
1977-10-05,68,61,0.05,0.0,0
1977-10-06,83,61,0.02,0.0,0
1977-10-07,88,65,0.04,0.0,0
1977-10-08,82,59,0.00,0.0,0
1977-10-09,81,50,0.00,0.0,0
1977-10-10,67,57,0.09,0.0,0
1977-10-11,69,49,0.00,0.0,0
1977-10-12,75,40,0.00,0.0,0
1977-10-13,81,44,0.00,0.0,0
1977-10-14,82,51,0.00,0.0,0
1977-10-15,77,49,0.00,0.0,0
1977-10-16,73,39,0.00,0.0,0
1977-10-17,85,51,0.00,0.0,0
1977-10-18,90,53,0.00,0.0,0
1977-10-19,92,58,0.00,0.0,0
1977-10-20,90,60,0.00,0.0,0
1977-10-21,84,61,0.00,0.0,0
1977-10-22,71,63,0.55,0.0,0
1977-10-23,75,61,0.00,0.0,0
1977-10-24,82,61,0.26,0.0,0
1977-10-25,83,58,0.00,0.0,0
1977-10-26,88,59,0.00,0.0,0
1977-10-27,86,59,T,0.0,0
1977-10-28,80,65,T,0.0,0
1977-10-29,89,63,0.00,0.0,0
1977-10-30,82,70,0.02,0.0,0
1977-10-31,90,69,0.07,0.0,0
1977-11-01,75,51,0.03,0.0,0
1977-11-02,51,47,0.03,0.0,0
1977-11-03,65,47,0.01,0.0,0
1977-11-04,76,49,0.00,0.0,0
1977-11-05,76,54,0.00,0.0,0
1977-11-06,78,51,0.00,0.0,0
1977-11-07,80,59,0.00,0.0,0
1977-11-08,68,55,0.83,0.0,0
1977-11-09,58,37,0.00,0.0,0
1977-11-10,63,32,0.00,0.0,0
1977-11-11,74,38,0.00,0.0,0
1977-11-12,74,41,0.00,0.0,0
1977-11-13,74,49,0.00,0.0,0
1977-11-14,76,55,0.00,0.0,0
1977-11-15,79,58,0.00,0.0,0
1977-11-16,80,55,0.00,0.0,0
1977-11-17,72,50,0.00,0.0,0
1977-11-18,70,51,0.00,0.0,0
1977-11-19,72,62,T,0.0,0
1977-11-20,84,55,0.00,0.0,0
1977-11-21,58,46,0.00,0.0,0
1977-11-22,57,49,0.00,0.0,0
1977-11-23,76,56,0.00,0.0,0
1977-11-24,69,57,T,0.0,0
1977-11-25,67,49,0.00,0.0,0
1977-11-26,67,38,0.00,0.0,0
1977-11-27,66,49,0.00,0.0,0
1977-11-28,53,43,T,0.0,0
1977-11-29,47,40,0.29,0.0,0
1977-11-30,54,42,0.20,0.0,0
1977-12-01,58,36,0.00,0.0,0
1977-12-02,73,40,0.00,0.0,0
1977-12-03,84,48,0.00,0.0,0
1977-12-04,85,47,0.00,0.0,0
1977-12-05,65,32,0.00,0.0,0
1977-12-06,42,26,0.00,0.0,0
1977-12-07,56,30,0.00,0.0,0
1977-12-08,82,32,0.00,0.0,0
1977-12-09,38,22,0.00,0.0,0
1977-12-10,38,23,0.00,0.0,0
1977-12-11,50,38,T,0.0,0
1977-12-12,66,40,T,0.0,0
1977-12-13,66,42,0.00,0.0,0
1977-12-14,70,35,0.00,0.0,0
1977-12-15,71,42,0.00,0.0,0
1977-12-16,83,55,0.00,0.0,0
1977-12-17,66,40,T,0.0,0
1977-12-18,80,36,0.00,0.0,0
1977-12-19,74,41,0.00,0.0,0
1977-12-20,54,38,0.00,0.0,0
1977-12-21,47,31,0.00,0.0,0
1977-12-22,59,28,0.00,0.0,0
1977-12-23,62,49,0.00,0.0,0
1977-12-24,76,46,0.00,0.0,0
1977-12-25,48,30,0.00,0.0,0
1977-12-26,55,26,0.00,0.0,0
1977-12-27,48,26,0.00,0.0,0
1977-12-28,44,40,T,0.0,0
1977-12-29,48,40,0.25,0.0,0
1977-12-30,47,40,T,0.0,0
1977-12-31,58,40,T,0.0,0
1978-01-01,50,26,T,T,0
1978-01-02,42,25,T,T,0
1978-01-03,48,24,0.00,0.0,0
1978-01-04,56,34,0.00,0.0,0
1978-01-05,74,49,0.00,0.0,0
1978-01-06,78,36,0.00,0.0,0
1978-01-07,74,46,0.00,0.0,0
1978-01-08,46,24,0.00,0.0,0
1978-01-09,34,16,0.00,0.0,0
1978-01-10,31,17,0.00,0.0,0
1978-01-11,31,28,0.37,T,0
1978-01-12,33,30,0.02,T,T
1978-01-13,50,29,0.00,0.0,0
1978-01-14,37,23,0.00,0.0,0
1978-01-15,47,26,T,0.0,0
1978-01-16,59,22,0.11,0.0,0
1978-01-17,31,16,0.00,0.0,0
1978-01-18,32,23,0.22,1.0,0
1978-01-19,27,20,T,T,1
1978-01-20,29,17,0.00,0.0,T
1978-01-21,28,18,0.18,3.0,0
1978-01-22,30,18,T,T,3
1978-01-23,35,29,T,0.0,1
1978-01-24,42,35,T,0.0,0
1978-01-25,50,28,0.13,T,0
1978-01-26,42,22,0.00,0.0,0
1978-01-27,37,27,0.00,0.0,0
1978-01-28,48,21,0.00,0.0,0
1978-01-29,39,26,0.00,0.0,0
1978-01-30,39,32,T,0.0,0
1978-01-31,35,32,0.37,0.0,0
1978-02-01,38,32,0.03,0.0,0
1978-02-02,36,32,0.00,0.0,0
1978-02-03,42,32,0.00,0.0,0
1978-02-04,38,30,0.00,0.0,0
1978-02-05,48,34,0.00,0.0,0
1978-02-06,45,29,0.10,T,0
1978-02-07,34,25,0.26,2.0,1
1978-02-08,30,23,0.24,0.1,3
1978-02-09,31,25,0.18,T,3
1978-02-10,34,25,0.00,0.0,3
1978-02-11,45,30,T,0.0,1
1978-02-12,55,40,1.99,0.0,0
1978-02-13,47,29,0.00,0.0,0
1978-02-14,43,24,0.00,0.0,0
1978-02-15,37,30,0.15,2.0,T
1978-02-16,41,34,0.00,0.0,0
1978-02-17,38,22,0.83,6.0,0
1978-02-18,30,11,0.00,0.0,4
1978-02-19,40,15,0.00,0.0,1
1978-02-20,46,27,0.00,0.0,0
1978-02-21,40,19,0.00,0.0,0
1978-02-22,71,26,0.00,0.0,0
1978-02-23,63,33,0.00,0.0,0
1978-02-24,74,44,0.00,0.0,0
1978-02-25,59,42,0.00,0.0,0
1978-02-26,60,31,0.00,0.0,0
1978-02-27,51,45,T,0.0,0
1978-02-28,67,44,T,0.0,0
1978-03-01,45,37,0.03,0.0,0
1978-03-02,76,40,T,0.0,0
1978-03-03,40,28,T,T,0
1978-03-04,40,22,0.00,0.0,0
1978-03-05,64,28,0.00,0.0,0
1978-03-06,59,42,0.31,0.0,0
1978-03-07,57,36,0.52,0.0,0
1978-03-08,42,34,0.00,0.0,0
1978-03-09,58,35,T,0.0,0
1978-03-10,72,35,0.00,0.0,0
1978-03-11,60,44,0.00,0.0,0
1978-03-12,60,38,0.00,0.0,0
1978-03-13,78,50,0.03,0.0,0
1978-03-14,70,41,0.00,0.0,0
1978-03-15,68,42,0.00,0.0,0
1978-03-16,64,36,0.00,0.0,0
1978-03-17,77,41,0.00,0.0,0
1978-03-18,83,48,0.00,0.0,0
1978-03-19,78,53,0.00,0.0,0
1978-03-20,78,61,0.06,0.0,0
1978-03-21,79,58,0.00,0.0,0
1978-03-22,85,57,0.00,0.0,0
1978-03-23,77,49,1.23,0.0,0
1978-03-24,51,42,T,0.0,0
1978-03-25,57,38,0.00,0.0,0
1978-03-26,65,36,0.00,0.0,0
1978-03-27,75,40,0.00,0.0,0
1978-03-28,80,50,0.00,0.0,0
1978-03-29,73,56,0.00,0.0,0
1978-03-30,82,55,0.00,0.0,0
1978-03-31,83,54,0.00,0.0,0
1978-04-01,85,60,0.00,0.0,0
1978-04-02,83,63,T,0.0,0
1978-04-03,79,63,0.00,0.0,0
1978-04-04,90,69,0.00,0.0,0
1978-04-05,76,65,0.11,0.0,0
1978-04-06,86,62,0.00,0.0,0
1978-04-07,85,65,0.00,0.0,0
1978-04-08,80,65,0.00,0.0,0
1978-04-09,76,65,0.15,0.0,0
1978-04-10,68,50,0.33,0.0,0
1978-04-11,71,41,0.00,0.0,0
1978-04-12,75,52,0.00,0.0,0
1978-04-13,79,50,0.00,0.0,0
1978-04-14,81,59,0.00,0.0,0
1978-04-15,83,58,0.00,0.0,0
1978-04-16,84,63,0.00,0.0,0
1978-04-17,85,64,T,0.0,0
1978-04-18,81,49,0.00,0.0,0
1978-04-19,72,51,0.00,0.0,0
1978-04-20,71,42,0.00,0.0,0
1978-04-21,76,49,0.00,0.0,0
1978-04-22,79,56,0.07,0.0,0
1978-04-23,84,59,0.00,0.0,0
1978-04-24,86,65,0.00,0.0,0
1978-04-25,73,57,0.00,0.0,0
1978-04-26,74,50,0.00,0.0,0
1978-04-27,80,53,0.00,0.0,0
1978-04-28,83,57,T,0.0,0
1978-04-29,87,68,0.00,0.0,0
1978-04-30,90,69,0.00,0.0,0
1978-05-01,89,66,0.35,0.0,0
1978-05-02,69,48,1.42,0.0,0
1978-05-03,54,48,T,0.0,0
1978-05-04,67,43,0.00,0.0,0
1978-05-05,82,54,0.03,0.0,0
1978-05-06,76,67,0.02,0.0,0
1978-05-07,89,70,T,0.0,0
1978-05-08,88,61,0.00,0.0,0
1978-05-09,83,60,0.00,0.0,0
1978-05-10,86,63,0.01,0.0,0
1978-05-11,82,66,0.03,0.0,0
1978-05-12,96,64,0.00,0.0,0
1978-05-13,82,54,0.00,0.0,0
1978-05-14,89,53,0.00,0.0,0
1978-05-15,93,67,0.00,0.0,0
1978-05-16,81,71,0.00,0.0,0
1978-05-17,85,68,0.00,0.0,0
1978-05-18,91,74,0.00,0.0,0
1978-05-19,94,73,0.00,0.0,0
1978-05-20,89,69,0.72,0.0,0
1978-05-21,81,68,1.43,0.0,0
1978-05-22,85,71,0.01,0.0,0
1978-05-23,88,71,0.00,0.0,0
1978-05-24,89,70,0.00,0.0,0
1978-05-25,90,72,0.00,0.0,0
1978-05-26,91,72,0.00,0.0,0
1978-05-27,91,73,0.00,0.0,0
1978-05-28,85,65,2.78,0.0,0
1978-05-29,88,65,0.04,0.0,0
1978-05-30,90,70,0.00,0.0,0
1978-05-31,91,70,0.00,0.0,0
1978-06-01,84,70,0.01,0.0,0
1978-06-02,83,67,0.00,0.0,0
1978-06-03,88,71,T,0.0,0
1978-06-04,91,70,0.00,0.0,0
1978-06-05,92,71,0.00,0.0,0
1978-06-06,88,66,0.40,0.0,0
1978-06-07,91,66,1.03,0.0,0
1978-06-08,86,65,0.00,0.0,0
1978-06-09,86,59,0.00,0.0,0
1978-06-10,92,64,0.00,0.0,0
1978-06-11,95,73,0.00,0.0,0
1978-06-12,96,76,0.00,0.0,0
1978-06-13,90,71,T,0.0,0
1978-06-14,93,73,0.00,0.0,0
1978-06-15,95,73,0.00,0.0,0
1978-06-16,95,74,0.00,0.0,0
1978-06-17,95,76,0.00,0.0,0
1978-06-18,94,75,0.00,0.0,0
1978-06-19,96,75,0.00,0.0,0
1978-06-20,96,76,0.00,0.0,0
1978-06-21,95,75,0.00,0.0,0
1978-06-22,96,77,0.00,0.0,0
1978-06-23,98,77,0.00,0.0,0
1978-06-24,100,79,0.00,0.0,0
1978-06-25,100,78,0.00,0.0,0
1978-06-26,99,76,0.00,0.0,0
1978-06-27,97,78,0.00,0.0,0
1978-06-28,97,75,0.00,0.0,0
1978-06-29,98,80,0.00,0.0,0
1978-06-30,100,78,0.00,0.0,0
1978-07-01,99,75,0.00,0.0,0
1978-07-02,103,78,0.00,0.0,0
1978-07-03,102,82,0.00,0.0,0
1978-07-04,101,81,0.00,0.0,0
1978-07-05,101,82,0.00,0.0,0
1978-07-06,101,81,0.00,0.0,0
1978-07-07,101,80,0.00,0.0,0
1978-07-08,104,81,0.00,0.0,0
1978-07-09,104,80,0.00,0.0,0
1978-07-10,103,82,0.00,0.0,0
1978-07-11,102,82,0.00,0.0,0
1978-07-12,101,81,0.00,0.0,0
1978-07-13,102,82,0.00,0.0,0
1978-07-14,104,84,0.00,0.0,0
1978-07-15,110,83,0.00,0.0,0
1978-07-16,102,80,0.00,0.0,0
1978-07-17,103,80,0.00,0.0,0
1978-07-18,103,79,0.00,0.0,0
1978-07-19,101,80,0.00,0.0,0
1978-07-20,100,80,0.00,0.0,0
1978-07-21,99,80,0.00,0.0,0
1978-07-22,96,77,0.00,0.0,0
1978-07-23,87,77,0.47,0.0,0
1978-07-24,95,75,0.00,0.0,0
1978-07-25,101,76,0.00,0.0,0
1978-07-26,100,80,0.00,0.0,0
1978-07-27,100,76,0.01,0.0,0
1978-07-28,102,76,0.00,0.0,0
1978-07-29,102,75,0.00,0.0,0
1978-07-30,104,80,0.00,0.0,0
1978-07-31,93,77,0.00,0.0,0
1978-08-01,91,75,0.00,0.0,0
1978-08-02,93,74,0.00,0.0,0
1978-08-03,92,77,0.00,0.0,0
1978-08-04,91,73,0.41,0.0,0
1978-08-05,81,68,1.70,0.0,0
1978-08-06,91,67,0.00,0.0,0
1978-08-07,92,70,0.00,0.0,0
1978-08-08,94,73,0.00,0.0,0
1978-08-09,94,74,0.00,0.0,0
1978-08-10,97,72,0.00,0.0,0
1978-08-11,100,76,0.00,0.0,0
1978-08-12,100,78,0.00,0.0,0
1978-08-13,100,79,0.00,0.0,0
1978-08-14,100,78,0.00,0.0,0
1978-08-15,101,77,0.00,0.0,0
1978-08-16,101,81,0.00,0.0,0
1978-08-17,101,78,0.00,0.0,0
1978-08-18,102,76,0.00,0.0,0
1978-08-19,95,77,0.00,0.0,0
1978-08-20,101,74,0.00,0.0,0
1978-08-21,99,73,0.34,0.0,0
1978-08-22,96,73,0.00,0.0,0
1978-08-23,98,77,0.00,0.0,0
1978-08-24,99,79,0.00,0.0,0
1978-08-25,99,80,0.00,0.0,0
1978-08-26,100,82,0.00,0.0,0
1978-08-27,97,79,0.00,0.0,0
1978-08-28,95,73,0.68,0.0,0
1978-08-29,88,72,T,0.0,0
1978-08-30,89,70,0.00,0.0,0
1978-08-31,88,70,0.00,0.0,0
1978-09-01,86,71,0.07,0.0,0
1978-09-02,90,73,0.00,0.0,0
1978-09-03,98,74,0.00,0.0,0
1978-09-04,100,75,0.04,0.0,0
1978-09-05,97,70,0.00,0.0,0
1978-09-06,93,74,0.00,0.0,0
1978-09-07,93,73,0.00,0.0,0
1978-09-08,84,73,0.05,0.0,0
1978-09-09,88,72,0.00,0.0,0
1978-09-10,85,71,T,0.0,0
1978-09-11,87,71,0.04,0.0,0
1978-09-12,86,75,0.14,0.0,0
1978-09-13,92,74,0.00,0.0,0
1978-09-14,98,73,0.00,0.0,0
1978-09-15,96,74,0.00,0.0,0
1978-09-16,96,76,0.00,0.0,0
1978-09-17,95,74,0.00,0.0,0
1978-09-18,96,74,0.00,0.0,0
1978-09-19,96,76,0.00,0.0,0
1978-09-20,94,73,0.00,0.0,0
1978-09-21,80,63,0.67,0.0,0
1978-09-22,83,60,0.00,0.0,0
1978-09-23,85,64,0.00,0.0,0
1978-09-24,84,70,0.00,0.0,0
1978-09-25,83,67,0.01,0.0,0
1978-09-26,74,67,T,0.0,0
1978-09-27,74,64,0.04,0.0,0
1978-09-28,85,63,0.00,0.0,0
1978-09-29,87,61,0.00,0.0,0
1978-09-30,91,62,0.00,0.0,0
1978-10-01,90,62,0.00,0.0,0
1978-10-02,92,66,0.00,0.0,0
1978-10-03,84,65,0.00,0.0,0
1978-10-04,86,61,0.00,0.0,0
1978-10-05,80,61,0.34,0.0,0
1978-10-06,76,58,T,0.0,0
1978-10-07,77,54,0.00,0.0,0
1978-10-08,80,59,0.00,0.0,0
1978-10-09,82,63,0.00,0.0,0
1978-10-10,81,64,0.00,0.0,0
1978-10-11,90,68,0.00,0.0,0
1978-10-12,91,69,0.00,0.0,0
1978-10-13,76,54,0.00,0.0,0
1978-10-14,73,42,0.00,0.0,0
1978-10-15,84,47,0.00,0.0,0
1978-10-16,81,51,0.00,0.0,0
1978-10-17,73,49,0.00,0.0,0
1978-10-18,80,49,0.00,0.0,0
1978-10-19,87,51,0.00,0.0,0
1978-10-20,90,55,0.00,0.0,0
1978-10-21,87,52,0.00,0.0,0
1978-10-22,84,64,0.00,0.0,0
1978-10-23,71,54,T,0.0,0
1978-10-24,73,49,0.00,0.0,0
1978-10-25,71,59,0.08,0.0,0
1978-10-26,69,47,0.00,0.0,0
1978-10-27,73,41,0.00,0.0,0
1978-10-28,75,41,0.00,0.0,0
1978-10-29,75,46,0.00,0.0,0
1978-10-30,79,47,0.00,0.0,0
1978-10-31,84,48,0.00,0.0,0
1978-11-01,82,50,0.00,0.0,0
1978-11-02,83,49,0.00,0.0,0
1978-11-03,84,61,0.00,0.0,0
1978-11-04,80,55,0.00,0.0,0
1978-11-05,79,55,0.04,0.0,0
1978-11-06,64,47,0.08,0.0,0
1978-11-07,59,43,0.00,0.0,0
1978-11-08,66,37,0.00,0.0,0
1978-11-09,70,42,0.00,0.0,0
1978-11-10,86,49,0.00,0.0,0
1978-11-11,66,51,0.00,0.0,0
1978-11-12,76,50,T,0.0,0
1978-11-13,74,62,T,0.0,0
1978-11-14,72,44,0.02,0.0,0
1978-11-15,46,39,1.07,0.0,0
1978-11-16,45,40,1.02,0.0,0
1978-11-17,62,35,0.00,0.0,0
1978-11-18,68,40,0.00,0.0,0
1978-11-19,56,48,0.20,0.0,0
1978-11-20,51,46,0.05,0.0,0
1978-11-21,52,46,0.01,0.0,0
1978-11-22,58,48,0.04,0.0,0
1978-11-23,78,57,0.00,0.0,0
1978-11-24,76,54,0.00,0.0,0
1978-11-25,76,64,0.03,0.0,0
1978-11-26,78,50,0.21,0.0,0
1978-11-27,52,37,0.00,0.0,0
1978-11-28,54,32,0.00,0.0,0
1978-11-29,66,41,0.00,0.0,0
1978-11-30,67,39,0.00,0.0,0
1978-12-01,75,43,0.00,0.0,0
1978-12-02,80,54,0.00,0.0,0
1978-12-03,54,30,T,0.0,0
1978-12-04,54,30,0.00,0.0,0
1978-12-05,71,39,0.00,0.0,0
1978-12-06,56,36,T,0.0,0
1978-12-07,37,27,0.00,0.0,0
1978-12-08,32,23,T,0.0,0
1978-12-09,39,21,0.00,0.0,0
1978-12-10,48,20,0.00,0.0,0
1978-12-11,57,26,0.00,0.0,0
1978-12-12,61,26,0.00,0.0,0
1978-12-13,59,34,0.00,0.0,0
1978-12-14,51,37,0.00,0.0,0
1978-12-15,68,36,0.00,0.0,0
1978-12-16,59,36,0.00,0.0,0
1978-12-17,55,27,0.00,0.0,0
1978-12-18,71,46,0.00,0.0,0
1978-12-19,73,57,0.00,0.0,0
1978-12-20,78,43,0.01,0.0,0
1978-12-21,57,30,0.00,0.0,0
1978-12-22,62,37,0.00,0.0,0
1978-12-23,72,43,0.00,0.0,0
1978-12-24,50,33,0.00,0.0,0
1978-12-25,65,33,0.00,0.0,0
1978-12-26,51,44,0.00,0.0,0
1978-12-27,51,42,0.00,0.0,0
1978-12-28,56,43,T,0.0,0
1978-12-29,58,45,0.01,0.0,0
1978-12-30,50,29,0.04,0.0,0
1978-12-31,31,23,1.37,T,T
1979-01-01,24,15,T,T,0
1979-01-02,30,11,0.00,0.0,0
1979-01-03,33,22,0.00,0.0,0
1979-01-04,36,29,0.12,0.0,0
1979-01-05,34,26,0.02,0.0,0
1979-01-06,28,24,T,T,0
1979-01-07,29,23,T,T,0
1979-01-08,37,15,0.00,0.0,0
1979-01-09,46,26,0.00,0.0,0
1979-01-10,37,31,0.20,T,0
1979-01-11,44,31,0.01,0.0,0
1979-01-12,49,29,0.00,0.0,0
1979-01-13,47,17,T,T,0
1979-01-14,30,13,0.00,0.0,0
1979-01-15,42,21,0.00,0.0,0
1979-01-16,57,40,T,0.0,0
1979-01-17,71,54,T,0.0,0
1979-01-18,69,53,0.65,0.0,0
1979-01-19,65,54,0.87,0.0,0
1979-01-20,56,37,0.05,0.0,0
1979-01-21,51,35,0.00,0.0,0
1979-01-22,55,35,0.00,0.0,0
1979-01-23,51,29,T,T,0
1979-01-24,46,23,0.00,0.0,0
1979-01-25,41,35,0.43,0.0,0
1979-01-26,39,35,0.13,0.0,0
1979-01-27,42,26,0.00,0.0,0
1979-01-28,39,22,0.00,0.0,0
1979-01-29,34,30,0.05,T,0
1979-01-30,41,21,0.00,0.0,T
1979-01-31,31,17,0.00,0.0,0
1979-02-01,41,22,0.00,0.0,0
1979-02-02,40,36,0.04,0.0,0
1979-02-03,41,34,0.00,0.0,0
1979-02-04,40,30,T,0.0,0
1979-02-05,38,31,0.18,T,0
1979-02-06,34,31,0.14,T,0
1979-02-07,35,30,T,0.0,0
1979-02-08,54,21,0.00,0.0,0
1979-02-09,39,16,0.00,0.0,0
1979-02-10,57,28,0.00,0.0,0
1979-02-11,63,39,0.00,0.0,0
1979-02-12,63,38,0.00,0.0,0
1979-02-13,53,36,T,0.0,0
1979-02-14,81,51,0.00,0.0,0
1979-02-15,80,31,0.00,0.0,0
1979-02-16,32,21,0.02,T,0
1979-02-17,26,22,0.31,0.5,T
1979-02-18,40,26,0.00,0.0,0
1979-02-19,37,23,0.00,0.0,0
1979-02-20,57,37,0.02,0.0,0
1979-02-21,61,50,0.64,0.0,0
1979-02-22,76,58,T,0.0,0
1979-02-23,69,46,0.00,0.0,0
1979-02-24,46,34,1.10,T,0
1979-02-25,56,31,0.00,0.0,0
1979-02-26,59,30,0.00,0.0,0
1979-02-27,63,43,0.16,0.0,0
1979-02-28,63,45,0.00,0.0,0
1979-03-01,68,40,0.00,0.0,0
1979-03-02,61,52,1.20,0.0,0
1979-03-03,61,36,0.03,0.0,0
1979-03-04,55,32,0.00,0.0,0
1979-03-05,66,30,0.00,0.0,0
1979-03-06,77,36,0.00,0.0,0
1979-03-07,72,46,0.00,0.0,0
1979-03-08,74,40,0.00,0.0,0
1979-03-09,67,56,0.00,0.0,0
1979-03-10,58,45,0.00,0.0,0
1979-03-11,73,41,0.00,0.0,0
1979-03-12,73,42,0.00,0.0,0
1979-03-13,84,51,0.00,0.0,0
1979-03-14,63,50,T,0.0,0
1979-03-15,54,43,0.83,0.0,0
1979-03-16,50,44,0.54,0.0,0
1979-03-17,66,47,0.08,0.0,0
1979-03-18,72,63,0.09,0.0,0
1979-03-19,72,57,1.22,0.0,0
1979-03-20,68,55,0.00,0.0,0
1979-03-21,75,61,T,0.0,0
1979-03-22,74,56,0.36,0.0,0
1979-03-23,61,45,0.00,0.0,0
1979-03-24,61,41,0.00,0.0,0
1979-03-25,74,36,0.00,0.0,0
1979-03-26,81,52,0.00,0.0,0
1979-03-27,69,50,0.00,0.0,0
1979-03-28,71,56,T,0.0,0
1979-03-29,71,61,T,0.0,0
1979-03-30,76,57,3.78,0.0,0
1979-03-31,72,50,0.16,0.0,0
1979-04-01,80,54,T,0.0,0
1979-04-02,55,44,0.00,0.0,0
1979-04-03,54,48,0.03,0.0,0
1979-04-04,58,39,0.00,0.0,0
1979-04-05,74,42,0.00,0.0,0
1979-04-06,80,53,0.00,0.0,0
1979-04-07,68,57,T,0.0,0
1979-04-08,84,58,0.00,0.0,0
1979-04-09,71,49,0.07,0.0,0
1979-04-10,77,57,0.00,0.0,0
1979-04-11,77,62,T,0.0,0
1979-04-12,78,55,0.00,0.0,0
1979-04-13,73,51,0.00,0.0,0
1979-04-14,83,50,0.00,0.0,0
1979-04-15,86,55,0.00,0.0,0
1979-04-16,87,61,0.00,0.0,0
1979-04-17,76,59,0.64,0.0,0
1979-04-18,72,58,0.03,0.0,0
1979-04-19,77,62,0.10,0.0,0
1979-04-20,77,63,0.00,0.0,0
1979-04-21,70,60,0.00,0.0,0
1979-04-22,68,57,T,0.0,0
1979-04-23,77,56,0.00,0.0,0
1979-04-24,83,56,0.00,0.0,0
1979-04-25,86,63,T,0.0,0
1979-04-26,75,53,0.00,0.0,0
1979-04-27,72,49,0.00,0.0,0
1979-04-28,69,43,T,0.0,0
1979-04-29,71,50,0.06,0.0,0
1979-04-30,73,52,0.00,0.0,0
1979-05-01,80,59,0.98,0.0,0
1979-05-02,76,63,0.01,0.0,0
1979-05-03,73,52,4.00,0.0,0
1979-05-04,57,50,0.00,0.0,0
1979-05-05,74,45,0.00,0.0,0
1979-05-06,78,53,0.00,0.0,0
1979-05-07,84,60,0.00,0.0,0
1979-05-08,84,70,0.00,0.0,0
1979-05-09,83,67,0.00,0.0,0
1979-05-10,89,56,0.97,0.0,0
1979-05-11,57,49,0.82,0.0,0
1979-05-12,72,42,0.00,0.0,0
1979-05-13,80,48,0.00,0.0,0
1979-05-14,83,57,0.00,0.0,0
1979-05-15,85,62,0.00,0.0,0
1979-05-16,85,62,0.00,0.0,0
1979-05-17,84,65,0.00,0.0,0
1979-05-18,87,63,0.00,0.0,0
1979-05-19,88,68,0.00,0.0,0
1979-05-20,84,69,T,0.0,0
1979-05-21,77,64,0.29,0.0,0
1979-05-22,71,64,0.19,0.0,0
1979-05-23,85,64,T,0.0,0
1979-05-24,75,58,0.00,0.0,0
1979-05-25,75,52,0.00,0.0,0
1979-05-26,83,60,0.00,0.0,0
1979-05-27,88,66,0.00,0.0,0
1979-05-28,88,65,T,0.0,0
1979-05-29,77,62,0.94,0.0,0
1979-05-30,73,65,0.52,0.0,0
1979-05-31,85,64,0.00,0.0,0
1979-06-01,73,66,0.27,0.0,0
1979-06-02,77,67,0.13,0.0,0
1979-06-03,85,63,0.00,0.0,0
1979-06-04,87,67,0.32,0.0,0
1979-06-05,83,71,0.59,0.0,0
1979-06-06,90,69,0.00,0.0,0
1979-06-07,95,77,0.00,0.0,0
1979-06-08,95,76,0.00,0.0,0
1979-06-09,91,70,0.00,0.0,0
1979-06-10,80,63,T,0.0,0
1979-06-11,83,55,0.00,0.0,0
1979-06-12,87,58,0.00,0.0,0
1979-06-13,89,64,0.00,0.0,0
1979-06-14,91,70,0.00,0.0,0
1979-06-15,92,69,0.00,0.0,0
1979-06-16,91,70,0.00,0.0,0
1979-06-17,91,70,0.00,0.0,0
1979-06-18,92,69,0.00,0.0,0
1979-06-19,95,76,0.00,0.0,0
1979-06-20,96,77,0.00,0.0,0
1979-06-21,96,76,0.00,0.0,0
1979-06-22,96,77,0.00,0.0,0
1979-06-23,94,75,0.00,0.0,0
1979-06-24,95,75,0.00,0.0,0
1979-06-25,90,70,0.02,0.0,0
1979-06-26,88,69,0.00,0.0,0
1979-06-27,91,72,0.00,0.0,0
1979-06-28,96,74,0.00,0.0,0
1979-06-29,103,77,0.00,0.0,0
1979-06-30,103,80,0.00,0.0,0
1979-07-01,100,80,0.00,0.0,0
1979-07-02,95,75,0.00,0.0,0
1979-07-03,98,75,0.00,0.0,0
1979-07-04,97,77,0.00,0.0,0
1979-07-05,93,74,0.27,0.0,0
1979-07-06,91,74,0.03,0.0,0
1979-07-07,94,73,0.46,0.0,0
1979-07-08,95,73,0.00,0.0,0
1979-07-09,96,75,0.00,0.0,0
1979-07-10,94,70,0.20,0.0,0
1979-07-11,93,73,0.00,0.0,0
1979-07-12,97,74,0.00,0.0,0
1979-07-13,97,75,0.00,0.0,0
1979-07-14,97,77,0.00,0.0,0
1979-07-15,94,76,0.33,0.0,0
1979-07-16,99,78,0.00,0.0,0
1979-07-17,92,70,0.04,0.0,0
1979-07-18,84,73,0.00,0.0,0
1979-07-19,88,70,0.00,0.0,0
1979-07-20,86,73,0.00,0.0,0
1979-07-21,92,72,0.00,0.0,0
1979-07-22,93,74,0.00,0.0,0
1979-07-23,96,76,0.00,0.0,0
1979-07-24,92,76,0.00,0.0,0
1979-07-25,92,75,0.00,0.0,0
1979-07-26,79,73,0.09,0.0,0
1979-07-27,92,73,0.01,0.0,0
1979-07-28,97,74,0.00,0.0,0
1979-07-29,96,71,0.00,0.0,0
1979-07-30,97,75,0.00,0.0,0
1979-07-31,98,74,0.30,0.0,0
1979-08-01,89,71,1.70,0.0,0
1979-08-02,85,71,0.53,0.0,0
1979-08-03,89,69,0.98,0.0,0
1979-08-04,92,73,0.00,0.0,0
1979-08-05,94,75,0.00,0.0,0
1979-08-06,95,75,0.00,0.0,0
1979-08-07,95,77,0.00,0.0,0
1979-08-08,92,73,0.00,0.0,0
1979-08-09,92,71,0.74,0.0,0
1979-08-10,93,69,0.04,0.0,0
1979-08-11,82,70,0.05,0.0,0
1979-08-12,85,59,0.00,0.0,0
1979-08-13,92,68,0.00,0.0,0
1979-08-14,94,75,0.00,0.0,0
1979-08-15,95,74,0.00,0.0,0
1979-08-16,89,74,0.00,0.0,0
1979-08-17,91,70,0.00,0.0,0
1979-08-18,92,74,0.00,0.0,0
1979-08-19,94,70,T,0.0,0
1979-08-20,95,71,0.00,0.0,0
1979-08-21,95,68,0.13,0.0,0
1979-08-22,97,66,T,0.0,0
1979-08-23,94,71,0.00,0.0,0
1979-08-24,92,70,0.00,0.0,0
1979-08-25,91,69,0.00,0.0,0
1979-08-26,93,72,T,0.0,0
1979-08-27,95,73,0.00,0.0,0
1979-08-28,97,72,0.00,0.0,0
1979-08-29,96,73,0.00,0.0,0
1979-08-30,96,73,0.00,0.0,0
1979-08-31,96,77,0.00,0.0,0
1979-09-01,95,75,0.00,0.0,0
1979-09-02,96,74,0.00,0.0,0
1979-09-03,91,76,0.63,0.0,0
1979-09-04,93,74,0.00,0.0,0
1979-09-05,94,74,0.00,0.0,0
1979-09-06,97,73,T,0.0,0
1979-09-07,93,73,0.00,0.0,0
1979-09-08,90,72,0.00,0.0,0
1979-09-09,88,64,0.00,0.0,0
1979-09-10,87,64,0.00,0.0,0
1979-09-11,89,72,0.00,0.0,0
1979-09-12,86,69,0.00,0.0,0
1979-09-13,90,68,0.00,0.0,0
1979-09-14,82,60,0.00,0.0,0
1979-09-15,79,57,0.00,0.0,0
1979-09-16,81,53,0.00,0.0,0
1979-09-17,85,51,0.00,0.0,0
1979-09-18,80,67,0.00,0.0,0
1979-09-19,72,68,0.84,0.0,0
1979-09-20,76,65,0.43,0.0,0
1979-09-21,87,60,0.00,0.0,0
1979-09-22,89,64,0.00,0.0,0
1979-09-23,85,65,0.00,0.0,0
1979-09-24,85,62,0.00,0.0,0
1979-09-25,85,57,0.00,0.0,0
1979-09-26,86,60,0.00,0.0,0
1979-09-27,89,64,0.00,0.0,0
1979-09-28,93,65,T,0.0,0
1979-09-29,89,72,0.00,0.0,0
1979-09-30,94,65,0.00,0.0,0
1979-10-01,100,69,0.00,0.0,0
1979-10-02,87,55,0.00,0.0,0
1979-10-03,92,63,0.00,0.0,0
1979-10-04,81,53,0.00,0.0,0
1979-10-05,89,51,0.00,0.0,0
1979-10-06,90,56,0.00,0.0,0
1979-10-07,96,59,0.00,0.0,0
1979-10-08,94,69,0.00,0.0,0
1979-10-09,76,49,0.00,0.0,0
1979-10-10,68,40,0.00,0.0,0
1979-10-11,99,49,0.00,0.0,0
1979-10-12,97,61,0.00,0.0,0
1979-10-13,80,66,0.00,0.0,0
1979-10-14,77,57,0.00,0.0,0
1979-10-15,75,61,0.61,0.0,0
1979-10-16,89,68,0.00,0.0,0
1979-10-17,85,70,0.00,0.0,0
1979-10-18,87,68,0.00,0.0,0
1979-10-19,89,66,0.00,0.0,0
1979-10-20,92,76,0.00,0.0,0
1979-10-21,93,61,0.05,0.0,0
1979-10-22,68,50,0.02,0.0,0
1979-10-23,76,48,0.00,0.0,0
1979-10-24,79,49,0.00,0.0,0
1979-10-25,82,51,0.00,0.0,0
1979-10-26,84,54,0.00,0.0,0
1979-10-27,85,60,0.00,0.0,0
1979-10-28,84,59,0.00,0.0,0
1979-10-29,84,60,0.00,0.0,0
1979-10-30,76,51,1.56,0.0,0
1979-10-31,66,45,0.00,0.0,0
1979-11-01,65,41,0.00,0.0,0
1979-11-02,70,42,0.00,0.0,0
1979-11-03,70,43,0.00,0.0,0
1979-11-04,72,46,0.00,0.0,0
1979-11-05,68,51,0.00,0.0,0
1979-11-06,64,43,0.00,0.0,0
1979-11-07,61,40,0.01,0.0,0
1979-11-08,73,53,0.00,0.0,0
1979-11-09,66,50,0.13,0.0,0
1979-11-10,56,39,0.00,0.0,0
1979-11-11,61,37,0.00,0.0,0
1979-11-12,55,43,0.03,0.0,0
1979-11-13,64,36,0.00,0.0,0
1979-11-14,69,37,0.00,0.0,0
1979-11-15,74,39,0.00,0.0,0
1979-11-16,78,40,0.00,0.0,0
1979-11-17,79,45,0.00,0.0,0
1979-11-18,79,60,0.00,0.0,0
1979-11-19,81,68,T,0.0,0
1979-11-20,81,70,T,0.0,0
1979-11-21,76,52,T,0.0,0
1979-11-22,52,36,0.00,0.0,0
1979-11-23,62,33,0.00,0.0,0
1979-11-24,61,45,0.00,0.0,0
1979-11-25,66,46,0.00,0.0,0
1979-11-26,69,37,0.00,0.0,0
1979-11-27,70,43,0.00,0.0,0
1979-11-28,53,30,0.00,0.0,0
1979-11-29,45,28,0.00,0.0,0
1979-11-30,48,23,0.00,0.0,0
1979-12-01,63,29,0.00,0.0,0
1979-12-02,55,28,0.00,0.0,0
1979-12-03,66,34,0.00,0.0,0
1979-12-04,69,37,0.00,0.0,0
1979-12-05,77,42,0.00,0.0,0
1979-12-06,64,39,0.00,0.0,0
1979-12-07,72,37,0.00,0.0,0
1979-12-08,63,45,0.00,0.0,0
1979-12-09,65,38,0.00,0.0,0
1979-12-10,69,51,0.00,0.0,0
1979-12-11,76,42,0.00,0.0,0
1979-12-12,44,33,1.00,0.0,0
1979-12-13,45,32,T,0.0,0
1979-12-14,52,37,0.00,0.0,0
1979-12-15,58,33,0.00,0.0,0
1979-12-16,47,28,0.00,0.0,0
1979-12-17,37,17,0.00,0.0,0
1979-12-18,55,27,0.00,0.0,0
1979-12-19,67,39,0.00,0.0,0
1979-12-20,72,50,0.00,0.0,0
1979-12-21,71,58,0.46,0.0,0
1979-12-22,76,61,T,0.0,0
1979-12-23,62,47,1.87,0.0,0
1979-12-24,60,42,0.00,0.0,0
1979-12-25,69,34,0.00,0.0,0
1979-12-26,72,42,0.00,0.0,0
1979-12-27,66,51,0.00,0.0,0
1979-12-28,59,49,0.04,0.0,0
1979-12-29,50,40,T,0.0,0
1979-12-30,50,34,0.00,0.0,0
1979-12-31,54,31,0.00,0.0,0
1980-01-01,62,30,0.00,0.0,0
1980-01-02,60,43,0.00,0.0,0
1980-01-03,51,31,0.00,0.0,0
1980-01-04,45,30,0.00,0.0,0
1980-01-05,48,29,0.00,0.0,0
1980-01-06,73,38,0.00,0.0,0
1980-01-07,45,30,0.00,0.0,0
1980-01-08,50,28,0.00,0.0,0
1980-01-09,57,32,0.00,0.0,0
1980-01-10,62,45,0.01,0.0,0
1980-01-11,60,42,0.00,0.0,0
1980-01-12,54,40,0.00,0.0,0
1980-01-13,69,37,0.00,0.0,0
1980-01-14,73,42,0.00,0.0,0
1980-01-15,73,56,T,0.0,0
1980-01-16,70,50,0.00,0.0,0
1980-01-17,67,41,0.00,0.0,0
1980-01-18,72,38,0.00,0.0,0
1980-01-19,60,52,0.03,0.0,0
1980-01-20,55,46,0.09,0.0,0
1980-01-21,49,44,1.21,0.0,0
1980-01-22,51,35,0.90,0.0,0
1980-01-23,61,29,0.00,0.0,0
1980-01-24,71,37,0.00,0.0,0
1980-01-25,59,48,0.00,0.0,0
1980-01-26,49,35,T,0.0,0
1980-01-27,35,28,0.00,0.0,0
1980-01-28,33,30,0.03,0.0,0
1980-01-29,34,29,0.05,0.0,0
1980-01-30,39,30,0.01,0.0,0
1980-01-31,36,25,0.00,0.0,0
1980-02-01,40,20,0.00,0.0,0
1980-02-02,49,33,T,T,0
1980-02-03,60,31,0.00,0.0,0
1980-02-04,64,35,0.00,0.0,0
1980-02-05,65,43,T,0.0,0
1980-02-06,60,32,0.00,0.0,0
1980-02-07,48,40,0.20,0.0,0
1980-02-08,40,33,1.19,0.0,0
1980-02-09,33,26,0.23,1.0,0
1980-02-10,41,20,0.00,0.0,0
1980-02-11,49,29,0.00,0.0,0
1980-02-12,52,32,0.00,0.0,0
1980-02-13,62,39,0.00,0.0,0
1980-02-14,63,48,T,0.0,0
1980-02-15,77,35,0.00,0.0,0
1980-02-16,35,25,0.02,0.5,0
1980-02-17,40,20,0.00,0.0,0
1980-02-18,56,35,0.00,0.0,0
1980-02-19,85,47,0.00,0.0,0
1980-02-20,91,47,0.00,0.0,0
1980-02-21,80,59,0.00,0.0,0
1980-02-22,84,51,0.00,0.0,0
1980-02-23,65,44,0.00,0.0,0
1980-02-24,60,39,0.00,0.0,0
1980-02-25,61,34,0.00,0.0,0
1980-02-26,62,32,0.00,0.0,0
1980-02-27,78,40,0.00,0.0,0
1980-02-28,85,50,0.00,0.0,0
1980-02-29,79,34,T,0.0,0
1980-03-01,36,22,0.00,0.0,0
1980-03-02,41,16,0.00,0.0,0
1980-03-03,60,29,0.00,0.0,0
1980-03-04,83,45,0.00,0.0,0
1980-03-05,54,31,0.00,0.0,0
1980-03-06,77,35,0.00,0.0,0
1980-03-07,90,63,0.00,0.0,0
1980-03-08,68,44,0.00,0.0,0
1980-03-09,78,38,0.00,0.0,0
1980-03-10,79,49,0.00,0.0,0
1980-03-11,65,54,T,0.0,0
1980-03-12,84,53,T,0.0,0
1980-03-13,70,47,0.00,0.0,0
1980-03-14,72,39,0.00,0.0,0
1980-03-15,77,49,0.00,0.0,0
1980-03-16,79,62,T,0.0,0
1980-03-17,69,44,0.00,0.0,0
1980-03-18,66,34,T,0.0,0
1980-03-19,70,50,T,0.0,0
1980-03-20,78,45,0.03,0.0,0
1980-03-21,71,37,0.00,0.0,0
1980-03-22,75,45,0.00,0.0,0
1980-03-23,80,47,0.33,0.0,0
1980-03-24,62,38,0.00,0.0,0
1980-03-25,56,41,T,0.0,0
1980-03-26,67,46,0.00,0.0,0
1980-03-27,58,51,1.07,0.0,0
1980-03-28,81,47,0.00,0.0,0
1980-03-29,63,45,0.13,0.0,0
1980-03-30,67,40,0.00,0.0,0
1980-03-31,74,47,0.00,0.0,0
1980-04-01,81,58,0.00,0.0,0
1980-04-02,80,63,T,0.0,0
1980-04-03,77,55,0.00,0.0,0
1980-04-04,72,45,0.00,0.0,0
1980-04-05,79,50,0.00,0.0,0
1980-04-06,80,55,0.00,0.0,0
1980-04-07,96,66,0.00,0.0,0
1980-04-08,76,48,0.00,0.0,0
1980-04-09,80,42,0.00,0.0,0
1980-04-10,84,55,0.00,0.0,0
1980-04-11,87,53,T,0.0,0
1980-04-12,54,41,0.29,0.0,0
1980-04-13,51,39,1.15,0.0,0
1980-04-14,71,38,0.00,0.0,0
1980-04-15,81,44,0.00,0.0,0
1980-04-16,86,51,0.00,0.0,0
1980-04-17,79,54,0.00,0.0,0
1980-04-18,74,47,0.00,0.0,0
1980-04-19,78,45,0.00,0.0,0
1980-04-20,86,53,0.00,0.0,0
1980-04-21,86,50,0.00,0.0,0
1980-04-22,84,56,0.00,0.0,0
1980-04-23,85,60,0.00,0.0,0
1980-04-24,81,62,0.52,0.0,0
1980-04-25,77,50,0.02,0.0,0
1980-04-26,56,45,0.00,0.0,0
1980-04-27,70,46,0.00,0.0,0
1980-04-28,81,45,0.00,0.0,0
1980-04-29,90,55,0.00,0.0,0
1980-04-30,80,65,0.00,0.0,0
1980-05-01,82,61,0.23,0.0,0
1980-05-02,81,59,0.03,0.0,0
1980-05-03,78,54,0.00,0.0,0
1980-05-04,84,61,0.00,0.0,0
1980-05-05,88,62,0.00,0.0,0
1980-05-06,89,64,0.02,0.0,0
1980-05-07,87,63,0.02,0.0,0
1980-05-08,71,54,0.48,0.0,0
1980-05-09,77,48,0.00,0.0,0
1980-05-10,86,62,0.00,0.0,0
1980-05-11,88,71,0.00,0.0,0
1980-05-12,87,70,0.18,0.0,0
1980-05-13,81,65,0.01,0.0,0
1980-05-14,78,61,0.20,0.0,0
1980-05-15,69,60,1.62,0.0,0
1980-05-16,85,55,0.00,0.0,0
1980-05-17,88,66,0.00,0.0,0
1980-05-18,87,66,0.00,0.0,0
1980-05-19,81,64,0.00,0.0,0
1980-05-20,85,59,0.17,0.0,0
1980-05-21,80,61,0.00,0.0,0
1980-05-22,82,60,0.00,0.0,0
1980-05-23,87,60,0.00,0.0,0
1980-05-24,93,68,T,0.0,0
1980-05-25,95,75,0.00,0.0,0
1980-05-26,95,75,0.00,0.0,0
1980-05-27,89,75,0.00,0.0,0
1980-05-28,94,72,T,0.0,0
1980-05-29,93,75,0.00,0.0,0
1980-05-30,91,74,0.00,0.0,0
1980-05-31,94,73,0.00,0.0,0
1980-06-01,92,75,T,0.0,0
1980-06-02,94,75,T,0.0,0
1980-06-03,95,73,0.00,0.0,0
1980-06-04,92,75,0.00,0.0,0
1980-06-05,95,74,0.00,0.0,0
1980-06-06,96,75,0.00,0.0,0
1980-06-07,97,77,0.00,0.0,0
1980-06-08,85,71,T,0.0,0
1980-06-09,83,69,0.00,0.0,0
1980-06-10,91,69,0.00,0.0,0
1980-06-11,91,69,0.00,0.0,0
1980-06-12,94,69,0.00,0.0,0
1980-06-13,94,70,0.00,0.0,0
1980-06-14,95,71,0.00,0.0,0
1980-06-15,96,73,0.00,0.0,0
1980-06-16,97,76,0.00,0.0,0
1980-06-17,97,75,0.00,0.0,0
1980-06-18,101,79,0.00,0.0,0
1980-06-19,101,82,T,0.0,0
1980-06-20,89,67,1.53,0.0,0
1980-06-21,97,72,0.00,0.0,0
1980-06-22,92,74,0.22,0.0,0
1980-06-23,102,75,0.00,0.0,0
1980-06-24,105,79,0.00,0.0,0
1980-06-25,107,80,0.00,0.0,0
1980-06-26,112,78,0.00,0.0,0
1980-06-27,112,78,0.00,0.0,0
1980-06-28,110,84,0.00,0.0,0
1980-06-29,106,78,0.00,0.0,0
1980-06-30,105,81,0.00,0.0,0
1980-07-01,108,80,0.00,0.0,0
1980-07-02,108,84,0.00,0.0,0
1980-07-03,106,80,0.00,0.0,0
1980-07-04,101,81,0.00,0.0,0
1980-07-05,101,79,0.00,0.0,0
1980-07-06,101,79,0.00,0.0,0
1980-07-07,101,79,0.00,0.0,0
1980-07-08,102,80,0.00,0.0,0
1980-07-09,104,80,0.00,0.0,0
1980-07-10,101,80,0.00,0.0,0
1980-07-11,103,80,0.00,0.0,0
1980-07-12,105,81,0.00,0.0,0
1980-07-13,105,81,0.00,0.0,0
1980-07-14,104,80,0.00,0.0,0
1980-07-15,103,81,0.00,0.0,0
1980-07-16,108,80,0.00,0.0,0
1980-07-17,107,80,0.00,0.0,0
1980-07-18,106,83,0.00,0.0,0
1980-07-19,101,83,0.00,0.0,0
1980-07-20,103,81,0.00,0.0,0
1980-07-21,101,77,0.15,0.0,0
1980-07-22,101,75,0.00,0.0,0
1980-07-23,101,72,0.00,0.0,0
1980-07-24,97,75,0.00,0.0,0
1980-07-25,102,78,0.00,0.0,0
1980-07-26,102,80,T,0.0,0
1980-07-27,102,73,0.48,0.0,0
1980-07-28,101,73,0.00,0.0,0
1980-07-29,101,73,0.00,0.0,0
1980-07-30,105,76,0.00,0.0,0
1980-07-31,104,77,0.00,0.0,0
1980-08-01,104,77,0.00,0.0,0
1980-08-02,103,77,0.00,0.0,0
1980-08-03,100,82,0.00,0.0,0
1980-08-04,95,81,T,0.0,0
1980-08-05,101,81,0.00,0.0,0
1980-08-06,102,78,0.00,0.0,0
1980-08-07,101,77,0.00,0.0,0
1980-08-08,102,78,0.00,0.0,0
1980-08-09,102,81,0.00,0.0,0
1980-08-10,98,85,0.00,0.0,0
1980-08-11,94,81,0.00,0.0,0
1980-08-12,98,82,0.00,0.0,0
1980-08-13,99,80,0.00,0.0,0
1980-08-14,100,80,0.00,0.0,0
1980-08-15,97,79,0.00,0.0,0
1980-08-16,101,79,0.00,0.0,0
1980-08-17,102,77,0.00,0.0,0
1980-08-18,100,77,0.00,0.0,0
1980-08-19,100,77,0.00,0.0,0
1980-08-20,103,77,0.00,0.0,0
1980-08-21,107,79,0.00,0.0,0
1980-08-22,105,80,0.00,0.0,0
1980-08-23,105,80,0.00,0.0,0
1980-08-24,102,77,0.00,0.0,0
1980-08-25,101,74,0.00,0.0,0
1980-08-26,100,80,0.00,0.0,0
1980-08-27,103,74,0.04,0.0,0
1980-08-28,95,73,T,0.0,0
1980-08-29,96,70,0.00,0.0,0
1980-08-30,98,72,0.00,0.0,0
1980-08-31,100,76,0.00,0.0,0
1980-09-01,100,76,0.00,0.0,0
1980-09-02,99,76,0.00,0.0,0
1980-09-03,98,73,0.00,0.0,0
1980-09-04,101,75,0.00,0.0,0
1980-09-05,98,76,0.00,0.0,0
1980-09-06,92,75,0.00,0.0,0
1980-09-07,93,74,0.00,0.0,0
1980-09-08,90,70,0.66,0.0,0
1980-09-09,95,70,0.01,0.0,0
1980-09-10,100,71,0.00,0.0,0
1980-09-11,98,75,0.00,0.0,0
1980-09-12,99,76,0.00,0.0,0
1980-09-13,100,75,0.00,0.0,0
1980-09-14,99,73,0.00,0.0,0
1980-09-15,101,75,0.00,0.0,0
1980-09-16,102,76,0.00,0.0,0
1980-09-17,94,65,0.05,0.0,0
1980-09-18,100,74,0.00,0.0,0
1980-09-19,96,72,0.00,0.0,0
1980-09-20,95,75,0.00,0.0,0
1980-09-21,99,77,0.00,0.0,0
1980-09-22,101,78,0.00,0.0,0
1980-09-23,93,71,0.00,0.0,0
1980-09-24,92,71,T,0.0,0
1980-09-25,86,72,T,0.0,0
1980-09-26,82,60,1.02,0.0,0
1980-09-27,61,55,0.75,0.0,0
1980-09-28,61,55,0.35,0.0,0
1980-09-29,66,58,3.39,0.0,0
1980-09-30,70,60,T,0.0,0
1980-10-01,87,56,0.00,0.0,0
1980-10-02,83,59,0.00,0.0,0
1980-10-03,83,52,0.00,0.0,0
1980-10-04,88,59,0.00,0.0,0
1980-10-05,85,58,0.00,0.0,0
1980-10-06,73,58,T,0.0,0
1980-10-07,89,59,0.00,0.0,0
1980-10-08,91,65,0.00,0.0,0
1980-10-09,89,67,0.00,0.0,0
1980-10-10,90,61,0.00,0.0,0
1980-10-11,82,56,0.00,0.0,0
1980-10-12,80,52,0.00,0.0,0
1980-10-13,86,54,0.00,0.0,0
1980-10-14,86,65,0.08,0.0,0
1980-10-15,87,69,0.00,0.0,0
1980-10-16,90,72,0.00,0.0,0
1980-10-17,82,63,0.20,0.0,0
1980-10-18,75,57,0.00,0.0,0
1980-10-19,75,49,0.00,0.0,0
1980-10-20,78,50,0.00,0.0,0
1980-10-21,79,55,0.00,0.0,0
1980-10-22,79,53,0.00,0.0,0
1980-10-23,81,53,0.22,0.0,0
1980-10-24,60,44,0.00,0.0,0
1980-10-25,73,39,0.00,0.0,0
1980-10-26,67,50,0.03,0.0,0
1980-10-27,82,47,T,0.0,0
1980-10-28,50,42,0.00,0.0,0
1980-10-29,55,39,0.00,0.0,0
1980-10-30,68,31,0.00,0.0,0
1980-10-31,78,40,0.00,0.0,0
1980-11-01,81,43,0.00,0.0,0
1980-11-02,79,54,0.00,0.0,0
1980-11-03,83,52,0.00,0.0,0
1980-11-04,78,48,0.00,0.0,0
1980-11-05,83,45,0.00,0.0,0
1980-11-06,85,50,0.00,0.0,0
1980-11-07,87,58,0.00,0.0,0
1980-11-08,87,56,0.00,0.0,0
1980-11-09,86,62,0.00,0.0,0
1980-11-10,83,60,0.00,0.0,0
1980-11-11,80,58,0.00,0.0,0
1980-11-12,80,53,0.00,0.0,0
1980-11-13,80,53,0.00,0.0,0
1980-11-14,65,45,0.00,0.0,0
1980-11-15,52,40,0.00,0.0,0
1980-11-16,46,40,0.94,0.0,0
1980-11-17,41,36,0.04,0.0,0
1980-11-18,51,31,0.00,0.0,0
1980-11-19,54,30,0.00,0.0,0
1980-11-20,60,32,0.00,0.0,0
1980-11-21,55,35,0.00,0.0,0
1980-11-22,47,42,0.22,0.0,0
1980-11-23,48,43,T,0.0,0
1980-11-24,47,42,T,0.0,0
1980-11-25,45,37,0.00,0.0,0
1980-11-26,46,31,0.00,0.0,0
1980-11-27,50,29,0.00,0.0,0
1980-11-28,58,29,0.00,0.0,0
1980-11-29,67,33,0.00,0.0,0
1980-11-30,71,44,0.00,0.0,0
1980-12-01,75,56,0.00,0.0,0
1980-12-02,59,33,0.00,0.0,0
1980-12-03,53,33,0.00,0.0,0
1980-12-04,61,48,T,0.0,0
1980-12-05,71,58,0.04,0.0,0
1980-12-06,72,62,0.00,0.0,0
1980-12-07,71,62,0.00,0.0,0
1980-12-08,68,37,1.78,0.0,0
1980-12-09,49,34,0.00,0.0,0
1980-12-10,49,33,0.00,0.0,0
1980-12-11,61,29,0.00,0.0,0
1980-12-12,65,35,0.00,0.0,0
1980-12-13,65,42,0.00,0.0,0
1980-12-14,63,44,0.00,0.0,0
1980-12-15,67,48,0.00,0.0,0
1980-12-16,68,42,0.00,0.0,0
1980-12-17,69,40,0.00,0.0,0
1980-12-18,82,46,0.00,0.0,0
1980-12-19,46,30,0.00,0.0,0
1980-12-20,31,25,0.00,0.0,0
1980-12-21,35,21,0.00,0.0,0
1980-12-22,45,33,0.00,0.0,0
1980-12-23,64,43,0.00,0.0,0
1980-12-24,49,25,0.00,0.0,0
1980-12-25,36,19,0.00,0.0,0
1980-12-26,57,30,0.00,0.0,0
1980-12-27,59,34,0.00,0.0,0
1980-12-28,62,39,0.00,0.0,0
1980-12-29,60,41,0.00,0.0,0
1980-12-30,61,31,0.00,0.0,0
1980-12-31,68,37,0.00,0.0,0
1981-01-01,64,35,0.00,0.0,0
1981-01-02,57,30,0.00,0.0,0
1981-01-03,66,36,0.00,0.0,0
1981-01-04,48,28,0.00,0.0,0
1981-01-05,46,32,T,0.0,0
1981-01-06,57,40,0.09,0.0,0
1981-01-07,53,32,0.00,0.0,0
1981-01-08,56,40,0.02,0.0,0
1981-01-09,59,43,0.02,0.0,0
1981-01-10,51,39,0.00,0.0,0
1981-01-11,51,31,0.00,0.0,0
1981-01-12,46,21,0.00,0.0,0
1981-01-13,62,32,0.00,0.0,0
1981-01-14,59,34,0.00,0.0,0
1981-01-15,54,28,0.00,0.0,0
1981-01-16,46,30,0.00,0.0,0
1981-01-17,45,24,0.00,0.0,0
1981-01-18,43,35,T,T,0
1981-01-19,37,34,0.62,T,0
1981-01-20,45,35,0.06,0.0,0
1981-01-21,42,35,0.07,0.0,0
1981-01-22,58,34,0.00,0.0,0
1981-01-23,66,32,0.00,0.0,0
1981-01-24,77,33,0.00,0.0,0
1981-01-25,68,45,0.00,0.0,0
1981-01-26,60,41,0.00,0.0,0
1981-01-27,64,33,0.00,0.0,0
1981-01-28,70,34,0.00,0.0,0
1981-01-29,76,45,0.00,0.0,0
1981-01-30,45,31,0.00,0.0,0
1981-01-31,48,35,0.27,0.0,0
1981-02-01,48,30,0.05,0.0,0
1981-02-02,41,23,0.00,0.0,0
1981-02-03,56,28,0.00,0.0,0
1981-02-04,46,38,T,T,0
1981-02-05,42,36,0.15,0.0,0
1981-02-06,43,38,0.00,0.0,0
1981-02-07,64,42,0.00,0.0,0
1981-02-08,50,35,0.00,0.0,0
1981-02-09,59,38,0.49,0.0,0
1981-02-10,60,17,T,T,0
1981-02-11,30,10,0.00,0.0,0
1981-02-12,43,21,0.00,0.0,0
1981-02-13,49,30,0.00,0.0,0
1981-02-14,59,30,0.00,0.0,0
1981-02-15,65,37,0.00,0.0,0
1981-02-16,68,38,0.00,0.0,0
1981-02-17,73,43,0.00,0.0,0
1981-02-18,73,52,0.00,0.0,0
1981-02-19,81,48,0.00,0.0,0
1981-02-20,84,50,0.00,0.0,0
1981-02-21,76,52,0.45,0.0,0
1981-02-22,65,42,0.00,0.0,0
1981-02-23,77,40,0.00,0.0,0
1981-02-24,80,44,0.00,0.0,0
1981-02-25,65,53,0.00,0.0,0
1981-02-26,74,58,T,0.0,0
1981-02-27,73,64,T,0.0,0
1981-02-28,68,52,0.73,0.0,0
1981-03-01,63,47,0.39,0.0,0
1981-03-02,63,47,0.00,0.0,0
1981-03-03,63,51,0.88,0.0,0
1981-03-04,72,56,T,0.0,0
1981-03-05,56,44,0.00,0.0,0
1981-03-06,62,45,0.00,0.0,0
1981-03-07,54,46,0.65,0.0,0
1981-03-08,53,42,0.00,0.0,0
1981-03-09,55,38,0.00,0.0,0
1981-03-10,67,36,0.00,0.0,0
1981-03-11,65,45,0.00,0.0,0
1981-03-12,68,47,0.00,0.0,0
1981-03-13,69,49,0.00,0.0,0
1981-03-14,71,47,0.00,0.0,0
1981-03-15,73,51,T,0.0,0
1981-03-16,68,45,0.00,0.0,0
1981-03-17,77,44,T,0.0,0
1981-03-18,63,36,0.00,0.0,0
1981-03-19,65,31,0.00,0.0,0
1981-03-20,72,41,0.00,0.0,0
1981-03-21,77,51,0.00,0.0,0
1981-03-22,56,49,0.00,0.0,0
1981-03-23,65,44,0.00,0.0,0
1981-03-24,72,41,0.00,0.0,0
1981-03-25,65,49,0.00,0.0,0
1981-03-26,75,49,0.00,0.0,0
1981-03-27,74,60,0.00,0.0,0
1981-03-28,72,57,0.65,0.0,0
1981-03-29,78,55,0.52,0.0,0
1981-03-30,85,55,0.00,0.0,0
1981-03-31,81,58,0.00,0.0,0
1981-04-01,85,47,0.00,0.0,0
1981-04-02,82,56,0.00,0.0,0
1981-04-03,82,65,0.47,0.0,0
1981-04-04,71,52,0.00,0.0,0
1981-04-05,70,44,0.00,0.0,0
1981-04-06,72,44,0.00,0.0,0
1981-04-07,78,56,0.00,0.0,0
1981-04-08,77,65,T,0.0,0
1981-04-09,84,68,0.00,0.0,0
1981-04-10,78,67,T,0.0,0
1981-04-11,81,67,0.00,0.0,0
1981-04-12,83,64,0.00,0.0,0
1981-04-13,85,65,0.00,0.0,0
1981-04-14,73,58,0.00,0.0,0
1981-04-15,71,55,0.00,0.0,0
1981-04-16,81,57,T,0.0,0
1981-04-17,82,67,T,0.0,0
1981-04-18,75,66,0.35,0.0,0
1981-04-19,83,66,T,0.0,0
1981-04-20,90,66,0.00,0.0,0
1981-04-21,86,65,T,0.0,0
1981-04-22,79,63,0.79,0.0,0
1981-04-23,75,59,0.28,0.0,0
1981-04-24,81,51,0.00,0.0,0
1981-04-25,81,56,0.00,0.0,0
1981-04-26,83,59,0.00,0.0,0
1981-04-27,84,65,0.00,0.0,0
1981-04-28,87,64,0.47,0.0,0
1981-04-29,91,62,0.00,0.0,0
1981-04-30,94,72,0.00,0.0,0
1981-05-01,80,66,1.61,0.0,0
1981-05-02,81,62,0.00,0.0,0
1981-05-03,73,63,0.13,0.0,0
1981-05-04,77,67,0.02,0.0,0
1981-05-05,78,64,0.14,0.0,0
1981-05-06,78,59,0.00,0.0,0
1981-05-07,79,59,0.00,0.0,0
1981-05-08,82,61,1.77,0.0,0
1981-05-09,72,56,1.09,0.0,0
1981-05-10,71,53,0.00,0.0,0
1981-05-11,76,45,0.00,0.0,0
1981-05-12,85,56,0.00,0.0,0
1981-05-13,89,61,0.00,0.0,0
1981-05-14,74,53,0.00,0.0,0
1981-05-15,71,55,0.58,0.0,0
1981-05-16,70,58,0.32,0.0,0
1981-05-17,88,67,0.00,0.0,0
1981-05-18,88,64,0.02,0.0,0
1981-05-19,71,55,0.00,0.0,0
1981-05-20,77,50,0.00,0.0,0
1981-05-21,82,60,0.00,0.0,0
1981-05-22,84,67,T,0.0,0
1981-05-23,94,65,0.65,0.0,0
1981-05-24,80,63,0.13,0.0,0
1981-05-25,88,66,T,0.0,0
1981-05-26,92,67,0.00,0.0,0
1981-05-27,91,63,1.40,0.0,0
1981-05-28,95,73,0.00,0.0,0
1981-05-29,85,70,0.53,0.0,0
1981-05-30,89,71,0.01,0.0,0
1981-05-31,89,68,0.00,0.0,0
1981-06-01,86,68,1.53,0.0,0
1981-06-02,85,66,1.16,0.0,0
1981-06-03,74,67,0.55,0.0,0
1981-06-04,84,67,0.04,0.0,0
1981-06-05,80,71,2.32,0.0,0
1981-06-06,84,70,0.05,0.0,0
1981-06-07,94,69,0.00,0.0,0
1981-06-08,97,76,0.00,0.0,0
1981-06-09,97,80,0.00,0.0,0
1981-06-10,98,77,0.00,0.0,0
1981-06-11,82,74,0.00,0.0,0
1981-06-12,89,74,0.04,0.0,0
1981-06-13,91,74,0.01,0.0,0
1981-06-14,90,75,1.59,0.0,0
1981-06-15,91,67,0.98,0.0,0
1981-06-16,79,64,0.65,0.0,0
1981-06-17,87,63,0.00,0.0,0
1981-06-18,95,74,0.00,0.0,0
1981-06-19,98,75,0.00,0.0,0
1981-06-20,97,75,0.00,0.0,0
1981-06-21,95,78,0.00,0.0,0
1981-06-22,98,78,0.00,0.0,0
1981-06-23,97,77,0.00,0.0,0
1981-06-24,95,74,0.00,0.0,0
1981-06-25,97,75,0.00,0.0,0
1981-06-26,97,76,0.00,0.0,0
1981-06-27,96,76,0.00,0.0,0
1981-06-28,96,75,0.00,0.0,0
1981-06-29,97,77,0.00,0.0,0
1981-06-30,98,79,0.00,0.0,0
1981-07-01,96,78,0.00,0.0,0
1981-07-02,100,80,0.00,0.0,0
1981-07-03,95,75,2.98,0.0,0
1981-07-04,95,76,2.68,0.0,0
1981-07-05,95,75,0.00,0.0,0
1981-07-06,93,75,0.00,0.0,0
1981-07-07,92,75,0.00,0.0,0
1981-07-08,96,78,0.00,0.0,0
1981-07-09,97,77,0.00,0.0,0
1981-07-10,97,79,0.00,0.0,0
1981-07-11,99,79,0.00,0.0,0
1981-07-12,97,80,0.00,0.0,0
1981-07-13,96,80,0.00,0.0,0
1981-07-14,99,77,0.00,0.0,0
1981-07-15,99,80,0.00,0.0,0
1981-07-16,100,77,0.00,0.0,0
1981-07-17,99,81,0.00,0.0,0
1981-07-18,98,81,0.00,0.0,0
1981-07-19,99,80,0.00,0.0,0
1981-07-20,102,81,0.00,0.0,0
1981-07-21,102,80,0.00,0.0,0
1981-07-22,102,80,0.00,0.0,0
1981-07-23,102,80,0.00,0.0,0
1981-07-24,103,79,0.00,0.0,0
1981-07-25,99,81,0.00,0.0,0
1981-07-26,100,77,0.00,0.0,0
1981-07-27,95,79,T,0.0,0
1981-07-28,92,78,0.00,0.0,0
1981-07-29,101,77,0.00,0.0,0
1981-07-30,98,80,0.00,0.0,0
1981-07-31,99,80,0.00,0.0,0
1981-08-01,99,82,0.00,0.0,0
1981-08-02,102,80,0.00,0.0,0
1981-08-03,100,78,0.00,0.0,0
1981-08-04,100,80,0.00,0.0,0
1981-08-05,102,79,0.00,0.0,0
1981-08-06,102,80,0.00,0.0,0
1981-08-07,96,72,0.14,0.0,0
1981-08-08,95,70,0.00,0.0,0
1981-08-09,96,71,0.00,0.0,0
1981-08-10,99,69,0.00,0.0,0
1981-08-11,100,76,0.00,0.0,0
1981-08-12,97,78,0.00,0.0,0
1981-08-13,100,79,0.00,0.0,0
1981-08-14,100,79,0.00,0.0,0
1981-08-15,104,82,0.00,0.0,0
1981-08-16,96,76,T,0.0,0
1981-08-17,85,72,1.31,0.0,0
1981-08-18,77,71,0.01,0.0,0
1981-08-19,92,72,0.00,0.0,0
1981-08-20,89,68,0.00,0.0,0
1981-08-21,88,69,0.00,0.0,0
1981-08-22,92,69,0.00,0.0,0
1981-08-23,98,69,0.00,0.0,0
1981-08-24,95,75,0.00,0.0,0
1981-08-25,96,76,0.00,0.0,0
1981-08-26,99,77,0.00,0.0,0
1981-08-27,90,70,0.01,0.0,0
1981-08-28,95,74,0.00,0.0,0
1981-08-29,95,75,0.00,0.0,0
1981-08-30,95,76,T,0.0,0
1981-08-31,84,74,0.15,0.0,0
1981-09-01,78,71,1.53,0.0,0
1981-09-02,80,70,0.12,0.0,0
1981-09-03,92,72,0.00,0.0,0
1981-09-04,87,73,2.03,0.0,0
1981-09-05,90,74,0.00,0.0,0
1981-09-06,89,75,0.00,0.0,0
1981-09-07,95,74,0.04,0.0,0
1981-09-08,85,70,0.00,0.0,0
1981-09-09,88,63,0.00,0.0,0
1981-09-10,90,68,0.00,0.0,0
1981-09-11,95,69,0.00,0.0,0
1981-09-12,94,72,0.00,0.0,0
1981-09-13,98,67,0.84,0.0,0
1981-09-14,84,67,0.32,0.0,0
1981-09-15,92,70,0.00,0.0,0
1981-09-16,82,68,0.00,0.0,0
1981-09-17,73,53,0.00,0.0,0
1981-09-18,75,48,0.00,0.0,0
1981-09-19,80,50,0.00,0.0,0
1981-09-20,86,58,0.00,0.0,0
1981-09-21,90,63,0.00,0.0,0
1981-09-22,92,67,0.00,0.0,0
1981-09-23,88,71,0.00,0.0,0
1981-09-24,90,72,0.00,0.0,0
1981-09-25,91,72,0.00,0.0,0
1981-09-26,91,72,0.00,0.0,0
1981-09-27,94,73,0.00,0.0,0
1981-09-28,91,71,0.00,0.0,0
1981-09-29,95,71,0.00,0.0,0
1981-09-30,90,74,0.00,0.0,0
1981-10-01,94,69,0.00,0.0,0
1981-10-02,83,65,0.00,0.0,0
1981-10-03,88,65,0.00,0.0,0
1981-10-04,93,74,0.00,0.0,0
1981-10-05,92,74,0.00,0.0,0
1981-10-06,80,62,1.95,0.0,0
1981-10-07,63,52,3.61,0.0,0
1981-10-08,59,52,0.04,0.0,0
1981-10-09,70,56,0.53,0.0,0
1981-10-10,73,63,0.00,0.0,0
1981-10-11,82,65,T,0.0,0
1981-10-12,85,69,3.11,0.0,0
1981-10-13,78,69,1.11,0.0,0
1981-10-14,90,65,0.00,0.0,0
1981-10-15,88,74,T,0.0,0
1981-10-16,81,71,0.28,0.0,0
1981-10-17,90,65,0.17,0.0,0
1981-10-18,72,50,0.00,0.0,0
1981-10-19,72,46,0.00,0.0,0
1981-10-20,76,53,0.00,0.0,0
1981-10-21,78,59,0.97,0.0,0
1981-10-22,65,50,1.04,0.0,0
1981-10-23,60,41,0.00,0.0,0
1981-10-24,62,37,0.00,0.0,0
1981-10-25,61,46,T,0.0,0
1981-10-26,63,41,0.00,0.0,0
1981-10-27,73,40,0.00,0.0,0
1981-10-28,74,49,0.00,0.0,0
1981-10-29,77,53,0.00,0.0,0
1981-10-30,79,59,0.07,0.0,0
1981-10-31,71,56,3.17,0.0,0
1981-11-01,70,48,0.00,0.0,0
1981-11-02,68,45,0.00,0.0,0
1981-11-03,73,46,0.00,0.0,0
1981-11-04,75,46,0.00,0.0,0
1981-11-05,81,54,0.00,0.0,0
1981-11-06,69,49,0.00,0.0,0
1981-11-07,75,43,0.00,0.0,0
1981-11-08,68,51,0.81,0.0,0
1981-11-09,53,45,0.00,0.0,0
1981-11-10,60,35,0.00,0.0,0
1981-11-11,69,35,0.00,0.0,0
1981-11-12,73,42,0.00,0.0,0
1981-11-13,70,44,0.00,0.0,0
1981-11-14,73,50,0.00,0.0,0
1981-11-15,80,56,0.00,0.0,0
1981-11-16,78,47,0.00,0.0,0
1981-11-17,79,49,0.00,0.0,0
1981-11-18,82,59,0.00,0.0,0
1981-11-19,69,43,0.00,0.0,0
1981-11-20,57,34,0.00,0.0,0
1981-11-21,65,38,0.00,0.0,0
1981-11-22,71,43,0.00,0.0,0
1981-11-23,74,51,0.00,0.0,0
1981-11-24,73,42,0.00,0.0,0
1981-11-25,81,59,0.00,0.0,0
1981-11-26,76,44,0.00,0.0,0
1981-11-27,59,41,0.00,0.0,0
1981-11-28,63,54,0.00,0.0,0
1981-11-29,60,50,0.02,0.0,0
1981-11-30,70,51,0.43,0.0,0
1981-12-01,59,45,0.00,0.0,0
1981-12-02,68,34,0.00,0.0,0
1981-12-03,74,42,0.00,0.0,0
1981-12-04,59,36,0.00,0.0,0
1981-12-05,60,34,0.00,0.0,0
1981-12-06,66,49,0.00,0.0,0
1981-12-07,66,58,0.00,0.0,0
1981-12-08,66,49,0.00,0.0,0
1981-12-09,68,50,0.00,0.0,0
1981-12-10,62,47,0.00,0.0,0
1981-12-11,63,44,0.00,0.0,0
1981-12-12,44,39,0.00,0.0,0
1981-12-13,46,41,0.01,0.0,0
1981-12-14,48,39,0.04,0.0,0
1981-12-15,57,31,0.00,0.0,0
1981-12-16,69,40,0.00,0.0,0
1981-12-17,46,26,0.00,0.0,0
1981-12-18,44,20,0.00,0.0,0
1981-12-19,43,28,0.00,0.0,0
1981-12-20,44,38,T,0.0,0
1981-12-21,80,44,T,0.0,0
1981-12-22,69,38,0.00,0.0,0
1981-12-23,48,31,0.00,0.0,0
1981-12-24,46,32,0.00,0.0,0
1981-12-25,55,27,0.00,0.0,0
1981-12-26,62,36,0.00,0.0,0
1981-12-27,71,35,0.00,0.0,0
1981-12-28,54,35,0.00,0.0,0
1981-12-29,50,29,0.00,0.0,0
1981-12-30,54,36,0.00,0.0,0
1981-12-31,69,40,0.00,0.0,0
1982-01-01,57,31,0.00,0.0,0
1982-01-02,76,49,0.07,0.0,0
1982-01-03,66,41,0.00,0.0,0
1982-01-04,62,33,0.00,0.0,0
1982-01-05,71,42,0.00,0.0,0
1982-01-06,79,34,0.00,0.0,0
1982-01-07,41,27,0.00,0.0,0
1982-01-08,47,26,0.00,0.0,0
1982-01-09,64,30,0.00,0.0,0
1982-01-10,37,9,0.00,0.0,0
1982-01-11,28,7,0.00,0.0,0
1982-01-12,34,24,0.03,0.0,0
1982-01-13,26,20,0.00,0.0,0
1982-01-14,50,18,0.00,0.0,0
1982-01-15,68,32,0.00,0.0,0
1982-01-16,43,15,0.00,0.0,0
1982-01-17,37,14,0.00,0.0,0
1982-01-18,74,31,0.00,0.0,0
1982-01-19,73,43,0.00,0.0,0
1982-01-20,73,60,0.00,0.0,0
1982-01-21,68,52,0.42,0.0,0
1982-01-22,81,46,0.02,0.0,0
1982-01-23,46,26,0.00,0.0,0
1982-01-24,61,31,0.00,0.0,0
1982-01-25,63,42,0.00,0.0,0
1982-01-26,61,31,0.00,0.0,0
1982-01-27,71,42,0.00,0.0,0
1982-01-28,71,46,0.00,0.0,0
1982-01-29,72,58,0.00,0.0,0
1982-01-30,68,36,1.97,0.0,0
1982-01-31,43,33,0.04,1.0,1
1982-02-01,54,34,0.00,0.0,0
1982-02-02,54,37,T,T,0
1982-02-03,37,27,T,0.0,0
1982-02-04,33,25,0.00,0.0,0
1982-02-05,31,20,0.18,T,T
1982-02-06,36,14,0.00,0.0,0
1982-02-07,48,24,0.00,0.0,0
1982-02-08,43,34,0.19,0.0,0
1982-02-09,42,25,T,T,0
1982-02-10,42,25,0.00,0.0,0
1982-02-11,53,28,0.00,0.0,0
1982-02-12,47,33,0.00,0.0,0
1982-02-13,48,30,0.00,0.0,0
1982-02-14,64,33,0.00,0.0,0
1982-02-15,74,51,0.00,0.0,0
1982-02-16,76,51,0.00,0.0,0
1982-02-17,60,40,0.00,0.0,0
1982-02-18,65,39,0.00,0.0,0
1982-02-19,72,39,0.00,0.0,0
1982-02-20,79,45,0.00,0.0,0
1982-02-21,82,41,0.00,0.0,0
1982-02-22,89,50,0.00,0.0,0
1982-02-23,84,55,0.00,0.0,0
1982-02-24,68,51,0.00,0.0,0
1982-02-25,51,35,1.27,T,0
1982-02-26,36,32,0.31,T,T
1982-02-27,50,31,0.00,0.0,0
1982-02-28,57,32,0.00,0.0,0
1982-03-01,67,37,0.00,0.0,0
1982-03-02,73,51,0.00,0.0,0
1982-03-03,84,51,0.00,0.0,0
1982-03-04,58,39,0.00,0.0,0
1982-03-05,43,33,0.55,0.0,0
1982-03-06,50,32,0.00,0.0,0
1982-03-07,58,30,0.00,0.0,0
1982-03-08,70,40,0.00,0.0,0
1982-03-09,71,47,0.00,0.0,0
1982-03-10,78,57,0.00,0.0,0
1982-03-11,79,63,0.00,0.0,0
1982-03-12,86,65,0.00,0.0,0
1982-03-13,80,63,T,0.0,0
1982-03-14,79,63,0.23,0.0,0
1982-03-15,80,60,0.00,0.0,0
1982-03-16,82,62,0.04,0.0,0
1982-03-17,85,65,0.00,0.0,0
1982-03-18,87,67,T,0.0,0
1982-03-19,85,72,T,0.0,0
1982-03-20,81,68,0.00,0.0,0
1982-03-21,68,47,1.18,0.0,0
1982-03-22,67,43,0.00,0.0,0
1982-03-23,67,52,T,0.0,0
1982-03-24,70,56,T,0.0,0
1982-03-25,64,47,T,0.0,0
1982-03-26,56,38,0.11,0.0,0
1982-03-27,44,39,0.21,0.0,0
1982-03-28,58,40,0.00,0.0,0
1982-03-29,64,44,T,0.0,0
1982-03-30,81,63,0.02,0.0,0
1982-03-31,78,62,0.00,0.0,0
1982-04-01,78,58,0.02,0.0,0
1982-04-02,89,60,0.70,0.0,0
1982-04-03,73,49,0.00,0.0,0
1982-04-04,70,54,T,0.0,0
1982-04-05,71,50,T,0.0,0
1982-04-06,57,36,0.00,0.0,0
1982-04-07,56,42,T,0.0,0
1982-04-08,70,49,T,0.0,0
1982-04-09,61,47,0.00,0.0,0
1982-04-10,52,44,1.37,0.0,0
1982-04-11,67,39,0.00,0.0,0
1982-04-12,85,51,0.00,0.0,0
1982-04-13,84,67,0.00,0.0,0
1982-04-14,88,63,T,0.0,0
1982-04-15,83,70,0.00,0.0,0
1982-04-16,90,61,T,0.0,0
1982-04-17,74,52,0.00,0.0,0
1982-04-18,73,59,0.00,0.0,0
1982-04-19,87,62,0.14,0.0,0
1982-04-20,67,52,0.02,0.0,0
1982-04-21,62,49,0.08,0.0,0
1982-04-22,67,49,0.02,0.0,0
1982-04-23,70,50,T,0.0,0
1982-04-24,58,50,0.09,0.0,0
1982-04-25,81,54,T,0.0,0
1982-04-26,79,50,0.00,0.0,0
1982-04-27,79,53,0.00,0.0,0
1982-04-28,78,55,1.77,0.0,0
1982-04-29,71,54,0.00,0.0,0
1982-04-30,73,61,0.12,0.0,0
1982-05-01,73,60,T,0.0,0
1982-05-02,81,63,0.03,0.0,0
1982-05-03,83,63,0.00,0.0,0
1982-05-04,85,65,0.00,0.0,0
1982-05-05,79,66,0.09,0.0,0
1982-05-06,71,50,1.00,0.0,0
1982-05-07,76,45,0.00,0.0,0
1982-05-08,79,51,0.00,0.0,0
1982-05-09,81,57,0.00,0.0,0
1982-05-10,82,63,0.00,0.0,0
1982-05-11,82,65,0.70,0.0,0
1982-05-12,77,62,1.63,0.0,0
1982-05-13,75,60,1.35,0.0,0
1982-05-14,89,63,0.00,0.0,0
1982-05-15,87,70,0.00,0.0,0
1982-05-16,86,67,0.00,0.0,0
1982-05-17,83,59,0.66,0.0,0
1982-05-18,81,62,0.75,0.0,0
1982-05-19,88,66,0.00,0.0,0
1982-05-20,88,70,0.00,0.0,0
1982-05-21,88,67,0.08,0.0,0
1982-05-22,78,70,T,0.0,0
1982-05-23,86,68,0.02,0.0,0
1982-05-24,88,69,1.45,0.0,0
1982-05-25,88,64,1.24,0.0,0
1982-05-26,91,65,0.33,0.0,0
1982-05-27,89,73,0.00,0.0,0
1982-05-28,90,70,0.15,0.0,0
1982-05-29,95,76,0.00,0.0,0
1982-05-30,93,75,0.00,0.0,0
1982-05-31,80,61,0.14,0.0,0
1982-06-01,81,53,0.00,0.0,0
1982-06-02,89,65,0.02,0.0,0
1982-06-03,93,72,T,0.0,0
1982-06-04,83,66,0.00,0.0,0
1982-06-05,93,66,0.00,0.0,0
1982-06-06,95,74,0.00,0.0,0
1982-06-07,96,73,0.00,0.0,0
1982-06-08,94,75,0.00,0.0,0
1982-06-09,91,74,0.00,0.0,0
1982-06-10,93,74,0.00,0.0,0
1982-06-11,95,66,0.77,0.0,0
1982-06-12,86,65,0.02,0.0,0
1982-06-13,89,65,0.00,0.0,0
1982-06-14,94,74,0.00,0.0,0
1982-06-15,94,72,0.02,0.0,0
1982-06-16,89,66,0.00,0.0,0
1982-06-17,92,66,0.00,0.0,0
1982-06-18,95,70,0.15,0.0,0
1982-06-19,85,72,0.70,0.0,0
1982-06-20,92,71,0.00,0.0,0
1982-06-21,89,67,0.94,0.0,0
1982-06-22,93,72,0.00,0.0,0
1982-06-23,95,74,T,0.0,0
1982-06-24,91,66,1.05,0.0,0
1982-06-25,89,66,0.89,0.0,0
1982-06-26,94,72,0.00,0.0,0
1982-06-27,93,74,0.00,0.0,0
1982-06-28,96,72,T,0.0,0
1982-06-29,96,72,0.00,0.0,0
1982-06-30,94,74,0.22,0.0,0
1982-07-01,94,75,0.00,0.0,0
1982-07-02,96,75,0.00,0.0,0
1982-07-03,97,76,0.00,0.0,0
1982-07-04,94,76,0.00,0.0,0
1982-07-05,95,76,0.00,0.0,0
1982-07-06,92,78,T,0.0,0
1982-07-07,84,69,2.60,0.0,0
1982-07-08,96,73,0.00,0.0,0
1982-07-09,97,76,0.00,0.0,0
1982-07-10,97,74,0.00,0.0,0
1982-07-11,98,75,0.40,0.0,0
1982-07-12,95,76,0.00,0.0,0
1982-07-13,95,74,0.00,0.0,0
1982-07-14,95,73,0.00,0.0,0
1982-07-15,96,77,0.00,0.0,0
1982-07-16,96,77,0.00,0.0,0
1982-07-17,96,76,0.00,0.0,0
1982-07-18,97,78,0.00,0.0,0
1982-07-19,99,76,0.00,0.0,0
1982-07-20,98,77,0.00,0.0,0
1982-07-21,101,80,0.00,0.0,0
1982-07-22,101,77,0.00,0.0,0
1982-07-23,101,80,0.00,0.0,0
1982-07-24,101,79,0.00,0.0,0
1982-07-25,99,79,0.01,0.0,0
1982-07-26,100,76,0.00,0.0,0
1982-07-27,97,77,0.08,0.0,0
1982-07-28,102,77,0.00,0.0,0
1982-07-29,96,79,0.00,0.0,0
1982-07-30,89,76,0.19,0.0,0
1982-07-31,97,76,0.00,0.0,0
1982-08-01,95,78,T,0.0,0
1982-08-02,100,80,0.00,0.0,0
1982-08-03,99,78,0.00,0.0,0
1982-08-04,100,78,0.00,0.0,0
1982-08-05,102,78,0.00,0.0,0
1982-08-06,105,78,0.00,0.0,0
1982-08-07,98,78,T,0.0,0
1982-08-08,93,74,0.01,0.0,0
1982-08-09,95,75,0.00,0.0,0
1982-08-10,95,74,0.00,0.0,0
1982-08-11,96,75,0.51,0.0,0
1982-08-12,99,75,0.00,0.0,0
1982-08-13,101,79,0.00,0.0,0
1982-08-14,104,79,0.00,0.0,0
1982-08-15,103,79,0.00,0.0,0
1982-08-16,102,78,0.00,0.0,0
1982-08-17,95,76,0.00,0.0,0
1982-08-18,94,79,0.00,0.0,0
1982-08-19,97,76,0.00,0.0,0
1982-08-20,100,76,0.00,0.0,0
1982-08-21,99,74,0.00,0.0,0
1982-08-22,101,75,0.00,0.0,0
1982-08-23,102,79,0.00,0.0,0
1982-08-24,102,79,0.00,0.0,0
1982-08-25,103,78,0.00,0.0,0
1982-08-26,103,83,0.00,0.0,0
1982-08-27,103,77,0.02,0.0,0
1982-08-28,87,71,0.54,0.0,0
1982-08-29,97,75,0.00,0.0,0
1982-08-30,99,78,0.00,0.0,0
1982-08-31,99,78,0.00,0.0,0
1982-09-01,100,79,0.00,0.0,0
1982-09-02,102,79,0.00,0.0,0
1982-09-03,93,76,0.00,0.0,0
1982-09-04,90,68,0.00,0.0,0
1982-09-05,89,67,0.00,0.0,0
1982-09-06,95,66,0.00,0.0,0
1982-09-07,94,70,0.00,0.0,0
1982-09-08,94,74,0.00,0.0,0
1982-09-09,93,71,0.00,0.0,0
1982-09-10,93,71,0.00,0.0,0
1982-09-11,97,74,0.00,0.0,0
1982-09-12,96,74,T,0.0,0
1982-09-13,92,79,0.00,0.0,0
1982-09-14,95,75,0.00,0.0,0
1982-09-15,90,71,0.00,0.0,0
1982-09-16,92,68,0.09,0.0,0
1982-09-17,94,67,0.00,0.0,0
1982-09-18,92,70,0.00,0.0,0
1982-09-19,78,64,1.13,0.0,0
1982-09-20,81,60,0.00,0.0,0
1982-09-21,74,52,0.00,0.0,0
1982-09-22,76,48,0.00,0.0,0
1982-09-23,84,54,0.00,0.0,0
1982-09-24,75,58,0.02,0.0,0
1982-09-25,81,58,0.00,0.0,0
1982-09-26,78,58,0.00,0.0,0
1982-09-27,89,65,0.00,0.0,0
1982-09-28,92,68,0.00,0.0,0
1982-09-29,90,67,0.00,0.0,0
1982-09-30,88,66,0.00,0.0,0
1982-10-01,89,66,0.00,0.0,0
1982-10-02,92,66,0.00,0.0,0
1982-10-03,89,67,0.00,0.0,0
1982-10-04,95,65,0.00,0.0,0
1982-10-05,89,67,0.00,0.0,0
1982-10-06,93,70,0.73,0.0,0
1982-10-07,86,69,T,0.0,0
1982-10-08,87,71,0.20,0.0,0
1982-10-09,76,53,0.95,0.0,0
1982-10-10,75,52,0.00,0.0,0
1982-10-11,68,47,0.00,0.0,0
1982-10-12,60,52,0.55,0.0,0
1982-10-13,77,49,0.00,0.0,0
1982-10-14,78,48,0.00,0.0,0
1982-10-15,80,52,0.00,0.0,0
1982-10-16,78,50,0.00,0.0,0
1982-10-17,81,57,0.00,0.0,0
1982-10-18,87,60,0.00,0.0,0
1982-10-19,85,56,0.08,0.0,0
1982-10-20,66,44,T,0.0,0
1982-10-21,51,45,0.65,0.0,0
1982-10-22,63,47,0.00,0.0,0
1982-10-23,66,44,0.00,0.0,0
1982-10-24,68,38,0.00,0.0,0
1982-10-25,67,40,0.00,0.0,0
1982-10-26,75,42,0.00,0.0,0
1982-10-27,80,53,0.00,0.0,0
1982-10-28,75,52,0.21,0.0,0
1982-10-29,72,46,0.00,0.0,0
1982-10-30,81,55,0.00,0.0,0
1982-10-31,86,69,0.00,0.0,0
1982-11-01,84,68,0.00,0.0,0
1982-11-02,74,56,1.60,0.0,0
1982-11-03,58,40,0.00,0.0,0
1982-11-04,61,39,0.00,0.0,0
1982-11-05,68,39,0.00,0.0,0
1982-11-06,73,45,0.00,0.0,0
1982-11-07,74,54,0.00,0.0,0
1982-11-08,73,53,0.00,0.0,0
1982-11-09,77,55,0.00,0.0,0
1982-11-10,79,66,0.15,0.0,0
1982-11-11,75,64,0.12,0.0,0
1982-11-12,65,39,0.00,0.0,0
1982-11-13,52,29,0.00,0.0,0
1982-11-14,54,35,0.00,0.0,0
1982-11-15,56,25,0.00,0.0,0
1982-11-16,52,41,0.08,0.0,0
1982-11-17,53,46,0.02,0.0,0
1982-11-18,61,50,0.00,0.0,0
1982-11-19,75,61,0.00,0.0,0
1982-11-20,82,54,0.00,0.0,0
1982-11-21,79,45,0.00,0.0,0
1982-11-22,84,64,T,0.0,0
1982-11-23,72,34,T,0.0,0
1982-11-24,43,29,T,0.0,0
1982-11-25,48,33,T,0.0,0
1982-11-26,45,39,2.50,0.0,0
1982-11-27,44,40,0.03,0.0,0
1982-11-28,66,39,0.00,0.0,0
1982-11-29,74,45,0.00,0.0,0
1982-11-30,74,50,0.00,0.0,0
1982-12-01,79,63,T,0.0,0
1982-12-02,73,53,0.65,0.0,0
1982-12-03,62,41,T,0.0,0
1982-12-04,55,40,T,0.0,0
1982-12-05,68,40,0.00,0.0,0
1982-12-06,61,40,0.00,0.0,0
1982-12-07,66,39,0.00,0.0,0
1982-12-08,60,41,0.00,0.0,0
1982-12-09,46,34,T,0.0,0
1982-12-10,48,41,1.00,0.0,0
1982-12-11,43,28,0.41,T,0
1982-12-12,42,21,0.00,0.0,0
1982-12-13,49,29,0.00,0.0,0
1982-12-14,70,40,0.00,0.0,0
1982-12-15,57,35,0.00,0.0,0
1982-12-16,65,32,0.00,0.0,0
1982-12-17,71,43,0.00,0.0,0
1982-12-18,73,52,0.00,0.0,0
1982-12-19,65,38,0.00,0.0,0
1982-12-20,67,38,0.00,0.0,0
1982-12-21,73,47,0.00,0.0,0
1982-12-22,76,59,0.00,0.0,0
1982-12-23,75,65,0.00,0.0,0
1982-12-24,72,59,0.00,0.0,0
1982-12-25,60,40,0.00,0.0,0
1982-12-26,41,35,0.79,0.0,0
1982-12-27,49,38,0.49,0.0,0
1982-12-28,46,34,0.00,0.0,0
1982-12-29,45,28,0.00,0.0,0
1982-12-30,42,27,0.00,0.0,0
1982-12-31,41,35,0.20,T,0
1983-01-01,42,35,0.30,T,0
1983-01-02,53,33,0.02,T,0
1983-01-03,36,30,0.00,0.0,0
1983-01-04,38,30,0.00,0.0,0
1983-01-05,44,35,0.00,0.0,0
1983-01-06,59,32,0.00,0.0,0
1983-01-07,51,42,0.00,0.0,0
1983-01-08,58,40,0.00,0.0,0
1983-01-09,62,40,0.00,0.0,0
1983-01-10,60,41,0.00,0.0,0
1983-01-11,69,40,0.00,0.0,0
1983-01-12,59,36,0.00,0.0,0
1983-01-13,74,42,0.00,0.0,0
1983-01-14,71,45,0.00,0.0,0
1983-01-15,52,34,0.00,0.0,0
1983-01-16,58,27,0.00,0.0,0
1983-01-17,57,46,T,0.0,0
1983-01-18,53,38,0.05,0.0,0
1983-01-19,39,33,0.04,0.0,0
1983-01-20,43,32,T,T,0
1983-01-21,44,37,T,0.0,0
1983-01-22,42,29,T,T,0
1983-01-23,55,24,0.00,0.0,0
1983-01-24,61,37,0.00,0.0,0
1983-01-25,60,32,T,0.0,0
1983-01-26,49,36,0.01,0.0,0
1983-01-27,42,33,0.00,0.0,0
1983-01-28,59,34,0.00,0.0,0
1983-01-29,66,43,0.00,0.0,0
1983-01-30,67,39,0.00,0.0,0
1983-01-31,65,48,1.69,0.0,0
1983-02-01,48,31,T,T,0
1983-02-02,49,31,T,T,0
1983-02-03,46,28,0.00,0.0,0
1983-02-04,39,33,0.09,T,0
1983-02-05,42,34,0.09,0.0,0
1983-02-06,42,34,0.00,0.0,0
1983-02-07,46,31,0.00,0.0,0
1983-02-08,65,39,0.00,0.0,0
1983-02-09,61,50,T,0.0,0
1983-02-10,56,46,T,0.0,0
1983-02-11,60,41,0.00,0.0,0
1983-02-12,56,41,0.00,0.0,0
1983-02-13,61,39,0.00,0.0,0
1983-02-14,65,42,0.00,0.0,0
1983-02-15,65,53,0.00,0.0,0
1983-02-16,64,47,0.00,0.0,0
1983-02-17,68,42,0.01,0.0,0
1983-02-18,65,52,0.17,0.0,0
1983-02-19,69,47,0.00,0.0,0
1983-02-20,64,54,0.77,0.0,0
1983-02-21,57,48,0.03,0.0,0
1983-02-22,62,45,T,0.0,0
1983-02-23,71,41,0.00,0.0,0
1983-02-24,76,45,0.00,0.0,0
1983-02-25,59,38,0.00,0.0,0
1983-02-26,53,38,0.00,0.0,0
1983-02-27,60,42,0.00,0.0,0
1983-02-28,70,38,0.00,0.0,0
1983-03-01,90,51,0.00,0.0,0
1983-03-02,84,52,0.00,0.0,0
1983-03-03,71,60,T,0.0,0
1983-03-04,70,58,0.62,0.0,0
1983-03-05,77,54,T,0.0,0
1983-03-06,72,54,0.00,0.0,0
1983-03-07,72,45,0.00,0.0,0
1983-03-08,68,45,0.00,0.0,0
1983-03-09,62,41,0.00,0.0,0
1983-03-10,61,33,0.00,0.0,0
1983-03-11,57,30,0.00,0.0,0
1983-03-12,67,36,0.00,0.0,0
1983-03-13,77,51,0.00,0.0,0
1983-03-14,78,59,0.00,0.0,0
1983-03-15,72,54,T,0.0,0
1983-03-16,76,47,0.58,0.0,0
1983-03-17,58,43,0.00,0.0,0
1983-03-18,60,40,0.00,0.0,0
1983-03-19,61,39,0.08,0.0,0
1983-03-20,53,39,T,0.0,0
1983-03-21,57,33,0.00,0.0,0
1983-03-22,54,35,0.00,0.0,0
1983-03-23,49,44,0.31,0.0,0
1983-03-24,59,43,T,0.0,0
1983-03-25,62,44,T,0.0,0
1983-03-26,70,48,1.10,0.0,0
1983-03-27,61,41,0.00,0.0,0
1983-03-28,63,37,0.00,0.0,0
1983-03-29,70,47,T,0.0,0
1983-03-30,63,50,1.50,0.0,0
1983-03-31,80,48,0.00,0.0,0
1983-04-01,72,46,0.00,0.0,0
1983-04-02,64,41,0.00,0.0,0
1983-04-03,78,41,0.00,0.0,0
1983-04-04,69,61,T,0.0,0
1983-04-05,62,41,T,0.0,0
1983-04-06,61,39,0.00,0.0,0
1983-04-07,60,38,0.00,0.0,0
1983-04-08,57,39,T,0.0,0
1983-04-09,65,33,T,0.0,0
1983-04-10,80,42,0.00,0.0,0
1983-04-11,85,54,0.00,0.0,0
1983-04-12,85,62,0.00,0.0,0
1983-04-13,76,47,T,0.0,0
1983-04-14,61,40,0.00,0.0,0
1983-04-15,65,33,0.00,0.0,0
1983-04-16,71,39,0.00,0.0,0
1983-04-17,76,49,0.00,0.0,0
1983-04-18,77,49,0.00,0.0,0
1983-04-19,66,48,0.00,0.0,0
1983-04-20,52,44,0.00,0.0,0
1983-04-21,70,48,T,0.0,0
1983-04-22,78,62,0.03,0.0,0
1983-04-23,71,52,0.00,0.0,0
1983-04-24,75,42,0.00,0.0,0
1983-04-25,78,47,0.00,0.0,0
1983-04-26,80,55,0.00,0.0,0
1983-04-27,82,63,0.00,0.0,0
1983-04-28,81,68,0.00,0.0,0
1983-04-29,76,70,0.01,0.0,0
1983-04-30,87,71,0.00,0.0,0
1983-05-01,84,72,T,0.0,0
1983-05-02,74,53,0.32,0.0,0
1983-05-03,78,48,0.00,0.0,0
1983-05-04,85,45,0.00,0.0,0
1983-05-05,85,56,0.00,0.0,0
1983-05-06,87,61,0.00,0.0,0
1983-05-07,89,70,0.00,0.0,0
1983-05-08,79,55,0.00,0.0,0
1983-05-09,69,51,0.00,0.0,0
1983-05-10,77,59,0.54,0.0,0
1983-05-11,79,63,0.14,0.0,0
1983-05-12,85,70,0.00,0.0,0
1983-05-13,86,68,0.00,0.0,0
1983-05-14,81,55,0.02,0.0,0
1983-05-15,70,52,0.00,0.0,0
1983-05-16,76,52,0.00,0.0,0
1983-05-17,77,57,0.01,0.0,0
1983-05-18,80,58,1.70,0.0,0
1983-05-19,87,52,0.82,0.0,0
1983-05-20,73,58,0.44,0.0,0
1983-05-21,81,60,1.12,0.0,0
1983-05-22,85,55,0.60,0.0,0
1983-05-23,83,60,0.30,0.0,0
1983-05-24,83,60,0.00,0.0,0
1983-05-25,87,64,0.00,0.0,0
1983-05-26,91,67,0.00,0.0,0
1983-05-27,90,65,0.00,0.0,0
1983-05-28,85,66,1.05,0.0,0
1983-05-29,90,66,0.00,0.0,0
1983-05-30,74,55,0.98,0.0,0
1983-05-31,65,56,T,0.0,0
1983-06-01,75,56,0.00,0.0,0
1983-06-02,90,69,0.00,0.0,0
1983-06-03,96,74,0.00,0.0,0
1983-06-04,95,70,0.00,0.0,0
1983-06-05,96,71,0.02,0.0,0
1983-06-06,74,65,0.20,0.0,0
1983-06-07,85,58,0.00,0.0,0
1983-06-08,89,63,0.00,0.0,0
1983-06-09,91,69,0.00,0.0,0
1983-06-10,90,70,0.01,0.0,0
1983-06-11,88,71,T,0.0,0
1983-06-12,92,70,0.00,0.0,0
1983-06-13,94,72,0.00,0.0,0
1983-06-14,82,69,0.18,0.0,0
1983-06-15,84,63,0.00,0.0,0
1983-06-16,90,62,0.00,0.0,0
1983-06-17,90,71,0.00,0.0,0
1983-06-18,89,67,0.00,0.0,0
1983-06-19,89,70,0.00,0.0,0
1983-06-20,93,73,0.00,0.0,0
1983-06-21,92,75,0.00,0.0,0
1983-06-22,88,74,0.00,0.0,0
1983-06-23,91,75,T,0.0,0
1983-06-24,85,74,0.05,0.0,0
1983-06-25,84,73,0.58,0.0,0
1983-06-26,89,70,0.19,0.0,0
1983-06-27,93,70,0.00,0.0,0
1983-06-28,97,73,0.03,0.0,0
1983-06-29,98,73,0.00,0.0,0
1983-06-30,98,72,0.00,0.0,0
1983-07-01,97,75,0.00,0.0,0
1983-07-02,99,76,0.00,0.0,0
1983-07-03,100,77,0.00,0.0,0
1983-07-04,99,76,0.00,0.0,0
1983-07-05,90,69,1.82,0.0,0
1983-07-06,88,68,0.00,0.0,0
1983-07-07,88,70,0.00,0.0,0
1983-07-08,89,66,0.00,0.0,0
1983-07-09,93,68,0.00,0.0,0
1983-07-10,93,69,0.00,0.0,0
1983-07-11,95,75,0.00,0.0,0
1983-07-12,91,71,0.00,0.0,0
1983-07-13,90,75,T,0.0,0
1983-07-14,85,72,0.14,0.0,0
1983-07-15,84,70,T,0.0,0
1983-07-16,83,71,0.21,0.0,0
1983-07-17,90,71,0.00,0.0,0
1983-07-18,94,73,0.00,0.0,0
1983-07-19,95,74,0.00,0.0,0
1983-07-20,97,73,0.00,0.0,0
1983-07-21,98,77,0.00,0.0,0
1983-07-22,98,76,0.00,0.0,0
1983-07-23,98,77,0.00,0.0,0
1983-07-24,99,79,0.00,0.0,0
1983-07-25,100,77,0.00,0.0,0
1983-07-26,100,77,0.00,0.0,0
1983-07-27,102,76,0.00,0.0,0
1983-07-28,101,75,0.00,0.0,0
1983-07-29,99,78,0.00,0.0,0
1983-07-30,99,78,0.00,0.0,0
1983-07-31,99,77,0.00,0.0,0
1983-08-01,99,78,0.00,0.0,0
1983-08-02,98,79,0.00,0.0,0
1983-08-03,94,75,T,0.0,0
1983-08-04,93,73,T,0.0,0
1983-08-05,98,75,0.00,0.0,0
1983-08-06,100,76,0.00,0.0,0
1983-08-07,86,75,0.68,0.0,0
1983-08-08,90,72,0.43,0.0,0
1983-08-09,94,73,T,0.0,0
1983-08-10,94,73,0.00,0.0,0
1983-08-11,100,75,0.00,0.0,0
1983-08-12,105,76,0.00,0.0,0
1983-08-13,102,78,0.00,0.0,0
1983-08-14,102,80,0.00,0.0,0
1983-08-15,103,79,0.00,0.0,0
1983-08-16,100,79,0.00,0.0,0
1983-08-17,99,78,0.00,0.0,0
1983-08-18,90,71,0.59,0.0,0
1983-08-19,85,71,2.85,0.0,0
1983-08-20,93,76,0.00,0.0,0
1983-08-21,95,75,0.00,0.0,0
1983-08-22,97,79,0.00,0.0,0
1983-08-23,97,75,0.00,0.0,0
1983-08-24,97,76,0.00,0.0,0
1983-08-25,97,78,0.00,0.0,0
1983-08-26,97,76,0.00,0.0,0
1983-08-27,99,76,0.00,0.0,0
1983-08-28,96,76,0.00,0.0,0
1983-08-29,97,78,0.00,0.0,0
1983-08-30,101,79,0.00,0.0,0
1983-08-31,103,79,0.00,0.0,0
1983-09-01,95,71,0.99,0.0,0
1983-09-02,93,73,0.00,0.0,0
1983-09-03,96,73,0.00,0.0,0
1983-09-04,95,75,0.00,0.0,0
1983-09-05,95,76,0.00,0.0,0
1983-09-06,98,75,0.00,0.0,0
1983-09-07,95,75,0.00,0.0,0
1983-09-08,90,73,0.01,0.0,0
1983-09-09,93,70,0.00,0.0,0
1983-09-10,93,72,0.00,0.0,0
1983-09-11,92,71,0.00,0.0,0
1983-09-12,96,73,0.00,0.0,0
1983-09-13,88,70,0.00,0.0,0
1983-09-14,87,65,0.00,0.0,0
1983-09-15,90,69,0.00,0.0,0
1983-09-16,95,69,0.00,0.0,0
1983-09-17,93,71,0.00,0.0,0
1983-09-18,92,71,0.00,0.0,0
1983-09-19,79,70,0.10,0.0,0
1983-09-20,81,50,0.03,0.0,0
1983-09-21,70,43,0.00,0.0,0
1983-09-22,76,45,0.00,0.0,0
1983-09-23,81,51,0.00,0.0,0
1983-09-24,85,54,0.00,0.0,0
1983-09-25,85,58,0.00,0.0,0
1983-09-26,89,64,0.00,0.0,0
1983-09-27,90,65,0.00,0.0,0
1983-09-28,90,65,0.00,0.0,0
1983-09-29,90,64,0.00,0.0,0
1983-09-30,87,64,0.00,0.0,0
1983-10-01,89,66,0.00,0.0,0
1983-10-02,91,66,0.00,0.0,0
1983-10-03,94,73,0.00,0.0,0
1983-10-04,96,75,0.00,0.0,0
1983-10-05,89,58,0.00,0.0,0
1983-10-06,85,63,0.77,0.0,0
1983-10-07,73,60,0.34,0.0,0
1983-10-08,78,64,0.40,0.0,0
1983-10-09,77,63,0.00,0.0,0
1983-10-10,83,58,0.00,0.0,0
1983-10-11,86,59,0.59,0.0,0
1983-10-12,72,49,0.00,0.0,0
1983-10-13,75,45,0.00,0.0,0
1983-10-14,80,52,0.00,0.0,0
1983-10-15,81,54,0.00,0.0,0
1983-10-16,85,65,0.00,0.0,0
1983-10-17,86,68,0.00,0.0,0
1983-10-18,85,70,0.05,0.0,0
1983-10-19,82,70,0.25,0.0,0
1983-10-20,80,61,0.09,0.0,0
1983-10-21,66,56,0.00,0.0,0
1983-10-22,71,51,0.00,0.0,0
1983-10-23,71,49,0.00,0.0,0
1983-10-24,77,51,0.00,0.0,0
1983-10-25,66,50,0.00,0.0,0
1983-10-26,74,43,0.00,0.0,0
1983-10-27,79,46,0.00,0.0,0
1983-10-28,80,46,0.00,0.0,0
1983-10-29,81,57,0.00,0.0,0
1983-10-30,81,54,0.00,0.0,0
1983-10-31,81,58,0.00,0.0,0
1983-11-01,84,64,0.00,0.0,0
1983-11-02,86,68,0.00,0.0,0
1983-11-03,84,68,0.00,0.0,0
1983-11-04,85,62,0.04,0.0,0
1983-11-05,65,57,0.37,0.0,0
1983-11-06,61,57,0.02,0.0,0
1983-11-07,63,56,T,0.0,0
1983-11-08,66,54,0.00,0.0,0
1983-11-09,66,43,T,0.0,0
1983-11-10,60,38,0.00,0.0,0
1983-11-11,63,32,0.00,0.0,0
1983-11-12,73,41,0.00,0.0,0
1983-11-13,60,43,0.00,0.0,0
1983-11-14,86,51,0.00,0.0,0
1983-11-15,70,42,0.00,0.0,0
1983-11-16,72,39,0.00,0.0,0
1983-11-17,78,47,0.00,0.0,0
1983-11-18,82,65,0.00,0.0,0
1983-11-19,73,49,0.14,0.0,0
1983-11-20,73,40,0.00,0.0,0
1983-11-21,78,52,0.00,0.0,0
1983-11-22,76,51,0.30,0.0,0
1983-11-23,51,37,0.05,0.0,0
1983-11-24,58,33,0.00,0.0,0
1983-11-25,69,42,0.00,0.0,0
1983-11-26,68,49,0.99,0.0,0
1983-11-27,49,32,0.33,0.0,0
1983-11-28,51,30,0.00,0.0,0
1983-11-29,57,27,0.00,0.0,0
1983-11-30,60,38,0.00,0.0,0
1983-12-01,54,35,0.01,0.0,0
1983-12-02,55,49,0.46,0.0,0
1983-12-03,59,38,T,0.0,0
1983-12-04,68,35,0.00,0.0,0
1983-12-05,66,37,0.00,0.0,0
1983-12-06,49,30,0.00,0.0,0
1983-12-07,64,31,0.00,0.0,0
1983-12-08,70,37,0.00,0.0,0
1983-12-09,73,54,0.00,0.0,0
1983-12-10,65,53,T,0.0,0
1983-12-11,70,40,0.00,0.0,0
1983-12-12,59,33,0.00,0.0,0
1983-12-13,56,37,0.00,0.0,0
1983-12-14,58,34,0.00,0.0,0
1983-12-15,44,31,T,T,0
1983-12-16,35,28,0.34,4.0,2
1983-12-17,38,28,0.00,0.0,0
1983-12-18,34,15,T,0.0,0
1983-12-19,21,13,T,T,T
1983-12-20,34,17,T,T,0
1983-12-21,32,9,0.01,T,0
1983-12-22,17,5,0.00,0.0,0
1983-12-23,20,12,T,T,T
1983-12-24,14,5,0.00,0.0,0
1983-12-25,21,5,0.00,0.0,0
1983-12-26,30,17,T,0.0,0
1983-12-27,34,25,T,0.0,T
1983-12-28,34,18,T,T,0
1983-12-29,32,11,0.00,0.0,0
1983-12-30,36,9,0.00,0.0,0
1983-12-31,51,21,0.00,0.0,0
1984-01-01,55,40,0.00,0.0,0
1984-01-02,54,30,0.00,0.0,0
1984-01-03,61,29,0.00,0.0,0
1984-01-04,74,45,0.00,0.0,0
1984-01-05,75,35,0.00,0.0,0
1984-01-06,72,44,0.00,0.0,0
1984-01-07,67,36,0.00,0.0,0
1984-01-08,71,39,0.00,0.0,0
1984-01-09,59,40,0.76,0.0,0
1984-01-10,45,29,0.00,0.0,0
1984-01-11,46,20,0.00,0.0,0
1984-01-12,55,31,0.00,0.0,0
1984-01-13,40,26,0.00,0.0,0
1984-01-14,42,29,T,T,0
1984-01-15,39,32,0.00,0.0,0
1984-01-16,47,27,0.00,0.0,0
1984-01-17,38,27,T,T,0
1984-01-18,30,17,0.00,0.0,0
1984-01-19,32,10,0.00,0.0,0
1984-01-20,36,20,0.00,0.0,0
1984-01-21,41,11,0.00,0.0,0
1984-01-22,41,30,0.31,0.0,0
1984-01-23,46,35,0.06,0.0,0
1984-01-24,53,37,T,0.0,0
1984-01-25,64,29,0.00,0.0,0
1984-01-26,68,31,0.00,0.0,0
1984-01-27,54,38,0.00,0.0,0
1984-01-28,75,34,0.00,0.0,0
1984-01-29,79,37,0.00,0.0,0
1984-01-30,59,34,0.00,0.0,0
1984-01-31,56,28,0.00,0.0,0
1984-02-01,67,32,0.00,0.0,0
1984-02-02,65,37,0.00,0.0,0
1984-02-03,66,29,0.00,0.0,0
1984-02-04,58,32,0.00,0.0,0
1984-02-05,57,30,0.00,0.0,0
1984-02-06,53,24,0.00,0.0,0
1984-02-07,70,34,0.00,0.0,0
1984-02-08,59,39,0.58,0.0,0
1984-02-09,72,50,0.01,0.0,0
1984-02-10,77,54,0.00,0.0,0
1984-02-11,78,54,0.59,0.0,0
1984-02-12,66,46,0.00,0.0,0
1984-02-13,73,42,0.00,0.0,0
1984-02-14,77,46,0.00,0.0,0
1984-02-15,78,55,T,0.0,0
1984-02-16,68,44,0.00,0.0,0
1984-02-17,77,41,T,0.0,0
1984-02-18,67,46,0.47,0.0,0
1984-02-19,57,38,0.00,0.0,0
1984-02-20,50,39,0.02,0.0,0
1984-02-21,61,32,0.00,0.0,0
1984-02-22,71,33,0.00,0.0,0
1984-02-23,76,46,0.00,0.0,0
1984-02-24,64,37,0.00,0.0,0
1984-02-25,73,43,0.00,0.0,0
1984-02-26,70,38,0.89,0.0,0
1984-02-27,48,34,T,0.0,0
1984-02-28,47,31,0.00,0.0,0
1984-02-29,52,26,0.00,0.0,0
1984-03-01,65,35,0.00,0.0,0
1984-03-02,72,52,0.00,0.0,0
1984-03-03,75,55,T,0.0,0
1984-03-04,71,45,T,0.0,0
1984-03-05,50,40,T,T,0
1984-03-06,58,33,0.00,0.0,0
1984-03-07,70,40,0.00,0.0,0
1984-03-08,59,41,0.00,0.0,0
1984-03-09,63,35,0.00,0.0,0
1984-03-10,57,45,0.03,0.0,0
1984-03-11,53,44,1.23,0.0,0
1984-03-12,69,49,0.45,0.0,0
1984-03-13,74,47,0.00,0.0,0
1984-03-14,81,61,T,0.0,0
1984-03-15,80,67,T,0.0,0
1984-03-16,72,56,T,0.0,0
1984-03-17,70,54,0.06,0.0,0
1984-03-18,79,51,1.60,0.0,0
1984-03-19,51,36,0.00,0.0,0
1984-03-20,71,33,0.00,0.0,0
1984-03-21,75,43,0.00,0.0,0
1984-03-22,77,54,0.00,0.0,0
1984-03-23,71,44,2.08,0.0,0
1984-03-24,63,40,0.00,0.0,0
1984-03-25,71,45,0.00,0.0,0
1984-03-26,84,57,T,0.0,0
1984-03-27,76,54,0.18,0.0,0
1984-03-28,68,45,0.00,0.0,0
1984-03-29,61,39,0.00,0.0,0
1984-03-30,64,40,0.00,0.0,0
1984-03-31,54,50,0.01,0.0,0
1984-04-01,68,49,0.00,0.0,0
1984-04-02,78,54,0.46,0.0,0
1984-04-03,69,47,0.00,0.0,0
1984-04-04,59,45,0.00,0.0,0
1984-04-05,68,35,0.00,0.0,0
1984-04-06,79,49,0.00,0.0,0
1984-04-07,66,52,0.47,0.0,0
1984-04-08,70,54,0.00,0.0,0
1984-04-09,76,45,0.00,0.0,0
1984-04-10,78,57,0.01,0.0,0
1984-04-11,79,53,0.00,0.0,0
1984-04-12,76,56,0.00,0.0,0
1984-04-13,84,51,0.00,0.0,0
1984-04-14,71,54,0.00,0.0,0
1984-04-15,68,45,0.00,0.0,0
1984-04-16,72,42,0.00,0.0,0
1984-04-17,80,43,0.00,0.0,0
1984-04-18,72,56,0.00,0.0,0
1984-04-19,68,60,0.00,0.0,0
1984-04-20,89,60,0.21,0.0,0
1984-04-21,75,59,0.00,0.0,0
1984-04-22,70,47,0.00,0.0,0
1984-04-23,81,43,0.00,0.0,0
1984-04-24,91,55,0.00,0.0,0
1984-04-25,78,62,0.00,0.0,0
1984-04-26,86,70,0.00,0.0,0
1984-04-27,84,60,0.00,0.0,0
1984-04-28,83,59,0.00,0.0,0
1984-04-29,85,56,0.01,0.0,0
1984-04-30,76,47,0.00,0.0,0
1984-05-01,67,58,1.25,0.0,0
1984-05-02,87,58,T,0.0,0
1984-05-03,83,63,0.00,0.0,0
1984-05-04,86,58,0.00,0.0,0
1984-05-05,99,64,0.00,0.0,0
1984-05-06,96,71,0.00,0.0,0
1984-05-07,82,60,T,0.0,0
1984-05-08,75,49,0.00,0.0,0
1984-05-09,86,49,0.00,0.0,0
1984-05-10,87,66,0.00,0.0,0
1984-05-11,91,62,0.00,0.0,0
1984-05-12,91,66,0.00,0.0,0
1984-05-13,94,68,0.00,0.0,0
1984-05-14,94,70,0.00,0.0,0
1984-05-15,90,69,0.00,0.0,0
1984-05-16,85,66,0.00,0.0,0
1984-05-17,86,66,0.00,0.0,0
1984-05-18,81,66,0.84,0.0,0
1984-05-19,78,65,1.56,0.0,0
1984-05-20,79,64,0.00,0.0,0
1984-05-21,90,65,0.00,0.0,0
1984-05-22,90,63,0.00,0.0,0
1984-05-23,90,72,0.03,0.0,0
1984-05-24,93,66,0.00,0.0,0
1984-05-25,96,66,0.00,0.0,0
1984-05-26,94,67,0.00,0.0,0
1984-05-27,96,65,0.66,0.0,0
1984-05-28,79,57,T,0.0,0
1984-05-29,74,50,0.00,0.0,0
1984-05-30,78,52,0.00,0.0,0
1984-05-31,84,58,0.00,0.0,0
1984-06-01,86,59,0.00,0.0,0
1984-06-02,89,61,0.00,0.0,0
1984-06-03,87,62,0.00,0.0,0
1984-06-04,86,67,0.07,0.0,0
1984-06-05,87,68,T,0.0,0
1984-06-06,88,61,1.33,0.0,0
1984-06-07,91,75,0.00,0.0,0
1984-06-08,93,75,0.00,0.0,0
1984-06-09,91,71,0.00,0.0,0
1984-06-10,86,71,0.00,0.0,0
1984-06-11,91,71,0.00,0.0,0
1984-06-12,93,74,0.00,0.0,0
1984-06-13,90,71,0.00,0.0,0
1984-06-14,92,74,0.00,0.0,0
1984-06-15,95,76,0.00,0.0,0
1984-06-16,94,74,0.00,0.0,0
1984-06-17,94,73,0.00,0.0,0
1984-06-18,94,74,0.00,0.0,0
1984-06-19,95,75,0.00,0.0,0
1984-06-20,96,76,0.00,0.0,0
1984-06-21,99,78,0.00,0.0,0
1984-06-22,99,77,0.00,0.0,0
1984-06-23,101,76,0.00,0.0,0
1984-06-24,97,75,0.00,0.0,0
1984-06-25,98,74,0.00,0.0,0
1984-06-26,91,78,0.00,0.0,0
1984-06-27,94,75,0.00,0.0,0
1984-06-28,96,74,0.37,0.0,0
1984-06-29,89,72,T,0.0,0
1984-06-30,93,73,0.05,0.0,0
1984-07-01,93,72,0.00,0.0,0
1984-07-02,94,72,0.00,0.0,0
1984-07-03,98,77,0.00,0.0,0
1984-07-04,99,75,0.00,0.0,0
1984-07-05,97,72,0.10,0.0,0
1984-07-06,101,76,0.00,0.0,0
1984-07-07,100,80,0.00,0.0,0
1984-07-08,99,78,0.00,0.0,0
1984-07-09,98,77,0.00,0.0,0
1984-07-10,98,77,0.00,0.0,0
1984-07-11,101,80,0.04,0.0,0
1984-07-12,96,76,0.10,0.0,0
1984-07-13,100,78,0.00,0.0,0
1984-07-14,99,79,0.00,0.0,0
1984-07-15,102,78,0.00,0.0,0
1984-07-16,104,82,0.00,0.0,0
1984-07-17,99,83,0.00,0.0,0
1984-07-18,98,78,0.00,0.0,0
1984-07-19,98,73,0.00,0.0,0
1984-07-20,100,75,0.00,0.0,0
1984-07-21,98,77,0.00,0.0,0
1984-07-22,97,75,0.00,0.0,0
1984-07-23,99,76,T,0.0,0
1984-07-24,90,74,0.00,0.0,0
1984-07-25,94,70,0.13,0.0,0
1984-07-26,95,74,0.00,0.0,0
1984-07-27,93,74,0.00,0.0,0
1984-07-28,94,72,T,0.0,0
1984-07-29,90,69,0.00,0.0,0
1984-07-30,89,67,0.00,0.0,0
1984-07-31,92,69,0.00,0.0,0
1984-08-01,91,70,0.00,0.0,0
1984-08-02,97,75,0.00,0.0,0
1984-08-03,96,73,0.00,0.0,0
1984-08-04,95,78,0.07,0.0,0
1984-08-05,96,76,0.00,0.0,0
1984-08-06,96,76,T,0.0,0
1984-08-07,95,77,T,0.0,0
1984-08-08,98,78,0.00,0.0,0
1984-08-09,97,79,0.00,0.0,0
1984-08-10,98,75,0.00,0.0,0
1984-08-11,84,73,0.40,0.0,0
1984-08-12,88,71,1.00,0.0,0
1984-08-13,95,74,T,0.0,0
1984-08-14,92,74,0.00,0.0,0
1984-08-15,94,68,0.00,0.0,0
1984-08-16,98,75,0.00,0.0,0
1984-08-17,101,77,0.00,0.0,0
1984-08-18,104,76,0.00,0.0,0
1984-08-19,108,81,0.00,0.0,0
1984-08-20,100,82,0.00,0.0,0
1984-08-21,99,80,0.00,0.0,0
1984-08-22,99,81,0.00,0.0,0
1984-08-23,98,82,0.00,0.0,0
1984-08-24,97,78,0.00,0.0,0
1984-08-25,96,75,0.00,0.0,0
1984-08-26,96,76,0.00,0.0,0
1984-08-27,102,79,0.00,0.0,0
1984-08-28,101,82,0.00,0.0,0
1984-08-29,106,81,0.00,0.0,0
1984-08-30,98,80,0.00,0.0,0
1984-08-31,96,75,0.00,0.0,0
1984-09-01,96,75,0.00,0.0,0
1984-09-02,94,72,2.16,0.0,0
1984-09-03,89,73,0.00,0.0,0
1984-09-04,87,68,0.00,0.0,0
1984-09-05,90,69,0.00,0.0,0
1984-09-06,95,69,0.00,0.0,0
1984-09-07,93,69,0.00,0.0,0
1984-09-08,93,76,0.00,0.0,0
1984-09-09,96,77,T,0.0,0
1984-09-10,97,76,0.00,0.0,0
1984-09-11,94,74,0.00,0.0,0
1984-09-12,96,75,0.00,0.0,0
1984-09-13,96,79,0.00,0.0,0
1984-09-14,100,76,0.00,0.0,0
1984-09-15,85,66,T,0.0,0
1984-09-16,79,62,0.00,0.0,0
1984-09-17,84,60,0.00,0.0,0
1984-09-18,84,61,0.00,0.0,0
1984-09-19,84,63,0.00,0.0,0
1984-09-20,82,67,0.00,0.0,0
1984-09-21,82,68,0.01,0.0,0
1984-09-22,90,71,0.01,0.0,0
1984-09-23,90,73,0.00,0.0,0
1984-09-24,92,76,0.00,0.0,0
1984-09-25,90,56,T,0.0,0
1984-09-26,59,54,T,0.0,0
1984-09-27,69,55,T,0.0,0
1984-09-28,60,52,0.07,0.0,0
1984-09-29,61,53,0.00,0.0,0
1984-09-30,68,45,0.00,0.0,0
1984-10-01,70,49,0.00,0.0,0
1984-10-02,78,54,0.00,0.0,0
1984-10-03,81,59,0.00,0.0,0
1984-10-04,80,66,0.06,0.0,0
1984-10-05,87,70,T,0.0,0
1984-10-06,92,67,0.73,0.0,0
1984-10-07,79,65,T,0.0,0
1984-10-08,87,65,0.00,0.0,0
1984-10-09,80,64,0.43,0.0,0
1984-10-10,79,64,T,0.0,0
1984-10-11,75,65,0.26,0.0,0
1984-10-12,81,67,T,0.0,0
1984-10-13,73,65,1.07,0.0,0
1984-10-14,75,65,0.12,0.0,0
1984-10-15,75,64,0.00,0.0,0
1984-10-16,80,59,0.15,0.0,0
1984-10-17,73,49,0.00,0.0,0
1984-10-18,87,65,1.42,0.0,0
1984-10-19,73,53,T,0.0,0
1984-10-20,81,60,2.88,0.0,0
1984-10-21,60,52,0.03,0.0,0
1984-10-22,57,52,0.38,0.0,0
1984-10-23,61,51,0.15,0.0,0
1984-10-24,57,50,2.02,0.0,0
1984-10-25,63,55,0.60,0.0,0
1984-10-26,74,61,0.23,0.0,0
1984-10-27,78,62,0.24,0.0,0
1984-10-28,84,58,0.00,0.0,0
1984-10-29,71,52,0.28,0.0,0
1984-10-30,83,62,0.00,0.0,0
1984-10-31,80,69,T,0.0,0
1984-11-01,76,55,0.90,0.0,0
1984-11-02,63,48,0.00,0.0,0
1984-11-03,65,53,0.00,0.0,0
1984-11-04,75,54,0.00,0.0,0
1984-11-05,72,45,0.00,0.0,0
1984-11-06,71,47,0.00,0.0,0
1984-11-07,75,56,0.00,0.0,0
1984-11-08,81,63,0.00,0.0,0
1984-11-09,84,68,0.00,0.0,0
1984-11-10,68,48,0.00,0.0,0
1984-11-11,64,40,0.00,0.0,0
1984-11-12,69,45,0.00,0.0,0
1984-11-13,69,49,0.00,0.0,0
1984-11-14,77,54,0.00,0.0,0
1984-11-15,77,57,0.00,0.0,0
1984-11-16,63,51,0.00,0.0,0
1984-11-17,56,46,0.98,0.0,0
1984-11-18,49,45,0.30,0.0,0
1984-11-19,47,39,0.00,0.0,0
1984-11-20,51,38,0.00,0.0,0
1984-11-21,54,33,0.00,0.0,0
1984-11-22,56,36,0.00,0.0,0
1984-11-23,56,38,0.00,0.0,0
1984-11-24,60,38,0.06,0.0,0
1984-11-25,70,48,T,0.0,0
1984-11-26,63,54,0.15,0.0,0
1984-11-27,55,39,T,0.0,0
1984-11-28,60,35,0.00,0.0,0
1984-11-29,71,42,0.00,0.0,0
1984-11-30,66,45,0.00,0.0,0
1984-12-01,67,46,0.00,0.0,0
1984-12-02,59,40,0.00,0.0,0
1984-12-03,53,33,0.00,0.0,0
1984-12-04,47,36,0.11,0.0,0
1984-12-05,42,34,0.36,0.0,0
1984-12-06,42,31,0.00,0.0,0
1984-12-07,61,32,0.00,0.0,0
1984-12-08,65,40,0.00,0.0,0
1984-12-09,75,52,0.00,0.0,0
1984-12-10,74,46,0.00,0.0,0
1984-12-11,73,51,0.00,0.0,0
1984-12-12,71,64,T,0.0,0
1984-12-13,74,48,0.53,0.0,0
1984-12-14,50,45,0.81,0.0,0
1984-12-15,71,46,0.67,0.0,0
1984-12-16,63,50,0.00,0.0,0
1984-12-17,61,52,1.38,0.0,0
1984-12-18,54,42,T,0.0,0
1984-12-19,57,46,T,0.0,0
1984-12-20,69,51,T,0.0,0
1984-12-21,69,53,0.00,0.0,0
1984-12-22,59,43,0.00,0.0,0
1984-12-23,66,43,0.00,0.0,0
1984-12-24,72,34,0.00,0.0,0
1984-12-25,48,31,0.00,0.0,0
1984-12-26,57,45,0.00,0.0,0
1984-12-27,69,54,0.02,0.0,0
1984-12-28,75,67,0.01,0.0,0
1984-12-29,75,63,0.82,0.0,0
1984-12-30,67,47,T,0.0,0
1984-12-31,67,40,0.44,0.0,0
1985-01-01,40,24,0.13,1.5,0
1985-01-02,35,24,0.07,1.5,3
1985-01-03,45,28,0.00,0.0,0
1985-01-04,52,29,0.00,0.0,0
1985-01-05,52,35,0.00,0.0,0
1985-01-06,63,35,0.00,0.0,0
1985-01-07,57,39,0.00,0.0,0
1985-01-08,56,38,0.00,0.0,0
1985-01-09,59,41,0.06,0.0,0
1985-01-10,41,32,0.00,0.0,0
1985-01-11,34,26,0.00,0.0,0
1985-01-12,31,19,0.00,0.0,0
1985-01-13,38,25,T,T,0
1985-01-14,54,35,0.00,0.0,0
1985-01-15,51,28,0.00,0.0,0
1985-01-16,50,42,0.43,0.0,0
1985-01-17,55,34,0.00,0.0,0
1985-01-18,63,39,0.00,0.0,0
1985-01-19,69,20,0.00,0.0,0
1985-01-20,22,10,0.00,0.0,0
1985-01-21,40,19,0.00,0.0,0
1985-01-22,43,24,0.00,0.0,0
1985-01-23,47,33,0.00,0.0,0
1985-01-24,61,39,0.00,0.0,0
1985-01-25,63,37,0.00,0.0,0
1985-01-26,47,23,0.00,0.0,0
1985-01-27,47,39,0.04,0.0,0
1985-01-28,52,32,0.00,0.0,0
1985-01-29,56,34,0.00,0.0,0
1985-01-30,61,28,T,0.0,0
1985-01-31,28,12,0.03,3.0,T
1985-02-01,18,11,0.03,1.5,0
1985-02-02,28,10,T,T,0
1985-02-03,29,19,0.00,0.0,0
1985-02-04,32,28,0.04,T,0
1985-02-05,37,32,T,0.0,0
1985-02-06,40,30,0.00,0.0,0
1985-02-07,44,28,0.00,0.0,0
1985-02-08,52,30,0.00,0.0,0
1985-02-09,64,42,T,0.0,0
1985-02-10,61,32,0.00,0.0,0
1985-02-11,47,29,0.00,0.0,0
1985-02-12,56,28,0.00,0.0,0
1985-02-13,65,38,0.00,0.0,0
1985-02-14,55,41,0.00,0.0,0
1985-02-15,53,33,0.00,0.0,0
1985-02-16,70,41,0.00,0.0,0
1985-02-17,61,50,T,0.0,0
1985-02-18,69,53,T,0.0,0
1985-02-19,58,49,T,0.0,0
1985-02-20,69,48,0.00,0.0,0
1985-02-21,71,59,0.02,0.0,0
1985-02-22,73,67,0.18,0.0,0
1985-02-23,70,51,0.40,0.0,0
1985-02-24,54,44,0.00,0.0,0
1985-02-25,63,45,0.00,0.0,0
1985-02-26,71,52,0.00,0.0,0
1985-02-27,60,39,0.00,0.0,0
1985-02-28,58,50,0.20,0.0,0
1985-03-01,77,53,0.00,0.0,0
1985-03-02,66,55,0.00,0.0,0
1985-03-03,77,61,T,0.0,0
1985-03-04,71,49,0.30,0.0,0
1985-03-05,61,42,0.00,0.0,0
1985-03-06,62,46,0.00,0.0,0
1985-03-07,71,56,0.00,0.0,0
1985-03-08,75,64,0.00,0.0,0
1985-03-09,78,60,0.00,0.0,0
1985-03-10,77,60,0.00,0.0,0
1985-03-11,89,65,0.00,0.0,0
1985-03-12,65,52,0.00,0.0,0
1985-03-13,73,50,0.38,0.0,0
1985-03-14,62,45,0.71,0.0,0
1985-03-15,61,46,0.00,0.0,0
1985-03-16,59,53,0.00,0.0,0
1985-03-17,67,50,0.00,0.0,0
1985-03-18,72,42,0.00,0.0,0
1985-03-19,66,53,0.02,0.0,0
1985-03-20,71,54,1.01,0.0,0
1985-03-21,59,50,0.00,0.0,0
1985-03-22,69,49,0.00,0.0,0
1985-03-23,72,55,0.00,0.0,0
1985-03-24,84,50,0.00,0.0,0
1985-03-25,81,60,0.00,0.0,0
1985-03-26,75,57,1.30,0.0,0
1985-03-27,83,58,0.00,0.0,0
1985-03-28,85,70,0.00,0.0,0
1985-03-29,75,71,0.04,0.0,0
1985-03-30,73,42,0.97,0.0,0
1985-03-31,68,39,0.00,0.0,0
1985-04-01,72,48,0.00,0.0,0
1985-04-02,80,44,0.00,0.0,0
1985-04-03,84,55,0.00,0.0,0
1985-04-04,79,60,0.00,0.0,0
1985-04-05,70,57,0.00,0.0,0
1985-04-06,79,53,0.00,0.0,0
1985-04-07,69,53,0.00,0.0,0
1985-04-08,70,55,0.00,0.0,0
1985-04-09,73,52,0.00,0.0,0
1985-04-10,66,58,T,0.0,0
1985-04-11,74,57,0.00,0.0,0
1985-04-12,78,58,0.00,0.0,0
1985-04-13,75,58,1.59,0.0,0
1985-04-14,82,56,0.00,0.0,0
1985-04-15,87,60,0.00,0.0,0
1985-04-16,80,58,0.00,0.0,0
1985-04-17,86,60,0.00,0.0,0
1985-04-18,84,63,0.00,0.0,0
1985-04-19,77,64,T,0.0,0
1985-04-20,81,68,T,0.0,0
1985-04-21,84,66,T,0.0,0
1985-04-22,72,58,2.15,0.0,0
1985-04-23,82,61,0.00,0.0,0
1985-04-24,82,58,0.00,0.0,0
1985-04-25,82,61,0.00,0.0,0
1985-04-26,76,66,T,0.0,0
1985-04-27,84,69,0.69,0.0,0
1985-04-28,79,66,0.84,0.0,0
1985-04-29,79,69,0.01,0.0,0
1985-04-30,86,67,0.00,0.0,0
1985-05-01,75,64,0.00,0.0,0
1985-05-02,79,60,0.00,0.0,0
1985-05-03,80,58,0.00,0.0,0
1985-05-04,82,59,0.00,0.0,0
1985-05-05,84,62,0.00,0.0,0
1985-05-06,85,63,0.00,0.0,0
1985-05-07,86,67,0.00,0.0,0
1985-05-08,81,69,T,0.0,0
1985-05-09,84,64,0.00,0.0,0
1985-05-10,85,66,0.00,0.0,0
1985-05-11,82,68,0.02,0.0,0
1985-05-12,88,72,T,0.0,0
1985-05-13,79,68,0.44,0.0,0
1985-05-14,78,58,0.10,0.0,0
1985-05-15,85,60,0.00,0.0,0
1985-05-16,90,67,0.00,0.0,0
1985-05-17,83,66,0.00,0.0,0
1985-05-18,75,64,T,0.0,0
1985-05-19,85,61,0.00,0.0,0
1985-05-20,83,61,0.91,0.0,0
1985-05-21,78,62,0.95,0.0,0
1985-05-22,79,64,0.02,0.0,0
1985-05-23,85,63,0.00,0.0,0
1985-05-24,92,63,0.00,0.0,0
1985-05-25,93,68,0.00,0.0,0
1985-05-26,92,73,T,0.0,0
1985-05-27,84,68,T,0.0,0
1985-05-28,91,73,0.00,0.0,0
1985-05-29,95,76,0.00,0.0,0
1985-05-30,102,75,0.00,0.0,0
1985-05-31,103,77,0.00,0.0,0
1985-06-01,100,77,0.00,0.0,0
1985-06-02,93,74,0.00,0.0,0
1985-06-03,92,74,0.00,0.0,0
1985-06-04,94,76,0.00,0.0,0
1985-06-05,87,69,2.00,0.0,0
1985-06-06,87,68,0.70,0.0,0
1985-06-07,93,71,0.00,0.0,0
1985-06-08,101,75,0.00,0.0,0
1985-06-09,100,79,0.00,0.0,0
1985-06-10,93,77,0.00,0.0,0
1985-06-11,86,66,0.42,0.0,0
1985-06-12,83,63,0.00,0.0,0
1985-06-13,84,62,0.00,0.0,0
1985-06-14,92,66,0.00,0.0,0
1985-06-15,97,73,0.00,0.0,0
1985-06-16,101,78,0.00,0.0,0
1985-06-17,100,78,0.00,0.0,0
1985-06-18,86,69,0.05,0.0,0
1985-06-19,90,67,0.00,0.0,0
1985-06-20,89,67,0.00,0.0,0
1985-06-21,90,72,0.00,0.0,0
1985-06-22,88,72,0.48,0.0,0
1985-06-23,89,73,0.56,0.0,0
1985-06-24,91,73,0.01,0.0,0
1985-06-25,91,73,0.00,0.0,0
1985-06-26,93,75,0.00,0.0,0
1985-06-27,82,69,0.00,0.0,0
1985-06-28,89,63,0.00,0.0,0
1985-06-29,91,67,0.00,0.0,0
1985-06-30,98,69,0.00,0.0,0
1985-07-01,98,72,0.00,0.0,0
1985-07-02,96,78,T,0.0,0
1985-07-03,91,71,0.36,0.0,0
1985-07-04,90,69,0.00,0.0,0
1985-07-05,93,70,T,0.0,0
1985-07-06,92,74,0.00,0.0,0
1985-07-07,95,73,0.00,0.0,0
1985-07-08,94,76,0.00,0.0,0
1985-07-09,99,77,0.00,0.0,0
1985-07-10,100,78,0.00,0.0,0
1985-07-11,95,78,T,0.0,0
1985-07-12,94,73,0.00,0.0,0
1985-07-13,97,82,0.00,0.0,0
1985-07-14,96,76,0.00,0.0,0
1985-07-15,97,77,0.00,0.0,0
1985-07-16,101,79,0.00,0.0,0
1985-07-17,98,74,0.00,0.0,0
1985-07-18,97,80,0.00,0.0,0
1985-07-19,96,78,0.26,0.0,0
1985-07-20,84,71,0.25,0.0,0
1985-07-21,85,72,0.57,0.0,0
1985-07-22,88,72,0.00,0.0,0
1985-07-23,85,72,0.00,0.0,0
1985-07-24,96,75,0.00,0.0,0
1985-07-25,97,74,0.00,0.0,0
1985-07-26,97,78,T,0.0,0
1985-07-27,96,78,0.00,0.0,0
1985-07-28,102,78,0.00,0.0,0
1985-07-29,104,80,0.00,0.0,0
1985-07-30,98,81,0.00,0.0,0
1985-07-31,102,79,0.00,0.0,0
1985-08-01,105,80,0.00,0.0,0
1985-08-02,104,82,0.00,0.0,0
1985-08-03,101,77,0.00,0.0,0
1985-08-04,101,79,0.00,0.0,0
1985-08-05,100,81,0.00,0.0,0
1985-08-06,101,82,0.00,0.0,0
1985-08-07,97,82,0.00,0.0,0
1985-08-08,102,76,0.00,0.0,0
1985-08-09,102,81,0.00,0.0,0
1985-08-10,102,79,0.00,0.0,0
1985-08-11,103,79,0.00,0.0,0
1985-08-12,98,79,0.00,0.0,0
1985-08-13,95,79,0.00,0.0,0
1985-08-14,96,77,0.00,0.0,0
1985-08-15,95,72,0.00,0.0,0
1985-08-16,98,76,0.00,0.0,0
1985-08-17,102,79,0.00,0.0,0
1985-08-18,103,82,0.00,0.0,0
1985-08-19,102,81,0.00,0.0,0
1985-08-20,105,82,T,0.0,0
1985-08-21,100,77,0.00,0.0,0
1985-08-22,101,80,0.00,0.0,0
1985-08-23,102,81,0.00,0.0,0
1985-08-24,94,80,0.05,0.0,0
1985-08-25,94,74,0.00,0.0,0
1985-08-26,93,73,0.00,0.0,0
1985-08-27,93,76,0.00,0.0,0
1985-08-28,94,74,0.00,0.0,0
1985-08-29,95,76,0.00,0.0,0
1985-08-30,100,77,0.00,0.0,0
1985-08-31,105,79,0.00,0.0,0
1985-09-01,105,80,0.00,0.0,0
1985-09-02,96,80,0.00,0.0,0
1985-09-03,102,78,0.00,0.0,0
1985-09-04,97,80,0.00,0.0,0
1985-09-05,95,79,0.00,0.0,0
1985-09-06,93,73,0.20,0.0,0
1985-09-07,98,79,0.00,0.0,0
1985-09-08,102,78,0.00,0.0,0
1985-09-09,100,77,0.00,0.0,0
1985-09-10,90,72,0.00,0.0,0
1985-09-11,88,72,T,0.0,0
1985-09-12,88,71,T,0.0,0
1985-09-13,93,72,T,0.0,0
1985-09-14,72,63,0.51,0.0,0
1985-09-15,72,67,0.11,0.0,0
1985-09-16,85,66,0.00,0.0,0
1985-09-17,90,70,0.00,0.0,0
1985-09-18,91,74,0.00,0.0,0
1985-09-19,91,72,0.00,0.0,0
1985-09-20,92,73,0.00,0.0,0
1985-09-21,90,68,0.00,0.0,0
1985-09-22,92,73,0.00,0.0,0
1985-09-23,81,63,0.02,0.0,0
1985-09-24,82,55,0.00,0.0,0
1985-09-25,83,64,0.00,0.0,0
1985-09-26,74,55,0.00,0.0,0
1985-09-27,85,58,0.00,0.0,0
1985-09-28,81,65,0.15,0.0,0
1985-09-29,69,50,1.35,0.0,0
1985-09-30,61,47,0.00,0.0,0
1985-10-01,66,47,0.00,0.0,0
1985-10-02,73,51,0.00,0.0,0
1985-10-03,83,59,0.00,0.0,0
1985-10-04,74,58,0.00,0.0,0
1985-10-05,71,50,0.00,0.0,0
1985-10-06,76,52,0.00,0.0,0
1985-10-07,82,57,0.00,0.0,0
1985-10-08,82,67,0.00,0.0,0
1985-10-09,83,69,0.00,0.0,0
1985-10-10,83,61,0.13,0.0,0
1985-10-11,84,59,0.05,0.0,0
1985-10-12,86,69,0.00,0.0,0
1985-10-13,90,72,0.00,0.0,0
1985-10-14,81,62,0.10,0.0,0
1985-10-15,75,58,0.20,0.0,0
1985-10-16,75,58,0.00,0.0,0
1985-10-17,73,67,0.11,0.0,0
1985-10-18,76,68,0.73,0.0,0
1985-10-19,72,66,1.20,0.0,0
1985-10-20,72,64,0.00,0.0,0
1985-10-21,74,63,0.00,0.0,0
1985-10-22,80,64,0.00,0.0,0
1985-10-23,85,69,0.00,0.0,0
1985-10-24,86,70,0.00,0.0,0
1985-10-25,77,69,0.00,0.0,0
1985-10-26,77,63,0.00,0.0,0
1985-10-27,74,57,0.00,0.0,0
1985-10-28,68,58,0.32,0.0,0
1985-10-29,58,53,1.46,0.0,0
1985-10-30,61,53,0.20,0.0,0
1985-10-31,65,49,0.00,0.0,0
1985-11-01,61,46,0.10,0.0,0
1985-11-02,64,51,0.00,0.0,0
1985-11-03,69,44,0.00,0.0,0
1985-11-04,71,46,0.00,0.0,0
1985-11-05,77,50,0.00,0.0,0
1985-11-06,75,53,0.00,0.0,0
1985-11-07,66,44,0.00,0.0,0
1985-11-08,70,50,0.00,0.0,0
1985-11-09,79,68,0.00,0.0,0
1985-11-10,77,50,0.00,0.0,0
1985-11-11,58,47,0.03,0.0,0
1985-11-12,77,55,T,0.0,0
1985-11-13,78,69,T,0.0,0
1985-11-14,80,58,0.05,0.0,0
1985-11-15,58,45,0.74,0.0,0
1985-11-16,62,42,0.00,0.0,0
1985-11-17,69,52,0.26,0.0,0
1985-11-18,77,69,0.13,0.0,0
1985-11-19,75,39,0.02,0.0,0
1985-11-20,49,32,0.00,0.0,0
1985-11-21,51,44,T,0.0,0
1985-11-22,64,45,0.00,0.0,0
1985-11-23,79,57,0.00,0.0,0
1985-11-24,57,47,T,0.0,0
1985-11-25,73,53,0.04,0.0,0
1985-11-26,74,51,0.76,0.0,0
1985-11-27,53,36,0.02,0.0,0
1985-11-28,38,33,0.00,0.0,0
1985-11-29,50,35,T,0.0,0
1985-11-30,68,M,0.23,0.0,0
1985-12-01,M,24,0.00,0.0,0
1985-12-02,35,20,0.00,0.0,0
1985-12-03,47,28,0.00,0.0,0
1985-12-04,59,45,T,0.0,0
1985-12-05,60,35,0.00,0.0,0
1985-12-06,64,38,0.00,0.0,0
1985-12-07,69,46,0.00,0.0,0
1985-12-08,66,42,0.00,0.0,0
1985-12-09,74,59,0.00,0.0,0
1985-12-10,66,36,0.82,0.0,0
1985-12-11,38,31,0.10,0.0,0
1985-12-12,35,28,0.02,T,0
1985-12-13,31,21,0.00,0.0,0
1985-12-14,47,19,0.00,0.0,0
1985-12-15,51,32,0.00,0.0,0
1985-12-16,59,32,0.00,0.0,0
1985-12-17,58,34,0.00,0.0,0
1985-12-18,43,30,0.00,0.0,0
1985-12-19,50,27,0.00,0.0,0
1985-12-20,46,32,0.00,0.0,0
1985-12-21,58,32,0.00,0.0,0
1985-12-22,71,44,0.00,0.0,0
1985-12-23,69,39,0.00,0.0,0
1985-12-24,53,31,0.00,0.0,0
1985-12-25,31,25,0.00,0.0,0
1985-12-26,58,26,0.00,0.0,0
1985-12-27,55,39,0.00,0.0,0
1985-12-28,57,32,0.00,0.0,0
1985-12-29,59,34,0.00,0.0,0
1985-12-30,66,44,0.00,0.0,0
1985-12-31,57,43,0.00,0.0,0
1986-01-01,55,39,0.00,0.0,0
1986-01-02,63,41,0.00,0.0,0
1986-01-03,61,37,T,0.0,0
1986-01-04,59,38,T,0.0,0
1986-01-05,48,27,0.00,0.0,0
1986-01-06,57,37,0.00,0.0,0
1986-01-07,49,32,0.00,0.0,0
1986-01-08,40,26,0.00,0.0,0
1986-01-09,50,29,0.00,0.0,0
1986-01-10,61,33,0.00,0.0,0
1986-01-11,66,34,0.00,0.0,0
1986-01-12,67,40,0.00,0.0,0
1986-01-13,63,36,0.00,0.0,0
1986-01-14,70,41,0.00,0.0,0
1986-01-15,72,43,0.00,0.0,0
1986-01-16,67,53,T,0.0,0
1986-01-17,67,56,T,0.0,0
1986-01-18,64,50,0.00,0.0,0
1986-01-19,74,43,0.00,0.0,0
1986-01-20,81,63,0.00,0.0,0
1986-01-21,76,51,0.00,0.0,0
1986-01-22,54,38,0.00,0.0,0
1986-01-23,57,38,0.00,0.0,0
1986-01-24,64,48,0.00,0.0,0
1986-01-25,60,41,0.00,0.0,0
1986-01-26,54,36,0.00,0.0,0
1986-01-27,45,25,0.00,0.0,0
1986-01-28,73,37,0.00,0.0,0
1986-01-29,64,47,0.00,0.0,0
1986-01-30,66,38,0.00,0.0,0
1986-01-31,71,56,0.00,0.0,0
1986-02-01,73,62,0.00,0.0,0
1986-02-02,73,65,0.02,0.0,0
1986-02-03,67,60,0.89,0.0,0
1986-02-04,72,58,0.00,0.0,0
1986-02-05,59,47,1.28,0.0,0
1986-02-06,50,43,0.00,0.0,0
1986-02-07,47,37,0.09,0.0,0
1986-02-08,37,33,T,0.0,0
1986-02-09,35,31,0.08,T,0
1986-02-10,31,25,T,T,0
1986-02-11,36,21,0.00,0.0,0
1986-02-12,37,29,0.00,0.0,0
1986-02-13,46,32,0.00,0.0,0
1986-02-14,52,39,0.00,0.0,0
1986-02-15,64,35,0.00,0.0,0
1986-02-16,82,56,0.00,0.0,0
1986-02-17,81,56,0.00,0.0,0
1986-02-18,86,65,0.00,0.0,0
1986-02-19,86,56,0.00,0.0,0
1986-02-20,76,38,0.00,0.0,0
1986-02-21,44,31,0.00,0.0,0
1986-02-22,62,35,0.00,0.0,0
1986-02-23,75,41,0.00,0.0,0
1986-02-24,70,47,0.00,0.0,0
1986-02-25,86,49,0.00,0.0,0
1986-02-26,87,54,0.00,0.0,0
1986-02-27,65,48,0.00,0.0,0
1986-02-28,49,40,0.00,0.0,0
1986-03-01,64,35,0.00,0.0,0
1986-03-02,76,47,0.00,0.0,0
1986-03-03,65,52,0.00,0.0,0
1986-03-04,70,46,0.00,0.0,0
1986-03-05,83,50,0.00,0.0,0
1986-03-06,72,45,0.00,0.0,0
1986-03-07,73,52,0.00,0.0,0
1986-03-08,75,54,0.00,0.0,0
1986-03-09,80,62,0.00,0.0,0
1986-03-10,75,60,0.05,0.0,0
1986-03-11,72,58,0.11,0.0,0
1986-03-12,72,55,0.00,0.0,0
1986-03-13,67,51,T,0.0,0
1986-03-14,68,49,0.00,0.0,0
1986-03-15,74,53,0.02,0.0,0
1986-03-16,70,46,0.00,0.0,0
1986-03-17,73,57,0.00,0.0,0
1986-03-18,73,50,0.23,0.0,0
1986-03-19,58,43,0.00,0.0,0
1986-03-20,55,42,0.00,0.0,0
1986-03-21,60,36,0.00,0.0,0
1986-03-22,71,41,0.00,0.0,0
1986-03-23,74,50,0.00,0.0,0
1986-03-24,74,52,0.00,0.0,0
1986-03-25,75,53,0.00,0.0,0
1986-03-26,76,58,0.00,0.0,0
1986-03-27,77,58,0.00,0.0,0
1986-03-28,82,59,0.00,0.0,0
1986-03-29,81,60,0.00,0.0,0
1986-03-30,79,58,0.00,0.0,0
1986-03-31,79,61,0.00,0.0,0
1986-04-01,74,59,T,0.0,0
1986-04-02,79,63,T,0.0,0
1986-04-03,79,64,0.11,0.0,0
1986-04-04,80,66,1.07,0.0,0
1986-04-05,80,66,T,0.0,0
1986-04-06,84,66,0.00,0.0,0
1986-04-07,87,69,0.00,0.0,0
1986-04-08,85,64,0.01,0.0,0
1986-04-09,66,56,T,0.0,0
1986-04-10,67,53,T,0.0,0
1986-04-11,64,55,0.01,0.0,0
1986-04-12,76,60,1.38,0.0,0
1986-04-13,80,58,T,0.0,0
1986-04-14,73,56,T,0.0,0
1986-04-15,71,49,0.00,0.0,0
1986-04-16,74,48,0.00,0.0,0
1986-04-17,73,54,0.20,0.0,0
1986-04-18,77,64,T,0.0,0
1986-04-19,71,54,2.13,0.0,0
1986-04-20,75,53,0.00,0.0,0
1986-04-21,70,58,0.00,0.0,0
1986-04-22,74,54,0.00,0.0,0
1986-04-23,79,58,0.00,0.0,0
1986-04-24,84,61,0.00,0.0,0
1986-04-25,80,61,0.00,0.0,0
1986-04-26,83,67,0.00,0.0,0
1986-04-27,77,60,0.07,0.0,0
1986-04-28,79,53,0.00,0.0,0
1986-04-29,81,68,T,0.0,0
1986-04-30,80,64,0.64,0.0,0
1986-05-01,70,63,0.06,0.0,0
1986-05-02,76,61,0.00,0.0,0
1986-05-03,77,58,0.00,0.0,0
1986-05-04,80,59,0.00,0.0,0
1986-05-05,77,67,0.06,0.0,0
1986-05-06,84,70,0.00,0.0,0
1986-05-07,82,70,0.07,0.0,0
1986-05-08,86,65,0.56,0.0,0
1986-05-09,81,64,0.60,0.0,0
1986-05-10,78,67,0.09,0.0,0
1986-05-11,87,64,0.00,0.0,0
1986-05-12,91,67,0.00,0.0,0
1986-05-13,89,73,0.00,0.0,0
1986-05-14,79,70,0.00,0.0,0
1986-05-15,83,69,0.00,0.0,0
1986-05-16,82,70,T,0.0,0
1986-05-17,75,60,1.80,0.0,0
1986-05-18,64,58,T,0.0,0
1986-05-19,77,54,0.00,0.0,0
1986-05-20,81,60,0.00,0.0,0
1986-05-21,85,63,0.00,0.0,0
1986-05-22,88,65,0.00,0.0,0
1986-05-23,90,70,0.00,0.0,0
1986-05-24,78,66,0.07,0.0,0
1986-05-25,78,64,0.15,0.0,0
1986-05-26,81,65,T,0.0,0
1986-05-27,76,62,0.05,0.0,0
1986-05-28,86,60,0.00,0.0,0
1986-05-29,88,67,0.00,0.0,0
1986-05-30,84,70,0.00,0.0,0
1986-05-31,81,69,2.48,0.0,0
1986-06-01,76,67,1.77,0.0,0
1986-06-02,87,68,0.04,0.0,0
1986-06-03,83,70,0.29,0.0,0
1986-06-04,85,73,0.15,0.0,0
1986-06-05,81,67,0.41,0.0,0
1986-06-06,89,72,0.00,0.0,0
1986-06-07,93,72,0.50,0.0,0
1986-06-08,91,71,0.00,0.0,0
1986-06-09,91,74,0.00,0.0,0
1986-06-10,93,70,0.03,0.0,0
1986-06-11,84,68,0.24,0.0,0
1986-06-12,94,69,0.00,0.0,0
1986-06-13,94,73,0.00,0.0,0
1986-06-14,92,74,0.00,0.0,0
1986-06-15,87,70,0.13,0.0,0
1986-06-16,93,69,0.73,0.0,0
1986-06-17,86,69,0.10,0.0,0
1986-06-18,89,74,0.00,0.0,0
1986-06-19,89,73,0.00,0.0,0
1986-06-20,92,77,0.00,0.0,0
1986-06-21,94,77,0.00,0.0,0
1986-06-22,92,77,T,0.0,0
1986-06-23,95,77,T,0.0,0
1986-06-24,92,75,T,0.0,0
1986-06-25,93,74,0.00,0.0,0
1986-06-26,92,78,0.00,0.0,0
1986-06-27,98,77,0.00,0.0,0
1986-06-28,98,79,0.00,0.0,0
1986-06-29,98,78,0.00,0.0,0
1986-06-30,94,76,0.00,0.0,0
1986-07-01,93,76,0.00,0.0,0
1986-07-02,89,77,T,0.0,0
1986-07-03,91,76,0.94,0.0,0
1986-07-04,95,76,0.00,0.0,0
1986-07-05,95,76,0.00,0.0,0
1986-07-06,91,76,0.00,0.0,0
1986-07-07,93,75,0.00,0.0,0
1986-07-08,95,77,0.00,0.0,0
1986-07-09,95,78,0.00,0.0,0
1986-07-10,96,77,0.00,0.0,0
1986-07-11,94,77,0.00,0.0,0
1986-07-12,95,79,0.00,0.0,0
1986-07-13,96,77,0.00,0.0,0
1986-07-14,95,78,0.00,0.0,0
1986-07-15,94,78,0.00,0.0,0
1986-07-16,96,75,0.00,0.0,0
1986-07-17,97,76,0.00,0.0,0
1986-07-18,100,78,0.00,0.0,0
1986-07-19,100,78,0.00,0.0,0
1986-07-20,101,80,0.00,0.0,0
1986-07-21,96,74,1.55,0.0,0
1986-07-22,92,72,0.00,0.0,0
1986-07-23,97,78,0.00,0.0,0
1986-07-24,100,81,0.00,0.0,0
1986-07-25,101,80,0.00,0.0,0
1986-07-26,100,79,0.00,0.0,0
1986-07-27,100,80,0.00,0.0,0
1986-07-28,103,80,0.00,0.0,0
1986-07-29,104,79,0.00,0.0,0
1986-07-30,106,79,0.00,0.0,0
1986-07-31,107,83,0.00,0.0,0
1986-08-01,104,83,0.00,0.0,0
1986-08-02,97,81,T,0.0,0
1986-08-03,92,70,0.45,0.0,0
1986-08-04,86,73,0.00,0.0,0
1986-08-05,96,76,0.00,0.0,0
1986-08-06,95,75,0.00,0.0,0
1986-08-07,97,78,T,0.0,0
1986-08-08,94,79,0.00,0.0,0
1986-08-09,97,78,0.00,0.0,0
1986-08-10,89,75,0.11,0.0,0
1986-08-11,88,71,1.02,0.0,0
1986-08-12,88,70,0.00,0.0,0
1986-08-13,92,73,0.00,0.0,0
1986-08-14,94,73,0.00,0.0,0
1986-08-15,98,77,0.00,0.0,0
1986-08-16,99,79,0.00,0.0,0
1986-08-17,102,80,0.00,0.0,0
1986-08-18,101,81,0.00,0.0,0
1986-08-19,97,78,0.00,0.0,0
1986-08-20,94,79,0.00,0.0,0
1986-08-21,93,79,0.00,0.0,0
1986-08-22,91,75,0.00,0.0,0
1986-08-23,90,74,T,0.0,0
1986-08-24,92,72,0.37,0.0,0
1986-08-25,92,73,0.00,0.0,0
1986-08-26,93,78,0.00,0.0,0
1986-08-27,87,75,0.00,0.0,0
1986-08-28,84,69,0.00,0.0,0
1986-08-29,83,62,0.00,0.0,0
1986-08-30,87,65,0.00,0.0,0
1986-08-31,85,69,0.00,0.0,0
1986-09-01,76,67,0.57,0.0,0
1986-09-02,82,72,1.32,0.0,0
1986-09-03,92,75,0.00,0.0,0
1986-09-04,92,74,0.00,0.0,0
1986-09-05,82,72,0.65,0.0,0
1986-09-06,78,71,0.01,0.0,0
1986-09-07,80,66,0.01,0.0,0
1986-09-08,84,61,0.00,0.0,0
1986-09-09,88,71,0.00,0.0,0
1986-09-10,90,75,0.00,0.0,0
1986-09-11,89,73,T,0.0,0
1986-09-12,88,66,0.00,0.0,0
1986-09-13,89,69,0.00,0.0,0
1986-09-14,87,72,0.00,0.0,0
1986-09-15,95,74,0.00,0.0,0
1986-09-16,93,75,0.00,0.0,0
1986-09-17,92,73,0.00,0.0,0
1986-09-18,93,74,0.00,0.0,0
1986-09-19,90,73,0.00,0.0,0
1986-09-20,89,74,T,0.0,0
1986-09-21,91,74,T,0.0,0
1986-09-22,88,72,0.00,0.0,0
1986-09-23,89,74,0.00,0.0,0
1986-09-24,92,75,0.00,0.0,0
1986-09-25,94,77,0.00,0.0,0
1986-09-26,92,77,0.00,0.0,0
1986-09-27,92,77,0.00,0.0,0
1986-09-28,91,73,0.14,0.0,0
1986-09-29,91,77,0.00,0.0,0
1986-09-30,90,77,0.00,0.0,0
1986-10-01,91,77,T,0.0,0
1986-10-02,91,78,0.00,0.0,0
1986-10-03,91,78,0.00,0.0,0
1986-10-04,82,64,0.52,0.0,0
1986-10-05,68,62,0.21,0.0,0
1986-10-06,63,56,0.43,0.0,0
1986-10-07,66,56,T,0.0,0
1986-10-08,72,62,0.49,0.0,0
1986-10-09,76,67,0.00,0.0,0
1986-10-10,77,63,0.00,0.0,0
1986-10-11,79,55,0.07,0.0,0
1986-10-12,56,47,0.01,T,0
1986-10-13,60,46,0.00,0.0,0
1986-10-14,73,47,0.00,0.0,0
1986-10-15,75,51,0.00,0.0,0
1986-10-16,77,48,0.00,0.0,0
1986-10-17,82,58,0.00,0.0,0
1986-10-18,76,55,0.00,0.0,0
1986-10-19,78,58,0.00,0.0,0
1986-10-20,76,58,0.00,0.0,0
1986-10-21,70,57,T,0.0,0
1986-10-22,68,60,0.13,0.0,0
1986-10-23,69,64,0.62,0.0,0
1986-10-24,71,58,0.00,0.0,0
1986-10-25,71,53,0.00,0.0,0
1986-10-26,71,54,0.00,0.0,0
1986-10-27,77,49,0.00,0.0,0
1986-10-28,79,53,0.00,0.0,0
1986-10-29,81,57,0.00,0.0,0
1986-10-30,78,58,0.00,0.0,0
1986-10-31,76,57,0.00,0.0,0
1986-11-01,75,61,0.00,0.0,0
1986-11-02,64,56,0.00,0.0,0
1986-11-03,75,51,T,0.0,0
1986-11-04,70,52,0.39,0.0,0
1986-11-05,55,48,0.00,0.0,0
1986-11-06,64,46,T,0.0,0
1986-11-07,68,54,0.00,0.0,0
1986-11-08,74,58,T,0.0,0
1986-11-09,65,52,0.00,0.0,0
1986-11-10,55,46,0.57,0.0,0
1986-11-11,46,34,0.01,0.0,0
1986-11-12,45,31,0.02,0.0,0
1986-11-13,34,23,0.00,0.0,0
1986-11-14,46,31,0.00,0.0,0
1986-11-15,70,39,T,0.0,0
1986-11-16,77,56,0.00,0.0,0
1986-11-17,84,50,0.00,0.0,0
1986-11-18,71,55,0.00,0.0,0
1986-11-19,60,51,0.25,0.0,0
1986-11-20,66,49,0.00,0.0,0
1986-11-21,68,43,0.00,0.0,0
1986-11-22,66,52,0.02,0.0,0
1986-11-23,58,44,0.00,0.0,0
1986-11-24,47,40,0.06,0.0,0
1986-11-25,51,45,1.21,0.0,0
1986-11-26,53,43,0.00,0.0,0
1986-11-27,48,36,0.00,0.0,0
1986-11-28,56,36,0.00,0.0,0
1986-11-29,63,35,0.00,0.0,0
1986-11-30,67,41,0.00,0.0,0
1986-12-01,51,40,0.00,0.0,0
1986-12-02,55,36,0.00,0.0,0
1986-12-03,56,36,0.00,0.0,0
1986-12-04,58,37,0.00,0.0,0
1986-12-05,60,45,0.00,0.0,0
1986-12-06,61,48,0.02,0.0,0
1986-12-07,64,47,0.10,0.0,0
1986-12-08,61,43,0.01,0.0,0
1986-12-09,46,39,T,0.0,0
1986-12-10,40,35,0.00,0.0,0
1986-12-11,41,32,0.20,0.4,0
1986-12-12,52,32,0.02,T,T
1986-12-13,50,35,0.00,0.0,0
1986-12-14,48,43,0.79,0.0,0
1986-12-15,55,46,0.09,0.0,0
1986-12-16,58,49,T,0.0,0
1986-12-17,55,51,0.03,0.0,0
1986-12-18,51,41,0.08,0.0,0
1986-12-19,56,39,0.00,0.0,0
1986-12-20,55,41,0.00,0.0,0
1986-12-21,53,45,0.02,0.0,0
1986-12-22,53,40,0.06,0.0,0
1986-12-23,50,39,0.06,0.0,0
1986-12-24,56,34,0.00,0.0,0
1986-12-25,60,47,0.00,0.0,0
1986-12-26,60,45,0.00,0.0,0
1986-12-27,52,37,0.00,0.0,0
1986-12-28,46,39,0.00,0.0,0
1986-12-29,63,35,0.00,0.0,0
1986-12-30,55,38,0.00,0.0,0
1986-12-31,56,39,0.00,0.0,0
1987-01-01,53,36,0.00,0.0,0
1987-01-02,57,33,0.00,0.0,0
1987-01-03,52,41,0.08,0.0,0
1987-01-04,51,37,0.00,0.0,0
1987-01-05,52,34,0.00,0.0,0
1987-01-06,73,45,0.00,0.0,0
1987-01-07,60,42,0.00,0.0,0
1987-01-08,47,41,0.02,0.0,0
1987-01-09,51,41,0.73,0.0,0
1987-01-10,45,30,0.00,0.0,0
1987-01-11,49,26,0.00,0.0,0
1987-01-12,66,36,0.00,0.0,0
1987-01-13,54,43,T,0.0,0
1987-01-14,60,50,0.00,0.0,0
1987-01-15,60,46,0.00,0.0,0
1987-01-16,48,35,0.02,0.0,0
1987-01-17,42,33,0.40,0.0,0
1987-01-18,35,29,0.05,0.0,0
1987-01-19,47,28,0.00,0.0,0
1987-01-20,46,29,0.00,0.0,0
1987-01-21,49,28,0.00,0.0,0
1987-01-22,44,33,0.00,0.0,0
1987-01-23,60,30,0.00,0.0,0
1987-01-24,65,31,0.00,0.0,0
1987-01-25,48,30,0.00,0.0,0
1987-01-26,55,32,0.00,0.0,0
1987-01-27,77,39,0.00,0.0,0
1987-01-28,71,47,0.00,0.0,0
1987-01-29,68,51,0.00,0.0,0
1987-01-30,70,42,0.00,0.0,0
1987-01-31,67,46,0.00,0.0,0
1987-02-01,69,52,0.03,0.0,0
1987-02-02,79,45,0.00,0.0,0
1987-02-03,77,48,0.00,0.0,0
1987-02-04,74,51,0.00,0.0,0
1987-02-05,60,45,0.04,0.0,0
1987-02-06,45,39,0.37,0.0,0
1987-02-07,62,37,0.00,0.0,0
1987-02-08,67,43,0.00,0.0,0
1987-02-09,57,33,0.00,0.0,0
1987-02-10,66,40,0.00,0.0,0
1987-02-11,76,54,0.00,0.0,0
1987-02-12,77,52,0.00,0.0,0
1987-02-13,73,56,0.00,0.0,0
1987-02-14,67,55,0.15,0.0,0
1987-02-15,61,42,0.10,0.0,0
1987-02-16,45,37,0.00,0.0,0
1987-02-17,42,32,0.00,0.0,0
1987-02-18,49,30,0.00,0.0,0
1987-02-19,46,37,0.01,0.0,0
1987-02-20,44,35,1.12,0.0,0
1987-02-21,52,37,0.00,0.0,0
1987-02-22,55,44,T,0.0,0
1987-02-23,57,39,0.02,0.0,0
1987-02-24,51,44,0.58,0.0,0
1987-02-25,52,47,0.20,0.0,0
1987-02-26,57,50,0.43,0.0,0
1987-02-27,60,52,0.21,0.0,0
1987-02-28,58,46,0.30,0.0,0
1987-03-01,59,39,0.00,0.0,0
1987-03-02,65,37,0.00,0.0,0
1987-03-03,66,43,0.00,0.0,0
1987-03-04,70,41,0.00,0.0,0
1987-03-05,75,46,0.00,0.0,0
1987-03-06,74,51,0.00,0.0,0
1987-03-07,74,49,0.00,0.0,0
1987-03-08,71,57,0.03,0.0,0
1987-03-09,67,49,0.00,0.0,0
1987-03-10,49,40,0.00,0.0,0
1987-03-11,56,41,0.00,0.0,0
1987-03-12,62,42,0.00,0.0,0
1987-03-13,67,46,0.00,0.0,0
1987-03-14,69,47,0.00,0.0,0
1987-03-15,73,55,0.00,0.0,0
1987-03-16,70,55,0.16,0.0,0
1987-03-17,70,54,0.88,0.0,0
1987-03-18,67,48,0.00,0.0,0
1987-03-19,75,49,0.00,0.0,0
1987-03-20,81,59,0.00,0.0,0
1987-03-21,78,59,T,0.0,0
1987-03-22,79,61,0.00,0.0,0
1987-03-23,68,47,0.14,0.0,0
1987-03-24,64,40,0.00,0.0,0
1987-03-25,62,43,0.00,0.0,0
1987-03-26,55,45,T,0.0,0
1987-03-27,72,41,0.00,0.0,0
1987-03-28,61,37,0.02,0.0,0
1987-03-29,39,29,0.03,T,T
1987-03-30,46,30,0.00,0.0,0
1987-03-31,65,35,0.00,0.0,0
1987-04-01,81,44,0.00,0.0,0
1987-04-02,65,42,0.00,0.0,0
1987-04-03,61,34,0.00,0.0,0
1987-04-04,61,41,0.00,0.0,0
1987-04-05,60,47,0.01,0.0,0
1987-04-06,65,45,0.00,0.0,0
1987-04-07,67,44,0.00,0.0,0
1987-04-08,75,49,0.00,0.0,0
1987-04-09,80,50,0.00,0.0,0
1987-04-10,79,54,0.00,0.0,0
1987-04-11,87,56,0.02,0.0,0
1987-04-12,86,65,0.00,0.0,0
1987-04-13,73,52,0.03,0.0,0
1987-04-14,64,51,0.00,0.0,0
1987-04-15,82,51,0.00,0.0,0
1987-04-16,87,55,0.00,0.0,0
1987-04-17,96,63,0.00,0.0,0
1987-04-18,96,68,0.00,0.0,0
1987-04-19,93,64,0.00,0.0,0
1987-04-20,90,68,0.00,0.0,0
1987-04-21,72,57,T,0.0,0
1987-04-22,75,55,0.00,0.0,0
1987-04-23,91,53,0.00,0.0,0
1987-04-24,83,58,0.00,0.0,0
1987-04-25,86,60,0.00,0.0,0
1987-04-26,88,60,0.00,0.0,0
1987-04-27,93,58,0.00,0.0,0
1987-04-28,91,63,0.00,0.0,0
1987-04-29,94,67,0.00,0.0,0
1987-04-30,88,65,0.00,0.0,0
1987-05-01,77,66,0.02,0.0,0
1987-05-02,88,68,0.00,0.0,0
1987-05-03,84,61,2.03,0.0,0
1987-05-04,81,58,1.15,0.0,0
1987-05-05,84,68,0.00,0.0,0
1987-05-06,81,63,0.00,0.0,0
1987-05-07,79,62,T,0.0,0
1987-05-08,81,62,0.26,0.0,0
1987-05-09,82,63,0.00,0.0,0
1987-05-10,85,65,0.00,0.0,0
1987-05-11,88,68,0.00,0.0,0
1987-05-12,86,68,0.18,0.0,0
1987-05-13,87,66,0.00,0.0,0
1987-05-14,87,68,1.20,0.0,0
1987-05-15,84,67,0.00,0.0,0
1987-05-16,86,67,0.00,0.0,0
1987-05-17,87,67,0.00,0.0,0
1987-05-18,90,71,0.00,0.0,0
1987-05-19,85,66,0.40,0.0,0
1987-05-20,86,65,0.04,0.0,0
1987-05-21,90,71,0.00,0.0,0
1987-05-22,92,73,0.00,0.0,0
1987-05-23,90,72,0.00,0.0,0
1987-05-24,84,68,0.24,0.0,0
1987-05-25,89,70,0.00,0.0,0
1987-05-26,89,72,0.00,0.0,0
1987-05-27,85,73,T,0.0,0
1987-05-28,76,62,2.31,0.0,0
1987-05-29,75,61,0.34,0.0,0
1987-05-30,86,65,0.00,0.0,0
1987-05-31,88,69,0.00,0.0,0
1987-06-01,87,68,0.00,0.0,0
1987-06-02,83,71,0.07,0.0,0
1987-06-03,80,67,0.25,0.0,0
1987-06-04,84,67,0.00,0.0,0
1987-06-05,88,64,0.00,0.0,0
1987-06-06,87,65,0.00,0.0,0
1987-06-07,91,68,0.00,0.0,0
1987-06-08,89,70,0.00,0.0,0
1987-06-09,78,71,1.08,0.0,0
1987-06-10,81,71,0.60,0.0,0
1987-06-11,85,73,0.20,0.0,0
1987-06-12,83,73,0.02,0.0,0
1987-06-13,89,72,1.35,0.0,0
1987-06-14,99,74,0.21,0.0,0
1987-06-15,91,73,0.13,0.0,0
1987-06-16,93,70,0.38,0.0,0
1987-06-17,100,75,0.00,0.0,0
1987-06-18,95,70,T,0.0,0
1987-06-19,96,72,0.02,0.0,0
1987-06-20,92,70,0.13,0.0,0
1987-06-21,94,76,0.00,0.0,0
1987-06-22,98,77,0.00,0.0,0
1987-06-23,94,76,0.00,0.0,0
1987-06-24,96,73,0.00,0.0,0
1987-06-25,92,78,0.00,0.0,0
1987-06-26,91,73,0.00,0.0,0
1987-06-27,94,71,0.00,0.0,0
1987-06-28,94,74,0.00,0.0,0
1987-06-29,90,75,0.00,0.0,0
1987-06-30,89,73,T,0.0,0
1987-07-01,92,70,0.00,0.0,0
1987-07-02,84,67,0.63,0.0,0
1987-07-03,95,72,0.00,0.0,0
1987-07-04,95,77,0.00,0.0,0
1987-07-05,97,77,0.00,0.0,0
1987-07-06,96,78,0.00,0.0,0
1987-07-07,94,74,0.00,0.0,0
1987-07-08,93,74,0.00,0.0,0
1987-07-09,91,73,0.00,0.0,0
1987-07-10,93,75,T,0.0,0
1987-07-11,95,76,0.00,0.0,0
1987-07-12,95,75,0.00,0.0,0
1987-07-13,86,73,T,0.0,0
1987-07-14,87,67,0.00,0.0,0
1987-07-15,94,68,0.00,0.0,0
1987-07-16,94,74,0.02,0.0,0
1987-07-17,91,80,0.25,0.0,0
1987-07-18,96,76,0.00,0.0,0
1987-07-19,95,73,0.00,0.0,0
1987-07-20,96,77,0.00,0.0,0
1987-07-21,93,74,0.00,0.0,0
1987-07-22,97,75,0.00,0.0,0
1987-07-23,95,77,T,0.0,0
1987-07-24,97,76,0.00,0.0,0
1987-07-25,95,76,0.00,0.0,0
1987-07-26,95,77,0.00,0.0,0
1987-07-27,96,78,0.00,0.0,0
1987-07-28,98,76,0.00,0.0,0
1987-07-29,99,77,0.00,0.0,0
1987-07-30,102,79,0.00,0.0,0
1987-07-31,101,81,0.00,0.0,0
1987-08-01,100,80,0.00,0.0,0
1987-08-02,99,80,0.00,0.0,0
1987-08-03,100,81,0.00,0.0,0
1987-08-04,104,80,0.00,0.0,0
1987-08-05,103,82,0.00,0.0,0
1987-08-06,104,83,0.00,0.0,0
1987-08-07,100,81,0.00,0.0,0
1987-08-08,100,81,0.00,0.0,0
1987-08-09,101,82,0.00,0.0,0
1987-08-10,102,76,0.42,0.0,0
1987-08-11,101,78,0.00,0.0,0
1987-08-12,101,79,0.00,0.0,0
1987-08-13,98,80,0.00,0.0,0
1987-08-14,100,78,0.00,0.0,0
1987-08-15,100,78,0.00,0.0,0
1987-08-16,101,78,0.00,0.0,0
1987-08-17,101,79,0.00,0.0,0
1987-08-18,103,79,0.00,0.0,0
1987-08-19,102,79,0.00,0.0,0
1987-08-20,102,81,0.00,0.0,0
1987-08-21,99,80,0.00,0.0,0
1987-08-22,101,80,0.00,0.0,0
1987-08-23,102,80,0.00,0.0,0
1987-08-24,98,82,0.00,0.0,0
1987-08-25,98,80,0.00,0.0,0
1987-08-26,100,80,0.00,0.0,0
1987-08-27,87,71,0.11,0.0,0
1987-08-28,77,67,0.00,0.0,0
1987-08-29,88,66,0.00,0.0,0
1987-08-30,86,73,0.03,0.0,0
1987-08-31,87,71,0.00,0.0,0
1987-09-01,91,69,0.00,0.0,0
1987-09-02,95,65,0.00,0.0,0
1987-09-03,97,70,0.00,0.0,0
1987-09-04,96,72,0.00,0.0,0
1987-09-05,94,75,0.00,0.0,0
1987-09-06,94,74,T,0.0,0
1987-09-07,83,73,T,0.0,0
1987-09-08,91,71,0.00,0.0,0
1987-09-09,96,70,0.00,0.0,0
1987-09-10,89,66,0.40,0.0,0
1987-09-11,90,72,0.00,0.0,0
1987-09-12,84,65,0.30,0.0,0
1987-09-13,91,72,0.38,0.0,0
1987-09-14,96,72,0.00,0.0,0
1987-09-15,89,73,T,0.0,0
1987-09-16,101,73,0.00,0.0,0
1987-09-17,99,72,0.00,0.0,0
1987-09-18,85,66,0.39,0.0,0
1987-09-19,81,65,0.00,0.0,0
1987-09-20,87,62,0.00,0.0,0
1987-09-21,86,64,0.00,0.0,0
1987-09-22,81,60,0.00,0.0,0
1987-09-23,84,58,0.00,0.0,0
1987-09-24,92,64,0.00,0.0,0
1987-09-25,92,66,0.00,0.0,0
1987-09-26,85,67,0.00,0.0,0
1987-09-27,89,68,0.00,0.0,0
1987-09-28,85,70,T,0.0,0
1987-09-29,87,65,0.00,0.0,0
1987-09-30,81,56,0.00,0.0,0
1987-10-01,87,55,0.00,0.0,0
1987-10-02,87,58,0.00,0.0,0
1987-10-03,72,48,0.00,0.0,0
1987-10-04,79,50,0.00,0.0,0
1987-10-05,95,58,0.00,0.0,0
1987-10-06,80,55,0.00,0.0,0
1987-10-07,83,54,0.00,0.0,0
1987-10-08,89,58,0.00,0.0,0
1987-10-09,89,66,0.00,0.0,0
1987-10-10,87,52,0.00,0.0,0
1987-10-11,67,47,0.00,0.0,0
1987-10-12,70,45,0.00,0.0,0
1987-10-13,76,48,0.00,0.0,0
1987-10-14,80,52,0.00,0.0,0
1987-10-15,81,57,0.00,0.0,0
1987-10-16,86,67,0.00,0.0,0
1987-10-17,80,60,0.00,0.0,0
1987-10-18,87,63,0.18,0.0,0
1987-10-19,71,58,T,0.0,0
1987-10-20,67,51,0.00,0.0,0
1987-10-21,68,45,0.00,0.0,0
1987-10-22,70,50,T,0.0,0
1987-10-23,66,60,T,0.0,0
1987-10-24,83,64,T,0.0,0
1987-10-25,78,63,0.00,0.0,0
1987-10-26,84,63,0.00,0.0,0
1987-10-27,73,54,0.00,0.0,0
1987-10-28,79,48,0.00,0.0,0
1987-10-29,82,59,0.00,0.0,0
1987-10-30,79,66,0.00,0.0,0
1987-10-31,81,64,0.00,0.0,0
1987-11-01,80,63,0.00,0.0,0
1987-11-02,77,62,0.00,0.0,0
1987-11-03,84,58,0.00,0.0,0
1987-11-04,89,59,0.00,0.0,0
1987-11-05,79,61,0.00,0.0,0
1987-11-06,72,52,0.00,0.0,0
1987-11-07,77,51,T,0.0,0
1987-11-08,68,55,0.23,0.0,0
1987-11-09,56,45,0.76,0.0,0
1987-11-10,53,38,0.00,0.0,0
1987-11-11,59,33,0.00,0.0,0
1987-11-12,66,36,0.00,0.0,0
1987-11-13,69,42,0.00,0.0,0
1987-11-14,67,49,0.00,0.0,0
1987-11-15,71,54,1.91,0.0,0
1987-11-16,61,46,0.25,0.0,0
1987-11-17,63,39,0.00,0.0,0
1987-11-18,62,40,0.12,0.0,0
1987-11-19,56,38,0.00,0.0,0
1987-11-20,67,37,0.00,0.0,0
1987-11-21,67,44,0.00,0.0,0
1987-11-22,72,51,0.00,0.0,0
1987-11-23,78,62,0.00,0.0,0
1987-11-24,73,62,T,0.0,0
1987-11-25,64,46,0.68,0.0,0
1987-11-26,53,45,0.00,0.0,0
1987-11-27,50,39,0.21,0.0,0
1987-11-28,53,35,0.00,0.0,0
1987-11-29,57,37,0.00,0.0,0
1987-11-30,57,36,0.00,0.0,0
1987-12-01,58,35,0.00,0.0,0
1987-12-02,68,40,0.00,0.0,0
1987-12-03,78,50,0.00,0.0,0
1987-12-04,73,45,0.00,0.0,0
1987-12-05,70,54,T,0.0,0
1987-12-06,67,56,T,0.0,0
1987-12-07,57,51,0.00,0.0,0
1987-12-08,74,51,0.00,0.0,0
1987-12-09,65,42,0.00,0.0,0
1987-12-10,71,42,0.00,0.0,0
1987-12-11,69,46,0.00,0.0,0
1987-12-12,60,41,0.00,0.0,0
1987-12-13,52,39,0.25,0.0,0
1987-12-14,42,32,0.09,T,0
1987-12-15,40,26,0.00,0.0,0
1987-12-16,48,26,0.00,0.0,0
1987-12-17,42,32,0.00,0.0,0
1987-12-18,52,40,0.06,0.0,0
1987-12-19,65,47,0.54,0.0,0
1987-12-20,50,37,0.00,0.0,0
1987-12-21,59,39,0.00,0.0,0
1987-12-22,63,41,0.00,0.0,0
1987-12-23,63,47,T,0.0,0
1987-12-24,69,43,0.16,0.0,0
1987-12-25,43,31,1.10,0.0,0
1987-12-26,38,31,0.32,0.0,0
1987-12-27,43,29,0.00,0.0,0
1987-12-28,45,30,0.00,0.0,0
1987-12-29,35,28,0.00,0.0,0
1987-12-30,49,29,0.00,0.0,0
1987-12-31,49,30,0.00,0.0,0
1988-01-01,43,26,0.00,0.0,0
1988-01-02,42,32,0.00,0.0,0
1988-01-03,49,32,T,T,0
1988-01-04,45,32,0.00,0.0,0
1988-01-05,42,32,0.00,0.0,0
1988-01-06,38,27,T,1.0,0
1988-01-07,30,20,T,T,1
1988-01-08,29,16,0.00,0.0,0
1988-01-09,31,20,0.00,0.0,0
1988-01-10,38,16,0.00,0.0,0
1988-01-11,48,28,0.00,0.0,0
1988-01-12,58,31,0.00,0.0,0
1988-01-13,43,23,0.00,0.0,0
1988-01-14,50,31,0.00,0.0,0
1988-01-15,62,31,0.00,0.0,0
1988-01-16,62,51,0.00,0.0,0
1988-01-17,66,50,0.00,0.0,0
1988-01-18,64,47,T,0.0,0
1988-01-19,59,41,0.00,0.0,0
1988-01-20,47,33,0.00,0.0,0
1988-01-21,48,26,0.00,0.0,0
1988-01-22,55,27,0.00,0.0,0
1988-01-23,65,32,0.00,0.0,0
1988-01-24,54,40,0.00,0.0,0
1988-01-25,44,33,0.00,0.0,0
1988-01-26,59,31,0.00,0.0,0
1988-01-27,67,33,0.00,0.0,0
1988-01-28,70,43,0.00,0.0,0
1988-01-29,69,47,0.00,0.0,0
1988-01-30,71,58,0.00,0.0,0
1988-01-31,75,62,0.00,0.0,0
1988-02-01,73,34,0.00,0.0,0
1988-02-02,37,30,T,0.0,0
1988-02-03,38,31,T,0.0,0
1988-02-04,35,29,0.00,0.0,0
1988-02-05,35,27,0.04,T,0
1988-02-06,36,19,0.00,0.0,0
1988-02-07,43,30,T,T,0
1988-02-08,47,36,0.00,0.0,0
1988-02-09,53,42,0.00,0.0,0
1988-02-10,59,25,T,T,0
1988-02-11,28,16,0.10,1.0,1
1988-02-12,64,21,0.00,0.0,0
1988-02-13,69,37,0.00,0.0,0
1988-02-14,66,47,0.00,0.0,0
1988-02-15,56,32,0.00,0.0,0
1988-02-16,73,41,0.00,0.0,0
1988-02-17,62,47,0.33,0.0,0
1988-02-18,47,41,0.62,0.0,0
1988-02-19,56,41,0.00,0.0,0
1988-02-20,65,38,0.00,0.0,0
1988-02-21,75,40,0.00,0.0,0
1988-02-22,76,61,0.00,0.0,0
1988-02-23,61,44,0.00,0.0,0
1988-02-24,62,37,0.00,0.0,0
1988-02-25,72,42,0.00,0.0,0
1988-02-26,72,49,0.00,0.0,0
1988-02-27,75,56,0.00,0.0,0
1988-02-28,78,43,T,0.0,0
1988-02-29,77,54,T,0.0,0
1988-03-01,76,55,0.00,0.0,0
1988-03-02,67,43,1.17,0.0,0
1988-03-03,46,37,0.09,0.0,0
1988-03-04,57,33,0.00,0.0,0
1988-03-05,69,42,0.00,0.0,0
1988-03-06,65,38,0.00,0.0,0
1988-03-07,75,48,0.00,0.0,0
1988-03-08,64,49,0.00,0.0,0
1988-03-09,66,43,0.00,0.0,0
1988-03-10,82,44,0.00,0.0,0
1988-03-11,81,56,0.00,0.0,0
1988-03-12,65,41,0.00,0.0,0
1988-03-13,51,31,0.00,0.0,0
1988-03-14,55,27,0.00,0.0,0
1988-03-15,65,36,0.00,0.0,0
1988-03-16,58,46,0.01,0.0,0
1988-03-17,56,39,0.71,0.0,0
1988-03-18,50,32,0.00,0.0,0
1988-03-19,68,31,0.00,0.0,0
1988-03-20,83,47,0.00,0.0,0
1988-03-21,80,51,0.00,0.0,0
1988-03-22,73,53,0.00,0.0,0
1988-03-23,79,61,0.00,0.0,0
1988-03-24,83,64,T,0.0,0
1988-03-25,80,54,0.00,0.0,0
1988-03-26,79,57,0.00,0.0,0
1988-03-27,81,55,0.00,0.0,0
1988-03-28,78,65,0.02,0.0,0
1988-03-29,71,42,0.14,0.0,0
1988-03-30,60,37,0.00,0.0,0
1988-03-31,68,49,T,0.0,0
1988-04-01,71,54,1.06,0.0,0
1988-04-02,75,46,0.00,0.0,0
1988-04-03,82,49,0.00,0.0,0
1988-04-04,86,61,0.00,0.0,0
1988-04-05,88,52,0.00,0.0,0
1988-04-06,76,51,0.00,0.0,0
1988-04-07,87,52,0.00,0.0,0
1988-04-08,82,57,0.00,0.0,0
1988-04-09,79,50,0.00,0.0,0
1988-04-10,61,46,T,0.0,0
1988-04-11,65,42,0.00,0.0,0
1988-04-12,74,47,0.00,0.0,0
1988-04-13,83,50,0.00,0.0,0
1988-04-14,85,57,0.00,0.0,0
1988-04-15,85,62,0.00,0.0,0
1988-04-16,75,56,0.00,0.0,0
1988-04-17,77,63,1.94,0.0,0
1988-04-18,63,45,0.00,0.0,0
1988-04-19,72,39,0.00,0.0,0
1988-04-20,86,55,0.00,0.0,0
1988-04-21,85,62,0.00,0.0,0
1988-04-22,89,70,0.00,0.0,0
1988-04-23,79,60,0.52,0.0,0
1988-04-24,81,54,0.04,0.0,0
1988-04-25,76,56,0.00,0.0,0
1988-04-26,82,57,0.00,0.0,0
1988-04-27,75,51,0.00,0.0,0
1988-04-28,80,57,0.00,0.0,0
1988-04-29,74,61,0.36,0.0,0
1988-04-30,74,58,T,0.0,0
1988-05-01,80,57,0.00,0.0,0
1988-05-02,72,58,T,0.0,0
1988-05-03,78,54,0.00,0.0,0
1988-05-04,79,54,0.00,0.0,0
1988-05-05,86,57,0.00,0.0,0
1988-05-06,85,64,0.00,0.0,0
1988-05-07,73,64,0.01,0.0,0
1988-05-08,92,68,0.03,0.0,0
1988-05-09,88,65,0.00,0.0,0
1988-05-10,91,61,0.00,0.0,0
1988-05-11,88,69,0.00,0.0,0
1988-05-12,87,63,0.00,0.0,0
1988-05-13,89,62,0.00,0.0,0
1988-05-14,87,67,0.00,0.0,0
1988-05-15,89,65,0.00,0.0,0
1988-05-16,91,68,T,0.0,0
1988-05-17,93,70,0.00,0.0,0
1988-05-18,91,72,0.00,0.0,0
1988-05-19,89,69,0.00,0.0,0
1988-05-20,88,68,0.64,0.0,0
1988-05-21,81,63,T,0.0,0
1988-05-22,75,60,0.00,0.0,0
1988-05-23,84,60,0.00,0.0,0
1988-05-24,84,66,0.00,0.0,0
1988-05-25,85,61,0.00,0.0,0
1988-05-26,84,62,0.00,0.0,0
1988-05-27,87,61,0.00,0.0,0
1988-05-28,86,66,0.00,0.0,0
1988-05-29,85,70,T,0.0,0
1988-05-30,87,70,0.00,0.0,0
1988-05-31,86,66,0.43,0.0,0
1988-06-01,84,65,1.65,0.0,0
1988-06-02,79,68,1.71,0.0,0
1988-06-03,80,64,0.03,0.0,0
1988-06-04,84,65,T,0.0,0
1988-06-05,86,63,0.00,0.0,0
1988-06-06,89,68,0.00,0.0,0
1988-06-07,94,68,0.00,0.0,0
1988-06-08,97,75,0.00,0.0,0
1988-06-09,95,75,0.00,0.0,0
1988-06-10,85,71,0.00,0.0,0
1988-06-11,88,63,0.00,0.0,0
1988-06-12,90,66,0.00,0.0,0
1988-06-13,89,69,0.00,0.0,0
1988-06-14,91,73,0.00,0.0,0
1988-06-15,93,72,0.00,0.0,0
1988-06-16,96,73,0.00,0.0,0
1988-06-17,90,74,T,0.0,0
1988-06-18,95,72,0.00,0.0,0
1988-06-19,95,74,0.00,0.0,0
1988-06-20,94,74,0.00,0.0,0
1988-06-21,95,76,0.00,0.0,0
1988-06-22,96,74,T,0.0,0
1988-06-23,97,75,0.00,0.0,0
1988-06-24,97,78,0.00,0.0,0
1988-06-25,91,74,T,0.0,0
1988-06-26,95,71,0.10,0.0,0
1988-06-27,97,76,0.00,0.0,0
1988-06-28,96,74,0.05,0.0,0
1988-06-29,98,77,0.00,0.0,0
1988-06-30,100,78,0.00,0.0,0
1988-07-01,102,80,0.00,0.0,0
1988-07-02,95,78,0.05,0.0,0
1988-07-03,98,75,0.00,0.0,0
1988-07-04,95,75,0.00,0.0,0
1988-07-05,96,73,0.56,0.0,0
1988-07-06,91,72,0.00,0.0,0
1988-07-07,91,72,0.00,0.0,0
1988-07-08,88,72,T,0.0,0
1988-07-09,94,71,0.00,0.0,0
1988-07-10,95,76,0.39,0.0,0
1988-07-11,87,75,0.67,0.0,0
1988-07-12,94,73,4.12,0.0,0
1988-07-13,96,76,0.00,0.0,0
1988-07-14,96,76,0.00,0.0,0
1988-07-15,97,79,0.00,0.0,0
1988-07-16,98,79,0.00,0.0,0
1988-07-17,100,81,0.00,0.0,0
1988-07-18,103,81,0.00,0.0,0
1988-07-19,96,73,0.35,0.0,0
1988-07-20,83,74,T,0.0,0
1988-07-21,92,70,0.00,0.0,0
1988-07-22,94,74,0.00,0.0,0
1988-07-23,99,74,0.00,0.0,0
1988-07-24,101,78,0.00,0.0,0
1988-07-25,101,76,0.00,0.0,0
1988-07-26,103,78,0.00,0.0,0
1988-07-27,99,78,0.00,0.0,0
1988-07-28,101,76,0.00,0.0,0
1988-07-29,98,77,0.00,0.0,0
1988-07-30,97,76,0.00,0.0,0
1988-07-31,97,73,0.00,0.0,0
1988-08-01,97,79,0.00,0.0,0
1988-08-02,96,75,0.00,0.0,0
1988-08-03,93,77,T,0.0,0
1988-08-04,98,78,0.00,0.0,0
1988-08-05,99,78,0.00,0.0,0
1988-08-06,103,79,0.00,0.0,0
1988-08-07,106,82,0.00,0.0,0
1988-08-08,106,82,0.00,0.0,0
1988-08-09,103,83,0.00,0.0,0
1988-08-10,99,67,0.00,0.0,0
1988-08-11,95,77,0.00,0.0,0
1988-08-12,98,78,0.00,0.0,0
1988-08-13,99,81,0.00,0.0,0
1988-08-14,100,81,0.00,0.0,0
1988-08-15,99,78,0.00,0.0,0
1988-08-16,101,80,0.00,0.0,0
1988-08-17,95,80,0.00,0.0,0
1988-08-18,98,77,0.00,0.0,0
1988-08-19,98,75,0.10,0.0,0
1988-08-20,97,79,T,0.0,0
1988-08-21,102,81,0.00,0.0,0
1988-08-22,102,78,0.00,0.0,0
1988-08-23,106,81,0.00,0.0,0
1988-08-24,98,80,0.00,0.0,0
1988-08-25,101,77,0.00,0.0,0
1988-08-26,104,80,0.00,0.0,0
1988-08-27,103,83,0.00,0.0,0
1988-08-28,100,72,0.00,0.0,0
1988-08-29,76,68,0.06,0.0,0
1988-08-30,85,65,0.00,0.0,0
1988-08-31,90,70,0.00,0.0,0
1988-09-01,95,72,T,0.0,0
1988-09-02,95,72,0.15,0.0,0
1988-09-03,82,71,1.15,0.0,0
1988-09-04,83,63,0.00,0.0,0
1988-09-05,87,61,0.00,0.0,0
1988-09-06,89,68,0.00,0.0,0
1988-09-07,90,64,0.00,0.0,0
1988-09-08,93,67,0.00,0.0,0
1988-09-09,97,68,0.00,0.0,0
1988-09-10,90,69,0.00,0.0,0
1988-09-11,96,73,0.00,0.0,0
1988-09-12,94,73,0.00,0.0,0
1988-09-13,93,69,0.96,0.0,0
1988-09-14,92,73,0.00,0.0,0
1988-09-15,95,76,0.00,0.0,0
1988-09-16,89,72,0.00,0.0,0
1988-09-17,91,77,0.04,0.0,0
1988-09-18,93,75,T,0.0,0
1988-09-19,93,76,T,0.0,0
1988-09-20,92,71,0.05,0.0,0
1988-09-21,94,73,0.00,0.0,0
1988-09-22,95,75,0.00,0.0,0
1988-09-23,92,75,T,0.0,0
1988-09-24,78,63,T,0.0,0
1988-09-25,83,58,0.00,0.0,0
1988-09-26,87,65,0.00,0.0,0
1988-09-27,93,65,0.00,0.0,0
1988-09-28,93,69,0.00,0.0,0
1988-09-29,80,62,1.07,0.0,0
1988-09-30,70,59,T,0.0,0
1988-10-01,72,58,0.91,0.0,0
1988-10-02,78,60,0.00,0.0,0
1988-10-03,79,54,0.00,0.0,0
1988-10-04,77,52,0.00,0.0,0
1988-10-05,76,57,0.00,0.0,0
1988-10-06,78,53,0.00,0.0,0
1988-10-07,76,57,0.00,0.0,0
1988-10-08,66,61,0.13,0.0,0
1988-10-09,72,58,0.00,0.0,0
1988-10-10,78,48,0.00,0.0,0
1988-10-11,80,53,0.00,0.0,0
1988-10-12,74,53,0.00,0.0,0
1988-10-13,77,55,0.00,0.0,0
1988-10-14,81,56,0.00,0.0,0
1988-10-15,84,59,0.00,0.0,0
1988-10-16,87,64,0.00,0.0,0
1988-10-17,89,67,0.00,0.0,0
1988-10-18,86,63,0.00,0.0,0
1988-10-19,63,57,0.00,0.0,0
1988-10-20,82,60,0.00,0.0,0
1988-10-21,73,55,0.00,0.0,0
1988-10-22,84,58,0.00,0.0,0
1988-10-23,76,56,0.00,0.0,0
1988-10-24,80,51,0.00,0.0,0
1988-10-25,88,63,0.00,0.0,0
1988-10-26,72,52,0.21,0.0,0
1988-10-27,83,58,T,0.0,0
1988-10-28,74,53,0.28,0.0,0
1988-10-29,60,52,0.75,0.0,0
1988-10-30,59,52,0.01,0.0,0
1988-10-31,57,48,0.11,0.0,0
1988-11-01,74,48,0.00,0.0,0
1988-11-02,72,53,0.00,0.0,0
1988-11-03,83,60,0.00,0.0,0
1988-11-04,81,61,0.00,0.0,0
1988-11-05,71,55,0.00,0.0,0
1988-11-06,74,48,0.00,0.0,0
1988-11-07,88,57,0.00,0.0,0
1988-11-08,79,49,0.00,0.0,0
1988-11-09,85,65,0.00,0.0,0
1988-11-10,71,49,0.00,0.0,0
1988-11-11,64,54,0.00,0.0,0
1988-11-12,72,64,0.76,0.0,0
1988-11-13,77,48,0.00,0.0,0
1988-11-14,83,61,T,0.0,0
1988-11-15,84,50,0.50,0.0,0
1988-11-16,58,40,0.00,0.0,0
1988-11-17,63,37,0.00,0.0,0
1988-11-18,61,52,0.01,0.0,0
1988-11-19,58,40,0.37,0.0,0
1988-11-20,54,38,0.00,0.0,0
1988-11-21,54,33,0.00,0.0,0
1988-11-22,60,44,0.00,0.0,0
1988-11-23,68,38,0.00,0.0,0
1988-11-24,72,44,0.00,0.0,0
1988-11-25,77,61,0.05,0.0,0
1988-11-26,70,45,0.05,0.0,0
1988-11-27,56,42,0.00,0.0,0
1988-11-28,58,34,0.00,0.0,0
1988-11-29,63,43,0.00,0.0,0
1988-11-30,62,34,0.00,0.0,0
1988-12-01,66,38,0.00,0.0,0
1988-12-02,74,45,0.00,0.0,0
1988-12-03,71,43,0.00,0.0,0
1988-12-04,63,43,0.00,0.0,0
1988-12-05,63,37,0.00,0.0,0
1988-12-06,65,47,T,0.0,0
1988-12-07,63,50,0.12,0.0,0
1988-12-08,52,36,T,0.0,0
1988-12-09,45,34,T,0.0,0
1988-12-10,44,40,0.60,0.0,0
1988-12-11,44,38,0.02,0.0,0
1988-12-12,51,40,T,0.0,0
1988-12-13,70,38,0.00,0.0,0
1988-12-14,67,45,0.00,0.0,0
1988-12-15,56,37,0.00,0.0,0
1988-12-16,47,29,0.00,0.0,0
1988-12-17,57,34,0.00,0.0,0
1988-12-18,67,36,0.00,0.0,0
1988-12-19,68,46,0.00,0.0,0
1988-12-20,60,42,T,0.0,0
1988-12-21,70,41,0.00,0.0,0
1988-12-22,68,48,0.36,0.0,0
1988-12-23,66,38,0.00,0.0,0
1988-12-24,59,45,0.00,0.0,0
1988-12-25,61,40,T,0.0,0
1988-12-26,75,57,T,0.0,0
1988-12-27,70,34,0.70,T,0
1988-12-28,44,31,0.00,0.0,0
1988-12-29,48,29,0.00,0.0,0
1988-12-30,50,38,0.06,0.0,0
1988-12-31,62,45,0.12,0.0,0
1989-01-01,60,40,0.00,0.0,0
1989-01-02,69,55,0.00,0.0,0
1989-01-03,62,50,0.00,0.0,0
1989-01-04,62,44,0.00,0.0,0
1989-01-05,79,54,T,0.0,0
1989-01-06,76,50,0.00,0.0,0
1989-01-07,70,43,T,0.0,0
1989-01-08,43,35,0.02,T,0
1989-01-09,46,33,0.00,0.0,0
1989-01-10,58,34,0.00,0.0,0
1989-01-11,64,52,0.00,0.0,0
1989-01-12,61,36,0.21,T,0
1989-01-13,38,32,0.16,T,0
1989-01-14,51,32,T,0.0,0
1989-01-15,56,33,0.00,0.0,0
1989-01-16,54,35,0.00,0.0,0
1989-01-17,60,38,0.00,0.0,0
1989-01-18,67,50,0.00,0.0,0
1989-01-19,60,51,T,0.0,0
1989-01-20,55,37,0.00,0.0,0
1989-01-21,54,31,0.00,0.0,0
1989-01-22,58,35,0.00,0.0,0
1989-01-23,63,44,0.00,0.0,0
1989-01-24,69,54,0.00,0.0,0
1989-01-25,68,51,0.29,0.0,0
1989-01-26,54,42,0.01,0.0,0
1989-01-27,50,40,0.02,0.0,0
1989-01-28,53,46,1.34,0.0,0
1989-01-29,50,40,T,0.0,0
1989-01-30,71,35,0.00,0.0,0
1989-01-31,77,48,0.00,0.0,0
1989-02-01,84,43,0.00,0.0,0
1989-02-02,55,27,1.07,T,0
1989-02-03,27,16,T,T,0
1989-02-04,17,11,T,T,0
1989-02-05,21,11,T,T,0
1989-02-06,28,15,0.00,0.0,0
1989-02-07,39,22,0.00,0.0,0
1989-02-08,47,26,0.00,0.0,0
1989-02-09,47,39,0.00,0.0,0
1989-02-10,59,36,0.00,0.0,0
1989-02-11,68,38,0.00,0.0,0
1989-02-12,66,50,0.24,0.0,0
1989-02-13,72,46,0.00,0.0,0
1989-02-14,47,40,0.04,0.0,0
1989-02-15,48,42,0.38,0.0,0
1989-02-16,44,38,0.62,0.0,0
1989-02-17,45,38,1.58,0.0,0
1989-02-18,43,38,T,0.0,0
1989-02-19,47,39,T,0.0,0
1989-02-20,67,43,T,0.0,0
1989-02-21,56,41,0.00,0.0,0
1989-02-22,52,32,0.00,0.0,0
1989-02-23,45,24,0.00,0.0,0
1989-02-24,54,33,0.00,0.0,0
1989-02-25,71,46,0.00,0.0,0
1989-02-26,76,54,0.00,0.0,0
1989-02-27,60,42,T,0.0,0
1989-02-28,54,40,T,0.0,0
1989-03-01,56,44,0.00,0.0,0
1989-03-02,60,44,T,0.0,0
1989-03-03,72,57,0.00,0.0,0
1989-03-04,64,22,0.73,0.1,0
1989-03-05,28,16,0.05,0.1,1
1989-03-06,32,20,0.00,0.0,1
1989-03-07,46,22,0.00,0.0,0
1989-03-08,57,30,0.00,0.0,0
1989-03-09,68,41,0.00,0.0,0
1989-03-10,78,48,0.00,0.0,0
1989-03-11,85,54,0.00,0.0,0
1989-03-12,86,55,0.00,0.0,0
1989-03-13,84,71,0.00,0.0,0
1989-03-14,91,62,0.00,0.0,0
1989-03-15,65,51,0.00,0.0,0
1989-03-16,74,50,0.00,0.0,0
1989-03-17,84,63,0.00,0.0,0
1989-03-18,72,51,0.00,0.0,0
1989-03-19,67,51,T,0.0,0
1989-03-20,83,45,0.00,0.0,0
1989-03-21,47,32,0.38,T,0
1989-03-22,60,38,0.00,0.0,0
1989-03-23,69,40,0.00,0.0,0
1989-03-24,79,49,0.00,0.0,0
1989-03-25,74,57,0.00,0.0,0
1989-03-26,76,64,0.01,0.0,0
1989-03-27,80,62,T,0.0,0
1989-03-28,72,60,2.62,0.0,0
1989-03-29,73,59,0.22,0.0,0
1989-03-30,73,53,0.00,0.0,0
1989-03-31,66,41,0.00,0.0,0
1989-04-01,77,51,0.00,0.0,0
1989-04-02,86,62,0.00,0.0,0
1989-04-03,97,70,0.00,0.0,0
1989-04-04,75,60,0.00,0.0,0
1989-04-05,72,54,0.00,0.0,0
1989-04-06,84,52,0.00,0.0,0
1989-04-07,81,55,0.00,0.0,0
1989-04-08,72,54,0.00,0.0,0
1989-04-09,62,46,0.00,0.0,0
1989-04-10,55,40,0.00,0.0,0
1989-04-11,61,38,0.00,0.0,0
1989-04-12,65,51,T,0.0,0
1989-04-13,56,48,1.69,0.0,0
1989-04-14,59,49,0.04,0.0,0
1989-04-15,74,45,0.00,0.0,0
1989-04-16,81,57,0.00,0.0,0
1989-04-17,79,61,0.00,0.0,0
1989-04-18,82,68,0.00,0.0,0
1989-04-19,79,61,0.00,0.0,0
1989-04-20,82,56,0.00,0.0,0
1989-04-21,86,63,0.00,0.0,0
1989-04-22,87,67,0.00,0.0,0
1989-04-23,87,66,0.00,0.0,0
1989-04-24,84,65,0.00,0.0,0
1989-04-25,86,67,0.00,0.0,0
1989-04-26,89,66,0.00,0.0,0
1989-04-27,86,69,0.00,0.0,0
1989-04-28,92,69,T,0.0,0
1989-04-29,86,65,0.02,0.0,0
1989-04-30,82,61,T,0.0,0
1989-05-01,76,62,0.20,0.0,0
1989-05-02,75,57,0.59,0.0,0
1989-05-03,73,59,1.07,0.0,0
1989-05-04,81,64,2.01,0.0,0
1989-05-05,82,57,0.01,0.0,0
1989-05-06,80,61,0.00,0.0,0
1989-05-07,80,52,0.04,0.0,0
1989-05-08,89,70,0.00,0.0,0
1989-05-09,82,64,0.00,0.0,0
1989-05-10,74,59,0.00,0.0,0
1989-05-11,77,61,0.00,0.0,0
1989-05-12,69,58,0.08,0.0,0
1989-05-13,77,61,0.03,0.0,0
1989-05-14,84,60,0.00,0.0,0
1989-05-15,89,70,0.15,0.0,0
1989-05-16,73,64,3.13,0.0,0
1989-05-17,81,67,3.25,0.0,0
1989-05-18,88,69,T,0.0,0
1989-05-19,95,72,0.00,0.0,0
1989-05-20,91,77,0.00,0.0,0
1989-05-21,91,73,0.00,0.0,0
1989-05-22,88,74,T,0.0,0
1989-05-23,91,75,0.00,0.0,0
1989-05-24,94,76,0.00,0.0,0
1989-05-25,96,75,0.00,0.0,0
1989-05-26,94,75,0.00,0.0,0
1989-05-27,90,72,0.00,0.0,0
1989-05-28,94,71,0.00,0.0,0
1989-05-29,94,74,0.00,0.0,0
1989-05-30,91,75,0.00,0.0,0
1989-05-31,93,73,0.00,0.0,0
1989-06-01,94,75,T,0.0,0
1989-06-02,92,68,0.36,0.0,0
1989-06-03,90,68,0.09,0.0,0
1989-06-04,80,61,1.81,0.0,0
1989-06-05,82,66,0.00,0.0,0
1989-06-06,89,68,0.05,0.0,0
1989-06-07,81,68,3.26,0.0,0
1989-06-08,83,63,0.00,0.0,0
1989-06-09,83,67,0.04,0.0,0
1989-06-10,85,70,0.47,0.0,0
1989-06-11,92,68,0.15,0.0,0
1989-06-12,86,66,1.00,0.0,0
1989-06-13,78,67,3.64,0.0,0
1989-06-14,83,67,T,0.0,0
1989-06-15,76,62,0.00,0.0,0
1989-06-16,81,58,0.00,0.0,0
1989-06-17,87,68,0.00,0.0,0
1989-06-18,93,69,0.00,0.0,0
1989-06-19,96,74,0.00,0.0,0
1989-06-20,96,76,0.00,0.0,0
1989-06-21,97,76,0.00,0.0,0
1989-06-22,94,76,T,0.0,0
1989-06-23,90,72,0.00,0.0,0
1989-06-24,92,73,0.00,0.0,0
1989-06-25,93,72,T,0.0,0
1989-06-26,89,75,0.00,0.0,0
1989-06-27,89,74,0.00,0.0,0
1989-06-28,90,73,0.00,0.0,0
1989-06-29,90,74,T,0.0,0
1989-06-30,85,73,T,0.0,0
1989-07-01,97,72,0.00,0.0,0
1989-07-02,97,70,2.60,0.0,0
1989-07-03,91,65,0.00,0.0,0
1989-07-04,94,73,0.00,0.0,0
1989-07-05,96,77,0.00,0.0,0
1989-07-06,96,74,0.00,0.0,0
1989-07-07,86,75,0.02,0.0,0
1989-07-08,90,74,0.00,0.0,0
1989-07-09,94,76,0.00,0.0,0
1989-07-10,93,77,0.00,0.0,0
1989-07-11,92,77,0.00,0.0,0
1989-07-12,97,78,0.00,0.0,0
1989-07-13,95,76,0.15,0.0,0
1989-07-14,83,76,T,0.0,0
1989-07-15,91,72,0.70,0.0,0
1989-07-16,98,78,0.00,0.0,0
1989-07-17,99,77,0.00,0.0,0
1989-07-18,99,79,T,0.0,0
1989-07-19,91,79,0.01,0.0,0
1989-07-20,89,70,0.00,0.0,0
1989-07-21,90,71,0.00,0.0,0
1989-07-22,93,72,0.00,0.0,0
1989-07-23,85,75,0.10,0.0,0
1989-07-24,90,69,0.00,0.0,0
1989-07-25,90,70,0.12,0.0,0
1989-07-26,84,73,0.09,0.0,0
1989-07-27,89,74,0.00,0.0,0
1989-07-28,95,76,0.00,0.0,0
1989-07-29,96,79,0.00,0.0,0
1989-07-30,97,79,0.00,0.0,0
1989-07-31,94,76,0.00,0.0,0
1989-08-01,90,78,T,0.0,0
1989-08-02,88,75,0.11,0.0,0
1989-08-03,94,74,0.00,0.0,0
1989-08-04,96,77,0.00,0.0,0
1989-08-05,99,78,0.00,0.0,0
1989-08-06,102,74,1.72,0.0,0
1989-08-07,76,68,0.56,0.0,0
1989-08-08,80,62,0.00,0.0,0
1989-08-09,84,65,0.00,0.0,0
1989-08-10,83,65,0.00,0.0,0
1989-08-11,86,67,0.00,0.0,0
1989-08-12,89,69,0.00,0.0,0
1989-08-13,90,72,0.00,0.0,0
1989-08-14,81,74,T,0.0,0
1989-08-15,89,71,0.01,0.0,0
1989-08-16,89,73,0.24,0.0,0
1989-08-17,89,73,1.21,0.0,0
1989-08-18,93,71,0.00,0.0,0
1989-08-19,95,76,0.00,0.0,0
1989-08-20,96,77,0.00,0.0,0
1989-08-21,96,78,0.00,0.0,0
1989-08-22,97,76,0.00,0.0,0
1989-08-23,101,79,0.00,0.0,0
1989-08-24,96,80,0.09,0.0,0
1989-08-25,98,78,0.00,0.0,0
1989-08-26,99,80,0.00,0.0,0
1989-08-27,98,78,0.00,0.0,0
1989-08-28,100,81,0.00,0.0,0
1989-08-29,101,81,0.00,0.0,0
1989-08-30,97,78,0.00,0.0,0
1989-08-31,98,78,0.00,0.0,0
1989-09-01,102,80,0.00,0.0,0
1989-09-02,99,79,0.00,0.0,0
1989-09-03,99,80,0.00,0.0,0
1989-09-04,100,78,0.00,0.0,0
1989-09-05,97,78,0.00,0.0,0
1989-09-06,96,77,0.00,0.0,0
1989-09-07,95,77,0.00,0.0,0
1989-09-08,95,79,0.00,0.0,0
1989-09-09,94,78,0.01,0.0,0
1989-09-10,87,72,T,0.0,0
1989-09-11,79,68,1.31,0.0,0
1989-09-12,86,67,0.00,0.0,0
1989-09-13,79,59,1.18,0.0,0
1989-09-14,70,56,0.00,0.0,0
1989-09-15,74,55,0.00,0.0,0
1989-09-16,83,59,0.00,0.0,0
1989-09-17,87,62,0.00,0.0,0
1989-09-18,84,67,0.00,0.0,0
1989-09-19,85,60,0.00,0.0,0
1989-09-20,88,63,0.00,0.0,0
1989-09-21,86,66,0.00,0.0,0
1989-09-22,78,67,0.00,0.0,0
1989-09-23,69,54,0.00,0.0,0
1989-09-24,69,52,0.00,0.0,0
1989-09-25,76,48,0.00,0.0,0
1989-09-26,82,50,0.00,0.0,0
1989-09-27,80,58,0.00,0.0,0
1989-09-28,82,54,0.00,0.0,0
1989-09-29,79,64,0.00,0.0,0
1989-09-30,83,63,0.00,0.0,0
1989-10-01,95,62,0.00,0.0,0
1989-10-02,96,68,0.00,0.0,0
1989-10-03,91,65,0.00,0.0,0
1989-10-04,86,72,0.00,0.0,0
1989-10-05,88,71,0.00,0.0,0
1989-10-06,81,67,T,0.0,0
1989-10-07,74,60,T,0.0,0
1989-10-08,81,51,0.00,0.0,0
1989-10-09,84,45,0.00,0.0,0
1989-10-10,87,66,0.00,0.0,0
1989-10-11,95,62,0.00,0.0,0
1989-10-12,92,66,0.00,0.0,0
1989-10-13,88,65,0.00,0.0,0
1989-10-14,89,66,0.00,0.0,0
1989-10-15,87,66,0.00,0.0,0
1989-10-16,90,54,0.00,0.0,0
1989-10-17,60,51,T,0.0,0
1989-10-18,57,43,0.09,0.0,0
1989-10-19,56,39,0.00,0.0,0
1989-10-20,74,37,0.00,0.0,0
1989-10-21,81,46,0.00,0.0,0
1989-10-22,83,61,0.00,0.0,0
1989-10-23,83,62,0.00,0.0,0
1989-10-24,80,65,0.00,0.0,0
1989-10-25,80,67,0.00,0.0,0
1989-10-26,79,60,0.00,0.0,0
1989-10-27,81,62,0.00,0.0,0
1989-10-28,76,65,T,0.0,0
1989-10-29,81,63,0.00,0.0,0
1989-10-30,67,48,1.88,0.0,0
1989-10-31,64,42,0.00,0.0,0
1989-11-01,67,50,0.00,0.0,0
1989-11-02,58,40,0.00,0.0,0
1989-11-03,62,34,0.00,0.0,0
1989-11-04,75,42,0.00,0.0,0
1989-11-05,85,64,0.00,0.0,0
1989-11-06,87,64,0.00,0.0,0
1989-11-07,85,64,0.00,0.0,0
1989-11-08,76,52,0.00,0.0,0
1989-11-09,79,46,0.00,0.0,0
1989-11-10,85,52,0.00,0.0,0
1989-11-11,83,54,0.00,0.0,0
1989-11-12,81,59,0.00,0.0,0
1989-11-13,79,64,0.00,0.0,0
1989-11-14,89,67,0.00,0.0,0
1989-11-15,75,48,0.00,0.0,0
1989-11-16,49,39,0.00,0.0,0
1989-11-17,53,38,0.00,0.0,0
1989-11-18,53,45,0.01,0.0,0
1989-11-19,74,49,0.00,0.0,0
1989-11-20,78,57,T,0.0,0
1989-11-21,76,63,T,0.0,0
1989-11-22,66,41,0.38,0.0,0
1989-11-23,51,33,0.00,0.0,0
1989-11-24,63,40,0.00,0.0,0
1989-11-25,77,58,0.00,0.0,0
1989-11-26,74,51,0.00,0.0,0
1989-11-27,78,55,0.00,0.0,0
1989-11-28,55,37,0.00,0.0,0
1989-11-29,52,39,0.00,0.0,0
1989-11-30,51,44,T,0.0,0
1989-12-01,56,45,0.00,0.0,0
1989-12-02,64,43,0.00,0.0,0
1989-12-03,50,34,0.00,0.0,0
1989-12-04,72,37,0.00,0.0,0
1989-12-05,77,46,0.00,0.0,0
1989-12-06,70,50,0.00,0.0,0
1989-12-07,50,35,T,0.0,0
1989-12-08,50,32,T,T,0
1989-12-09,60,32,0.00,0.0,0
1989-12-10,75,42,0.00,0.0,0
1989-12-11,42,29,0.00,0.0,0
1989-12-12,40,21,0.00,0.0,0
1989-12-13,60,26,0.00,0.0,0
1989-12-14,63,38,0.00,0.0,0
1989-12-15,44,13,0.00,0.0,0
1989-12-16,27,13,0.00,0.0,0
1989-12-17,34,27,0.00,0.0,0
1989-12-18,37,30,0.00,0.0,0
1989-12-19,38,26,0.00,0.0,0
1989-12-20,42,23,0.00,0.0,0
1989-12-21,32,11,0.00,0.0,0
1989-12-22,13,5,0.00,0.0,0
1989-12-23,23,1,0.00,0.0,0
1989-12-24,43,15,0.00,0.0,0
1989-12-25,67,29,0.00,0.0,0
1989-12-26,73,37,0.00,0.0,0
1989-12-27,68,44,0.00,0.0,0
1989-12-28,64,37,T,0.0,0
1989-12-29,73,44,T,0.0,0
1989-12-30,44,36,0.30,0.0,0
1989-12-31,53,36,0.00,0.0,0
1990-01-01,56,32,0.00,0.0,0
1990-01-02,59,42,T,0.0,0
1990-01-03,65,50,0.53,0.0,0
1990-01-04,58,39,0.00,0.0,0
1990-01-05,46,39,0.05,0.0,0
1990-01-06,55,42,0.00,0.0,0
1990-01-07,61,38,0.00,0.0,0
1990-01-08,74,38,0.00,0.0,0
1990-01-09,72,47,0.00,0.0,0
1990-01-10,75,44,0.00,0.0,0
1990-01-11,70,49,0.00,0.0,0
1990-01-12,54,36,0.00,0.0,0
1990-01-13,54,31,0.00,0.0,0
1990-01-14,71,46,0.00,0.0,0
1990-01-15,73,58,0.00,0.0,0
1990-01-16,70,60,0.01,0.0,0
1990-01-17,68,55,0.15,0.0,0
1990-01-18,58,52,1.36,T,0
1990-01-19,67,44,1.02,0.0,0
1990-01-20,54,43,0.00,0.0,0
1990-01-21,62,38,0.00,0.0,0
1990-01-22,71,43,0.00,0.0,0
1990-01-23,69,54,0.00,0.0,0
1990-01-24,78,45,0.00,0.0,0
1990-01-25,57,35,0.00,0.0,0
1990-01-26,68,40,0.00,0.0,0
1990-01-27,69,50,0.00,0.0,0
1990-01-28,50,39,0.18,0.0,0
1990-01-29,60,33,0.00,0.0,0
1990-01-30,68,42,0.00,0.0,0
1990-01-31,59,47,0.65,0.0,0
1990-02-01,66,56,3.06,0.0,0
1990-02-02,67,49,0.00,0.0,0
1990-02-03,53,39,T,0.0,0
1990-02-04,59,33,0.00,0.0,0
1990-02-05,60,38,0.00,0.0,0
1990-02-06,65,50,0.00,0.0,0
1990-02-07,72,42,0.00,0.0,0
1990-02-08,80,56,0.00,0.0,0
1990-02-09,69,48,0.20,0.0,0
1990-02-10,65,40,0.00,0.0,0
1990-02-11,74,41,0.00,0.0,0
1990-02-12,76,52,0.00,0.0,0
1990-02-13,75,58,0.00,0.0,0
1990-02-14,68,38,0.22,0.0,0
1990-02-15,48,38,T,0.0,0
1990-02-16,51,39,0.00,0.0,0
1990-02-17,56,34,0.00,0.0,0
1990-02-18,54,45,0.00,0.0,0
1990-02-19,67,47,T,0.0,0
1990-02-20,66,45,0.00,0.0,0
1990-02-21,56,43,0.65,0.0,0
1990-02-22,52,42,T,0.0,0
1990-02-23,69,39,0.00,0.0,0
1990-02-24,75,45,0.00,0.0,0
1990-02-25,75,51,0.00,0.0,0
1990-02-26,72,52,0.00,0.0,0
1990-02-27,69,56,T,0.0,0
1990-02-28,64,39,0.44,0.0,0
1990-03-01,44,37,T,0.0,0
1990-03-02,61,43,0.00,0.0,0
1990-03-03,68,40,0.00,0.0,0
1990-03-04,70,47,0.00,0.0,0
1990-03-05,70,53,T,0.0,0
1990-03-06,65,58,0.07,0.0,0
1990-03-07,65,57,0.75,0.0,0
1990-03-08,73,56,T,0.0,0
1990-03-09,81,68,0.00,0.0,0
1990-03-10,79,67,T,0.0,0
1990-03-11,72,62,0.95,0.0,0
1990-03-12,76,66,0.01,0.0,0
1990-03-13,75,62,T,0.0,0
1990-03-14,73,52,1.50,0.0,0
1990-03-15,69,47,0.00,0.0,0
1990-03-16,71,50,0.01,0.0,0
1990-03-17,75,47,0.00,0.0,0
1990-03-18,79,53,0.00,0.0,0
1990-03-19,60,46,0.00,0.0,0
1990-03-20,65,40,0.00,0.0,0
1990-03-21,74,50,0.00,0.0,0
1990-03-22,71,60,0.00,0.0,0
1990-03-23,76,54,0.00,0.0,0
1990-03-24,54,34,T,0.0,0
1990-03-25,40,34,0.87,0.0,0
1990-03-26,48,37,0.03,0.0,0
1990-03-27,49,44,0.64,0.0,0
1990-03-28,67,48,0.21,0.0,0
1990-03-29,64,55,0.32,0.0,0
1990-03-30,63,52,0.01,0.0,0
1990-03-31,71,47,0.00,0.0,0
1990-04-01,80,56,0.00,0.0,0
1990-04-02,70,56,0.01,0.0,0
1990-04-03,72,48,0.00,0.0,0
1990-04-04,84,57,T,0.0,0
1990-04-05,82,50,0.41,0.0,0
1990-04-06,58,43,0.04,0.0,0
1990-04-07,64,40,0.00,0.0,0
1990-04-08,63,51,0.00,0.0,0
1990-04-09,71,52,T,0.0,0
1990-04-10,70,55,0.78,0.0,0
1990-04-11,66,48,0.00,0.0,0
1990-04-12,72,47,0.00,0.0,0
1990-04-13,62,57,0.38,0.0,0
1990-04-14,70,57,1.24,0.0,0
1990-04-15,80,57,0.28,0.0,0
1990-04-16,79,65,0.00,0.0,0
1990-04-17,72,56,T,0.0,0
1990-04-18,59,48,T,0.0,0
1990-04-19,69,49,0.33,0.0,0
1990-04-20,72,65,0.52,0.0,0
1990-04-21,81,66,0.00,0.0,0
1990-04-22,83,65,0.00,0.0,0
1990-04-23,83,68,0.00,0.0,0
1990-04-24,78,67,T,0.0,0
1990-04-25,78,67,0.50,T,0
1990-04-26,73,60,2.84,0.0,0
1990-04-27,75,57,T,0.0,0
1990-04-28,80,54,0.00,0.0,0
1990-04-29,95,69,0.00,0.0,0
1990-04-30,73,54,0.00,0.0,0
1990-05-01,61,52,3.37,0.0,0
1990-05-02,76,57,1.91,0.0,0
1990-05-03,76,61,1.08,0.0,0
1990-05-04,63,52,0.00,0.0,0
1990-05-05,78,51,0.00,0.0,0
1990-05-06,77,57,0.00,0.0,0
1990-05-07,81,59,0.00,0.0,0
1990-05-08,81,64,0.00,0.0,0
1990-05-09,82,62,T,0.0,0
1990-05-10,76,53,0.00,0.0,0
1990-05-11,79,63,0.43,0.0,0
1990-05-12,87,67,0.00,0.0,0
1990-05-13,85,66,0.00,0.0,0
1990-05-14,91,72,0.00,0.0,0
1990-05-15,92,74,0.00,0.0,0
1990-05-16,92,70,0.06,0.0,0
1990-05-17,83,61,0.00,0.0,0
1990-05-18,82,69,0.21,0.0,0
1990-05-19,89,70,0.00,0.0,0
1990-05-20,95,73,0.02,0.0,0
1990-05-21,90,70,0.00,0.0,0
1990-05-22,84,64,0.00,0.0,0
1990-05-23,81,64,0.00,0.0,0
1990-05-24,88,67,0.00,0.0,0
1990-05-25,92,75,0.00,0.0,0
1990-05-26,91,73,0.03,0.0,0
1990-05-27,83,69,0.02,0.0,0
1990-05-28,84,70,0.00,0.0,0
1990-05-29,85,68,0.03,0.0,0
1990-05-30,94,70,0.20,0.0,0
1990-05-31,96,72,0.22,0.0,0
1990-06-01,80,65,2.41,0.0,0
1990-06-02,87,72,0.00,0.0,0
1990-06-03,91,70,0.82,0.0,0
1990-06-04,88,71,0.00,0.0,0
1990-06-05,95,73,0.00,0.0,0
1990-06-06,93,75,0.00,0.0,0
1990-06-07,93,78,0.00,0.0,0
1990-06-08,93,76,0.00,0.0,0
1990-06-09,94,74,0.00,0.0,0
1990-06-10,95,77,0.00,0.0,0
1990-06-11,94,77,0.00,0.0,0
1990-06-12,93,78,0.00,0.0,0
1990-06-13,95,77,0.00,0.0,0
1990-06-14,96,78,0.00,0.0,0
1990-06-15,95,79,0.00,0.0,0
1990-06-16,95,78,0.00,0.0,0
1990-06-17,97,77,0.00,0.0,0
1990-06-18,98,79,0.00,0.0,0
1990-06-19,99,80,0.00,0.0,0
1990-06-20,98,80,0.00,0.0,0
1990-06-21,96,80,0.00,0.0,0
1990-06-22,93,79,0.00,0.0,0
1990-06-23,95,72,0.00,0.0,0
1990-06-24,86,70,0.36,0.0,0
1990-06-25,97,76,0.05,0.0,0
1990-06-26,99,73,0.00,0.0,0
1990-06-27,96,78,T,0.0,0
1990-06-28,96,75,0.00,0.0,0
1990-06-29,94,77,0.00,0.0,0
1990-06-30,96,77,0.00,0.0,0
1990-07-01,99,76,0.00,0.0,0
1990-07-02,101,79,0.00,0.0,0
1990-07-03,99,80,0.00,0.0,0
1990-07-04,98,80,0.00,0.0,0
1990-07-05,99,80,0.00,0.0,0
1990-07-06,98,77,0.00,0.0,0
1990-07-07,95,77,0.00,0.0,0
1990-07-08,97,76,0.00,0.0,0
1990-07-09,99,79,0.00,0.0,0
1990-07-10,97,80,0.00,0.0,0
1990-07-11,100,80,0.00,0.0,0
1990-07-12,93,70,0.15,0.0,0
1990-07-13,79,60,0.00,0.0,0
1990-07-14,85,65,0.00,0.0,0
1990-07-15,84,68,0.00,0.0,0
1990-07-16,85,70,T,0.0,0
1990-07-17,86,69,0.08,0.0,0
1990-07-18,88,73,0.03,0.0,0
1990-07-19,90,73,0.00,0.0,0
1990-07-20,96,73,T,0.0,0
1990-07-21,98,74,0.00,0.0,0
1990-07-22,92,71,0.08,0.0,0
1990-07-23,85,70,0.12,0.0,0
1990-07-24,85,74,0.65,0.0,0
1990-07-25,95,74,0.00,0.0,0
1990-07-26,98,75,0.00,0.0,0
1990-07-27,99,77,0.00,0.0,0
1990-07-28,99,78,0.00,0.0,0
1990-07-29,102,81,0.00,0.0,0
1990-07-30,91,78,0.00,0.0,0
1990-07-31,90,74,0.00,0.0,0
1990-08-01,95,74,T,0.0,0
1990-08-02,95,74,T,0.0,0
1990-08-03,90,76,0.05,0.0,0
1990-08-04,85,73,1.68,0.0,0
1990-08-05,85,67,1.34,0.0,0
1990-08-06,85,65,0.00,0.0,0
1990-08-07,87,67,0.00,0.0,0
1990-08-08,89,69,0.00,0.0,0
1990-08-09,96,71,0.00,0.0,0
1990-08-10,97,74,0.00,0.0,0
1990-08-11,100,75,0.00,0.0,0
1990-08-12,99,77,0.00,0.0,0
1990-08-13,97,77,0.00,0.0,0
1990-08-14,95,78,0.00,0.0,0
1990-08-15,95,77,0.00,0.0,0
1990-08-16,97,78,0.00,0.0,0
1990-08-17,95,79,0.00,0.0,0
1990-08-18,98,79,T,0.0,0
1990-08-19,100,78,T,0.0,0
1990-08-20,101,81,0.00,0.0,0
1990-08-21,104,80,0.00,0.0,0
1990-08-22,98,77,0.00,0.0,0
1990-08-23,97,78,T,0.0,0
1990-08-24,100,79,0.00,0.0,0
1990-08-25,100,80,0.00,0.0,0
1990-08-26,103,79,0.00,0.0,0
1990-08-27,103,81,0.00,0.0,0
1990-08-28,101,80,0.00,0.0,0
1990-08-29,102,80,0.00,0.0,0
1990-08-30,104,81,0.00,0.0,0
1990-08-31,106,81,0.00,0.0,0
1990-09-01,99,80,T,0.0,0
1990-09-02,95,72,0.00,0.0,0
1990-09-03,94,78,0.00,0.0,0
1990-09-04,97,78,0.00,0.0,0
1990-09-05,102,79,0.00,0.0,0
1990-09-06,101,80,0.00,0.0,0
1990-09-07,100,80,0.00,0.0,0
1990-09-08,95,75,0.14,0.0,0
1990-09-09,79,74,T,0.0,0
1990-09-10,80,70,0.20,0.0,0
1990-09-11,80,69,0.22,0.0,0
1990-09-12,84,71,T,0.0,0
1990-09-13,86,73,T,0.0,0
1990-09-14,91,74,0.00,0.0,0
1990-09-15,96,75,0.00,0.0,0
1990-09-16,95,76,0.00,0.0,0
1990-09-17,94,76,T,0.0,0
1990-09-18,93,75,0.00,0.0,0
1990-09-19,94,77,0.04,0.0,0
1990-09-20,88,76,0.02,0.0,0
1990-09-21,87,75,T,0.0,0
1990-09-22,90,72,T,0.0,0
1990-09-23,75,61,0.00,0.0,0
1990-09-24,77,57,0.00,0.0,0
1990-09-25,88,64,0.00,0.0,0
1990-09-26,92,68,0.00,0.0,0
1990-09-27,95,69,0.00,0.0,0
1990-09-28,92,71,0.00,0.0,0
1990-09-29,90,70,0.00,0.0,0
1990-09-30,82,67,0.00,0.0,0
1990-10-01,85,64,0.00,0.0,0
1990-10-02,88,67,0.00,0.0,0
1990-10-03,82,70,0.86,0.0,0
1990-10-04,90,69,0.00,0.0,0
1990-10-05,90,64,0.00,0.0,0
1990-10-06,94,72,0.00,0.0,0
1990-10-07,94,70,0.00,0.0,0
1990-10-08,86,55,1.41,0.0,0
1990-10-09,57,49,0.27,0.0,0
1990-10-10,65,44,0.00,0.0,0
1990-10-11,71,47,0.00,0.0,0
1990-10-12,73,48,0.00,0.0,0
1990-10-13,82,53,0.00,0.0,0
1990-10-14,93,61,0.00,0.0,0
1990-10-15,89,62,0.00,0.0,0
1990-10-16,87,68,0.00,0.0,0
1990-10-17,84,61,0.01,0.0,0
1990-10-18,66,51,0.00,0.0,0
1990-10-19,74,48,0.00,0.0,0
1990-10-20,81,56,0.00,0.0,0
1990-10-21,65,47,0.15,0.0,0
1990-10-22,66,41,0.00,0.0,0
1990-10-23,71,40,0.00,0.0,0
1990-10-24,74,46,0.00,0.0,0
1990-10-25,71,50,0.00,0.0,0
1990-10-26,76,51,0.00,0.0,0
1990-10-27,84,51,0.00,0.0,0
1990-10-28,82,56,0.00,0.0,0
1990-10-29,82,57,0.00,0.0,0
1990-10-30,81,59,0.00,0.0,0
1990-10-31,80,60,0.00,0.0,0
1990-11-01,80,59,0.00,0.0,0
1990-11-02,78,62,0.00,0.0,0
1990-11-03,79,57,0.04,0.0,0
1990-11-04,57,41,1.18,0.0,0
1990-11-05,61,37,0.00,0.0,0
1990-11-06,70,45,0.00,0.0,0
1990-11-07,60,50,0.01,0.0,0
1990-11-08,51,46,2.40,0.0,0
1990-11-09,62,46,0.07,0.0,0
1990-11-10,73,42,0.00,0.0,0
1990-11-11,79,48,0.00,0.0,0
1990-11-12,80,50,0.00,0.0,0
1990-11-13,79,52,0.00,0.0,0
1990-11-14,76,52,0.00,0.0,0
1990-11-15,76,55,0.00,0.0,0
1990-11-16,73,60,0.00,0.0,0
1990-11-17,68,53,0.00,0.0,0
1990-11-18,72,57,0.00,0.0,0
1990-11-19,78,61,0.00,0.0,0
1990-11-20,79,64,0.00,0.0,0
1990-11-21,77,67,0.64,0.0,0
1990-11-22,69,55,0.68,0.0,0
1990-11-23,73,47,0.00,0.0,0
1990-11-24,77,53,0.00,0.0,0
1990-11-25,81,59,0.00,0.0,0
1990-11-26,75,70,0.27,0.0,0
1990-11-27,76,46,0.20,0.0,0
1990-11-28,55,37,0.00,0.0,0
1990-11-29,61,37,0.00,0.0,0
1990-11-30,59,41,0.00,0.0,0
1990-12-01,69,45,0.00,0.0,0
1990-12-02,56,48,0.41,0.0,0
1990-12-03,53,39,0.00,0.0,0
1990-12-04,54,31,0.00,0.0,0
1990-12-05,59,38,0.00,0.0,0
1990-12-06,55,41,0.00,0.0,0
1990-12-07,53,36,0.00,0.0,0
1990-12-08,66,35,0.00,0.0,0
1990-12-09,69,39,0.00,0.0,0
1990-12-10,69,41,0.00,0.0,0
1990-12-11,71,49,0.00,0.0,0
1990-12-12,79,57,0.00,0.0,0
1990-12-13,57,45,0.00,0.0,0
1990-12-14,60,46,0.00,0.0,0
1990-12-15,62,55,0.00,0.0,0
1990-12-16,55,44,0.10,0.0,0
1990-12-17,70,50,0.09,0.0,0
1990-12-18,59,48,0.11,0.0,0
1990-12-19,68,44,0.00,0.0,0
1990-12-20,66,47,0.05,0.0,0
1990-12-21,47,15,0.03,T,T
1990-12-22,17,13,0.02,T,T
1990-12-23,26,10,T,T,T
1990-12-24,41,16,0.00,0.0,0
1990-12-25,45,27,0.00,0.0,0
1990-12-26,38,33,0.31,0.0,0
1990-12-27,41,33,0.03,0.0,0
1990-12-28,52,37,T,0.0,0
1990-12-29,69,26,0.21,T,0
1990-12-30,26,13,0.02,T,T
1990-12-31,36,14,0.00,0.0,0
1991-01-01,41,25,T,0.0,0
1991-01-02,46,39,0.05,0.0,0
1991-01-03,39,29,T,0.0,0
1991-01-04,42,28,0.03,0.0,0
1991-01-05,48,39,0.20,0.0,0
1991-01-06,48,34,0.37,0.0,0
1991-01-07,40,31,0.00,0.0,0
1991-01-08,48,34,T,0.0,0
1991-01-09,45,41,0.85,0.0,0
1991-01-10,46,41,0.15,0.0,0
1991-01-11,46,34,0.00,0.0,0
1991-01-12,53,29,0.00,0.0,0
1991-01-13,64,35,0.00,0.0,0
1991-01-14,62,44,0.14,0.0,0
1991-01-15,56,45,0.16,0.0,0
1991-01-16,64,37,0.00,0.0,0
1991-01-17,61,46,0.14,0.0,0
1991-01-18,49,45,0.53,0.0,0
1991-01-19,58,45,0.07,0.0,0
1991-01-20,50,39,0.00,0.0,0
1991-01-21,41,35,0.00,0.0,0
1991-01-22,52,30,0.00,0.0,0
1991-01-23,53,38,0.01,0.0,0
1991-01-24,56,42,0.03,0.0,0
1991-01-25,52,38,0.00,0.0,0
1991-01-26,45,33,0.00,0.0,0
1991-01-27,72,41,0.00,0.0,0
1991-01-28,59,39,T,0.0,0
1991-01-29,67,29,0.01,0.0,0
1991-01-30,43,26,0.07,T,T
1991-01-31,56,29,0.00,0.0,0
1991-02-01,61,37,0.00,0.0,0
1991-02-02,66,38,0.00,0.0,0
1991-02-03,65,48,0.00,0.0,0
1991-02-04,60,56,0.65,0.0,0
1991-02-05,63,56,0.15,0.0,0
1991-02-06,63,49,0.00,0.0,0
1991-02-07,65,40,0.00,0.0,0
1991-02-08,65,41,0.00,0.0,0
1991-02-09,70,43,0.00,0.0,0
1991-02-10,69,44,0.00,0.0,0
1991-02-11,68,45,0.00,0.0,0
1991-02-12,74,57,T,0.0,0
1991-02-13,78,57,0.00,0.0,0
1991-02-14,68,51,0.00,0.0,0
1991-02-15,51,32,0.00,0.0,0
1991-02-16,47,35,0.01,0.0,0
1991-02-17,74,45,T,0.0,0
1991-02-18,80,58,0.00,0.0,0
1991-02-19,58,42,T,0.0,0
1991-02-20,64,36,0.00,0.0,0
1991-02-21,58,44,0.48,0.0,0
1991-02-22,65,45,1.20,0.0,0
1991-02-23,67,44,0.00,0.0,0
1991-02-24,70,46,0.00,0.0,0
1991-02-25,54,39,0.00,0.0,0
1991-02-26,61,38,0.00,0.0,0
1991-02-27,66,45,0.00,0.0,0
1991-02-28,65,49,0.04,0.0,0
1991-03-01,80,59,0.18,0.0,0
1991-03-02,70,43,0.00,0.0,0
1991-03-03,61,36,0.00,0.0,0
1991-03-04,79,42,0.00,0.0,0
1991-03-05,95,53,0.00,0.0,0
1991-03-06,80,55,0.00,0.0,0
1991-03-07,56,47,0.00,0.0,0
1991-03-08,65,41,0.00,0.0,0
1991-03-09,70,42,0.00,0.0,0
1991-03-10,72,47,0.00,0.0,0
1991-03-11,77,52,0.00,0.0,0
1991-03-12,77,62,0.00,0.0,0
1991-03-13,67,46,0.00,0.0,0
1991-03-14,58,39,0.00,0.0,0
1991-03-15,49,40,0.01,0.0,0
1991-03-16,60,45,0.12,0.0,0
1991-03-17,70,52,0.07,0.0,0
1991-03-18,72,45,0.00,0.0,0
1991-03-19,74,54,0.00,0.0,0
1991-03-20,71,59,T,0.0,0
1991-03-21,84,66,T,0.0,0
1991-03-22,76,60,0.17,0.0,0
1991-03-23,79,53,0.00,0.0,0
1991-03-24,83,49,0.00,0.0,0
1991-03-25,78,60,0.00,0.0,0
1991-03-26,81,71,0.00,0.0,0
1991-03-27,73,61,0.42,0.0,0
1991-03-28,66,56,T,0.0,0
1991-03-29,64,50,0.00,0.0,0
1991-03-30,58,42,0.00,0.0,0
1991-03-31,70,43,0.00,0.0,0
1991-04-01,76,49,0.00,0.0,0
1991-04-02,71,56,0.00,0.0,0
1991-04-03,81,62,0.00,0.0,0
1991-04-04,83,60,0.00,0.0,0
1991-04-05,76,61,T,0.0,0
1991-04-06,78,63,0.09,0.0,0
1991-04-07,79,64,0.00,0.0,0
1991-04-08,93,67,0.00,0.0,0
1991-04-09,78,62,0.00,0.0,0
1991-04-10,77,57,T,0.0,0
1991-04-11,81,63,1.92,0.0,0
1991-04-12,82,63,0.23,0.0,0
1991-04-13,76,62,1.26,0.0,0
1991-04-14,80,61,0.00,0.0,0
1991-04-15,82,57,0.00,0.0,0
1991-04-16,82,62,0.00,0.0,0
1991-04-17,79,63,1.34,0.0,0
1991-04-18,84,64,0.35,T,0
1991-04-19,74,58,0.00,0.0,0
1991-04-20,71,51,0.00,0.0,0
1991-04-21,63,54,T,0.0,0
1991-04-22,64,55,T,0.0,0
1991-04-23,78,50,0.00,0.0,0
1991-04-24,73,60,T,0.0,0
1991-04-25,82,63,T,0.0,0
1991-04-26,87,69,T,0.0,0
1991-04-27,85,65,T,0.0,0
1991-04-28,80,63,0.68,0.0,0
1991-04-29,80,58,0.00,0.0,0
1991-04-30,86,59,0.00,0.0,0
1991-05-01,80,57,0.00,0.0,0
1991-05-02,82,67,0.08,0.0,0
1991-05-03,79,61,0.62,0.0,0
1991-05-04,80,65,0.26,0.0,0
1991-05-05,69,54,0.00,0.0,0
1991-05-06,77,50,0.00,0.0,0
1991-05-07,76,57,0.00,0.0,0
1991-05-08,76,61,0.84,0.0,0
1991-05-09,77,66,0.00,0.0,0
1991-05-10,79,65,0.00,0.0,0
1991-05-11,88,73,0.00,0.0,0
1991-05-12,89,73,0.00,0.0,0
1991-05-13,89,72,0.00,0.0,0
1991-05-14,82,66,1.20,0.0,0
1991-05-15,82,67,0.00,0.0,0
1991-05-16,91,73,0.00,0.0,0
1991-05-17,79,68,T,0.0,0
1991-05-18,85,70,0.05,0.0,0
1991-05-19,84,69,0.20,0.0,0
1991-05-20,84,71,0.12,0.0,0
1991-05-21,85,71,0.02,0.0,0
1991-05-22,81,71,0.05,0.0,0
1991-05-23,88,73,0.00,0.0,0
1991-05-24,92,63,2.11,0.0,0
1991-05-25,88,64,0.27,0.0,0
1991-05-26,93,73,0.00,0.0,0
1991-05-27,93,74,0.00,0.0,0
1991-05-28,92,77,0.00,0.0,0
1991-05-29,92,75,T,0.0,0
1991-05-30,91,74,0.00,0.0,0
1991-05-31,92,75,0.00,0.0,0
1991-06-01,89,75,0.00,0.0,0
1991-06-02,89,67,0.46,0.0,0
1991-06-03,82,66,T,0.0,0
1991-06-04,92,67,0.00,0.0,0
1991-06-05,94,72,0.04,0.0,0
1991-06-06,89,71,0.00,0.0,0
1991-06-07,84,70,0.14,0.0,0
1991-06-08,85,72,0.00,0.0,0
1991-06-09,87,70,0.00,0.0,0
1991-06-10,83,71,0.02,0.0,0
1991-06-11,90,71,0.00,0.0,0
1991-06-12,94,76,0.00,0.0,0
1991-06-13,94,76,0.00,0.0,0
1991-06-14,92,77,0.00,0.0,0
1991-06-15,93,70,0.02,0.0,0
1991-06-16,81,69,1.13,0.0,0
1991-06-17,91,69,0.00,0.0,0
1991-06-18,95,74,0.00,0.0,0
1991-06-19,96,77,0.00,0.0,0
1991-06-20,96,78,0.00,0.0,0
1991-06-21,95,77,0.00,0.0,0
1991-06-22,96,68,1.02,0.0,0
1991-06-23,91,69,T,0.0,0
1991-06-24,96,76,0.00,0.0,0
1991-06-25,95,73,0.00,0.0,0
1991-06-26,94,75,0.00,0.0,0
1991-06-27,95,78,0.00,0.0,0
1991-06-28,96,76,0.00,0.0,0
1991-06-29,92,73,0.00,0.0,0
1991-06-30,96,77,0.00,0.0,0
1991-07-01,96,78,0.00,0.0,0
1991-07-02,99,79,0.00,0.0,0
1991-07-03,98,77,0.20,0.0,0
1991-07-04,92,73,0.00,0.0,0
1991-07-05,95,74,0.00,0.0,0
1991-07-06,98,78,0.00,0.0,0
1991-07-07,95,77,0.00,0.0,0
1991-07-08,95,76,0.00,0.0,0
1991-07-09,96,76,0.00,0.0,0
1991-07-10,97,75,0.00,0.0,0
1991-07-11,95,76,0.00,0.0,0
1991-07-12,97,76,0.00,0.0,0
1991-07-13,103,77,0.00,0.0,0
1991-07-14,99,78,0.00,0.0,0
1991-07-15,101,79,0.00,0.0,0
1991-07-16,96,78,0.00,0.0,0
1991-07-17,96,77,0.00,0.0,0
1991-07-18,99,78,0.00,0.0,0
1991-07-19,99,77,0.00,0.0,0
1991-07-20,94,79,0.00,0.0,0
1991-07-21,97,78,0.00,0.0,0
1991-07-22,98,78,0.00,0.0,0
1991-07-23,98,76,0.00,0.0,0
1991-07-24,96,76,0.00,0.0,0
1991-07-25,90,74,0.00,0.0,0
1991-07-26,87,72,0.18,0.0,0
1991-07-27,95,74,1.06,0.0,0
1991-07-28,86,72,0.21,0.0,0
1991-07-29,98,75,0.00,0.0,0
1991-07-30,94,71,0.00,0.0,0
1991-07-31,97,76,0.00,0.0,0
1991-08-01,98,75,0.00,0.0,0
1991-08-02,96,78,0.00,0.0,0
1991-08-03,97,77,0.00,0.0,0
1991-08-04,99,79,0.00,0.0,0
1991-08-05,99,78,0.00,0.0,0
1991-08-06,98,79,0.00,0.0,0
1991-08-07,98,80,0.00,0.0,0
1991-08-08,99,78,0.00,0.0,0
1991-08-09,95,80,0.00,0.0,0
1991-08-10,95,73,0.01,0.0,0
1991-08-11,90,75,0.01,0.0,0
1991-08-12,82,72,1.42,0.0,0
1991-08-13,78,71,0.60,0.0,0
1991-08-14,76,70,0.12,0.0,0
1991-08-15,88,71,0.00,0.0,0
1991-08-16,92,76,0.00,0.0,0
1991-08-17,94,77,0.00,0.0,0
1991-08-18,98,77,0.00,0.0,0
1991-08-19,98,74,0.00,0.0,0
1991-08-20,99,76,0.00,0.0,0
1991-08-21,86,79,0.05,0.0,0
1991-08-22,86,70,0.53,0.0,0
1991-08-23,91,75,0.00,0.0,0
1991-08-24,91,75,0.00,0.0,0
1991-08-25,92,74,0.00,0.0,0
1991-08-26,90,76,0.05,0.0,0
1991-08-27,92,74,0.00,0.0,0
1991-08-28,92,75,0.00,0.0,0
1991-08-29,90,71,0.78,0.0,0
1991-08-30,87,71,1.32,0.0,0
1991-08-31,85,72,T,0.0,0
1991-09-01,86,73,0.24,0.0,0
1991-09-02,88,73,0.06,0.0,0
1991-09-03,89,73,0.00,0.0,0
1991-09-04,88,73,T,0.0,0
1991-09-05,89,73,0.00,0.0,0
1991-09-06,90,75,0.10,0.0,0
1991-09-07,86,71,0.55,0.0,0
1991-09-08,90,74,0.00,0.0,0
1991-09-09,94,73,0.00,0.0,0
1991-09-10,92,77,0.00,0.0,0
1991-09-11,93,76,0.00,0.0,0
1991-09-12,92,77,0.00,0.0,0
1991-09-13,92,75,0.00,0.0,0
1991-09-14,90,75,0.10,0.0,0
1991-09-15,91,76,0.07,0.0,0
1991-09-16,91,75,0.32,0.0,0
1991-09-17,92,73,0.00,0.0,0
1991-09-18,83,55,0.82,0.0,0
1991-09-19,62,50,0.69,0.0,0
1991-09-20,69,56,0.00,0.0,0
1991-09-21,77,56,0.00,0.0,0
1991-09-22,87,65,0.00,0.0,0
1991-09-23,83,67,T,0.0,0
1991-09-24,84,58,0.30,0.0,0
1991-09-25,76,51,0.00,0.0,0
1991-09-26,83,58,0.00,0.0,0
1991-09-27,81,57,0.00,0.0,0
1991-09-28,79,59,0.00,0.0,0
1991-09-29,82,57,0.00,0.0,0
1991-09-30,86,64,0.00,0.0,0
1991-10-01,86,68,0.00,0.0,0
1991-10-02,87,65,0.00,0.0,0
1991-10-03,90,70,0.00,0.0,0
1991-10-04,90,63,0.00,0.0,0
1991-10-05,71,51,0.00,0.0,0
1991-10-06,76,49,0.00,0.0,0
1991-10-07,80,56,0.00,0.0,0
1991-10-08,80,57,0.00,0.0,0
1991-10-09,82,57,0.00,0.0,0
1991-10-10,90,62,0.00,0.0,0
1991-10-11,97,65,0.00,0.0,0
1991-10-12,92,63,0.00,0.0,0
1991-10-13,93,64,0.00,0.0,0
1991-10-14,78,61,0.00,0.0,0
1991-10-15,80,55,0.00,0.0,0
1991-10-16,81,56,0.00,0.0,0
1991-10-17,87,60,0.00,0.0,0
1991-10-18,88,63,0.00,0.0,0
1991-10-19,73,55,0.00,0.0,0
1991-10-20,73,55,0.00,0.0,0
1991-10-21,80,59,0.00,0.0,0
1991-10-22,85,65,0.00,0.0,0
1991-10-23,84,71,0.00,0.0,0
1991-10-24,88,72,0.00,0.0,0
1991-10-25,82,73,0.00,0.0,0
1991-10-26,76,62,1.77,0.0,0
1991-10-27,72,62,3.22,0.0,0
1991-10-28,73,63,2.43,0.0,0
1991-10-29,66,43,1.71,0.0,0
1991-10-30,47,42,0.06,0.0,0
1991-10-31,45,35,0.67,0.0,0
1991-11-01,49,34,0.00,0.0,0
1991-11-02,45,29,0.00,0.0,0
1991-11-03,42,27,0.00,0.0,0
1991-11-04,48,30,0.00,0.0,0
1991-11-05,57,34,0.00,0.0,0
1991-11-06,64,41,0.00,0.0,0
1991-11-07,56,31,T,0.0,0
1991-11-08,46,28,0.00,0.0,0
1991-11-09,53,32,0.00,0.0,0
1991-11-10,64,40,0.00,0.0,0
1991-11-11,62,43,0.00,0.0,0
1991-11-12,62,47,0.00,0.0,0
1991-11-13,65,51,T,0.0,0
1991-11-14,70,59,0.02,0.0,0
1991-11-15,72,66,0.00,0.0,0
1991-11-16,70,60,0.57,0.0,0
1991-11-17,65,54,0.33,0.0,0
1991-11-18,80,53,0.00,0.0,0
1991-11-19,68,52,0.73,0.0,0
1991-11-20,62,46,0.00,0.0,0
1991-11-21,67,41,0.00,0.0,0
1991-11-22,75,46,0.00,0.0,0
1991-11-23,49,37,0.00,0.0,0
1991-11-24,61,34,0.00,0.0,0
1991-11-25,60,39,0.00,0.0,0
1991-11-26,61,46,0.00,0.0,0
1991-11-27,70,55,0.00,0.0,0
1991-11-28,76,66,0.00,0.0,0
1991-11-29,80,64,0.00,0.0,0
1991-11-30,64,42,0.31,0.0,0
1991-12-01,43,34,0.10,0.0,0
1991-12-02,48,33,0.66,0.0,0
1991-12-03,54,36,0.00,0.0,0
1991-12-04,62,37,0.00,0.0,0
1991-12-05,64,43,0.00,0.0,0
1991-12-06,69,50,0.00,0.0,0
1991-12-07,73,56,0.00,0.0,0
1991-12-08,78,58,0.91,0.0,0
1991-12-09,66,52,0.51,0.0,0
1991-12-10,67,48,T,0.0,0
1991-12-11,66,58,0.85,0.0,0
1991-12-12,72,59,0.00,0.0,0
1991-12-13,74,55,0.00,0.0,0
1991-12-14,57,40,0.00,0.0,0
1991-12-15,57,35,0.00,0.0,0
1991-12-16,64,40,0.00,0.0,0
1991-12-17,66,46,0.00,0.0,0
1991-12-18,52,43,0.31,0.0,0
1991-12-19,46,42,1.31,0.0,0
1991-12-20,58,42,3.98,0.0,0
1991-12-21,49,44,0.06,0.0,0
1991-12-22,54,46,0.34,0.0,0
1991-12-23,53,44,0.00,0.0,0
1991-12-24,51,38,0.00,0.0,0
1991-12-25,50,37,0.00,0.0,0
1991-12-26,48,42,0.21,0.0,0
1991-12-27,51,42,0.01,0.0,0
1991-12-28,51,43,0.00,0.0,0
1991-12-29,55,39,0.00,0.0,0
1991-12-30,62,44,0.00,0.0,0
1991-12-31,59,48,T,0.0,0
1992-01-01,54,46,0.35,0.0,0
1992-01-02,58,43,0.00,0.0,0
1992-01-03,67,40,0.00,0.0,0
1992-01-04,68,45,0.02,0.0,0
1992-01-05,61,50,0.04,0.0,0
1992-01-06,61,49,0.00,0.0,0
1992-01-07,61,53,0.03,0.0,0
1992-01-08,57,45,0.00,0.0,0
1992-01-09,54,37,0.00,0.0,0
1992-01-10,58,41,0.00,0.0,0
1992-01-11,49,42,0.13,0.0,0
1992-01-12,56,43,0.02,0.0,0
1992-01-13,52,35,0.13,M,0
1992-01-14,48,32,0.00,0.0,0
1992-01-15,43,23,0.01,T,0
1992-01-16,44,20,0.00,0.0,0
1992-01-17,42,23,0.29,0.0,0
1992-01-18,40,34,0.43,T,0
1992-01-19,49,28,0.00,0.0,0
1992-01-20,59,34,0.00,0.0,0
1992-01-21,53,42,0.49,0.0,0
1992-01-22,62,43,0.03,0.0,0
1992-01-23,56,40,0.00,0.0,0
1992-01-24,67,37,0.00,0.0,0
1992-01-25,67,44,0.00,0.0,0
1992-01-26,53,47,0.86,0.0,0
1992-01-27,50,47,0.61,0.0,0
1992-01-28,54,48,0.06,0.0,0
1992-01-29,57,46,0.00,0.0,0
1992-01-30,69,46,0.00,0.0,0
1992-01-31,73,46,0.00,0.0,0
1992-02-01,69,45,0.00,0.0,0
1992-02-02,63,53,T,0.0,0
1992-02-03,61,53,0.03,0.0,0
1992-02-04,60,M,0.05,0.0,0
1992-02-05,M,40,T,0.0,0
1992-02-06,56,35,0.00,0.0,0
1992-02-07,57,39,0.00,0.0,0
1992-02-08,59,35,0.00,0.0,0
1992-02-09,56,43,0.00,0.0,0
1992-02-10,64,45,0.00,0.0,0
1992-02-11,64,57,T,0.0,0
1992-02-12,71,50,0.12,0.0,0
1992-02-13,58,46,0.00,0.0,0
1992-02-14,74,58,0.02,0.0,0
1992-02-15,72,48,0.00,0.0,0
1992-02-16,66,51,T,0.0,0
1992-02-17,72,55,0.00,0.0,0
1992-02-18,69,48,0.00,0.0,0
1992-02-19,69,42,0.00,0.0,0
1992-02-20,71,50,0.00,0.0,0
1992-02-21,72,50,0.00,0.0,0
1992-02-22,64,56,0.73,0.0,0
1992-02-23,65,53,T,0.0,0
1992-02-24,62,46,1.23,0.0,0
1992-02-25,46,38,0.35,0.0,0
1992-02-26,61,35,0.00,0.0,0
1992-02-27,66,45,0.00,0.0,0
1992-02-28,81,45,0.00,0.0,0
1992-02-29,76,49,0.00,0.0,0
1992-03-01,82,54,0.00,0.0,0
1992-03-02,70,59,T,0.0,0
1992-03-03,71,58,0.48,0.0,0
1992-03-04,70,54,0.73,0.0,0
1992-03-05,78,54,0.00,0.0,0
1992-03-06,80,59,0.00,0.0,0
1992-03-07,87,57,0.00,0.0,0
1992-03-08,71,62,0.01,0.0,0
1992-03-09,74,42,0.87,0.0,0
1992-03-10,50,36,0.00,0.0,0
1992-03-11,56,34,0.00,0.0,0
1992-03-12,67,41,0.00,0.0,0
1992-03-13,70,46,0.00,0.0,0
1992-03-14,81,52,0.00,0.0,0
1992-03-15,81,56,0.00,0.0,0
1992-03-16,75,56,0.00,0.0,0
1992-03-17,69,60,0.64,0.0,0
1992-03-18,77,56,0.02,0.0,0
1992-03-19,61,46,0.00,0.0,0
1992-03-20,67,43,0.00,0.0,0
1992-03-21,65,55,T,0.0,0
1992-03-22,65,42,0.00,0.0,0
1992-03-23,61,37,0.00,0.0,0
1992-03-24,64,47,0.38,0.0,0
1992-03-25,71,48,0.00,0.0,0
1992-03-26,81,50,0.00,0.0,0
1992-03-27,74,59,0.00,0.0,0
1992-03-28,68,58,0.10,0.0,0
1992-03-29,78,55,T,0.0,0
1992-03-30,66,51,0.00,0.0,0
1992-03-31,69,46,0.01,0.0,0
1992-04-01,58,46,0.01,0.0,0
1992-04-02,55,43,0.00,0.0,0
1992-04-03,70,41,0.00,0.0,0
1992-04-04,83,50,0.00,0.0,0
1992-04-05,69,53,T,0.0,0
1992-04-06,64,55,0.06,0.0,0
1992-04-07,79,52,0.00,0.0,0
1992-04-08,84,59,0.00,0.0,0
1992-04-09,82,64,0.00,0.0,0
1992-04-10,79,63,0.00,0.0,0
1992-04-11,82,66,0.00,0.0,0
1992-04-12,81,64,T,0.0,0
1992-04-13,84,64,0.00,0.0,0
1992-04-14,86,66,0.00,0.0,0
1992-04-15,83,68,0.00,0.0,0
1992-04-16,81,67,0.00,0.0,0
1992-04-17,78,65,0.16,0.0,0
1992-04-18,77,64,0.02,0.0,0
1992-04-19,71,58,0.46,0.0,0
1992-04-20,65,52,0.00,0.0,0
1992-04-21,73,49,0.02,0.0,0
1992-04-22,84,61,0.00,0.0,0
1992-04-23,87,62,0.00,0.0,0
1992-04-24,83,67,0.00,0.0,0
1992-04-25,75,54,0.00,0.0,0
1992-04-26,80,52,0.00,0.0,0
1992-04-27,77,57,0.00,0.0,0
1992-04-28,83,60,0.75,0.0,0
1992-04-29,74,58,0.52,0.0,0
1992-04-30,74,59,0.00,0.0,0
1992-05-01,83,61,0.00,0.0,0
1992-05-02,84,65,0.00,0.0,0
1992-05-03,81,69,T,0.0,0
1992-05-04,85,66,0.00,0.0,0
1992-05-05,90,63,0.00,0.0,0
1992-05-06,72,58,0.00,0.0,0
1992-05-07,77,53,0.00,0.0,0
1992-05-08,81,56,0.00,0.0,0
1992-05-09,79,59,0.00,0.0,0
1992-05-10,81,67,0.00,0.0,0
1992-05-11,90,71,T,0.0,0
1992-05-12,94,73,0.00,0.0,0
1992-05-13,92,69,0.00,0.0,0
1992-05-14,82,65,1.04,T,0
1992-05-15,86,68,0.00,0.0,0
1992-05-16,74,65,0.29,0.0,0
1992-05-17,73,66,1.97,0.0,0
1992-05-18,80,67,1.47,0.0,0
1992-05-19,81,69,T,0.0,0
1992-05-20,83,68,0.00,0.0,0
1992-05-21,84,67,0.37,0.0,0
1992-05-22,82,66,0.00,0.0,0
1992-05-23,88,69,T,0.0,0
1992-05-24,78,65,0.00,0.0,0
1992-05-25,78,63,0.36,0.0,0
1992-05-26,74,63,0.00,0.0,0
1992-05-27,75,59,0.01,0.0,0
1992-05-28,68,54,0.80,0.0,0
1992-05-29,65,55,0.00,0.0,0
1992-05-30,73,56,0.05,0.0,0
1992-05-31,72,64,0.08,0.0,0
1992-06-01,81,65,1.09,T,0
1992-06-02,80,65,0.10,0.0,0
1992-06-03,83,65,0.00,0.0,0
1992-06-04,87,64,0.00,0.0,0
1992-06-05,86,70,0.00,0.0,0
1992-06-06,86,65,0.84,0.0,0
1992-06-07,86,71,T,0.0,0
1992-06-08,89,69,0.01,0.0,0
1992-06-09,91,71,0.00,0.0,0
1992-06-10,95,69,0.60,0.0,0
1992-06-11,91,71,0.00,0.0,0
1992-06-12,89,72,0.00,0.0,0
1992-06-13,92,71,0.00,0.0,0
1992-06-14,93,76,0.00,0.0,0
1992-06-15,95,76,0.00,0.0,0
1992-06-16,96,79,0.00,0.0,0
1992-06-17,94,78,0.00,0.0,0
1992-06-18,95,78,0.00,0.0,0
1992-06-19,96,79,0.00,0.0,0
1992-06-20,90,69,0.32,0.0,0
1992-06-21,85,73,0.06,0.0,0
1992-06-22,83,70,0.00,0.0,0
1992-06-23,93,71,0.05,0.0,0
1992-06-24,96,71,0.00,0.0,0
1992-06-25,85,71,1.27,0.0,0
1992-06-26,92,71,0.00,0.0,0
1992-06-27,89,69,1.09,0.0,0
1992-06-28,85,67,1.37,0.0,0
1992-06-29,84,67,0.73,0.0,0
1992-06-30,91,70,0.00,0.0,0
1992-07-01,95,75,0.00,0.0,0
1992-07-02,96,81,0.00,0.0,0
1992-07-03,93,78,0.00,0.0,0
1992-07-04,93,73,0.00,0.0,0
1992-07-05,94,77,0.00,0.0,0
1992-07-06,96,78,0.00,0.0,0
1992-07-07,95,74,0.00,0.0,0
1992-07-08,95,77,0.00,0.0,0
1992-07-09,95,77,0.00,0.0,0
1992-07-10,96,78,0.00,0.0,0
1992-07-11,95,76,0.00,0.0,0
1992-07-12,96,77,0.00,0.0,0
1992-07-13,95,77,0.00,0.0,0
1992-07-14,97,78,0.00,0.0,0
1992-07-15,97,76,0.00,0.0,0
1992-07-16,92,78,0.00,0.0,0
1992-07-17,87,74,0.00,0.0,0
1992-07-18,84,72,T,0.0,0
1992-07-19,92,71,0.00,0.0,0
1992-07-20,88,73,0.02,0.0,0
1992-07-21,88,75,0.00,0.0,0
1992-07-22,92,76,0.20,0.0,0
1992-07-23,94,76,0.00,0.0,0
1992-07-24,95,78,0.00,0.0,0
1992-07-25,96,79,0.00,0.0,0
1992-07-26,98,79,0.00,0.0,0
1992-07-27,97,76,0.15,0.0,0
1992-07-28,92,76,0.06,0.0,0
1992-07-29,94,76,0.00,0.0,0
1992-07-30,98,74,0.00,0.0,0
1992-07-31,91,70,1.02,0.0,0
1992-08-01,95,73,0.08,0.0,0
1992-08-02,96,73,0.82,0.0,0
1992-08-03,92,70,0.00,0.0,0
1992-08-04,93,77,0.00,0.0,0
1992-08-05,95,77,0.00,0.0,0
1992-08-06,95,78,0.00,0.0,0
1992-08-07,96,79,0.00,0.0,0
1992-08-08,96,79,0.00,0.0,0
1992-08-09,95,80,0.00,0.0,0
1992-08-10,98,79,0.00,0.0,0
1992-08-11,93,80,0.00,0.0,0
1992-08-12,89,73,0.62,0.0,0
1992-08-13,89,73,0.00,0.0,0
1992-08-14,86,72,0.00,0.0,0
1992-08-15,84,67,0.00,0.0,0
1992-08-16,84,62,0.00,0.0,0
1992-08-17,86,66,0.00,0.0,0
1992-08-18,82,66,0.09,0.0,0
1992-08-19,76,64,0.63,0.0,0
1992-08-20,87,64,0.00,0.0,0
1992-08-21,90,67,0.00,0.0,0
1992-08-22,92,70,0.00,0.0,0
1992-08-23,90,71,0.00,0.0,0
1992-08-24,93,73,0.00,0.0,0
1992-08-25,92,75,0.00,0.0,0
1992-08-26,93,73,0.00,0.0,0
1992-08-27,83,66,0.00,0.0,0
1992-08-28,89,60,0.00,0.0,0
1992-08-29,95,65,0.00,0.0,0
1992-08-30,90,69,0.00,0.0,0
1992-08-31,90,73,0.00,0.0,0
1992-09-01,81,73,0.21,0.0,0
1992-09-02,95,73,0.00,0.0,0
1992-09-03,88,69,1.88,0.0,0
1992-09-04,87,70,0.00,0.0,0
1992-09-05,93,74,0.00,0.0,0
1992-09-06,87,74,T,0.0,0
1992-09-07,93,74,0.00,0.0,0
1992-09-08,94,77,0.00,0.0,0
1992-09-09,95,76,0.00,0.0,0
1992-09-10,86,67,0.71,0.0,0
1992-09-11,85,68,0.00,0.0,0
1992-09-12,89,68,0.00,0.0,0
1992-09-13,90,72,0.00,0.0,0
1992-09-14,90,73,0.00,0.0,0
1992-09-15,90,73,0.00,0.0,0
1992-09-16,88,67,0.00,0.0,0
1992-09-17,91,72,0.00,0.0,0
1992-09-18,94,75,0.00,0.0,0
1992-09-19,92,74,0.00,0.0,0
1992-09-20,95,75,0.00,0.0,0
1992-09-21,96,71,0.94,0.0,0
1992-09-22,82,69,0.00,0.0,0
1992-09-23,78,59,0.00,0.0,0
1992-09-24,77,54,0.00,0.0,0
1992-09-25,85,60,0.00,0.0,0
1992-09-26,88,69,0.00,0.0,0
1992-09-27,83,61,0.00,0.0,0
1992-09-28,82,56,0.00,0.0,0
1992-09-29,81,59,0.00,0.0,0
1992-09-30,79,53,0.00,0.0,0
1992-10-01,76,52,0.00,0.0,0
1992-10-02,81,50,0.00,0.0,0
1992-10-03,83,54,0.00,0.0,0
1992-10-04,85,54,0.00,0.0,0
1992-10-05,88,60,0.00,0.0,0
1992-10-06,85,63,0.00,0.0,0
1992-10-07,84,51,0.66,0.0,0
1992-10-08,71,47,0.00,0.0,0
1992-10-09,81,49,0.00,0.0,0
1992-10-10,84,60,0.00,0.0,0
1992-10-11,81,50,0.00,0.0,0
1992-10-12,89,56,0.00,0.0,0
1992-10-13,89,67,0.00,0.0,0
1992-10-14,87,68,0.00,0.0,0
1992-10-15,89,64,1.94,0.0,0
1992-10-16,68,61,0.00,0.0,0
1992-10-17,67,56,0.00,0.0,0
1992-10-18,73,50,0.00,0.0,0
1992-10-19,75,54,0.00,0.0,0
1992-10-20,82,62,T,0.0,0
1992-10-21,81,64,0.00,0.0,0
1992-10-22,81,62,0.00,0.0,0
1992-10-23,84,63,0.00,0.0,0
1992-10-24,88,62,0.00,0.0,0
1992-10-25,88,63,0.00,0.0,0
1992-10-26,91,63,0.00,0.0,0
1992-10-27,79,57,0.00,0.0,0
1992-10-28,79,57,T,0.0,0
1992-10-29,82,62,0.60,0.0,0
1992-10-30,76,55,0.01,0.0,0
1992-10-31,86,66,0.07,0.0,0
1992-11-01,70,52,0.58,0.0,0
1992-11-02,78,49,0.00,0.0,0
1992-11-03,66,46,0.00,0.0,0
1992-11-04,52,37,0.00,0.0,0
1992-11-05,55,32,0.00,0.0,0
1992-11-06,56,43,0.00,0.0,0
1992-11-07,65,39,0.00,0.0,0
1992-11-08,61,50,0.00,0.0,0
1992-11-09,73,60,0.00,0.0,0
1992-11-10,68,65,0.35,0.0,0
1992-11-11,72,51,0.10,0.0,0
1992-11-12,64,45,T,0.0,0
1992-11-13,63,38,0.00,0.0,0
1992-11-14,70,39,0.00,0.0,0
1992-11-15,70,42,0.00,0.0,0
1992-11-16,74,49,0.00,0.0,0
1992-11-17,70,54,0.00,0.0,0
1992-11-18,67,60,0.00,0.0,0
1992-11-19,63,53,1.06,0.0,0
1992-11-20,55,50,0.01,0.0,0
1992-11-21,57,42,0.50,0.0,0
1992-11-22,52,40,T,0.0,0
1992-11-23,65,41,0.00,0.0,0
1992-11-24,62,39,0.49,0.0,0
1992-11-25,48,37,0.00,0.0,0
1992-11-26,42,35,0.00,0.0,0
1992-11-27,49,27,0.00,0.0,0
1992-11-28,54,27,0.00,0.0,0
1992-11-29,64,34,0.00,0.0,0
1992-11-30,53,34,0.00,0.0,0
1992-12-01,67,34,0.00,0.0,0
1992-12-02,57,36,0.00,0.0,0
1992-12-03,62,39,0.00,0.0,0
1992-12-04,60,40,0.00,0.0,0
1992-12-05,40,34,0.03,0.0,0
1992-12-06,55,35,0.00,0.0,0
1992-12-07,44,38,0.00,0.0,0
1992-12-08,48,42,0.03,0.0,0
1992-12-09,59,40,0.35,0.0,0
1992-12-10,64,36,0.00,0.0,0
1992-12-11,63,34,0.00,0.0,0
1992-12-12,67,48,0.00,0.0,0
1992-12-13,62,52,1.04,0.0,0
1992-12-14,56,38,1.76,0.0,0
1992-12-15,52,34,0.74,T,0
1992-12-16,56,40,T,0.0,0
1992-12-17,48,31,0.00,0.0,0
1992-12-18,60,35,0.00,0.0,0
1992-12-19,61,43,0.07,0.0,0
1992-12-20,43,37,0.01,0.0,0
1992-12-21,62,40,0.00,0.0,0
1992-12-22,67,50,T,0.0,0
1992-12-23,63,48,T,0.0,0
1992-12-24,52,30,T,0.0,0
1992-12-25,53,43,0.01,0.0,0
1992-12-26,51,37,0.00,0.0,0
1992-12-27,61,42,0.00,0.0,0
1992-12-28,66,51,T,0.0,0
1992-12-29,73,61,0.01,0.0,0
1992-12-30,78,67,0.00,0.0,0
1992-12-31,69,29,0.08,0.0,0
1993-01-01,36,29,0.03,T,T
1993-01-02,47,36,0.03,0.0,0
1993-01-03,66,47,0.02,0.0,0
1993-01-04,63,35,0.02,0.0,0
1993-01-05,44,32,T,0.0,0
1993-01-06,47,42,0.02,0.0,0
1993-01-07,51,44,0.00,0.0,0
1993-01-08,48,45,0.02,0.0,0
1993-01-09,57,34,0.38,0.0,0
1993-01-10,34,30,0.03,0.0,0
1993-01-11,43,32,0.03,T,0
1993-01-12,62,38,0.03,0.0,0
1993-01-13,46,28,0.00,0.0,0
1993-01-14,48,35,T,T,0
1993-01-15,50,42,0.00,0.0,0
1993-01-16,61,45,0.00,0.0,0
1993-01-17,53,42,T,0.0,0
1993-01-18,53,35,0.03,0.0,0
1993-01-19,40,34,0.50,0.0,0
1993-01-20,43,37,0.03,0.0,0
1993-01-21,67,37,0.00,0.0,0
1993-01-22,66,38,0.00,0.0,0
1993-01-23,74,42,0.40,T,0
1993-01-24,53,33,0.00,0.0,0
1993-01-25,53,32,0.00,0.0,0
1993-01-26,57,31,0.00,0.0,0
1993-01-27,65,37,0.00,0.0,0
1993-01-28,53,46,0.18,0.0,0
1993-01-29,51,34,0.18,0.0,0
1993-01-30,53,36,0.00,0.0,0
1993-01-31,65,35,0.00,0.0,0
1993-02-01,70,39,0.00,0.0,0
1993-02-02,63,43,0.00,0.0,0
1993-02-03,57,48,1.56,0.0,0
1993-02-04,52,48,0.15,0.0,0
1993-02-05,51,46,0.00,0.0,0
1993-02-06,59,39,0.00,0.0,0
1993-02-07,66,36,0.00,0.0,0
1993-02-08,70,39,0.00,0.0,0
1993-02-09,68,46,0.01,0.0,0
1993-02-10,71,54,0.20,0.0,0
1993-02-11,56,37,0.00,0.0,0
1993-02-12,56,37,0.00,0.0,0
1993-02-13,55,36,0.00,0.0,0
1993-02-14,50,45,0.01,0.0,0
1993-02-15,55,41,1.16,0.0,0
1993-02-16,41,32,0.00,0.0,0
1993-02-17,39,27,0.00,0.0,0
1993-02-18,40,24,0.00,0.0,0
1993-02-19,61,36,0.00,0.0,0
1993-02-20,73,50,T,0.0,0
1993-02-21,73,49,0.00,0.0,0
1993-02-22,62,39,0.00,0.0,0
1993-02-23,66,45,0.00,0.0,0
1993-02-24,53,47,1.13,0.0,0
1993-02-25,64,36,1.47,0.0,0
1993-02-26,47,31,0.00,0.0,0
1993-02-27,52,37,T,0.0,0
1993-02-28,49,44,0.02,0.0,0
1993-03-01,49,46,0.44,0.0,0
1993-03-02,61,44,0.00,0.0,0
1993-03-03,57,39,0.00,0.0,0
1993-03-04,61,40,0.00,0.0,0
1993-03-05,59,37,0.00,0.0,0
1993-03-06,69,36,0.00,0.0,0
1993-03-07,71,40,0.00,0.0,0
1993-03-08,85,48,0.00,0.0,0
1993-03-09,87,62,0.00,0.0,0
1993-03-10,69,53,0.00,0.0,0
1993-03-11,59,40,0.41,0.0,0
1993-03-12,46,36,0.29,0.0,0
1993-03-13,45,29,0.00,0.0,0
1993-03-14,58,29,0.00,0.0,0
1993-03-15,58,46,0.03,0.0,0
1993-03-16,73,56,0.02,0.0,0
1993-03-17,56,43,0.00,0.0,0
1993-03-18,58,48,0.00,0.0,0
1993-03-19,59,51,0.48,0.0,0
1993-03-20,57,49,T,0.0,0
1993-03-21,67,49,0.00,0.0,0
1993-03-22,63,50,0.78,0.0,0
1993-03-23,68,40,0.00,0.0,0
1993-03-24,79,50,0.00,0.0,0
1993-03-25,76,55,0.00,0.0,0
1993-03-26,71,46,0.00,0.0,0
1993-03-27,75,48,0.00,0.0,0
1993-03-28,73,60,0.19,0.0,0
1993-03-29,75,64,0.00,0.0,0
1993-03-30,82,56,0.00,0.0,0
1993-03-31,68,51,0.00,0.0,0
1993-04-01,60,45,0.00,0.0,0
1993-04-02,66,38,0.00,0.0,0
1993-04-03,61,55,0.50,0.0,0
1993-04-04,56,47,0.06,0.0,0
1993-04-05,59,44,0.00,0.0,0
1993-04-06,62,45,0.00,0.0,0
1993-04-07,73,57,0.54,0.0,0
1993-04-08,67,49,0.00,0.0,0
1993-04-09,76,44,0.00,0.0,0
1993-04-10,86,53,0.00,0.0,0
1993-04-11,83,59,0.00,0.0,0
1993-04-12,84,65,0.00,0.0,0
1993-04-13,76,66,0.13,0.0,0
1993-04-14,68,43,0.73,0.0,0
1993-04-15,63,45,T,0.0,0
1993-04-16,70,42,0.00,0.0,0
1993-04-17,73,56,0.03,0.0,0
1993-04-18,82,53,0.00,0.0,0
1993-04-19,86,65,0.25,T,0
1993-04-20,70,52,0.00,0.0,0
1993-04-21,69,45,0.00,0.0,0
1993-04-22,75,47,0.00,0.0,0
1993-04-23,78,58,0.00,0.0,0
1993-04-24,83,65,0.00,0.0,0
1993-04-25,79,60,0.00,0.0,0
1993-04-26,80,53,0.00,0.0,0
1993-04-27,77,58,0.00,0.0,0
1993-04-28,77,63,0.01,0.0,0
1993-04-29,75,59,1.77,0.0,0
1993-04-30,80,58,0.00,0.0,0
1993-05-01,79,61,0.04,T,0
1993-05-02,65,55,0.42,0.0,0
1993-05-03,75,55,0.00,0.0,0
1993-05-04,82,57,0.00,0.0,0
1993-05-05,74,65,0.06,0.0,0
1993-05-06,83,65,0.00,0.0,0
1993-05-07,83,71,0.00,0.0,0
1993-05-08,81,70,T,0.0,0
1993-05-09,80,58,1.07,T,0
1993-05-10,75,53,0.08,0.0,0
1993-05-11,74,56,0.05,0.0,0
1993-05-12,71,55,0.00,0.0,0
1993-05-13,82,58,0.00,0.0,0
1993-05-14,83,55,0.00,0.0,0
1993-05-15,92,61,0.00,0.0,0
1993-05-16,89,67,0.00,0.0,0
1993-05-17,89,69,0.00,0.0,0
1993-05-18,83,62,0.25,0.0,0
1993-05-19,80,58,0.00,0.0,0
1993-05-20,78,61,0.00,0.0,0
1993-05-21,82,65,0.00,0.0,0
1993-05-22,85,68,T,0.0,0
1993-05-23,75,67,0.36,0.0,0
1993-05-24,82,67,0.00,0.0,0
1993-05-25,86,65,0.00,0.0,0
1993-05-26,84,66,0.00,0.0,0
1993-05-27,85,62,0.00,0.0,0
1993-05-28,80,70,0.50,0.0,0
1993-05-29,84,69,0.31,0.0,0
1993-05-30,83,70,T,0.0,0
1993-05-31,84,66,0.00,0.0,0
1993-06-01,83,63,0.00,0.0,0
1993-06-02,95,67,0.00,0.0,0
1993-06-03,98,76,0.00,0.0,0
1993-06-04,92,75,0.00,0.0,0
1993-06-05,92,70,0.00,0.0,0
1993-06-06,93,76,0.00,0.0,0
1993-06-07,89,79,0.00,0.0,0
1993-06-08,90,74,T,0.0,0
1993-06-09,92,67,1.10,0.0,0
1993-06-10,87,66,1.29,0.0,0
1993-06-11,85,70,T,0.0,0
1993-06-12,86,70,0.01,0.0,0
1993-06-13,89,71,0.00,0.0,0
1993-06-14,95,72,0.00,0.0,0
1993-06-15,95,74,0.00,0.0,0
1993-06-16,92,77,0.00,0.0,0
1993-06-17,91,75,T,0.0,0
1993-06-18,88,74,0.32,0.0,0
1993-06-19,83,73,0.01,0.0,0
1993-06-20,81,73,0.01,0.0,0
1993-06-21,87,73,0.01,0.0,0
1993-06-22,90,74,0.00,0.0,0
1993-06-23,92,75,0.00,0.0,0
1993-06-24,93,76,0.00,0.0,0
1993-06-25,96,70,0.93,0.0,0
1993-06-26,93,69,0.00,0.0,0
1993-06-27,93,74,0.00,0.0,0
1993-06-28,93,76,0.00,0.0,0
1993-06-29,93,78,0.00,0.0,0
1993-06-30,94,78,0.00,0.0,0
1993-07-01,93,78,0.00,0.0,0
1993-07-02,93,78,0.00,0.0,0
1993-07-03,94,76,0.00,0.0,0
1993-07-04,93,75,0.00,0.0,0
1993-07-05,94,79,0.00,0.0,0
1993-07-06,95,80,0.00,0.0,0
1993-07-07,96,78,0.00,0.0,0
1993-07-08,94,77,0.00,0.0,0
1993-07-09,94,76,0.00,0.0,0
1993-07-10,94,76,0.00,0.0,0
1993-07-11,96,77,0.00,0.0,0
1993-07-12,95,78,0.00,0.0,0
1993-07-13,95,77,0.00,0.0,0
1993-07-14,95,77,0.00,0.0,0
1993-07-15,96,76,0.00,0.0,0
1993-07-16,96,77,0.00,0.0,0
1993-07-17,96,76,0.00,0.0,0
1993-07-18,98,77,0.00,0.0,0
1993-07-19,98,78,0.00,0.0,0
1993-07-20,98,80,0.00,0.0,0
1993-07-21,98,80,0.00,0.0,0
1993-07-22,98,80,0.00,0.0,0
1993-07-23,99,78,0.00,0.0,0
1993-07-24,101,78,0.00,0.0,0
1993-07-25,100,77,0.00,0.0,0
1993-07-26,101,76,0.00,0.0,0
1993-07-27,99,78,0.00,0.0,0
1993-07-28,100,81,0.00,0.0,0
1993-07-29,102,82,0.00,0.0,0
1993-07-30,104,82,0.00,0.0,0
1993-07-31,102,81,0.00,0.0,0
1993-08-01,104,81,0.00,0.0,0
1993-08-02,98,78,0.04,0.0,0
1993-08-03,95,76,0.03,0.0,0
1993-08-04,93,74,0.26,0.0,0
1993-08-05,100,77,0.00,0.0,0
1993-08-06,86,74,T,0.0,0
1993-08-07,82,70,0.48,0.0,0
1993-08-08,96,74,0.00,0.0,0
1993-08-09,99,79,0.00,0.0,0
1993-08-10,101,81,0.00,0.0,0
1993-08-11,100,83,0.00,0.0,0
1993-08-12,100,80,0.00,0.0,0
1993-08-13,100,80,0.00,0.0,0
1993-08-14,100,81,0.00,0.0,0
1993-08-15,101,81,0.00,0.0,0
1993-08-16,100,81,0.00,0.0,0
1993-08-17,101,81,0.00,0.0,0
1993-08-18,101,82,0.00,0.0,0
1993-08-19,101,81,0.00,0.0,0
1993-08-20,103,80,0.00,0.0,0
1993-08-21,102,82,0.00,0.0,0
1993-08-22,100,80,0.00,0.0,0
1993-08-23,99,80,T,0.0,0
1993-08-24,98,80,0.00,0.0,0
1993-08-25,99,78,0.00,0.0,0
1993-08-26,98,79,0.00,0.0,0
1993-08-27,97,80,0.00,0.0,0
1993-08-28,97,75,0.00,0.0,0
1993-08-29,97,76,T,0.0,0
1993-08-30,99,77,0.00,0.0,0
1993-08-31,92,75,T,0.0,0
1993-09-01,94,71,0.00,0.0,0
1993-09-02,99,79,0.00,0.0,0
1993-09-03,89,70,0.01,0.0,0
1993-09-04,92,64,0.00,0.0,0
1993-09-05,92,62,0.00,0.0,0
1993-09-06,92,72,0.00,0.0,0
1993-09-07,96,69,0.00,0.0,0
1993-09-08,84,67,0.05,0.0,0
1993-09-09,89,63,0.00,0.0,0
1993-09-10,94,66,0.00,0.0,0
1993-09-11,97,68,0.00,0.0,0
1993-09-12,96,75,0.02,0.0,0
1993-09-13,88,77,0.48,0.0,0
1993-09-14,82,54,1.11,0.0,0
1993-09-15,75,51,0.00,0.0,0
1993-09-16,77,54,0.00,0.0,0
1993-09-17,86,59,0.00,0.0,0
1993-09-18,89,63,0.00,0.0,0
1993-09-19,93,74,0.00,0.0,0
1993-09-20,99,75,0.01,0.0,0
1993-09-21,94,74,0.00,0.0,0
1993-09-22,96,78,0.00,0.0,0
1993-09-23,95,79,0.00,0.0,0
1993-09-24,96,79,0.00,0.0,0
1993-09-25,88,68,0.50,0.0,0
1993-09-26,84,62,0.45,0.0,0
1993-09-27,82,55,0.00,0.0,0
1993-09-28,91,62,0.00,0.0,0
1993-09-29,91,61,0.00,0.0,0
1993-09-30,91,64,0.00,0.0,0
1993-10-01,90,72,0.00,0.0,0
1993-10-02,90,67,1.24,T,0
1993-10-03,73,61,0.40,0.0,0
1993-10-04,82,60,0.00,0.0,0
1993-10-05,86,64,0.00,0.0,0
1993-10-06,88,66,0.00,0.0,0
1993-10-07,84,67,0.00,0.0,0
1993-10-08,88,71,0.02,0.0,0
1993-10-09,73,50,0.00,0.0,0
1993-10-10,66,48,0.00,0.0,0
1993-10-11,71,55,0.01,0.0,0
1993-10-12,74,57,1.23,0.0,0
1993-10-13,77,62,0.41,0.0,0
1993-10-14,73,57,0.00,0.0,0
1993-10-15,75,60,0.00,0.0,0
1993-10-16,88,68,0.10,0.0,0
1993-10-17,76,61,0.50,0.0,0
1993-10-18,83,67,1.21,0.0,0
1993-10-19,72,64,1.28,0.0,0
1993-10-20,68,57,0.03,0.0,0
1993-10-21,67,48,0.00,0.0,0
1993-10-22,68,43,0.00,0.0,0
1993-10-23,69,41,0.00,0.0,0
1993-10-24,70,43,0.00,0.0,0
1993-10-25,75,45,0.00,0.0,0
1993-10-26,71,48,0.00,0.0,0
1993-10-27,64,45,0.00,0.0,0
1993-10-28,75,44,0.00,0.0,0
1993-10-29,63,35,0.03,0.0,0
1993-10-30,44,32,0.00,0.0,0
1993-10-31,50,27,0.00,0.0,0
1993-11-01,62,36,0.00,0.0,0
1993-11-02,52,46,0.18,0.0,0
1993-11-03,65,49,0.00,0.0,0
1993-11-04,84,53,0.00,0.0,0
1993-11-05,64,40,0.00,0.0,0
1993-11-06,50,34,0.00,0.0,0
1993-11-07,57,31,0.00,0.0,0
1993-11-08,55,39,0.00,0.0,0
1993-11-09,60,50,0.00,0.0,0
1993-11-10,64,48,0.00,0.0,0
1993-11-11,66,50,0.00,0.0,0
1993-11-12,78,63,0.02,0.0,0
1993-11-13,79,69,0.01,0.0,0
1993-11-14,75,52,0.47,0.0,0
1993-11-15,59,45,0.00,0.0,0
1993-11-16,51,44,0.67,0.0,0
1993-11-17,63,39,0.00,0.0,0
1993-11-18,65,47,0.00,0.0,0
1993-11-19,65,42,0.00,0.0,0
1993-11-20,57,32,0.00,0.0,0
1993-11-21,61,31,0.00,0.0,0
1993-11-22,66,37,0.00,0.0,0
1993-11-23,72,50,0.00,0.0,0
1993-11-24,62,35,0.00,0.0,0
1993-11-25,35,25,0.47,0.9,1
1993-11-26,39,23,0.00,0.0,1
1993-11-27,57,24,0.00,0.0,0
1993-11-28,72,33,0.00,0.0,0
1993-11-29,69,34,0.00,0.0,0
1993-11-30,69,43,0.00,0.0,0
1993-12-01,70,58,0.00,0.0,0
1993-12-02,68,63,1.04,0.0,0
1993-12-03,67,50,0.70,0.0,0
1993-12-04,62,43,0.00,0.0,0
1993-12-05,70,43,0.00,0.0,0
1993-12-06,60,43,0.00,0.0,0
1993-12-07,63,42,0.00,0.0,0
1993-12-08,64,46,0.00,0.0,0
1993-12-09,72,63,0.00,0.0,0
1993-12-10,73,49,0.00,0.0,0
1993-12-11,62,41,0.00,0.0,0
1993-12-12,60,47,0.65,0.0,0
1993-12-13,60,45,0.02,0.0,0
1993-12-14,56,39,0.00,0.0,0
1993-12-15,49,33,0.00,0.0,0
1993-12-16,51,35,0.01,0.0,0
1993-12-17,61,41,T,0.0,0
1993-12-18,58,33,0.00,0.0,0
1993-12-19,57,38,0.00,0.0,0
1993-12-20,51,34,T,0.0,0
1993-12-21,53,32,0.01,0.0,0
1993-12-22,41,30,0.20,T,0
1993-12-23,48,28,0.00,0.0,0
1993-12-24,45,32,0.00,0.0,0
1993-12-25,57,36,0.00,0.0,0
1993-12-26,71,39,0.00,0.0,0
1993-12-27,69,49,0.00,0.0,0
1993-12-28,51,32,0.00,0.0,0
1993-12-29,50,31,0.00,0.0,0
1993-12-30,53,28,0.00,0.0,0
1993-12-31,62,33,0.00,0.0,0
1994-01-01,64,42,0.00,0.0,0
1994-01-02,68,36,0.00,0.0,0
1994-01-03,50,35,0.00,0.0,0
1994-01-04,54,36,0.00,0.0,0
1994-01-05,67,35,0.00,0.0,0
1994-01-06,63,38,0.00,0.0,0
1994-01-07,39,26,0.00,0.0,0
1994-01-08,53,25,0.00,0.0,0
1994-01-09,59,33,0.00,0.0,0
1994-01-10,61,50,0.01,0.0,0
1994-01-11,57,43,0.17,0.0,0
1994-01-12,57,40,0.00,0.0,0
1994-01-13,62,44,0.00,0.0,0
1994-01-14,72,37,0.00,0.0,0
1994-01-15,46,32,0.00,0.0,0
1994-01-16,62,40,0.30,0.0,0
1994-01-17,43,28,0.00,0.0,0
1994-01-18,35,18,0.00,0.0,0
1994-01-19,47,25,0.00,0.0,0
1994-01-20,46,39,0.09,0.0,0
1994-01-21,44,34,0.04,0.0,0
1994-01-22,47,41,0.21,0.0,0
1994-01-23,56,46,0.01,0.0,0
1994-01-24,66,51,0.05,0.0,0
1994-01-25,72,64,0.01,0.0,0
1994-01-26,74,63,T,0.0,0
1994-01-27,63,39,0.02,0.0,0
1994-01-28,42,33,0.00,0.0,0
1994-01-29,42,35,0.00,0.0,0
1994-01-30,50,27,T,T,0
1994-01-31,39,28,T,T,0
1994-02-01,46,23,0.00,0.0,0
1994-02-02,54,28,0.00,0.0,0
1994-02-03,60,42,0.00,0.0,0
1994-02-04,67,49,0.00,0.0,0
1994-02-05,62,44,0.00,0.0,0
1994-02-06,75,37,0.00,0.0,0
1994-02-07,72,50,0.00,0.0,0
1994-02-08,79,45,0.00,0.0,0
1994-02-09,45,21,0.02,T,T
1994-02-10,38,21,0.02,T,T
1994-02-11,52,27,0.00,0.0,0
1994-02-12,55,39,T,0.0,0
1994-02-13,55,31,0.00,0.0,0
1994-02-14,60,30,0.00,0.0,0
1994-02-15,67,46,0.00,0.0,0
1994-02-16,68,40,0.00,0.0,0
1994-02-17,72,48,0.00,0.0,0
1994-02-18,71,53,0.00,0.0,0
1994-02-19,71,63,0.01,0.0,0
1994-02-20,72,57,0.08,0.0,0
1994-02-21,63,52,0.24,0.0,0
1994-02-22,65,47,0.90,0.0,0
1994-02-23,50,35,0.00,0.0,0
1994-02-24,63,32,0.00,0.0,0
1994-02-25,56,34,0.00,0.0,0
1994-02-26,47,26,0.00,0.0,0
1994-02-27,51,36,0.00,0.0,0
1994-02-28,58,47,0.60,0.0,0
1994-03-01,50,40,0.14,0.0,0
1994-03-02,61,36,0.00,0.0,0
1994-03-03,71,37,0.00,0.0,0
1994-03-04,75,54,0.00,0.0,0
1994-03-05,74,57,0.00,0.0,0
1994-03-06,77,63,T,0.0,0
1994-03-07,80,65,0.00,0.0,0
1994-03-08,69,41,1.00,0.0,0
1994-03-09,49,35,0.04,0.0,0
1994-03-10,63,30,0.00,0.0,0
1994-03-11,65,42,0.00,0.0,0
1994-03-12,57,50,0.03,0.0,0
1994-03-13,68,51,0.07,0.0,0
1994-03-14,78,44,0.00,0.0,0
1994-03-15,81,56,0.00,0.0,0
1994-03-16,77,49,0.00,0.0,0
1994-03-17,83,59,0.00,0.0,0
1994-03-18,84,62,0.00,0.0,0
1994-03-19,88,62,0.00,0.0,0
1994-03-20,85,65,0.00,0.0,0
1994-03-21,73,51,0.00,0.0,0
1994-03-22,80,44,0.00,0.0,0
1994-03-23,85,66,0.00,0.0,0
1994-03-24,73,50,0.01,0.0,0
1994-03-25,68,46,0.00,0.0,0
1994-03-26,75,57,0.49,0.0,0
1994-03-27,60,46,0.03,0.0,0
1994-03-28,59,42,0.00,0.0,0
1994-03-29,75,45,0.00,0.0,0
1994-03-30,60,46,0.00,0.0,0
1994-03-31,68,42,0.00,0.0,0
1994-04-01,77,47,0.00,0.0,0
1994-04-02,80,55,0.41,0.0,0
1994-04-03,68,48,0.00,0.0,0
1994-04-04,79,50,0.00,0.0,0
1994-04-05,74,39,0.03,0.0,0
1994-04-06,60,35,0.00,0.0,0
1994-04-07,67,41,0.00,0.0,0
1994-04-08,76,51,0.00,0.0,0
1994-04-09,84,65,T,0.0,0
1994-04-10,82,72,0.00,0.0,0
1994-04-11,76,56,0.39,0.0,0
1994-04-12,76,47,0.00,0.0,0
1994-04-13,87,55,0.00,0.0,0
1994-04-14,83,67,0.00,0.0,0
1994-04-15,80,61,0.00,0.0,0
1994-04-16,79,55,0.00,0.0,0
1994-04-17,80,50,0.00,0.0,0
1994-04-18,82,55,0.00,0.0,0
1994-04-19,81,65,0.00,0.0,0
1994-04-20,86,65,0.32,0.0,0
1994-04-21,83,64,0.15,0.0,0
1994-04-22,87,67,0.01,0.0,0
1994-04-23,83,64,0.00,0.0,0
1994-04-24,80,66,0.00,0.0,0
1994-04-25,80,66,0.70,T,0
1994-04-26,87,66,T,0.0,0
1994-04-27,87,64,0.00,0.0,0
1994-04-28,73,51,0.05,0.0,0
1994-04-29,70,49,1.63,0.0,0
1994-04-30,63,47,0.00,0.0,0
1994-05-01,66,46,0.00,0.0,0
1994-05-02,59,50,1.23,0.0,0
1994-05-03,69,50,0.01,0.0,0
1994-05-04,78,58,0.00,0.0,0
1994-05-05,80,56,0.00,0.0,0
1994-05-06,83,66,0.00,0.0,0
1994-05-07,81,64,T,0.0,0
1994-05-08,75,58,0.00,0.0,0
1994-05-09,70,66,0.36,0.0,0
1994-05-10,76,67,0.18,0.0,0
1994-05-11,83,68,0.88,0.0,0
1994-05-12,85,68,0.29,0.0,0
1994-05-13,78,64,0.63,0.0,0
1994-05-14,87,63,0.29,0.0,0
1994-05-15,87,66,0.00,0.0,0
1994-05-16,86,69,0.00,0.0,0
1994-05-17,83,70,0.00,0.0,0
1994-05-18,85,65,0.00,0.0,0
1994-05-19,83,60,0.00,0.0,0
1994-05-20,81,63,0.00,0.0,0
1994-05-21,84,60,0.00,0.0,0
1994-05-22,85,64,0.00,0.0,0
1994-05-23,87,68,0.00,0.0,0
1994-05-24,89,70,0.00,0.0,0
1994-05-25,88,70,0.21,0.0,0
1994-05-26,84,70,0.77,0.0,0
1994-05-27,85,68,0.05,0.0,0
1994-05-28,84,68,0.00,0.0,0
1994-05-29,87,64,1.23,0.0,0
1994-05-30,90,70,0.00,0.0,0
1994-05-31,93,69,0.00,0.0,0
1994-06-01,89,73,0.00,0.0,0
1994-06-02,90,73,0.00,0.0,0
1994-06-03,89,74,0.00,0.0,0
1994-06-04,92,75,0.00,0.0,0
1994-06-05,93,76,0.00,0.0,0
1994-06-06,96,75,0.01,0.0,0
1994-06-07,98,79,0.00,0.0,0
1994-06-08,99,79,0.00,0.0,0
1994-06-09,95,80,0.03,0.0,0
1994-06-10,92,74,T,0.0,0
1994-06-11,87,69,0.35,0.0,0
1994-06-12,92,69,0.00,0.0,0
1994-06-13,94,76,0.00,0.0,0
1994-06-14,93,78,0.00,0.0,0
1994-06-15,84,71,1.09,0.0,0
1994-06-16,92,77,0.00,0.0,0
1994-06-17,91,75,0.00,0.0,0
1994-06-18,97,74,0.81,0.0,0
1994-06-19,93,74,0.00,0.0,0
1994-06-20,96,75,0.00,0.0,0
1994-06-21,93,74,0.00,0.0,0
1994-06-22,93,77,0.00,0.0,0
1994-06-23,99,77,0.00,0.0,0
1994-06-24,97,76,0.00,0.0,0
1994-06-25,102,79,0.00,0.0,0
1994-06-26,100,80,0.00,0.0,0
1994-06-27,100,80,0.00,0.0,0
1994-06-28,99,79,0.00,0.0,0
1994-06-29,96,79,T,0.0,0
1994-06-30,95,71,0.32,0.0,0
1994-07-01,94,77,0.00,0.0,0
1994-07-02,94,78,T,0.0,0
1994-07-03,95,78,0.00,0.0,0
1994-07-04,95,78,0.00,0.0,0
1994-07-05,95,78,0.00,0.0,0
1994-07-06,94,75,T,0.0,0
1994-07-07,99,78,0.00,0.0,0
1994-07-08,96,70,0.78,0.0,0
1994-07-09,84,70,T,0.0,0
1994-07-10,89,72,2.14,0.0,0
1994-07-11,88,71,1.80,0.0,0
1994-07-12,94,73,0.68,0.0,0
1994-07-13,96,80,0.00,0.0,0
1994-07-14,89,73,0.14,0.0,0
1994-07-15,97,74,0.00,0.0,0
1994-07-16,96,79,0.00,0.0,0
1994-07-17,99,78,0.00,0.0,0
1994-07-18,98,80,0.00,0.0,0
1994-07-19,97,78,0.00,0.0,0
1994-07-20,96,79,0.00,0.0,0
1994-07-21,97,80,0.00,0.0,0
1994-07-22,97,77,0.00,0.0,0
1994-07-23,102,79,0.00,0.0,0
1994-07-24,101,81,0.00,0.0,0
1994-07-25,97,82,0.00,0.0,0
1994-07-26,97,74,0.00,0.0,0
1994-07-27,87,68,0.00,0.0,0
1994-07-28,90,66,0.00,0.0,0
1994-07-29,88,70,0.00,0.0,0
1994-07-30,81,71,0.07,0.0,0
1994-07-31,91,69,0.00,0.0,0
1994-08-01,92,74,0.00,0.0,0
1994-08-02,92,74,0.00,0.0,0
1994-08-03,93,74,0.00,0.0,0
1994-08-04,96,77,0.00,0.0,0
1994-08-05,92,76,T,0.0,0
1994-08-06,97,76,0.00,0.0,0
1994-08-07,94,70,0.38,0.0,0
1994-08-08,91,72,0.00,0.0,0
1994-08-09,91,72,0.00,0.0,0
1994-08-10,93,74,0.00,0.0,0
1994-08-11,96,74,0.00,0.0,0
1994-08-12,96,78,0.00,0.0,0
1994-08-13,97,77,0.00,0.0,0
1994-08-14,100,78,0.00,0.0,0
1994-08-15,87,70,0.15,0.0,0
1994-08-16,92,76,0.00,0.0,0
1994-08-17,100,74,0.00,0.0,0
1994-08-18,102,78,0.00,0.0,0
1994-08-19,103,83,0.00,0.0,0
1994-08-20,97,74,0.49,0.0,0
1994-08-21,89,71,0.00,0.0,0
1994-08-22,93,68,0.00,0.0,0
1994-08-23,95,77,0.00,0.0,0
1994-08-24,96,77,0.00,0.0,0
1994-08-25,98,78,0.00,0.0,0
1994-08-26,98,78,0.00,0.0,0
1994-08-27,96,79,0.00,0.0,0
1994-08-28,97,77,0.00,0.0,0
1994-08-29,97,79,0.00,0.0,0
1994-08-30,98,80,0.00,0.0,0
1994-08-31,95,71,2.03,0.0,0
1994-09-01,88,71,0.25,0.0,0
1994-09-02,84,73,0.84,0.0,0
1994-09-03,90,73,T,0.0,0
1994-09-04,95,75,0.00,0.0,0
1994-09-05,96,74,0.00,0.0,0
1994-09-06,94,78,0.00,0.0,0
1994-09-07,86,75,0.01,0.0,0
1994-09-08,84,73,1.42,0.0,0
1994-09-09,86,72,0.00,0.0,0
1994-09-10,89,68,0.00,0.0,0
1994-09-11,89,70,T,0.0,0
1994-09-12,89,73,0.00,0.0,0
1994-09-13,92,74,0.00,0.0,0
1994-09-14,91,74,0.00,0.0,0
1994-09-15,91,76,0.02,0.0,0
1994-09-16,86,72,T,0.0,0
1994-09-17,87,66,0.00,0.0,0
1994-09-18,87,59,0.00,0.0,0
1994-09-19,88,63,0.00,0.0,0
1994-09-20,87,64,0.00,0.0,0
1994-09-21,88,67,0.00,0.0,0
1994-09-22,75,54,0.07,0.0,0
1994-09-23,83,51,0.00,0.0,0
1994-09-24,72,51,0.00,0.0,0
1994-09-25,80,51,0.00,0.0,0
1994-09-26,90,60,0.00,0.0,0
1994-09-27,97,64,0.00,0.0,0
1994-09-28,97,70,0.00,0.0,0
1994-09-29,96,70,0.00,0.0,0
1994-09-30,91,70,0.00,0.0,0
1994-10-01,91,71,0.00,0.0,0
1994-10-02,92,67,0.00,0.0,0
1994-10-03,93,71,T,0.0,0
1994-10-04,92,71,0.00,0.0,0
1994-10-05,92,69,0.00,0.0,0
1994-10-06,91,71,0.00,0.0,0
1994-10-07,81,62,2.69,0.0,0
1994-10-08,75,56,T,0.0,0
1994-10-09,73,51,0.00,0.0,0
1994-10-10,71,53,0.00,0.0,0
1994-10-11,73,51,0.00,0.0,0
1994-10-12,74,50,0.00,0.0,0
1994-10-13,71,61,0.00,0.0,0
1994-10-14,66,61,0.04,0.0,0
1994-10-15,66,59,0.06,0.0,0
1994-10-16,79,65,1.05,0.0,0
1994-10-17,76,70,0.18,0.0,0
1994-10-18,71,66,2.75,0.0,0
1994-10-19,80,67,0.00,0.0,0
1994-10-20,74,67,0.75,0.0,0
1994-10-21,79,63,2.18,0.0,0
1994-10-22,85,57,0.00,0.0,0
1994-10-23,83,58,0.00,0.0,0
1994-10-24,77,62,0.76,0.0,0
1994-10-25,64,45,0.71,0.0,0
1994-10-26,64,40,0.00,0.0,0
1994-10-27,67,44,0.00,0.0,0
1994-10-28,72,49,0.00,0.0,0
1994-10-29,77,53,0.00,0.0,0
1994-10-30,79,56,0.00,0.0,0
1994-10-31,68,48,0.01,0.0,0
1994-11-01,71,46,0.00,0.0,0
1994-11-02,81,54,T,0.0,0
1994-11-03,82,66,0.49,0.0,0
1994-11-04,81,53,1.65,0.0,0
1994-11-05,65,51,0.55,0.0,0
1994-11-06,74,46,0.00,0.0,0
1994-11-07,74,52,0.00,0.0,0
1994-11-08,81,64,0.00,0.0,0
1994-11-09,75,50,0.66,0.0,0
1994-11-10,53,50,0.00,0.0,0
1994-11-11,64,48,0.00,0.0,0
1994-11-12,63,45,0.00,0.0,0
1994-11-13,73,60,0.00,0.0,0
1994-11-14,71,60,2.05,0.0,0
1994-11-15,60,50,0.12,0.0,0
1994-11-16,65,44,0.00,0.0,0
1994-11-17,66,50,T,0.0,0
1994-11-18,71,43,0.18,0.0,0
1994-11-19,68,60,0.22,0.0,0
1994-11-20,72,54,0.36,0.0,0
1994-11-21,71,44,0.00,0.0,0
1994-11-22,65,50,0.00,0.0,0
1994-11-23,52,46,0.04,0.0,0
1994-11-24,51,45,0.03,0.0,0
1994-11-25,58,50,T,0.0,0
1994-11-26,72,56,0.01,0.0,0
1994-11-27,75,47,0.00,0.0,0
1994-11-28,64,39,0.00,0.0,0
1994-11-29,62,38,0.00,0.0,0
1994-11-30,62,34,0.00,0.0,0
1994-12-01,63,37,0.00,0.0,0
1994-12-02,55,47,0.03,0.0,0
1994-12-03,65,55,T,0.0,0
1994-12-04,74,59,0.01,0.0,0
1994-12-05,64,52,0.00,0.0,0
1994-12-06,74,53,T,0.0,0
1994-12-07,70,46,T,0.0,0
1994-12-08,53,42,0.49,0.0,0
1994-12-09,42,38,0.76,0.0,0
1994-12-10,53,37,0.01,0.0,0
1994-12-11,46,32,0.00,0.0,0
1994-12-12,56,33,0.00,0.0,0
1994-12-13,51,43,0.09,0.0,0
1994-12-14,50,45,0.14,0.0,0
1994-12-15,51,48,0.11,0.0,0
1994-12-16,55,40,0.03,0.0,0
1994-12-17,63,35,0.00,0.0,0
1994-12-18,65,35,0.00,0.0,0
1994-12-19,64,41,0.00,0.0,0
1994-12-20,62,45,0.00,0.0,0
1994-12-21,65,42,0.00,0.0,0
1994-12-22,58,37,0.00,0.0,0
1994-12-23,59,36,0.00,0.0,0
1994-12-24,51,35,0.00,0.0,0
1994-12-25,60,31,0.00,0.0,0
1994-12-26,63,32,0.00,0.0,0
1994-12-27,64,40,0.34,0.0,0
1994-12-28,50,46,0.23,0.0,0
1994-12-29,55,44,T,0.0,0
1994-12-30,58,41,0.00,0.0,0
1994-12-31,57,46,0.13,0.0,0
1995-01-01,46,32,0.00,0.0,0
1995-01-02,47,27,0.04,T,0
1995-01-03,44,30,0.08,T,T
1995-01-04,36,26,0.00,0.0,0
1995-01-05,41,28,0.01,0.0,0
1995-01-06,62,36,0.08,0.0,0
1995-01-07,48,27,0.00,0.0,0
1995-01-08,73,39,0.00,0.0,0
1995-01-09,72,37,0.00,0.0,0
1995-01-10,78,55,0.00,0.0,0
1995-01-11,80,57,0.00,0.0,0
1995-01-12,76,58,0.16,0.0,0
1995-01-13,62,50,T,0.0,0
1995-01-14,61,42,0.00,0.0,0
1995-01-15,65,35,0.00,0.0,0
1995-01-16,69,50,0.00,0.0,0
1995-01-17,63,50,0.32,0.0,0
1995-01-18,55,36,0.38,T,0
1995-01-19,56,33,0.00,0.0,0
1995-01-20,64,35,0.00,0.0,0
1995-01-21,57,43,0.00,0.0,0
1995-01-22,47,33,0.24,0.0,0
1995-01-23,54,29,0.00,0.0,0
1995-01-24,61,31,0.00,0.0,0
1995-01-25,61,49,0.00,0.0,0
1995-01-26,63,54,0.62,0.0,0
1995-01-27,73,56,0.00,0.0,0
1995-01-28,58,44,0.00,0.0,0
1995-01-29,44,38,T,0.0,0
1995-01-30,52,32,0.00,0.0,0
1995-01-31,69,38,0.00,0.0,0
1995-02-01,74,42,0.00,0.0,0
1995-02-02,83,47,0.00,0.0,0
1995-02-03,66,46,0.00,0.0,0
1995-02-04,68,37,0.00,0.0,0
1995-02-05,60,43,0.00,0.0,0
1995-02-06,66,39,0.00,0.0,0
1995-02-07,53,39,0.00,0.0,0
1995-02-08,53,30,0.00,0.0,0
1995-02-09,61,48,0.00,0.0,0
1995-02-10,74,49,0.00,0.0,0
1995-02-11,53,36,0.17,0.0,0
1995-02-12,45,30,0.00,0.0,0
1995-02-13,39,32,0.04,0.0,0
1995-02-14,50,35,0.05,0.0,0
1995-02-15,73,44,0.02,0.0,0
1995-02-16,49,40,0.06,0.0,0
1995-02-17,61,40,0.00,0.0,0
1995-02-18,66,32,0.00,0.0,0
1995-02-19,68,43,0.00,0.0,0
1995-02-20,81,40,0.00,0.0,0
1995-02-21,76,48,0.00,0.0,0
1995-02-22,76,50,0.00,0.0,0
1995-02-23,82,56,0.00,0.0,0
1995-02-24,70,52,0.00,0.0,0
1995-02-25,66,50,T,0.0,0
1995-02-26,73,53,0.02,0.0,0
1995-02-27,77,57,0.00,0.0,0
1995-02-28,58,38,0.08,0.0,0
1995-03-01,40,32,0.05,0.0,0
1995-03-02,35,31,0.13,0.0,0
1995-03-03,42,33,0.02,0.0,0
1995-03-04,50,41,T,0.0,0
1995-03-05,58,49,T,0.0,0
1995-03-06,73,46,0.49,0.0,0
1995-03-07,66,30,0.35,0.0,0
1995-03-08,54,24,0.00,0.0,0
1995-03-09,62,33,0.00,0.0,0
1995-03-10,65,38,0.00,0.0,0
1995-03-11,72,49,0.00,0.0,0
1995-03-12,71,61,0.80,0.0,0
1995-03-13,64,56,3.25,0.0,0
1995-03-14,62,53,0.09,0.0,0
1995-03-15,64,55,0.13,0.0,0
1995-03-16,74,53,0.00,0.0,0
1995-03-17,80,51,0.00,0.0,0
1995-03-18,82,52,0.00,0.0,0
1995-03-19,83,60,0.00,0.0,0
1995-03-20,82,60,0.00,0.0,0
1995-03-21,81,56,0.00,0.0,0
1995-03-22,92,68,0.00,0.0,0
1995-03-23,89,62,0.00,0.0,0
1995-03-24,79,66,0.00,0.0,0
1995-03-25,73,66,0.62,0.0,0
1995-03-26,74,57,0.02,0.0,0
1995-03-27,70,46,0.00,0.0,0
1995-03-28,59,50,0.02,0.0,0
1995-03-29,63,47,0.03,0.0,0
1995-03-30,68,49,0.00,0.0,0
1995-03-31,65,49,T,0.0,0
1995-04-01,74,45,0.00,0.0,0
1995-04-02,76,50,0.00,0.0,0
1995-04-03,74,58,0.68,0.0,0
1995-04-04,68,58,0.76,0.0,0
1995-04-05,61,53,1.30,0.0,0
1995-04-06,74,50,0.00,0.0,0
1995-04-07,82,56,0.00,0.0,0
1995-04-08,85,62,0.00,0.0,0
1995-04-09,85,65,0.00,0.0,0
1995-04-10,77,49,0.67,0.0,0
1995-04-11,62,41,0.01,0.0,0
1995-04-12,77,49,0.00,0.0,0
1995-04-13,80,50,0.00,0.0,0
1995-04-14,82,57,0.00,0.0,0
1995-04-15,82,66,0.00,0.0,0
1995-04-16,77,72,0.01,0.0,0
1995-04-17,81,65,0.35,0.0,0
1995-04-18,79,57,0.00,0.0,0
1995-04-19,73,59,0.87,0.0,0
1995-04-20,80,60,0.03,0.0,0
1995-04-21,84,55,0.00,0.0,0
1995-04-22,71,50,0.42,0.0,0
1995-04-23,61,48,T,0.0,0
1995-04-24,71,44,0.00,0.0,0
1995-04-25,75,50,0.00,0.0,0
1995-04-26,79,58,0.00,0.0,0
1995-04-27,72,52,0.00,0.0,0
1995-04-28,80,59,0.00,0.0,0
1995-04-29,84,65,0.22,0.0,0
1995-04-30,82,62,T,0.0,0
1995-05-01,75,56,0.00,0.0,0
1995-05-02,67,51,T,0.0,0
1995-05-03,66,57,0.48,0.0,0
1995-05-04,80,64,0.01,0.0,0
1995-05-05,80,62,3.21,0.0,0
1995-05-06,83,64,0.08,0.0,0
1995-05-07,81,63,1.30,0.0,0
1995-05-08,78,60,1.43,0.0,0
1995-05-09,88,63,0.00,0.0,0
1995-05-10,77,63,0.00,0.0,0
1995-05-11,76,58,0.00,0.0,0
1995-05-12,78,64,T,0.0,0
1995-05-13,93,78,0.00,0.0,0
1995-05-14,93,79,0.00,0.0,0
1995-05-15,93,80,0.00,0.0,0
1995-05-16,85,75,0.00,0.0,0
1995-05-17,86,M,0.01,0.0,0
1995-05-18,M,60,0.00,0.0,0
1995-05-19,80,54,0.00,0.0,0
1995-05-20,82,61,0.00,0.0,0
1995-05-21,85,64,0.00,0.0,0
1995-05-22,89,64,0.00,0.0,0
1995-05-23,90,70,0.30,0.0,0
1995-05-24,86,73,0.36,0.0,0
1995-05-25,80,67,T,0.0,0
1995-05-26,89,72,0.00,0.0,0
1995-05-27,90,68,0.65,0.0,0
1995-05-28,93,74,0.00,0.0,0
1995-05-29,85,70,0.05,0.0,0
1995-05-30,85,69,0.01,0.0,0
1995-05-31,89,65,0.51,0.0,0
1995-06-01,90,63,0.00,0.0,0
1995-06-02,91,74,0.00,0.0,0
1995-06-03,91,76,0.00,0.0,0
1995-06-04,91,72,0.00,0.0,0
1995-06-05,93,72,0.01,0.0,0
1995-06-06,94,72,0.00,0.0,0
1995-06-07,94,79,0.00,0.0,0
1995-06-08,95,79,0.00,0.0,0
1995-06-09,95,80,0.00,0.0,0
1995-06-10,92,68,1.38,0.0,0
1995-06-11,80,64,0.42,0.0,0
1995-06-12,83,59,0.00,0.0,0
1995-06-13,87,62,0.00,0.0,0
1995-06-14,88,68,0.00,0.0,0
1995-06-15,89,70,0.00,0.0,0
1995-06-16,87,71,0.00,0.0,0
1995-06-17,88,72,0.00,0.0,0
1995-06-18,89,69,0.00,0.0,0
1995-06-19,92,71,0.00,0.0,0
1995-06-20,93,71,0.00,0.0,0
1995-06-21,94,73,0.00,0.0,0
1995-06-22,95,74,0.00,0.0,0
1995-06-23,95,74,0.00,0.0,0
1995-06-24,95,73,0.00,0.0,0
1995-06-25,90,70,0.00,0.0,0
1995-06-26,95,72,0.00,0.0,0
1995-06-27,88,73,0.27,0.0,0
1995-06-28,93,72,0.00,0.0,0
1995-06-29,88,73,0.06,0.0,0
1995-06-30,88,71,0.00,0.0,0
1995-07-01,90,67,0.00,0.0,0
1995-07-02,90,73,0.45,0.0,0
1995-07-03,97,79,0.00,0.0,0
1995-07-04,94,67,0.29,0.0,0
1995-07-05,92,64,1.80,0.0,0
1995-07-06,94,73,0.16,0.0,0
1995-07-07,97,71,0.00,0.0,0
1995-07-08,98,77,0.00,0.0,0
1995-07-09,99,77,0.00,0.0,0
1995-07-10,102,77,0.00,0.0,0
1995-07-11,102,79,0.00,0.0,0
1995-07-12,103,82,0.00,0.0,0
1995-07-13,99,80,0.00,0.0,0
1995-07-14,96,77,0.00,0.0,0
1995-07-15,93,77,0.14,0.0,0
1995-07-16,95,75,0.00,0.0,0
1995-07-17,99,78,0.00,0.0,0
1995-07-18,99,77,0.04,0.0,0
1995-07-19,98,75,0.00,0.0,0
1995-07-20,97,79,T,0.0,0
1995-07-21,100,81,0.00,0.0,0
1995-07-22,100,81,0.00,0.0,0
1995-07-23,97,77,0.26,0.0,0
1995-07-24,99,78,0.00,0.0,0
1995-07-25,99,80,0.00,0.0,0
1995-07-26,99,81,0.00,0.0,0
1995-07-27,103,82,0.00,0.0,0
1995-07-28,108,83,0.00,0.0,0
1995-07-29,97,83,0.00,0.0,0
1995-07-30,96,79,T,0.0,0
1995-07-31,81,76,0.81,0.0,0
1995-08-01,86,75,0.46,0.0,0
1995-08-02,87,76,0.40,0.0,0
1995-08-03,93,77,0.00,0.0,0
1995-08-04,97,77,0.00,0.0,0
1995-08-05,99,78,T,0.0,0
1995-08-06,96,81,0.00,0.0,0
1995-08-07,96,79,0.00,0.0,0
1995-08-08,96,80,0.00,0.0,0
1995-08-09,96,77,0.00,0.0,0
1995-08-10,97,76,0.00,0.0,0
1995-08-11,98,80,0.00,0.0,0
1995-08-12,96,79,0.00,0.0,0
1995-08-13,98,79,0.00,0.0,0
1995-08-14,96,78,0.00,0.0,0
1995-08-15,95,77,0.04,0.0,0
1995-08-16,97,78,0.00,0.0,0
1995-08-17,98,80,0.00,0.0,0
1995-08-18,100,78,0.00,0.0,0
1995-08-19,105,81,0.00,0.0,0
1995-08-20,104,78,0.12,0.0,0
1995-08-21,104,79,0.00,0.0,0
1995-08-22,98,79,0.00,0.0,0
1995-08-23,99,82,0.00,0.0,0
1995-08-24,98,76,0.00,0.0,0
1995-08-25,100,81,0.00,0.0,0
1995-08-26,101,80,0.00,0.0,0
1995-08-27,103,78,0.00,0.0,0
1995-08-28,106,81,0.05,0.0,0
1995-08-29,102,81,T,0.0,0
1995-08-30,100,79,0.00,0.0,0
1995-08-31,98,75,0.00,0.0,0
1995-09-01,101,78,0.00,0.0,0
1995-09-02,103,77,0.00,0.0,0
1995-09-03,103,83,0.00,0.0,0
1995-09-04,102,83,0.00,0.0,0
1995-09-05,99,76,0.00,0.0,0
1995-09-06,97,78,0.00,0.0,0
1995-09-07,90,76,0.05,0.0,0
1995-09-08,88,68,0.00,0.0,0
1995-09-09,89,65,0.00,0.0,0
1995-09-10,87,70,T,0.0,0
1995-09-11,93,69,0.00,0.0,0
1995-09-12,85,71,0.71,0.0,0
1995-09-13,88,69,0.88,0.0,0
1995-09-14,88,71,0.03,0.0,0
1995-09-15,91,76,0.00,0.0,0
1995-09-16,96,78,0.00,0.0,0
1995-09-17,87,74,0.13,0.0,0
1995-09-18,83,73,0.24,0.0,0
1995-09-19,84,73,0.65,0.0,0
1995-09-20,79,69,0.00,0.0,0
1995-09-21,71,50,0.03,0.0,0
1995-09-22,67,50,0.00,0.0,0
1995-09-23,70,48,0.00,0.0,0
1995-09-24,79,54,0.00,0.0,0
1995-09-25,78,60,0.00,0.0,0
1995-09-26,79,59,0.00,0.0,0
1995-09-27,90,63,0.00,0.0,0
1995-09-28,92,74,0.00,0.0,0
1995-09-29,92,73,0.00,0.0,0
1995-09-30,91,72,0.00,0.0,0
1995-10-01,87,70,0.00,0.0,0
1995-10-02,89,65,0.04,0.0,0
1995-10-03,81,61,0.00,0.0,0
1995-10-04,86,53,0.00,0.0,0
1995-10-05,80,60,0.00,0.0,0
1995-10-06,74,55,0.00,0.0,0
1995-10-07,79,49,0.00,0.0,0
1995-10-08,84,55,0.00,0.0,0
1995-10-09,88,62,0.00,0.0,0
1995-10-10,89,68,T,0.0,0
1995-10-11,91,63,0.00,0.0,0
1995-10-12,89,60,0.00,0.0,0
1995-10-13,91,61,0.00,0.0,0
1995-10-14,78,50,0.00,0.0,0
1995-10-15,86,51,0.00,0.0,0
1995-10-16,91,55,0.00,0.0,0
1995-10-17,86,60,0.00,0.0,0
1995-10-18,86,62,0.00,0.0,0
1995-10-19,87,65,0.00,0.0,0
1995-10-20,73,50,0.00,0.0,0
1995-10-21,82,49,0.00,0.0,0
1995-10-22,87,61,0.00,0.0,0
1995-10-23,75,50,0.02,0.0,0
1995-10-24,72,43,0.00,0.0,0
1995-10-25,79,58,0.00,0.0,0
1995-10-26,88,62,0.00,0.0,0
1995-10-27,85,60,0.00,0.0,0
1995-10-28,76,54,0.00,0.0,0
1995-10-29,79,59,0.00,0.0,0
1995-10-30,62,53,0.07,0.0,0
1995-10-31,74,58,T,0.0,0
1995-11-01,85,61,1.43,0.0,0
1995-11-02,73,44,T,0.0,0
1995-11-03,56,37,0.00,0.0,0
1995-11-04,52,40,T,0.0,0
1995-11-05,53,42,T,0.0,0
1995-11-06,69,48,0.01,0.0,0
1995-11-07,76,55,0.00,0.0,0
1995-11-08,69,45,0.00,0.0,0
1995-11-09,74,50,0.00,0.0,0
1995-11-10,84,44,0.00,0.0,0
1995-11-11,55,34,0.00,0.0,0
1995-11-12,70,40,0.00,0.0,0
1995-11-13,75,45,0.00,0.0,0
1995-11-14,68,43,0.00,0.0,0
1995-11-15,74,48,0.00,0.0,0
1995-11-16,67,44,0.00,0.0,0
1995-11-17,61,47,0.00,0.0,0
1995-11-18,74,46,0.00,0.0,0
1995-11-19,78,48,0.00,0.0,0
1995-11-20,76,53,T,0.0,0
1995-11-21,70,52,0.00,0.0,0
1995-11-22,76,51,0.00,0.0,0
1995-11-23,65,48,0.00,0.0,0
1995-11-24,69,40,0.00,0.0,0
1995-11-25,77,46,0.00,0.0,0
1995-11-26,78,55,0.00,0.0,0
1995-11-27,67,44,0.00,0.0,0
1995-11-28,44,33,0.01,T,0
1995-11-29,59,32,0.00,0.0,0
1995-11-30,70,40,0.00,0.0,0
1995-12-01,72,49,0.00,0.0,0
1995-12-02,81,60,0.00,0.0,0
1995-12-03,72,54,0.00,0.0,0
1995-12-04,68,50,0.00,0.0,0
1995-12-05,72,50,0.00,0.0,0
1995-12-06,68,47,0.00,0.0,0
1995-12-07,53,38,T,0.0,0
1995-12-08,54,35,0.23,0.0,0
1995-12-09,35,20,0.00,0.0,0
1995-12-10,43,20,0.00,0.0,0
1995-12-11,56,35,0.00,0.0,0
1995-12-12,75,53,0.00,0.0,0
1995-12-13,81,63,0.00,0.0,0
1995-12-14,81,60,0.00,0.0,0
1995-12-15,75,55,0.00,0.0,0
1995-12-16,59,51,0.03,0.0,0
1995-12-17,56,52,0.92,0.0,0
1995-12-18,55,37,0.63,0.0,0
1995-12-19,41,36,0.00,0.0,0
1995-12-20,39,36,0.00,0.0,0
1995-12-21,45,35,0.00,0.0,0
1995-12-22,44,38,0.00,0.0,0
1995-12-23,44,30,0.00,0.0,0
1995-12-24,55,29,0.00,0.0,0
1995-12-25,49,33,0.00,0.0,0
1995-12-26,54,31,0.00,0.0,0
1995-12-27,59,32,0.00,0.0,0
1995-12-28,49,30,0.00,0.0,0
1995-12-29,49,30,T,0.0,0
1995-12-30,53,41,0.24,0.0,0
1995-12-31,66,47,0.00,0.0,0
1996-01-01,56,34,0.38,T,0
1996-01-02,43,35,0.02,T,0
1996-01-03,48,33,0.00,0.0,0
1996-01-04,65,41,0.00,0.0,0
1996-01-05,47,34,0.00,0.0,0
1996-01-06,34,26,T,T,0
1996-01-07,35,19,0.00,0.0,0
1996-01-08,51,20,0.00,0.0,0
1996-01-09,64,32,0.00,0.0,0
1996-01-10,69,32,0.00,0.0,0
1996-01-11,62,44,0.00,0.0,0
1996-01-12,69,37,0.00,0.0,0
1996-01-13,78,38,0.00,0.0,0
1996-01-14,77,49,0.00,0.0,0
1996-01-15,60,41,0.00,0.0,0
1996-01-16,71,37,0.00,0.0,0
1996-01-17,75,M,0.63,0.0,0
1996-01-18,M,21,0.01,T,0
1996-01-19,39,18,0.00,0.0,0
1996-01-20,65,32,0.00,0.0,0
1996-01-21,58,32,0.00,0.0,0
1996-01-22,66,46,0.02,0.0,0
1996-01-23,66,37,0.03,0.0,0
1996-01-24,56,27,0.00,0.0,0
1996-01-25,65,38,0.00,0.0,0
1996-01-26,60,32,0.00,0.0,0
1996-01-27,50,26,0.00,0.0,0
1996-01-28,56,37,0.00,0.0,0
1996-01-29,59,42,0.00,0.0,0
1996-01-30,43,24,T,0.0,0
1996-01-31,24,19,0.00,0.0,0
1996-02-01,31,23,T,0.0,0
1996-02-02,31,22,0.02,0.1,1
1996-02-03,30,16,T,T,1
1996-02-04,32,11,0.00,0.0,0
1996-02-05,57,25,0.00,0.0,0
1996-02-06,60,41,T,0.0,0
1996-02-07,76,55,0.00,0.0,0
1996-02-08,80,58,0.00,0.0,0
1996-02-09,76,53,0.00,0.0,0
1996-02-10,82,60,0.00,0.0,0
1996-02-11,60,43,T,0.0,0
1996-02-12,66,36,0.00,0.0,0
1996-02-13,75,38,0.00,0.0,0
1996-02-14,85,51,0.00,0.0,0
1996-02-15,67,45,0.00,0.0,0
1996-02-16,47,29,0.00,0.0,0
1996-02-17,68,33,0.00,0.0,0
1996-02-18,76,40,0.00,0.0,0
1996-02-19,80,53,0.00,0.0,0
1996-02-20,84,53,0.00,0.0,0
1996-02-21,95,53,0.00,0.0,0
1996-02-22,95,55,0.00,0.0,0
1996-02-23,83,57,0.00,0.0,0
1996-02-24,74,45,0.00,0.0,0
1996-02-25,78,62,0.00,0.0,0
1996-02-26,77,66,0.03,0.0,0
1996-02-27,72,45,0.12,0.0,0
1996-02-28,45,35,T,T,0
1996-02-29,41,33,0.00,0.0,0
1996-03-01,57,37,0.00,0.0,0
1996-03-02,71,36,0.00,0.0,0
1996-03-03,75,45,0.00,0.0,0
1996-03-04,71,52,0.01,0.0,0
1996-03-05,87,66,T,0.0,0
1996-03-06,71,35,0.00,0.0,0
1996-03-07,42,25,0.00,0.0,0
1996-03-08,41,24,0.00,0.0,0
1996-03-09,49,24,0.00,0.0,0
1996-03-10,61,31,0.00,0.0,0
1996-03-11,65,39,0.00,0.0,0
1996-03-12,73,45,0.00,0.0,0
1996-03-13,81,56,0.00,0.0,0
1996-03-14,87,63,0.00,0.0,0
1996-03-15,74,50,0.00,0.0,0
1996-03-16,83,46,0.05,0.0,0
1996-03-17,78,52,0.01,0.0,0
1996-03-18,61,45,0.62,0.0,0
1996-03-19,58,41,0.00,0.0,0
1996-03-20,54,37,0.00,0.0,0
1996-03-21,70,33,0.00,0.0,0
1996-03-22,80,49,0.00,0.0,0
1996-03-23,76,61,0.00,0.0,0
1996-03-24,82,50,0.65,T,0
1996-03-25,52,31,T,0.0,0
1996-03-26,53,35,0.04,0.0,0
1996-03-27,47,39,0.69,0.0,0
1996-03-28,58,41,0.00,0.0,0
1996-03-29,72,43,0.00,0.0,0
1996-03-30,81,51,T,0.0,0
1996-03-31,68,42,0.00,0.0,0
1996-04-01,71,42,0.00,0.0,0
1996-04-02,77,50,0.00,0.0,0
1996-04-03,78,58,0.00,0.0,0
1996-04-04,68,49,0.06,0.0,0
1996-04-05,49,38,1.49,0.0,0
1996-04-06,61,41,0.00,0.0,0
1996-04-07,74,42,0.00,0.0,0
1996-04-08,77,51,0.00,0.0,0
1996-04-09,81,57,0.00,0.0,0
1996-04-10,80,54,0.00,0.0,0
1996-04-11,83,65,0.00,0.0,0
1996-04-12,77,55,0.22,0.0,0
1996-04-13,82,50,T,0.0,0
1996-04-14,79,51,0.00,0.0,0
1996-04-15,69,45,0.00,0.0,0
1996-04-16,78,47,0.00,0.0,0
1996-04-17,82,57,0.00,0.0,0
1996-04-18,93,66,0.00,0.0,0
1996-04-19,93,69,0.00,0.0,0
1996-04-20,80,58,0.00,0.0,0
1996-04-21,89,65,0.00,0.0,0
1996-04-22,76,53,0.59,0.0,0
1996-04-23,75,47,0.00,0.0,0
1996-04-24,84,53,0.00,0.0,0
1996-04-25,90,61,0.00,0.0,0
1996-04-26,85,55,0.00,0.0,0
1996-04-27,87,60,0.00,0.0,0
1996-04-28,87,59,0.00,0.0,0
1996-04-29,68,51,0.00,0.0,0
1996-04-30,81,46,0.00,0.0,0
1996-05-01,82,57,0.00,0.0,0
1996-05-02,80,65,0.00,0.0,0
1996-05-03,89,70,0.00,0.0,0
1996-05-04,90,68,0.00,0.0,0
1996-05-05,93,70,0.00,0.0,0
1996-05-06,84,72,T,0.0,0
1996-05-07,89,71,0.00,0.0,0
1996-05-08,87,71,0.00,0.0,0
1996-05-09,90,71,0.00,0.0,0
1996-05-10,90,66,0.45,0.0,0
1996-05-11,71,61,0.08,0.0,0
1996-05-12,80,61,0.00,0.0,0
1996-05-13,81,68,0.03,0.0,0
1996-05-14,91,69,0.00,0.0,0
1996-05-15,91,73,0.00,0.0,0
1996-05-16,95,74,0.00,0.0,0
1996-05-17,94,72,0.00,0.0,0
1996-05-18,93,74,0.00,0.0,0
1996-05-19,93,73,0.00,0.0,0
1996-05-20,95,74,0.00,0.0,0
1996-05-21,97,75,0.00,0.0,0
1996-05-22,96,76,0.00,0.0,0
1996-05-23,97,73,0.00,0.0,0
1996-05-24,97,75,0.00,0.0,0
1996-05-25,95,75,0.00,0.0,0
1996-05-26,96,78,0.00,0.0,0
1996-05-27,99,74,0.00,0.0,0
1996-05-28,95,78,0.17,T,0
1996-05-29,90,70,T,0.0,0
1996-05-30,94,74,0.02,0.0,0
1996-05-31,88,75,0.08,0.0,0
1996-06-01,84,64,1.39,0.0,0
1996-06-02,91,71,0.00,0.0,0
1996-06-03,94,71,0.00,0.0,0
1996-06-04,88,69,0.19,0.0,0
1996-06-05,95,72,0.00,0.0,0
1996-06-06,94,70,0.55,0.0,0
1996-06-07,86,68,0.04,0.0,0
1996-06-08,81,63,0.00,0.0,0
1996-06-09,88,61,0.00,0.0,0
1996-06-10,87,65,0.56,0.0,0
1996-06-11,91,70,0.00,0.0,0
1996-06-12,94,75,0.01,0.0,0
1996-06-13,99,72,0.00,0.0,0
1996-06-14,98,73,0.05,0.0,0
1996-06-15,98,74,0.00,0.0,0
1996-06-16,98,77,0.00,0.0,0
1996-06-17,100,73,0.31,0.0,0
1996-06-18,101,74,0.00,0.0,0
1996-06-19,103,79,0.00,0.0,0
1996-06-20,101,80,0.00,0.0,0
1996-06-21,95,75,0.00,0.0,0
1996-06-22,96,78,0.00,0.0,0
1996-06-23,96,76,0.00,0.0,0
1996-06-24,95,76,0.00,0.0,0
1996-06-25,96,77,T,0.0,0
1996-06-26,94,78,0.00,0.0,0
1996-06-27,96,79,0.00,0.0,0
1996-06-28,98,80,0.00,0.0,0
1996-06-29,98,78,0.00,0.0,0
1996-06-30,99,78,0.00,0.0,0
1996-07-01,100,79,0.00,0.0,0
1996-07-02,105,82,0.00,0.0,0
1996-07-03,106,82,0.00,0.0,0
1996-07-04,108,81,0.00,0.0,0
1996-07-05,103,78,0.00,0.0,0
1996-07-06,105,82,0.00,0.0,0
1996-07-07,107,83,0.00,0.0,0
1996-07-08,103,85,0.00,0.0,0
1996-07-09,95,72,T,0.0,0
1996-07-10,92,77,0.00,0.0,0
1996-07-11,91,76,0.02,0.0,0
1996-07-12,85,74,0.96,0.0,0
1996-07-13,94,77,0.01,0.0,0
1996-07-14,88,72,1.15,0.0,0
1996-07-15,91,78,0.00,0.0,0
1996-07-16,96,73,0.45,0.0,0
1996-07-17,97,79,0.00,0.0,0
1996-07-18,97,80,0.00,0.0,0
1996-07-19,98,80,0.00,0.0,0
1996-07-20,101,82,0.00,0.0,0
1996-07-21,101,81,0.00,0.0,0
1996-07-22,101,82,0.00,0.0,0
1996-07-23,98,75,T,0.0,0
1996-07-24,94,73,0.00,0.0,0
1996-07-25,94,74,0.00,0.0,0
1996-07-26,97,77,0.00,0.0,0
1996-07-27,95,75,0.03,0.0,0
1996-07-28,97,76,0.00,0.0,0
1996-07-29,99,79,0.00,0.0,0
1996-07-30,98,78,0.20,0.0,0
1996-07-31,87,78,0.04,0.0,0
1996-08-01,99,75,0.00,0.0,0
1996-08-02,98,79,0.00,0.0,0
1996-08-03,100,81,0.00,0.0,0
1996-08-04,101,78,0.00,0.0,0
1996-08-05,100,80,0.00,0.0,0
1996-08-06,98,80,0.00,0.0,0
1996-08-07,98,79,0.00,0.0,0
1996-08-08,95,78,0.10,0.0,0
1996-08-09,93,76,0.00,0.0,0
1996-08-10,90,75,0.08,0.0,0
1996-08-11,92,68,0.11,0.0,0
1996-08-12,88,71,0.00,0.0,0
1996-08-13,92,70,0.00,0.0,0
1996-08-14,94,75,0.00,0.0,0
1996-08-15,96,74,0.00,0.0,0
1996-08-16,91,75,0.12,0.0,0
1996-08-17,85,74,0.11,0.0,0
1996-08-18,92,75,0.00,0.0,0
1996-08-19,94,76,0.03,0.0,0
1996-08-20,95,74,0.00,0.0,0
1996-08-21,94,82,0.00,0.0,0
1996-08-22,90,74,0.28,0.0,0
1996-08-23,89,74,0.04,0.0,0
1996-08-24,92,76,0.12,0.0,0
1996-08-25,89,75,0.00,0.0,0
1996-08-26,91,75,0.21,0.0,0
1996-08-27,82,73,0.57,0.0,0
1996-08-28,82,74,0.16,0.0,0
1996-08-29,78,72,0.90,0.0,0
1996-08-30,85,72,0.00,0.0,0
1996-08-31,83,68,0.80,0.0,0
1996-09-01,87,71,0.00,0.0,0
1996-09-02,89,67,0.00,0.0,0
1996-09-03,85,70,0.01,0.0,0
1996-09-04,87,72,0.00,0.0,0
1996-09-05,91,71,0.00,0.0,0
1996-09-06,91,71,0.00,0.0,0
1996-09-07,94,73,0.00,0.0,0
1996-09-08,93,76,T,0.0,0
1996-09-09,93,73,0.00,0.0,0
1996-09-10,94,68,0.00,0.0,0
1996-09-11,93,68,0.00,0.0,0
1996-09-12,88,68,0.00,0.0,0
1996-09-13,84,74,0.00,0.0,0
1996-09-14,85,72,T,0.0,0
1996-09-15,89,72,0.97,0.0,0
1996-09-16,85,69,0.00,0.0,0
1996-09-17,87,65,0.00,0.0,0
1996-09-18,75,69,0.29,0.0,0
1996-09-19,83,69,0.15,0.0,0
1996-09-20,81,67,0.00,0.0,0
1996-09-21,86,60,0.00,0.0,0
1996-09-22,87,63,0.00,0.0,0
1996-09-23,90,73,0.00,0.0,0
1996-09-24,81,71,T,0.0,0
1996-09-25,88,70,0.00,0.0,0
1996-09-26,82,55,0.02,0.0,0
1996-09-27,62,51,T,0.0,0
1996-09-28,76,46,0.00,0.0,0
1996-09-29,83,52,0.00,0.0,0
1996-09-30,79,55,0.00,0.0,0
1996-10-01,81,55,0.00,0.0,0
1996-10-02,89,56,0.00,0.0,0
1996-10-03,82,61,0.00,0.0,0
1996-10-04,78,63,0.00,0.0,0
1996-10-05,82,63,0.00,0.0,0
1996-10-06,84,60,0.00,0.0,0
1996-10-07,83,62,0.00,0.0,0
1996-10-08,73,60,0.00,0.0,0
1996-10-09,86,55,0.00,0.0,0
1996-10-10,82,56,0.00,0.0,0
1996-10-11,79,60,0.00,0.0,0
1996-10-12,84,60,0.00,0.0,0
1996-10-13,83,62,0.00,0.0,0
1996-10-14,83,60,0.00,0.0,0
1996-10-15,83,66,T,0.0,0
1996-10-16,85,68,0.00,0.0,0
1996-10-17,86,59,0.00,0.0,0
1996-10-18,71,48,0.00,0.0,0
1996-10-19,76,51,0.00,0.0,0
1996-10-20,84,64,0.00,0.0,0
1996-10-21,77,47,1.53,T,0
1996-10-22,61,45,0.16,0.0,0
1996-10-23,76,45,0.00,0.0,0
1996-10-24,66,50,T,0.0,0
1996-10-25,70,58,T,0.0,0
1996-10-26,82,67,T,0.0,0
1996-10-27,83,68,3.91,0.0,0
1996-10-28,71,57,0.61,0.0,0
1996-10-29,78,58,0.07,0.0,0
1996-10-30,78,50,0.00,0.0,0
1996-10-31,82,58,0.00,0.0,0
1996-11-01,58,43,0.04,0.0,0
1996-11-02,67,38,0.00,0.0,0
1996-11-03,62,40,0.00,0.0,0
1996-11-04,73,51,0.00,0.0,0
1996-11-05,79,59,0.00,0.0,0
1996-11-06,74,58,0.17,0.0,0
1996-11-07,64,47,1.44,0.0,0
1996-11-08,61,43,0.00,0.0,0
1996-11-09,72,39,0.00,0.0,0
1996-11-10,68,45,0.00,0.0,0
1996-11-11,76,47,0.00,0.0,0
1996-11-12,73,55,0.00,0.0,0
1996-11-13,73,55,T,0.0,0
1996-11-14,74,61,0.00,0.0,0
1996-11-15,68,61,0.05,0.0,0
1996-11-16,73,65,0.01,0.0,0
1996-11-17,73,44,0.59,0.0,0
1996-11-18,68,43,0.00,0.0,0
1996-11-19,73,54,T,0.0,0
1996-11-20,81,61,T,0.0,0
1996-11-21,66,48,0.00,0.0,0
1996-11-22,62,49,0.00,0.0,0
1996-11-23,68,58,0.64,0.0,0
1996-11-24,69,33,2.10,T,0
1996-11-25,39,31,0.02,T,T
1996-11-26,48,31,0.00,0.0,0
1996-11-27,53,32,0.00,0.0,0
1996-11-28,47,33,0.05,0.0,0
1996-11-29,59,43,0.73,0.0,0
1996-11-30,64,43,0.42,0.0,0
1996-12-01,55,38,0.00,0.0,0
1996-12-02,66,43,0.00,0.0,0
1996-12-03,63,38,0.00,0.0,0
1996-12-04,56,42,0.09,0.0,0
1996-12-05,64,42,0.00,0.0,0
1996-12-06,74,50,0.00,0.0,0
1996-12-07,66,42,0.00,0.0,0
1996-12-08,69,35,0.00,0.0,0
1996-12-09,71,43,0.00,0.0,0
1996-12-10,78,57,0.00,0.0,0
1996-12-11,82,56,0.00,0.0,0
1996-12-12,71,47,0.00,0.0,0
1996-12-13,75,46,0.00,0.0,0
1996-12-14,72,56,0.00,0.0,0
1996-12-15,59,36,0.67,T,0
1996-12-16,50,37,0.01,0.0,0
1996-12-17,41,26,T,T,0
1996-12-18,32,22,0.00,0.0,0
1996-12-19,35,20,0.00,0.0,0
1996-12-20,47,23,0.00,0.0,0
1996-12-21,68,39,0.00,0.0,0
1996-12-22,75,58,0.00,0.0,0
1996-12-23,77,32,0.00,0.0,0
1996-12-24,42,26,0.00,0.0,0
1996-12-25,51,20,0.00,0.0,0
1996-12-26,57,38,T,0.0,0
1996-12-27,58,37,0.00,0.0,0
1996-12-28,72,47,0.00,0.0,0
1996-12-29,69,43,0.00,0.0,0
1996-12-30,63,41,T,0.0,0
1996-12-31,67,56,0.01,0.0,0
1997-01-01,74,55,0.00,0.0,0
1997-01-02,74,57,0.00,0.0,0
1997-01-03,78,65,0.00,0.0,0
1997-01-04,78,54,0.00,0.0,0
1997-01-05,55,44,0.00,0.0,0
1997-01-06,44,31,0.05,0.4,0
1997-01-07,39,31,T,T,T
1997-01-08,39,33,0.25,0.3,T
1997-01-09,53,34,0.00,0.0,0
1997-01-10,41,27,0.00,0.0,0
1997-01-11,30,22,0.00,0.0,0
1997-01-12,25,20,0.02,0.2,T
1997-01-13,27,20,T,T,T
1997-01-14,32,27,T,0.0,T
1997-01-15,59,31,T,0.0,T
1997-01-16,42,24,0.00,0.0,0
1997-01-17,38,21,0.00,0.0,0
1997-01-18,55,23,0.00,0.0,0
1997-01-19,66,34,0.00,0.0,0
1997-01-20,69,40,0.00,0.0,0
1997-01-21,71,61,0.00,0.0,0
1997-01-22,72,49,0.00,0.0,0
1997-01-23,62,51,0.35,T,0
1997-01-24,63,48,0.00,0.0,0
1997-01-25,60,36,0.00,0.0,0
1997-01-26,70,47,0.00,0.0,0
1997-01-27,71,27,0.00,0.0,0
1997-01-28,42,18,0.00,0.0,0
1997-01-29,54,22,0.00,0.0,0
1997-01-30,65,28,0.00,0.0,0
1997-01-31,80,41,0.00,0.0,0
1997-02-01,86,41,0.00,0.0,0
1997-02-02,75,43,0.00,0.0,0
1997-02-03,76,54,T,0.0,0
1997-02-04,64,47,0.00,0.0,0
1997-02-05,55,42,0.01,0.0,0
1997-02-06,48,42,0.86,0.0,0
1997-02-07,46,40,0.31,0.0,0
1997-02-08,41,37,0.00,0.0,0
1997-02-09,41,37,T,T,0
1997-02-10,54,38,T,0.0,0
1997-02-11,59,35,T,0.0,0
1997-02-12,52,40,3.35,0.0,0
1997-02-13,44,39,0.22,0.0,0
1997-02-14,55,39,0.00,0.0,0
1997-02-15,63,33,0.00,0.0,0
1997-02-16,69,40,0.00,0.0,0
1997-02-17,70,43,0.00,0.0,0
1997-02-18,70,51,0.00,0.0,0
1997-02-19,64,60,1.39,0.0,0
1997-02-20,73,58,0.65,0.0,0
1997-02-21,60,42,0.00,0.0,0
1997-02-22,62,36,0.00,0.0,0
1997-02-23,62,46,0.00,0.0,0
1997-02-24,56,46,0.46,0.0,0
1997-02-25,49,45,0.29,0.0,0
1997-02-26,49,42,0.36,0.0,0
1997-02-27,59,36,0.00,0.0,0
1997-02-28,67,48,0.01,0.0,0
1997-03-01,78,53,0.00,0.0,0
1997-03-02,53,41,0.59,0.0,0
1997-03-03,74,36,0.00,0.0,0
1997-03-04,77,50,0.00,0.0,0
1997-03-05,67,45,0.08,0.0,0
1997-03-06,65,35,0.00,0.0,0
1997-03-07,64,49,0.00,0.0,0
1997-03-08,74,59,0.04,0.0,0
1997-03-09,77,60,0.01,0.0,0
1997-03-10,71,53,0.00,0.0,0
1997-03-11,73,50,0.00,0.0,0
1997-03-12,64,59,0.53,0.0,0
1997-03-13,74,57,T,0.0,0
1997-03-14,62,42,0.00,0.0,0
1997-03-15,57,35,0.00,0.0,0
1997-03-16,53,48,0.01,0.0,0
1997-03-17,72,50,T,0.0,0
1997-03-18,75,51,T,0.0,0
1997-03-19,60,44,0.00,0.0,0
1997-03-20,77,39,0.00,0.0,0
1997-03-21,90,52,0.00,0.0,0
1997-03-22,77,60,0.00,0.0,0
1997-03-23,78,50,0.00,0.0,0
1997-03-24,81,62,0.00,0.0,0
1997-03-25,79,49,0.72,0.0,0
1997-03-26,69,42,0.00,0.0,0
1997-03-27,74,51,0.00,0.0,0
1997-03-28,79,60,0.00,0.0,0
1997-03-29,84,52,T,0.0,0
1997-03-30,69,55,0.00,0.0,0
1997-03-31,69,48,0.00,0.0,0
1997-04-01,72,57,0.01,0.0,0
1997-04-02,74,60,T,0.0,0
1997-04-03,73,64,0.79,0.0,0
1997-04-04,75,59,2.50,0.0,0
1997-04-05,77,53,0.15,0.0,0
1997-04-06,65,50,0.00,0.0,0
1997-04-07,74,47,0.00,0.0,0
1997-04-08,71,55,0.01,0.0,0
1997-04-09,69,51,0.00,0.0,0
1997-04-10,76,53,0.00,0.0,0
1997-04-11,68,39,1.27,0.0,0
1997-04-12,52,35,0.00,0.0,0
1997-04-13,58,34,0.00,0.0,0
1997-04-14,67,39,0.00,0.0,0
1997-04-15,72,45,0.00,0.0,0
1997-04-16,79,50,0.00,0.0,0
1997-04-17,76,57,0.00,0.0,0
1997-04-18,76,57,0.04,0.0,0
1997-04-19,80,61,T,0.0,0
1997-04-20,86,61,0.37,0.0,0
1997-04-21,86,59,0.00,0.0,0
1997-04-22,75,60,0.19,0.0,0
1997-04-23,72,56,0.00,0.0,0
1997-04-24,65,55,0.06,0.0,0
1997-04-25,59,53,1.97,0.0,0
1997-04-26,57,53,0.69,0.0,0
1997-04-27,60,53,T,0.0,0
1997-04-28,74,51,0.00,0.0,0
1997-04-29,84,55,0.00,0.0,0
1997-04-30,82,60,0.00,0.0,0
1997-05-01,80,59,0.00,0.0,0
1997-05-02,90,65,T,0.0,0
1997-05-03,74,52,0.00,0.0,0
1997-05-04,79,54,0.00,0.0,0
1997-05-05,83,65,T,0.0,0
1997-05-06,82,65,0.00,0.0,0
1997-05-07,81,67,0.00,0.0,0
1997-05-08,82,67,0.02,0.0,0
1997-05-09,74,58,0.49,0.0,0
1997-05-10,79,49,0.00,0.0,0
1997-05-11,80,53,0.00,0.0,0
1997-05-12,72,53,T,0.0,0
1997-05-13,81,50,0.00,0.0,0
1997-05-14,87,66,0.00,0.0,0
1997-05-15,76,65,0.51,0.0,0
1997-05-16,84,62,0.00,0.0,0
1997-05-17,89,66,0.00,0.0,0
1997-05-18,88,71,0.00,0.0,0
1997-05-19,86,65,2.18,0.0,0
1997-05-20,71,62,0.43,0.0,0
1997-05-21,68,60,0.15,0.0,0
1997-05-22,80,66,T,0.0,0
1997-05-23,82,70,0.11,0.0,0
1997-05-24,85,70,0.15,0.0,0
1997-05-25,88,69,T,0.0,0
1997-05-26,95,79,0.00,0.0,0
1997-05-27,85,71,0.00,0.0,0
1997-05-28,83,63,0.00,0.0,0
1997-05-29,85,65,0.00,0.0,0
1997-05-30,87,71,0.41,0.0,0
1997-05-31,84,64,0.00,0.0,0
1997-06-01,86,62,0.00,0.0,0
1997-06-02,90,66,0.00,0.0,0
1997-06-03,87,66,0.00,0.0,0
1997-06-04,90,71,0.17,0.0,0
1997-06-05,87,68,0.00,0.0,0
1997-06-06,85,69,0.00,0.0,0
1997-06-07,87,71,0.00,0.0,0
1997-06-08,89,72,0.12,0.0,0
1997-06-09,88,70,0.32,0.0,0
1997-06-10,88,69,0.06,0.0,0
1997-06-11,94,71,0.00,0.0,0
1997-06-12,96,77,0.00,0.0,0
1997-06-13,96,73,0.70,0.0,0
1997-06-14,96,73,T,0.0,0
1997-06-15,94,72,0.50,0.0,0
1997-06-16,95,67,1.67,0.0,0
1997-06-17,88,68,0.33,0.0,0
1997-06-18,97,73,0.00,0.0,0
1997-06-19,95,77,0.00,0.0,0
1997-06-20,94,78,0.00,0.0,0
1997-06-21,92,76,0.00,0.0,0
1997-06-22,89,71,1.78,0.0,0
1997-06-23,90,74,0.05,0.0,0
1997-06-24,91,77,0.00,0.0,0
1997-06-25,96,76,0.00,0.0,0
1997-06-26,93,74,1.04,0.0,0
1997-06-27,95,76,0.00,0.0,0
1997-06-28,92,80,0.00,0.0,0
1997-06-29,94,79,0.00,0.0,0
1997-06-30,96,80,0.00,0.0,0
1997-07-01,98,79,0.00,0.0,0
1997-07-02,99,77,0.00,0.0,0
1997-07-03,100,80,0.00,0.0,0
1997-07-04,92,74,0.08,0.0,0
1997-07-05,85,67,1.33,0.0,0
1997-07-06,79,70,0.06,0.0,0
1997-07-07,94,73,0.00,0.0,0
1997-07-08,97,77,0.00,0.0,0
1997-07-09,96,79,0.16,0.0,0
1997-07-10,96,78,0.00,0.0,0
1997-07-11,97,80,0.00,0.0,0
1997-07-12,97,79,0.00,0.0,0
1997-07-13,99,80,0.00,0.0,0
1997-07-14,102,80,0.00,0.0,0
1997-07-15,100,80,0.14,0.0,0
1997-07-16,100,76,0.00,0.0,0
1997-07-17,101,81,0.00,0.0,0
1997-07-18,99,80,0.00,0.0,0
1997-07-19,98,81,0.00,0.0,0
1997-07-20,99,81,0.00,0.0,0
1997-07-21,100,81,0.00,0.0,0
1997-07-22,102,82,0.00,0.0,0
1997-07-23,104,82,0.00,0.0,0
1997-07-24,102,82,0.00,0.0,0
1997-07-25,99,83,0.00,0.0,0
1997-07-26,100,83,T,0.0,0
1997-07-27,101,83,0.00,0.0,0
1997-07-28,104,83,0.00,0.0,0
1997-07-29,104,82,0.00,0.0,0
1997-07-30,95,78,0.00,0.0,0
1997-07-31,96,79,0.00,0.0,0
1997-08-01,97,78,0.00,0.0,0
1997-08-02,95,75,0.00,0.0,0
1997-08-03,98,77,0.00,0.0,0
1997-08-04,100,80,0.00,0.0,0
1997-08-05,103,81,0.00,0.0,0
1997-08-06,101,76,0.07,0.0,0
1997-08-07,77,63,3.41,0.0,0
1997-08-08,79,65,0.00,0.0,0
1997-08-09,92,70,0.00,0.0,0
1997-08-10,92,79,0.03,0.0,0
1997-08-11,96,81,0.00,0.0,0
1997-08-12,96,81,0.00,0.0,0
1997-08-13,99,82,0.03,0.0,0
1997-08-14,99,82,0.00,0.0,0
1997-08-15,100,81,0.00,0.0,0
1997-08-16,99,81,0.00,0.0,0
1997-08-17,100,82,0.00,0.0,0
1997-08-18,98,81,0.00,0.0,0
1997-08-19,96,81,0.00,0.0,0
1997-08-20,104,81,0.00,0.0,0
1997-08-21,101,78,0.00,0.0,0
1997-08-22,95,76,T,0.0,0
1997-08-23,89,75,0.00,0.0,0
1997-08-24,92,72,0.00,0.0,0
1997-08-25,92,73,0.00,0.0,0
1997-08-26,95,74,0.00,0.0,0
1997-08-27,96,75,0.00,0.0,0
1997-08-28,98,76,0.00,0.0,0
1997-08-29,99,80,0.00,0.0,0
1997-08-30,100,79,0.00,0.0,0
1997-08-31,100,79,0.00,0.0,0
1997-09-01,100,81,0.00,0.0,0
1997-09-02,102,81,0.00,0.0,0
1997-09-03,102,76,0.24,0.0,0
1997-09-04,89,75,0.00,0.0,0
1997-09-05,91,68,0.00,0.0,0
1997-09-06,94,64,0.00,0.0,0
1997-09-07,97,70,0.00,0.0,0
1997-09-08,101,79,0.00,0.0,0
1997-09-09,98,80,0.00,0.0,0
1997-09-10,92,71,0.00,0.0,0
1997-09-11,94,65,0.00,0.0,0
1997-09-12,96,71,0.00,0.0,0
1997-09-13,97,76,0.00,0.0,0
1997-09-14,100,78,0.00,0.0,0
1997-09-15,100,81,0.00,0.0,0
1997-09-16,100,81,0.00,0.0,0
1997-09-17,101,82,0.00,0.0,0
1997-09-18,99,80,0.00,0.0,0
1997-09-19,98,79,0.00,0.0,0
1997-09-20,99,76,0.00,0.0,0
1997-09-21,94,67,0.00,0.0,0
1997-09-22,85,77,0.18,0.0,0
1997-09-23,83,71,0.08,0.0,0
1997-09-24,75,70,T,0.0,0
1997-09-25,77,64,0.00,0.0,0
1997-09-26,88,58,0.00,0.0,0
1997-09-27,94,62,0.00,0.0,0
1997-09-28,99,68,0.00,0.0,0
1997-09-29,96,69,0.00,0.0,0
1997-09-30,98,74,0.00,0.0,0
1997-10-01,94,73,0.08,0.0,0
1997-10-02,97,73,0.00,0.0,0
1997-10-03,95,71,0.00,0.0,0
1997-10-04,91,68,0.00,0.0,0
1997-10-05,90,71,0.00,0.0,0
1997-10-06,90,74,T,0.0,0
1997-10-07,82,73,0.27,0.0,0
1997-10-08,85,73,1.04,0.0,0
1997-10-09,82,75,0.03,0.0,0
1997-10-10,88,73,T,0.0,0
1997-10-11,81,73,0.21,0.0,0
1997-10-12,80,65,1.38,0.0,0
1997-10-13,73,55,0.00,0.0,0
1997-10-14,78,48,0.00,0.0,0
1997-10-15,81,50,0.00,0.0,0
1997-10-16,80,53,0.00,0.0,0
1997-10-17,77,56,0.00,0.0,0
1997-10-18,76,54,0.00,0.0,0
1997-10-19,87,56,0.00,0.0,0
1997-10-20,83,59,0.00,0.0,0
1997-10-21,64,53,0.21,0.0,0
1997-10-22,65,54,T,0.0,0
1997-10-23,64,55,2.17,0.0,0
1997-10-24,85,57,0.00,0.0,0
1997-10-25,82,48,0.00,0.0,0
1997-10-26,56,44,0.00,0.0,0
1997-10-27,63,42,0.00,0.0,0
1997-10-28,69,46,0.00,0.0,0
1997-10-29,72,54,0.00,0.0,0
1997-10-30,77,62,0.00,0.0,0
1997-10-31,83,62,0.00,0.0,0
1997-11-01,75,54,0.00,0.0,0
1997-11-02,73,50,0.00,0.0,0
1997-11-03,70,49,0.00,0.0,0
1997-11-04,79,46,0.00,0.0,0
1997-11-05,76,53,0.00,0.0,0
1997-11-06,58,42,0.00,0.0,0
1997-11-07,64,39,0.00,0.0,0
1997-11-08,68,45,0.00,0.0,0
1997-11-09,57,53,0.21,0.0,0
1997-11-10,54,38,0.01,0.0,0
1997-11-11,56,35,0.11,0.0,0
1997-11-12,52,47,0.72,0.0,0
1997-11-13,51,46,0.14,0.0,0
1997-11-14,50,41,0.00,0.0,0
1997-11-15,48,34,0.04,0.2,0
1997-11-16,50,30,0.00,0.0,0
1997-11-17,49,32,0.00,0.0,0
1997-11-18,58,44,0.00,0.0,0
1997-11-19,M,M,0.00,M,0
1997-11-20,M,M,0.00,M,M
1997-11-21,M,M,0.00,M,M
1997-11-22,M,M,0.00,M,M
1997-11-23,M,M,0.00,M,M
1997-11-24,M,M,0.00,M,M
1997-11-25,M,M,0.00,M,M
1997-11-26,M,M,0.00,M,M
1997-11-27,M,M,T,M,M
1997-11-28,M,M,0.14,M,M
1997-11-29,M,M,0.01,M,M
1997-11-30,M,M,0.00,M,M
1997-12-01,52,50,0.00,M,M
1997-12-02,53,50,0.76,M,M
1997-12-03,55,42,0.01,M,M
1997-12-04,60,34,0.00,M,M
1997-12-05,47,31,0.00,M,M
1997-12-06,48,36,0.00,M,M
1997-12-07,46,41,1.22,M,M
1997-12-08,65,44,0.00,M,M
1997-12-09,71,44,0.01,M,M
1997-12-10,48,38,0.00,M,M
1997-12-11,42,35,0.00,M,M
1997-12-12,39,31,0.00,M,M
1997-12-13,46,24,0.00,M,M
1997-12-14,59,32,0.00,M,M
1997-12-15,66,31,0.00,M,M
1997-12-16,67,38,0.00,M,M
1997-12-17,63,34,0.00,M,M
1997-12-18,69,36,0.00,M,M
1997-12-19,72,47,T,M,M
1997-12-20,63,48,3.45,M,M
1997-12-21,56,42,0.20,M,M
1997-12-22,50,36,0.00,M,M
1997-12-23,46,43,1.21,M,M
1997-12-24,52,40,0.00,M,M
1997-12-25,51,35,0.05,M,M
1997-12-26,43,34,0.19,M,M
1997-12-27,49,32,0.00,M,M
1997-12-28,50,36,0.00,M,M
1997-12-29,60,35,0.00,M,M
1997-12-30,68,34,0.00,M,M
1997-12-31,55,35,0.00,M,M
1998-01-01,59,40,T,M,M
1998-01-02,67,56,0.05,M,M
1998-01-03,68,62,T,M,M
1998-01-04,70,56,0.57,M,M
1998-01-05,64,51,0.18,M,M
1998-01-06,62,44,0.64,M,M
1998-01-07,44,37,0.34,M,M
1998-01-08,42,33,0.14,M,M
1998-01-09,51,34,0.00,M,M
1998-01-10,45,41,0.00,M,M
1998-01-11,47,42,1.64,M,M
1998-01-12,67,43,0.00,M,M
1998-01-13,43,37,T,M,M
1998-01-14,44,37,T,M,M
1998-01-15,56,33,0.00,M,M
1998-01-16,68,42,0.00,M,M
1998-01-17,62,34,0.00,M,M
1998-01-18,66,40,0.00,M,M
1998-01-19,50,35,0.00,M,M
1998-01-20,64,43,0.00,M,M
1998-01-21,55,43,0.03,M,M
1998-01-22,49,35,T,M,M
1998-01-23,51,30,0.00,M,M
1998-01-24,59,32,0.00,M,M
1998-01-25,56,40,0.07,M,M
1998-01-26,56,44,0.03,M,M
1998-01-27,63,33,0.00,M,M
1998-01-28,69,47,0.00,M,M
1998-01-29,68,43,0.00,M,M
1998-01-30,68,41,0.00,M,M
1998-01-31,60,53,0.14,M,M
1998-02-01,65,51,0.00,M,M
1998-02-02,61,44,0.00,M,M
1998-02-03,60,40,0.00,M,M
1998-02-04,56,35,0.00,M,M
1998-02-05,47,38,0.03,M,M
1998-02-06,51,32,0.00,M,M
1998-02-07,57,33,0.00,M,M
1998-02-08,63,40,0.00,M,M
1998-02-09,69,44,0.00,M,M
1998-02-10,62,47,0.22,M,M
1998-02-11,63,42,0.00,M,M
1998-02-12,56,41,0.23,M,M
1998-02-13,59,45,0.00,M,M
1998-02-14,63,46,0.00,M,M
1998-02-15,54,48,0.03,M,M
1998-02-16,50,46,0.12,M,M
1998-02-17,57,42,0.02,M,M
1998-02-18,66,36,0.30,M,M
1998-02-19,54,44,T,M,M
1998-02-20,67,37,0.00,M,M
1998-02-21,60,45,0.71,M,M
1998-02-22,58,47,0.08,M,M
1998-02-23,64,42,0.00,M,M
1998-02-24,77,48,0.00,M,M
1998-02-25,73,54,2.19,M,M
1998-02-26,66,50,0.06,M,M
1998-02-27,66,38,T,M,M
1998-02-28,59,43,0.00,M,M
1998-03-01,57,34,0.00,M,M
1998-03-02,55,37,0.00,M,M
1998-03-03,59,33,0.00,M,M
1998-03-04,75,49,0.00,M,M
1998-03-05,69,46,0.00,M,M
1998-03-06,49,41,0.11,M,M
1998-03-07,55,49,0.30,M,M
1998-03-08,53,34,0.07,M,M
1998-03-09,45,30,0.00,M,M
1998-03-10,44,25,0.00,M,M
1998-03-11,53,28,0.00,M,M
1998-03-12,49,25,T,M,M
1998-03-13,53,41,0.02,M,M
1998-03-14,58,50,0.38,M,M
1998-03-15,63,57,0.59,M,M
1998-03-16,64,54,1.12,M,M
1998-03-17,55,47,0.32,M,M
1998-03-18,78,45,0.03,M,M
1998-03-19,68,42,0.68,M,M
1998-03-20,57,40,0.00,M,M
1998-03-21,61,35,0.00,M,M
1998-03-22,70,38,0.00,M,M
1998-03-23,81,52,0.00,M,M
1998-03-24,79,55,0.00,M,M
1998-03-25,79,62,0.00,M,M
1998-03-26,80,65,0.00,M,M
1998-03-27,79,58,0.15,M,M
1998-03-28,83,65,0.00,M,M
1998-03-29,81,67,0.00,M,M
1998-03-30,83,59,0.58,M,M
1998-03-31,69,53,0.02,M,M
1998-04-01,80,51,0.00,M,M
1998-04-02,75,53,0.00,M,M
1998-04-03,68,52,0.00,M,M
1998-04-04,64,44,0.00,M,M
1998-04-05,72,47,0.00,M,M
1998-04-06,74,55,T,M,M
1998-04-07,83,62,0.00,M,M
1998-04-08,72,56,0.03,M,M
1998-04-09,72,47,0.00,M,M
1998-04-10,75,47,0.00,M,M
1998-04-11,79,50,0.00,M,M
1998-04-12,77,58,0.00,M,M
1998-04-13,85,64,0.00,M,M
1998-04-14,84,66,0.00,M,M
1998-04-15,83,66,0.02,M,M
1998-04-16,71,54,0.05,M,M
1998-04-17,65,48,T,M,M
1998-04-18,72,49,0.00,M,M
1998-04-19,76,49,0.00,M,M
1998-04-20,79,51,0.54,M,M
1998-04-21,71,47,0.00,M,M
1998-04-22,74,47,0.00,M,M
1998-04-23,78,47,0.00,M,M
1998-04-24,84,58,0.00,M,M
1998-04-25,83,63,T,M,M
1998-04-26,75,59,0.13,M,M
1998-04-27,71,57,0.00,M,M
1998-04-28,62,51,0.00,M,M
1998-04-29,69,48,0.00,M,M
1998-04-30,82,47,0.00,M,M
1998-05-01,86,56,0.00,M,M
1998-05-02,90,61,0.30,M,M
1998-05-03,80,61,0.00,M,M
1998-05-04,85,56,0.00,M,M
1998-05-05,86,69,0.00,M,M
1998-05-06,99,72,0.00,M,M
1998-05-07,92,69,0.00,M,M
1998-05-08,91,65,0.40,M,M
1998-05-09,84,66,0.00,M,M
1998-05-10,83,61,0.00,M,M
1998-05-11,91,62,0.00,M,M
1998-05-12,91,67,0.00,M,M
1998-05-13,84,69,0.00,M,M
1998-05-14,88,74,0.00,M,M
1998-05-15,88,67,0.00,M,M
1998-05-16,92,59,0.00,M,M
1998-05-17,90,74,0.00,M,M
1998-05-18,95,69,0.00,M,M
1998-05-19,95,70,0.00,M,M
1998-05-20,94,71,0.00,M,M
1998-05-21,95,72,0.00,M,M
1998-05-22,93,71,0.00,M,M
1998-05-23,91,72,0.00,M,M
1998-05-24,87,75,0.00,M,M
1998-05-25,89,72,T,M,M
1998-05-26,92,70,0.12,M,M
1998-05-27,84,68,1.74,M,M
1998-05-28,96,71,0.00,M,M
1998-05-29,98,76,0.00,M,M
1998-05-30,99,76,0.00,M,M
1998-05-31,102,77,0.00,M,M
1998-06-01,102,77,0.00,M,M
1998-06-02,100,79,0.00,M,M
1998-06-03,99,77,0.00,M,M
1998-06-04,96,74,0.32,M,M
1998-06-05,76,64,T,M,M
1998-06-06,79,58,0.00,M,M
1998-06-07,83,63,0.00,M,M
1998-06-08,94,73,T,M,M
1998-06-09,96,77,0.00,M,M
1998-06-10,91,73,0.69,M,M
1998-06-11,93,73,0.11,M,M
1998-06-12,100,75,0.00,M,M
1998-06-13,101,80,0.00,M,M
1998-06-14,97,77,0.00,M,M
1998-06-15,92,73,0.00,M,M
1998-06-16,99,70,0.00,M,M
1998-06-17,99,77,0.00,M,0
1998-06-18,99,81,T,M,M
1998-06-19,102,81,0.00,M,M
1998-06-20,102,79,0.00,M,M
1998-06-21,101,77,0.00,M,M
1998-06-22,100,78,0.00,M,M
1998-06-23,98,79,0.00,M,M
1998-06-24,99,79,0.00,M,M
1998-06-25,99,78,0.00,M,M
1998-06-26,98,80,0.00,M,M
1998-06-27,100,79,0.00,M,M
1998-06-28,99,79,0.00,M,M
1998-06-29,100,79,0.00,M,M
1998-06-30,100,79,0.00,M,M
1998-07-01,103,84,0.00,M,M
1998-07-02,102,82,0.00,M,M
1998-07-03,98,80,0.00,M,M
1998-07-05,95,75,0.00,M,M
1998-07-06,105,80,0.00,M,M
1998-07-07,106,83,0.00,M,M
1998-07-08,103,83,0.00,M,M
1998-07-09,103,84,0.00,M,M
1998-07-10,104,83,0.00,M,M
1998-07-11,105,83,0.00,M,M
1998-07-12,109,84,0.00,M,M
1998-07-13,100,80,0.00,M,M
1998-07-14,102,82,0.00,M,M
1998-07-15,104,78,0.00,M,M
1998-07-16,105,82,0.00,M,M
1998-07-17,103,82,T,M,M
1998-07-18,102,77,0.00,M,M
1998-07-19,104,83,0.00,M,M
1998-07-20,102,81,0.00,M,M
1998-07-21,102,81,0.00,M,M
1998-07-22,102,82,0.00,M,M
1998-07-23,103,82,0.00,M,M
1998-07-24,104,83,0.00,M,M
1998-07-25,104,83,0.00,M,M
1998-07-26,104,83,0.00,M,M
1998-07-27,103,84,0.00,M,M
1998-07-28,104,84,0.00,M,M
1998-07-29,103,83,0.00,M,M
1998-07-30,104,83,0.00,M,M
1998-07-31,105,79,0.00,M,M
1998-08-01,106,82,0.00,M,M
1998-08-02,106,78,0.00,M,M
1998-08-03,106,83,0.00,M,M
1998-08-04,92,81,0.00,M,M
1998-08-05,89,78,T,M,M
1998-08-06,87,76,T,M,M
1998-08-07,96,73,0.00,M,M
1998-08-08,100,75,0.00,M,M
1998-08-09,103,79,0.00,M,M
1998-08-10,104,81,0.00,M,0
1998-08-11,102,82,0.10,0.0,0
1998-08-12,100,80,0.00,M,M
1998-08-13,90,75,0.28,M,M
1998-08-14,92,75,T,M,M
1998-08-15,97,75,0.00,M,M
1998-08-16,99,75,0.00,M,M
1998-08-17,98,77,0.00,M,M
1998-08-18,93,77,0.00,M,M
1998-08-19,100,79,0.00,M,M
1998-08-20,101,81,0.01,M,M
1998-08-21,99,80,0.00,M,M
1998-08-22,98,76,0.00,M,M
1998-08-23,96,78,0.00,M,M
1998-08-24,97,78,0.00,M,M
1998-08-25,101,80,0.00,M,M
1998-08-26,101,81,0.00,M,M
1998-08-27,102,82,0.00,M,M
1998-08-28,102,82,0.00,M,M
1998-08-29,101,84,0.00,M,M
1998-08-30,99,78,0.00,M,M
1998-08-31,100,77,0.00,M,M
1998-09-01,98,75,0.00,M,M
1998-09-02,100,74,0.00,M,M
1998-09-03,105,78,0.00,M,M
1998-09-04,108,81,0.00,M,M
1998-09-05,102,82,0.00,M,M
1998-09-06,98,77,0.00,M,M
1998-09-07,98,75,0.00,M,M
1998-09-08,99,76,0.00,M,M
1998-09-09,95,77,0.00,M,M
1998-09-10,93,69,0.00,M,M
1998-09-11,80,72,0.19,M,M
1998-09-12,74,71,0.36,M,M
1998-09-13,79,73,0.22,M,M
1998-09-14,85,74,0.05,M,M
1998-09-15,85,73,0.32,M,0
1998-09-16,80,71,0.23,M,M
1998-09-17,85,72,0.00,M,M
1998-09-18,92,73,0.00,M,M
1998-09-19,93,75,0.00,M,M
1998-09-20,95,76,0.00,M,M
1998-09-21,96,78,0.00,M,M
1998-09-22,96,80,T,M,M
1998-09-23,91,73,T,M,M
1998-09-24,93,76,0.00,M,M
1998-09-25,93,77,0.00,M,M
1998-09-26,91,74,0.00,M,M
1998-09-27,93,78,0.00,M,M
1998-09-28,96,76,0.00,M,M
1998-09-29,96,73,0.00,M,M
1998-09-30,97,73,0.00,M,M
1998-10-01,94,73,0.00,M,0
1998-10-02,82,65,2.78,M,M
1998-10-03,87,70,T,M,M
1998-10-04,93,77,0.00,M,M
1998-10-05,92,58,0.80,M,M
1998-10-06,73,55,0.48,M,M
1998-10-07,82,51,0.00,M,M
1998-10-08,78,55,0.00,M,M
1998-10-09,77,53,0.00,M,M
1998-10-10,78,57,0.00,M,M
1998-10-11,80,58,0.00,M,M
1998-10-12,82,62,0.00,M,M
1998-10-13,82,62,0.00,M,M
1998-10-14,81,64,0.00,M,M
1998-10-15,84,65,0.00,M,M
1998-10-16,88,71,0.36,M,M
1998-10-17,79,67,0.47,M,M
1998-10-18,69,59,T,M,M
1998-10-19,69,58,0.00,M,M
1998-10-20,62,53,0.43,M,M
1998-10-21,70,54,0.01,M,M
1998-10-22,68,52,0.00,M,M
1998-10-23,65,49,0.00,M,M
1998-10-24,70,48,0.00,M,M
1998-10-25,77,55,0.00,M,M
1998-10-26,80,60,0.00,M,M
1998-10-27,79,60,0.00,M,M
1998-10-28,79,69,T,M,M
1998-10-29,84,71,0.00,M,M
1998-10-30,81,71,0.00,M,M
1998-10-31,79,68,0.00,M,M
1998-11-01,71,54,2.00,M,M
1998-11-02,65,51,0.00,M,M
1998-11-03,69,48,0.00,M,M
1998-11-04,55,48,0.00,M,M
1998-11-05,54,40,0.00,M,M
1998-11-06,54,39,0.06,M,M
1998-11-07,51,47,0.09,M,M
1998-11-08,54,49,T,M,M
1998-11-09,74,54,0.38,M,M
1998-11-10,62,45,0.03,M,M
1998-11-11,65,39,0.00,M,M
1998-11-12,55,48,1.37,M,M
1998-11-13,55,48,1.13,M,M
1998-11-14,64,54,T,M,M
1998-11-15,57,51,0.00,M,M
1998-11-16,71,51,0.00,M,M
1998-11-17,65,52,T,M,M
1998-11-18,75,63,0.00,M,M
1998-11-19,76,51,0.00,M,M
1998-11-20,59,47,0.00,M,M
1998-11-21,63,47,0.00,M,M
1998-11-22,70,47,0.00,M,M
1998-11-23,71,58,0.00,M,M
1998-11-24,71,59,0.00,M,M
1998-11-25,74,53,0.00,M,M
1998-11-26,74,45,0.00,M,M
1998-11-27,74,54,0.00,M,M
1998-11-28,75,63,0.00,M,M
1998-11-29,75,57,1.11,M,M
1998-11-30,73,54,0.01,M,M
1998-12-01,71,48,0.00,0.0,0
1998-12-02,75,54,0.00,M,M
1998-12-03,74,60,1.62,M,M
1998-12-04,77,60,0.64,M,M
1998-12-05,77,65,0.00,M,M
1998-12-06,76,51,0.04,M,M
1998-12-07,51,45,0.88,M,M
1998-12-08,54,37,0.00,M,M
1998-12-09,52,35,0.01,M,M
1998-12-10,49,42,1.52,M,M
1998-12-11,45,42,0.95,M,M
1998-12-12,52,37,0.33,M,M
1998-12-13,61,31,0.00,M,M
1998-12-14,61,34,0.00,M,M
1998-12-15,61,35,0.00,0.0,0
1998-12-16,67,36,0.00,M,M
1998-12-17,61,36,0.00,M,M
1998-12-18,54,47,0.85,M,M
1998-12-19,54,43,0.00,M,M
1998-12-20,54,42,T,M,M
1998-12-21,56,24,0.02,M,M
1998-12-22,28,20,T,M,M
1998-12-23,29,25,0.01,M,M
1998-12-24,33,25,0.00,M,M
1998-12-25,41,23,0.00,M,M
1998-12-26,50,24,0.00,M,M
1998-12-27,57,39,0.00,M,M
1998-12-28,56,32,0.00,M,M
1998-12-29,62,37,0.00,M,M
1998-12-30,56,31,T,M,M
1998-12-31,53,38,0.00,M,M
1999-01-01,64,47,0.02,M,M
1999-01-02,48,31,0.00,M,M
1999-01-03,32,23,0.00,M,M
1999-01-04,38,18,0.00,M,M
1999-01-05,53,29,0.00,M,M
1999-01-06,59,40,0.00,M,M
1999-01-07,62,49,0.00,M,M
1999-01-08,49,31,0.00,M,M
1999-01-09,38,22,0.00,M,M
1999-01-10,54,25,0.00,M,M
1999-01-11,66,37,0.00,M,M
1999-01-12,71,53,0.00,M,M
1999-01-13,62,35,0.00,M,M
1999-01-14,47,30,0.00,M,M
1999-01-15,61,32,0.00,M,M
1999-01-16,70,43,0.00,M,M
1999-01-17,74,47,0.00,M,M
1999-01-18,66,36,0.00,M,M
1999-01-19,75,45,0.00,M,M
1999-01-20,75,45,0.00,M,M
1999-01-21,78,63,0.00,M,M
1999-01-22,67,39,T,M,M
1999-01-23,56,39,0.00,M,M
1999-01-24,75,43,0.00,M,M
1999-01-25,63,43,0.00,M,M
1999-01-26,73,51,0.00,M,M
1999-01-27,73,57,0.00,M,M
1999-01-28,68,57,0.48,M,M
1999-01-29,60,51,1.72,M,M
1999-01-30,50,44,T,M,M
1999-01-31,46,42,0.00,M,M
1999-02-01,66,37,0.00,M,M
1999-02-02,62,45,0.00,M,M
1999-02-03,75,43,0.00,M,M
1999-02-04,68,43,0.00,M,M
1999-02-05,74,53,0.00,M,M
1999-02-06,71,62,0.38,M,M
1999-02-07,75,50,0.00,M,M
1999-02-08,74,50,0.00,M,M
1999-02-09,79,61,0.00,M,M
1999-02-10,76,60,0.00,M,M
1999-02-11,72,43,0.08,M,M
1999-02-12,56,34,0.00,M,M
1999-02-13,62,31,0.00,M,M
1999-02-14,67,42,0.00,M,M
1999-02-15,69,46,0.00,M,M
1999-02-16,64,47,0.00,M,M
1999-02-17,64,40,0.00,M,M
1999-02-18,68,48,0.00,M,M
1999-02-19,60,40,0.00,M,M
1999-02-20,58,46,0.01,M,M
1999-02-21,54,38,0.00,M,M
1999-02-22,56,37,0.00,M,M
1999-02-23,66,40,0.00,M,M
1999-02-24,72,41,0.00,M,M
1999-02-25,74,56,0.00,M,M
1999-02-26,75,63,0.00,M,M
1999-02-27,71,53,T,M,M
1999-02-28,74,41,0.00,M,M
1999-03-01,77,47,0.00,M,M
1999-03-02,74,50,0.00,M,M
1999-03-03,59,42,0.00,M,M
1999-03-04,70,43,0.00,M,M
1999-03-05,80,57,0.00,M,M
1999-03-06,68,47,0.00,M,M
1999-03-07,56,45,0.08,M,M
1999-03-08,76,47,1.23,M,M
1999-03-09,64,42,0.00,M,M
1999-03-10,70,54,0.00,M,M
1999-03-11,63,49,0.42,M,M
1999-03-12,54,41,0.42,M,M
1999-03-13,43,38,T,M,M
1999-03-14,56,36,T,M,M
1999-03-15,63,31,0.00,M,M
1999-03-16,70,46,0.00,M,M
1999-03-17,71,54,0.00,M,M
1999-03-18,70,58,0.33,M,M
1999-03-19,59,48,0.01,M,M
1999-03-20,58,42,0.00,M,M
1999-03-21,71,41,0.00,M,M
1999-03-22,75,51,0.00,M,M
1999-03-23,67,54,0.00,M,M
1999-03-24,67,48,0.07,M,M
1999-03-25,68,50,0.00,M,M
1999-03-26,66,43,0.00,M,M
1999-03-27,60,50,0.16,M,M
1999-03-28,62,50,0.00,M,M
1999-03-29,58,51,0.04,M,M
1999-03-30,58,52,T,M,M
1999-03-31,67,56,0.00,M,M
1999-04-01,70,59,0.00,M,M
1999-04-02,78,68,T,M,M
1999-04-03,74,53,0.74,M,M
1999-04-04,76,50,T,M,M
1999-04-05,76,55,0.00,M,M
1999-04-06,80,53,0.00,M,M
1999-04-07,78,58,0.00,M,M
1999-04-08,85,68,0.01,M,M
1999-04-09,84,63,0.00,M,M
1999-04-10,78,61,0.00,M,M
1999-04-11,79,51,0.00,M,M
1999-04-12,80,61,0.00,M,M
1999-04-13,80,66,T,M,M
1999-04-14,79,54,0.45,M,M
1999-04-15,63,48,0.00,M,M
1999-04-16,63,42,0.00,M,M
1999-04-17,64,38,0.00,M,M
1999-04-18,77,41,0.00,M,M
1999-04-19,87,60,0.00,M,M
1999-04-20,84,63,0.00,M,M
1999-04-21,78,66,0.00,M,M
1999-04-22,86,70,0.00,M,M
1999-04-23,86,63,0.00,M,M
1999-04-24,71,60,T,M,M
1999-04-25,82,65,0.08,M,M
1999-04-26,80,61,0.87,M,M
1999-04-27,85,58,0.00,M,M
1999-04-28,87,64,0.00,M,M
1999-04-29,77,62,0.00,M,M
1999-04-30,76,60,0.00,M,M
1999-05-01,76,60,0.01,M,M
1999-05-02,67,60,0.67,M,M
1999-05-03,81,65,0.09,M,M
1999-05-04,85,67,0.58,M,M
1999-05-05,80,62,0.00,M,M
1999-05-06,74,53,0.00,M,M
1999-05-07,82,53,0.00,M,M
1999-05-08,87,62,0.00,M,M
1999-05-09,84,67,T,M,M
1999-05-10,78,63,0.45,M,M
1999-05-11,81,62,0.05,M,M
1999-05-12,78,64,0.00,M,M
1999-05-13,81,57,0.00,M,M
1999-05-14,88,66,T,M,M
1999-05-15,89,73,0.02,M,M
1999-05-16,89,73,0.00,M,M
1999-05-17,81,66,1.41,M,M
1999-05-18,81,60,0.00,M,M
1999-05-19,81,59,0.00,M,M
1999-05-20,85,66,0.00,M,M
1999-05-21,87,71,0.00,M,M
1999-05-22,90,72,0.00,M,M
1999-05-23,87,67,0.05,M,M
1999-05-24,87,63,0.00,M,M
1999-05-25,89,64,1.18,M,M
1999-05-26,80,60,1.13,M,M
1999-05-27,79,66,T,M,M
1999-05-28,81,64,0.00,M,M
1999-05-29,85,69,0.14,M,M
1999-05-30,88,66,1.20,M,M
1999-05-31,88,71,T,M,M
1999-06-01,94,76,T,M,M
1999-06-02,91,75,0.00,M,M
1999-06-03,91,75,0.00,M,M
1999-06-04,92,75,0.00,M,M
1999-06-05,94,76,0.00,M,M
1999-06-06,90,75,0.00,M,M
1999-06-07,92,76,0.00,M,M
1999-06-08,90,75,0.00,M,M
1999-06-09,90,73,0.01,M,M
1999-06-10,91,73,0.04,M,M
1999-06-11,91,72,0.00,M,M
1999-06-12,86,70,0.55,M,M
1999-06-13,91,70,0.00,M,M
1999-06-14,87,71,0.00,M,M
1999-06-15,85,70,0.32,M,M
1999-06-16,87,72,0.01,M,M
1999-06-17,81,67,0.00,M,M
1999-06-18,84,69,0.00,M,M
1999-06-19,90,69,0.00,M,M
1999-06-20,89,74,T,M,M
1999-06-21,86,73,0.13,M,M
1999-06-22,85,74,0.41,M,M
1999-06-23,92,75,0.00,M,M
1999-06-24,87,72,0.07,M,M
1999-06-25,85,72,0.07,M,M
1999-06-26,94,74,0.00,M,M
1999-06-27,94,80,0.00,M,M
1999-06-28,96,80,0.00,M,M
1999-06-29,92,79,0.00,M,M
1999-06-30,91,77,0.00,M,M
1999-07-01,95,76,0.00,M,M
1999-07-02,94,77,0.00,M,M
1999-07-03,93,76,0.00,M,M
1999-07-04,92,77,0.00,M,M
1999-07-05,90,75,0.04,M,M
1999-07-06,97,76,0.00,M,M
1999-07-07,98,73,0.87,M,M
1999-07-08,92,73,0.00,M,M
1999-07-09,92,77,0.00,M,M
1999-07-10,84,75,0.59,M,M
1999-07-11,89,71,0.00,M,M
1999-07-12,88,71,0.00,M,M
1999-07-13,92,71,0.00,M,M
1999-07-14,94,74,0.00,M,M
1999-07-15,94,74,0.00,M,M
1999-07-16,93,74,0.00,M,M
1999-07-17,93,76,T,M,M
1999-07-18,95,76,0.00,M,M
1999-07-19,94,74,0.00,M,M
1999-07-20,93,77,0.00,M,M
1999-07-21,92,74,0.00,M,M
1999-07-22,96,75,0.00,M,M
1999-07-23,100,78,0.00,M,M
1999-07-24,100,78,0.00,M,M
1999-07-25,98,81,0.00,M,M
1999-07-26,97,80,0.00,M,M
1999-07-27,98,80,0.00,M,M
1999-07-28,100,82,0.00,M,M
1999-07-29,101,81,0.00,M,M
1999-07-30,101,80,0.00,M,M
1999-07-31,101,78,0.00,M,M
1999-08-01,100,78,0.00,M,M
1999-08-02,99,80,0.00,M,M
1999-08-03,99,80,0.00,M,M
1999-08-04,99,77,0.00,M,M
1999-08-05,98,79,0.00,M,M
1999-08-06,101,79,0.00,M,M
1999-08-07,101,81,0.00,M,M
1999-08-08,103,82,0.00,M,M
1999-08-09,103,82,0.00,M,M
1999-08-10,105,83,0.00,M,M
1999-08-11,103,83,0.00,M,M
1999-08-12,104,83,0.00,M,M
1999-08-13,99,83,0.00,M,M
1999-08-14,102,78,0.00,M,M
1999-08-15,99,79,0.00,M,M
1999-08-16,99,75,0.00,M,M
1999-08-17,100,71,0.00,M,M
1999-08-18,101,81,0.00,M,M
1999-08-19,105,79,T,M,M
1999-08-20,100,77,0.00,M,M
1999-08-21,98,74,0.00,M,M
1999-08-22,98,81,0.00,M,M
1999-08-23,98,82,0.00,M,M
1999-08-24,100,82,T,M,M
1999-08-25,102,72,0.00,M,M
1999-08-26,105,82,0.00,M,M
1999-08-27,97,81,0.00,M,M
1999-08-28,102,81,0.00,M,M
1999-08-29,100,77,0.00,M,M
1999-08-30,99,74,0.00,M,M
1999-08-31,98,79,0.00,M,M
1999-09-01,95,76,T,M,M
1999-09-02,88,77,0.11,M,M
1999-09-03,96,75,0.00,M,M
1999-09-04,99,77,0.00,M,M
1999-09-05,90,75,0.16,M,M
1999-09-06,93,74,0.00,M,M
1999-09-07,98,77,0.00,M,M
1999-09-08,90,74,0.06,M,M
1999-09-09,92,74,0.00,M,M
1999-09-10,96,75,T,M,M
1999-09-11,96,70,0.00,M,M
1999-09-12,97,74,0.00,M,M
1999-09-13,83,69,0.88,M,M
1999-09-14,86,64,0.00,M,M
1999-09-15,88,68,0.00,M,M
1999-09-16,87,69,T,M,M
1999-09-17,89,69,0.00,M,M
1999-09-18,90,67,0.00,M,M
1999-09-19,95,71,0.00,M,M
1999-09-20,94,70,0.00,M,M
1999-09-21,76,61,0.00,M,M
1999-09-22,77,52,0.00,M,M
1999-09-23,85,55,0.00,M,M
1999-09-24,90,64,0.00,M,M
1999-09-25,86,71,0.05,M,M
1999-09-26,92,70,0.00,M,M
1999-09-27,93,73,0.00,M,M
1999-09-28,90,62,0.00,M,M
1999-09-29,77,57,T,M,M
1999-09-30,80,52,0.00,M,M
1999-10-01,84,56,0.00,M,M
1999-10-02,89,62,0.00,M,M
1999-10-03,92,66,0.00,M,M
1999-10-04,74,57,0.00,M,M
1999-10-05,80,57,0.00,M,M
1999-10-06,85,62,0.00,M,M
1999-10-07,86,57,0.00,M,M
1999-10-08,86,66,0.02,M,M
1999-10-09,84,65,0.52,M,M
1999-10-10,88,62,0.00,M,M
1999-10-11,88,63,0.00,M,M
1999-10-12,87,63,0.00,M,M
1999-10-13,92,63,0.00,M,M
1999-10-14,93,62,0.00,M,M
1999-10-15,91,72,0.00,M,M
1999-10-16,86,69,0.00,M,M
1999-10-17,69,50,0.12,M,M
1999-10-18,63,50,0.47,M,M
1999-10-19,67,48,0.03,M,M
1999-10-20,73,44,0.00,M,M
1999-10-21,80,47,0.00,M,M
1999-10-22,86,50,0.00,M,M
1999-10-23,73,51,0.00,M,M
1999-10-24,71,46,0.00,M,M
1999-10-25,84,51,0.00,M,M
1999-10-26,85,54,0.00,M,M
1999-10-27,82,54,0.00,M,M
1999-10-28,78,62,0.00,M,M
1999-10-29,82,63,0.00,M,M
1999-10-30,72,52,1.41,M,M
1999-10-31,62,52,0.00,M,M
1999-11-01,72,51,0.00,M,M
1999-11-02,61,39,0.00,M,M
1999-11-03,68,34,0.00,M,M
1999-11-04,76,47,0.00,M,M
1999-11-05,79,60,0.00,M,M
1999-11-06,78,61,0.00,M,M
1999-11-07,79,61,0.00,M,M
1999-11-08,79,59,0.00,M,M
1999-11-09,77,56,0.00,M,M
1999-11-10,80,59,0.00,M,M
1999-11-11,82,56,0.00,M,M
1999-11-12,82,54,0.00,M,M
1999-11-13,83,54,0.00,M,M
1999-11-14,85,52,0.00,M,M
1999-11-15,80,54,0.00,M,M
1999-11-16,79,51,0.00,M,M
1999-11-17,80,56,0.00,M,M
1999-11-18,79,58,0.00,M,M
1999-11-19,74,52,0.00,M,M
1999-11-20,71,43,0.00,M,M
1999-11-21,77,52,0.00,M,M
1999-11-22,80,64,1.42,M,M
1999-11-23,70,49,0.07,M,M
1999-11-24,56,41,0.03,M,M
1999-11-25,58,42,0.03,M,M
1999-11-26,67,41,0.00,M,M
1999-11-27,74,45,0.00,M,M
1999-11-28,70,50,0.00,M,M
1999-11-29,66,47,0.00,M,M
1999-11-30,62,44,0.00,M,M
1999-12-01,68,44,0.00,M,M
1999-12-02,74,59,T,M,M
1999-12-03,80,64,0.00,M,M
1999-12-04,72,47,0.39,M,M
1999-12-05,52,39,0.00,M,M
1999-12-06,56,29,0.00,M,M
1999-12-07,62,40,0.00,M,M
1999-12-08,68,55,T,M,M
1999-12-09,66,45,0.57,M,M
1999-12-10,59,37,0.00,M,M
1999-12-11,51,48,1.70,M,M
1999-12-12,52,45,1.21,M,M
1999-12-13,56,40,0.00,M,M
1999-12-14,68,42,0.00,M,M
1999-12-15,55,36,0.00,M,M
1999-12-16,61,35,0.00,M,M
1999-12-17,63,40,0.00,M,M
1999-12-18,57,42,0.58,M,M
1999-12-19,62,41,0.00,M,M
1999-12-20,47,38,0.00,M,M
1999-12-21,48,32,0.00,M,M
1999-12-22,52,28,0.00,M,M
1999-12-23,57,29,0.00,M,M
1999-12-24,61,34,0.00,M,M
1999-12-25,54,31,0.00,M,M
1999-12-26,63,43,0.00,M,M
1999-12-27,67,38,0.00,M,M
1999-12-28,69,34,0.00,M,M
1999-12-29,73,37,0.00,M,M
1999-12-30,69,49,0.00,M,M
1999-12-31,65,42,0.00,M,M
2000-01-01,76,42,0.00,M,M
2000-01-02,71,59,T,M,M
2000-01-03,70,44,0.01,M,M
2000-01-04,47,33,0.00,M,M
2000-01-05,56,32,0.00,M,M
2000-01-06,64,40,0.00,M,M
2000-01-07,56,49,0.68,M,M
2000-01-08,54,47,0.21,M,M
2000-01-09,70,40,0.00,M,M
2000-01-10,72,42,0.00,M,M
2000-01-11,72,42,0.00,M,M
2000-01-12,80,52,0.00,M,M
2000-01-13,67,46,0.00,M,M
2000-01-14,59,42,0.00,M,M
2000-01-15,69,46,0.00,M,M
2000-01-16,74,57,0.00,M,M
2000-01-17,76,57,0.00,M,M
2000-01-18,65,51,0.00,M,M
2000-01-19,74,45,0.00,M,M
2000-01-20,58,38,0.00,M,M
2000-01-21,58,35,0.00,M,M
2000-01-22,70,51,0.00,M,M
2000-01-23,63,45,0.00,M,M
2000-01-24,47,30,0.00,M,M
2000-01-25,51,37,0.00,M,M
2000-01-26,40,34,T,M,M
2000-01-27,34,29,0.92,M,M
2000-01-28,31,29,0.00,M,M
2000-01-29,32,28,0.00,M,M
2000-01-30,47,23,0.00,M,M
2000-01-31,53,30,0.00,M,M
2000-02-01,56,43,0.00,M,M
2000-02-02,53,31,0.00,M,M
2000-02-03,70,41,0.00,M,M
2000-02-04,53,38,0.00,M,M
2000-02-05,51,29,0.00,M,M
2000-02-06,63,36,0.00,M,M
2000-02-07,67,51,0.00,M,M
2000-02-08,68,42,0.00,M,M
2000-02-09,74,49,0.00,M,M
2000-02-10,80,59,0.00,M,M
2000-02-11,65,42,0.00,M,M
2000-02-12,60,41,0.00,M,M
2000-02-13,75,46,0.00,M,M
2000-02-14,63,39,0.00,M,M
2000-02-15,81,47,0.00,M,M
2000-02-16,71,59,0.00,M,M
2000-02-17,79,56,T,M,M
2000-02-18,73,42,0.01,M,M
2000-02-19,57,35,0.00,M,M
2000-02-20,65,38,0.00,M,M
2000-02-21,70,50,0.00,M,M
2000-02-22,72,57,0.98,M,M
2000-02-23,77,54,T,M,M
2000-02-24,76,61,0.00,M,M
2000-02-25,80,62,0.73,M,M
2000-02-26,67,50,T,M,M
2000-02-27,70,41,0.00,M,M
2000-02-28,71,49,0.00,M,M
2000-02-29,80,57,T,M,M
2000-03-01,71,49,0.00,M,M
2000-03-02,76,57,0.23,M,M
2000-03-03,60,48,0.00,M,M
2000-03-04,63,41,0.00,M,M
2000-03-05,67,45,0.00,M,M
2000-03-06,74,60,0.00,M,M
2000-03-07,78,59,0.04,M,M
2000-03-08,79,57,0.02,M,M
2000-03-09,72,50,0.00,M,M
2000-03-10,62,45,0.34,M,M
2000-03-11,56,37,0.00,M,M
2000-03-12,62,38,0.00,M,M
2000-03-13,70,46,0.00,M,M
2000-03-14,65,57,0.14,M,M
2000-03-15,73,58,0.00,M,M
2000-03-16,72,43,0.00,M,M
2000-03-17,47,39,T,M,M
2000-03-18,74,39,0.01,M,M
2000-03-19,65,45,0.00,M,M
2000-03-20,75,46,0.00,M,M
2000-03-21,68,55,1.03,M,M
2000-03-22,75,56,0.49,M,M
2000-03-23,70,58,0.05,M,M
2000-03-24,83,51,0.00,M,M
2000-03-25,83,67,0.15,M,M
2000-03-26,82,60,0.16,M,M
2000-03-27,76,58,0.00,M,M
2000-03-28,81,58,0.89,M,M
2000-03-29,79,53,0.00,M,M
2000-03-30,60,50,0.00,M,M
2000-03-31,66,48,0.00,M,M
2000-04-01,67,54,0.31,M,M
2000-04-02,58,52,0.04,M,M
2000-04-03,60,47,T,M,M
2000-04-04,69,41,0.00,M,M
2000-04-05,78,48,0.00,M,M
2000-04-06,81,57,0.00,M,M
2000-04-07,87,59,0.00,M,M
2000-04-08,61,45,0.00,M,M
2000-04-09,70,43,0.00,M,M
2000-04-10,72,57,0.00,M,M
2000-04-11,79,60,0.86,M,M
2000-04-12,60,51,0.21,M,M
2000-04-13,67,50,T,M,M
2000-04-14,66,50,0.00,M,M
2000-04-15,76,55,0.60,M,M
2000-04-16,71,54,0.03,M,M
2000-04-17,75,52,0.00,M,M
2000-04-18,85,65,0.00,M,M
2000-04-19,82,71,0.00,M,M
2000-04-20,77,59,0.00,M,M
2000-04-21,75,54,0.00,M,M
2000-04-22,80,52,0.06,M,M
2000-04-23,87,64,0.00,M,M
2000-04-24,78,59,0.00,M,M
2000-04-25,80,59,0.00,M,M
2000-04-26,84,59,0.00,M,M
2000-04-27,74,61,0.07,M,M
2000-04-28,78,54,0.00,M,M
2000-04-29,83,60,0.03,M,M
2000-04-30,79,61,0.92,M,M
2000-05-01,74,61,0.34,M,M
2000-05-02,76,56,0.08,M,M
2000-05-03,75,58,0.66,M,M
2000-05-04,77,62,0.08,M,M
2000-05-05,78,66,0.04,M,M
2000-05-06,85,69,0.00,M,M
2000-05-07,88,71,0.00,M,M
2000-05-08,90,70,0.00,M,M
2000-05-09,79,64,0.02,M,M
2000-05-10,86,62,0.00,M,M
2000-05-11,91,75,0.00,M,M
2000-05-12,95,71,0.00,M,M
2000-05-13,82,61,0.00,M,M
2000-05-14,80,56,0.00,M,M
2000-05-15,87,62,0.00,M,M
2000-05-16,89,72,0.00,M,M
2000-05-17,91,73,0.00,M,M
2000-05-18,89,66,1.18,M,M
2000-05-19,68,61,0.46,M,M
2000-05-20,82,61,0.00,M,M
2000-05-21,88,64,0.00,M,M
2000-05-22,95,70,0.00,M,M
2000-05-23,95,75,0.00,M,M
2000-05-24,96,75,0.00,M,M
2000-05-25,93,77,0.01,M,M
2000-05-26,90,78,T,M,M
2000-05-27,94,70,0.03,M,M
2000-05-28,92,69,0.00,M,M
2000-05-29,93,67,0.00,M,M
2000-05-30,95,76,0.00,M,M
2000-05-31,93,76,0.00,M,M
2000-06-01,92,76,0.00,M,M
2000-06-02,90,75,T,M,M
2000-06-03,81,73,0.63,M,M
2000-06-04,81,71,0.80,M,M
2000-06-05,84,67,0.00,M,M
2000-06-06,81,62,0.00,M,M
2000-06-07,83,63,0.00,M,M
2000-06-08,87,65,0.00,M,M
2000-06-09,87,73,0.47,M,M
2000-06-10,84,72,0.33,M,M
2000-06-11,83,72,3.05,M,M
2000-06-12,89,75,T,M,M
2000-06-13,89,75,0.00,M,M
2000-06-14,89,69,1.57,M,M
2000-06-15,86,69,0.36,M,M
2000-06-16,92,76,0.00,M,M
2000-06-17,86,73,1.34,M,M
2000-06-18,82,70,T,M,M
2000-06-19,91,76,0.01,M,M
2000-06-20,91,77,0.00,M,M
2000-06-21,93,70,0.79,M,M
2000-06-22,92,73,0.00,M,M
2000-06-23,92,77,0.00,M,M
2000-06-24,95,75,0.00,M,M
2000-06-25,92,77,0.00,M,M
2000-06-26,87,78,0.00,M,M
2000-06-27,93,75,0.35,M,M
2000-06-28,93,74,0.00,M,M
2000-06-29,87,73,0.00,M,M
2000-06-30,85,77,0.01,M,M
2000-07-01,89,76,T,M,M
2000-07-02,92,78,T,M,M
2000-07-03,93,77,0.00,M,M
2000-07-04,94,74,0.00,M,M
2000-07-05,94,76,0.00,M,M
2000-07-06,94,76,0.00,M,M
2000-07-07,96,77,0.00,M,M
2000-07-08,97,79,0.00,M,M
2000-07-09,98,81,0.00,M,M
2000-07-10,97,79,0.00,M,M
2000-07-11,98,78,0.00,M,M
2000-07-12,101,80,0.00,M,M
2000-07-13,103,82,0.00,M,M
2000-07-14,102,82,0.00,M,M
2000-07-15,103,84,0.00,M,M
2000-07-16,103,83,0.00,M,M
2000-07-17,102,80,0.00,M,M
2000-07-18,101,81,0.00,M,M
2000-07-19,103,83,0.00,M,M
2000-07-20,104,82,0.00,M,M
2000-07-21,101,81,0.00,M,M
2000-07-22,95,79,0.00,M,M
2000-07-23,92,74,T,M,M
2000-07-24,92,71,0.00,M,M
2000-07-25,96,73,0.00,M,M
2000-07-26,99,76,0.00,M,M
2000-07-27,93,79,0.00,M,M
2000-07-28,98,76,0.00,M,M
2000-07-29,97,80,T,M,M
2000-07-30,94,74,0.00,M,M
2000-07-31,94,75,0.00,M,M
2000-08-01,97,74,0.00,M,M
2000-08-02,101,74,0.00,M,M
2000-08-03,102,78,0.00,M,M
2000-08-04,100,81,0.00,M,M
2000-08-05,101,81,0.00,M,M
2000-08-06,101,81,0.00,M,M
2000-08-07,101,82,0.00,M,M
2000-08-08,99,81,0.00,M,M
2000-08-09,98,78,0.00,M,M
2000-08-10,101,82,0.00,M,M
2000-08-11,103,76,0.00,M,M
2000-08-12,102,81,0.00,M,M
2000-08-13,99,80,0.00,M,M
2000-08-14,98,73,0.00,M,M
2000-08-15,99,80,0.00,M,M
2000-08-16,101,81,0.00,M,M
2000-08-17,104,80,0.00,M,M
2000-08-18,104,85,0.00,M,M
2000-08-19,104,82,0.00,M,M
2000-08-20,101,77,0.00,M,M
2000-08-21,101,82,0.00,M,M
2000-08-22,100,80,0.00,M,M
2000-08-23,100,79,0.00,M,M
2000-08-24,99,79,0.00,M,M
2000-08-25,101,79,0.00,M,M
2000-08-26,101,82,0.00,M,M
2000-08-27,101,81,0.00,M,M
2000-08-28,101,80,0.00,M,M
2000-08-29,102,82,0.00,M,M
2000-08-30,105,82,0.00,M,M
2000-08-31,106,82,0.00,M,M
2000-09-01,108,83,0.00,M,M
2000-09-02,107,83,0.00,M,M
2000-09-03,109,83,0.00,M,M
2000-09-04,110,79,0.00,M,M
2000-09-05,99,83,0.00,M,M
2000-09-06,102,73,0.00,M,M
2000-09-07,95,77,0.00,M,M
2000-09-08,86,71,0.00,M,M
2000-09-09,93,76,0.00,M,M
2000-09-10,98,78,0.00,M,M
2000-09-11,101,80,0.00,M,M
2000-09-12,91,72,T,M,M
2000-09-13,90,69,0.00,M,M
2000-09-14,96,73,0.00,M,M
2000-09-15,93,75,0.00,M,M
2000-09-16,88,67,0.00,M,M
2000-09-17,87,60,0.00,M,M
2000-09-18,93,60,0.00,M,M
2000-09-19,94,70,0.00,M,M
2000-09-20,96,72,0.00,M,M
2000-09-21,91,69,0.00,M,M
2000-09-22,96,75,0.00,M,M
2000-09-23,97,79,0.00,M,M
2000-09-24,79,58,0.03,M,M
2000-09-25,66,50,0.00,M,M
2000-09-26,74,49,0.00,M,M
2000-09-27,80,52,0.00,M,M
2000-09-28,85,53,0.00,M,M
2000-09-29,85,57,0.00,M,M
2000-09-30,88,59,0.00,M,M
2000-10-01,90,62,0.00,M,M
2000-10-02,93,68,0.00,M,M
2000-10-03,93,74,0.00,M,M
2000-10-04,93,73,0.00,M,M
2000-10-05,93,72,0.00,M,M
2000-10-06,72,56,0.04,M,M
2000-10-07,56,44,0.20,M,M
2000-10-08,54,45,0.00,M,M
2000-10-09,59,41,0.00,M,M
2000-10-10,64,39,0.00,M,M
2000-10-11,73,58,0.00,M,M
2000-10-12,83,63,T,M,M
2000-10-13,83,61,0.00,M,M
2000-10-14,83,66,0.00,M,M
2000-10-15,85,67,1.94,M,M
2000-10-16,80,66,0.01,M,M
2000-10-17,76,61,0.00,M,M
2000-10-18,81,63,0.00,M,M
2000-10-19,80,57,0.00,M,M
2000-10-20,74,62,0.11,M,M
2000-10-21,72,63,0.27,M,M
2000-10-22,81,66,0.64,M,M
2000-10-23,81,70,T,M,M
2000-10-24,81,70,0.00,M,M
2000-10-25,81,67,T,M,M
2000-10-26,82,68,T,M,M
2000-10-27,80,67,T,M,M
2000-10-28,81,67,T,M,M
2000-10-29,77,63,2.38,M,M
2000-10-30,82,70,0.05,M,M
2000-10-31,81,69,0.00,M,M
2000-11-01,80,62,1.25,M,M
2000-11-02,80,54,0.18,M,M
2000-11-03,67,63,0.82,M,M
2000-11-04,66,62,0.02,M,M
2000-11-05,65,61,1.59,M,M
2000-11-06,64,48,0.06,M,M
2000-11-07,52,44,0.02,M,M
2000-11-08,44,36,0.67,M,M
2000-11-09,54,36,0.01,M,M
2000-11-10,59,37,0.00,M,M
2000-11-11,51,42,T,M,M
2000-11-12,52,38,0.72,M,M
2000-11-13,49,34,0.00,M,M
2000-11-14,53,30,0.00,M,M
2000-11-15,53,35,T,M,M
2000-11-16,57,45,0.18,M,M
2000-11-17,48,36,0.00,M,M
2000-11-18,47,38,T,M,M
2000-11-19,56,36,0.00,M,M
2000-11-20,55,34,0.00,M,M
2000-11-21,59,31,0.00,M,M
2000-11-22,60,40,0.09,M,M
2000-11-23,56,52,0.61,M,M
2000-11-24,56,49,0.79,M,M
2000-11-25,61,44,0.00,M,M
2000-11-26,61,40,0.00,M,M
2000-11-27,65,38,0.00,M,M
2000-11-28,70,47,0.00,M,M
2000-11-29,62,42,0.00,M,M
2000-11-30,63,37,0.00,M,M
2000-12-01,59,41,0.00,M,M
2000-12-02,45,34,0.00,M,M
2000-12-03,46,34,0.00,M,M
2000-12-04,51,40,0.00,M,M
2000-12-05,54,39,0.00,M,M
2000-12-06,49,34,0.05,M,M
2000-12-07,62,33,0.00,M,M
2000-12-08,59,40,0.00,M,M
2000-12-09,63,43,0.00,M,M
2000-12-10,69,46,0.00,M,M
2000-12-11,64,23,T,M,M
2000-12-12,29,21,0.31,M,M
2000-12-13,36,29,0.29,M,M
2000-12-14,48,26,0.00,M,M
2000-12-15,50,37,0.03,M,M
2000-12-16,52,30,0.00,M,M
2000-12-17,45,25,0.00,M,M
2000-12-18,53,36,0.00,M,M
2000-12-19,45,30,0.00,M,M
2000-12-20,65,33,0.00,M,M
2000-12-21,48,30,0.00,M,M
2000-12-22,48,28,0.00,M,M
2000-12-23,49,38,0.00,M,M
2000-12-24,42,33,T,M,M
2000-12-25,40,33,1.82,M,M
2000-12-26,36,32,0.88,M,M
2000-12-27,33,31,0.07,M,M
2000-12-28,48,33,0.00,M,M
2000-12-29,45,30,0.00,M,M
2000-12-30,40,27,0.00,M,M
2000-12-31,33,27,0.07,M,M
2001-01-01,31,27,0.00,M,M
2001-01-02,33,24,0.00,M,M
2001-01-03,49,22,0.00,M,M
2001-01-04,64,29,0.00,M,M
2001-01-05,68,34,0.00,M,M
2001-01-06,69,34,0.00,M,M
2001-01-07,59,41,0.00,M,M
2001-01-08,58,33,0.00,M,M
2001-01-09,61,33,0.00,M,M
2001-01-10,46,38,0.34,M,M
2001-01-11,46,38,T,M,M
2001-01-12,45,41,0.00,M,M
2001-01-13,52,32,0.06,M,M
2001-01-14,56,37,0.00,M,M
2001-01-15,57,31,0.00,M,M
2001-01-16,52,39,0.26,M,M
2001-01-17,40,36,0.30,M,M
2001-01-18,40,35,0.24,M,M
2001-01-19,44,28,0.00,M,M
2001-01-20,43,23,0.00,M,M
2001-01-21,47,34,0.00,M,M
2001-01-22,53,28,0.00,M,M
2001-01-23,57,39,0.00,M,M
2001-01-24,59,40,0.00,M,M
2001-01-25,59,34,0.00,M,M
2001-01-26,69,51,0.00,M,M
2001-01-27,52,34,0.14,M,M
2001-01-28,62,42,0.31,M,M
2001-01-29,61,41,0.51,M,M
2001-01-30,62,44,0.00,M,M
2001-01-31,55,37,0.00,M,M
2001-02-01,58,30,0.00,M,M
2001-02-02,51,32,0.00,M,M
2001-02-03,62,33,0.00,M,M
2001-02-04,64,39,0.00,M,M
2001-02-05,65,34,0.00,M,M
2001-02-06,73,48,0.00,M,M
2001-02-07,71,51,0.00,M,M
2001-02-08,73,67,0.01,M,M
2001-02-09,72,30,0.32,M,M
2001-02-10,45,27,0.00,M,M
2001-02-11,45,39,0.07,M,M
2001-02-12,48,44,0.06,M,M
2001-02-13,63,48,0.16,M,M
2001-02-14,73,63,0.01,M,M
2001-02-15,68,40,2.25,M,M
2001-02-16,45,34,1.96,M,M
2001-02-17,46,29,0.00,M,M
2001-02-18,56,32,0.00,M,M
2001-02-19,65,43,0.00,M,M
2001-02-20,76,53,0.00,M,M
2001-02-21,64,41,0.00,M,M
2001-02-22,57,33,0.00,M,M
2001-02-23,65,46,0.17,M,M
2001-02-24,73,57,0.12,M,M
2001-02-25,67,47,0.00,M,M
2001-02-26,66,48,T,M,M
2001-02-27,60,47,1.19,M,M
2001-02-28,47,34,0.48,M,M
2001-03-01,46,36,0.25,M,M
2001-03-02,59,43,T,M,M
2001-03-03,52,41,0.37,M,M
2001-03-04,63,37,0.00,M,M
2001-03-05,62,40,0.00,M,M
2001-03-06,65,43,0.00,M,M
2001-03-07,71,45,0.00,M,M
2001-03-08,62,49,0.58,M,M
2001-03-09,64,42,0.05,M,M
2001-03-10,66,46,0.00,M,M
2001-03-11,65,57,0.76,M,M
2001-03-12,69,51,0.28,M,M
2001-03-13,70,47,0.00,M,M
2001-03-14,62,53,0.20,M,M
2001-03-15,66,46,0.00,M,M
2001-03-16,58,39,0.00,M,M
2001-03-17,57,45,0.00,M,M
2001-03-18,52,47,T,M,M
2001-03-19,56,45,0.00,M,M
2001-03-20,63,38,0.00,M,M
2001-03-21,74,42,0.00,M,M
2001-03-22,77,54,0.00,M,M
2001-03-23,72,57,0.00,M,M
2001-03-24,66,46,1.11,M,M
2001-03-25,56,43,0.00,M,M
2001-03-26,48,41,T,M,M
2001-03-27,44,40,0.81,M,M
2001-03-28,48,42,0.12,M,M
2001-03-29,55,43,0.00,M,M
2001-03-30,64,42,0.00,M,M
2001-03-31,72,48,0.00,M,M
2001-04-01,73,46,0.00,M,M
2001-04-02,76,63,T,M,M
2001-04-03,78,69,0.00,M,M
2001-04-04,85,66,0.00,M,M
2001-04-05,79,71,0.00,M,M
2001-04-06,82,69,0.00,M,M
2001-04-07,74,66,0.10,M,M
2001-04-08,84,71,0.00,M,M
2001-04-09,83,69,0.00,M,M
2001-04-10,79,71,0.00,M,M
2001-04-11,76,53,0.77,M,M
2001-04-12,70,54,0.00,M,M
2001-04-13,77,56,0.13,M,M
2001-04-14,82,68,0.00,M,M
2001-04-15,83,66,0.00,M,M
2001-04-16,78,56,0.00,M,M
2001-04-17,60,45,0.08,M,M
2001-04-18,68,44,0.00,M,M
2001-04-19,73,56,0.00,M,M
2001-04-20,77,68,0.00,M,M
2001-04-21,77,68,T,M,M
2001-04-22,81,69,0.00,M,M
2001-04-23,73,54,0.21,M,M
2001-04-24,74,48,0.00,M,M
2001-04-25,79,48,0.00,M,M
2001-04-26,82,54,0.00,M,M
2001-04-27,80,59,0.00,M,M
2001-04-28,81,55,0.00,M,M
2001-04-29,81,58,0.00,M,M
2001-04-30,82,64,0.00,M,M
2001-05-01,84,67,0.00,M,M
2001-05-02,87,70,0.00,M,M
2001-05-03,83,70,0.00,M,M
2001-05-04,79,63,0.34,M,M
2001-05-05,78,62,0.08,M,M
2001-05-06,83,61,0.71,M,M
2001-05-07,80,63,0.06,M,M
2001-05-08,82,63,0.00,M,M
2001-05-09,84,63,0.37,M,M
2001-05-10,84,67,0.00,M,M
2001-05-11,85,66,0.06,M,M
2001-05-12,84,64,0.00,M,M
2001-05-13,86,65,0.00,M,M
2001-05-14,86,69,0.00,M,M
2001-05-15,87,69,0.00,M,M
2001-05-16,90,70,0.00,M,M
2001-05-17,89,73,0.00,M,M
2001-05-18,89,72,0.00,M,M
2001-05-19,87,73,0.00,M,M
2001-05-20,93,71,T,M,M
2001-05-21,81,58,0.00,M,M
2001-05-22,81,53,0.00,M,M
2001-05-23,94,62,0.00,M,M
2001-05-24,81,63,0.00,M,M
2001-05-25,80,60,0.00,M,M
2001-05-26,84,62,0.01,M,M
2001-05-27,91,70,T,M,M
2001-05-28,86,65,1.00,M,M
2001-05-29,87,74,0.00,M,M
2001-05-30,91,77,0.00,M,M
2001-05-31,86,70,T,M,M
2001-06-01,86,63,0.00,M,M
2001-06-02,95,71,0.00,M,M
2001-06-03,94,76,0.00,M,M
2001-06-04,94,76,0.00,M,M
2001-06-05,90,73,0.00,M,M
2001-06-06,84,70,T,M,M
2001-06-07,88,74,0.00,M,M
2001-06-08,88,73,T,M,M
2001-06-09,92,71,0.00,M,M
2001-06-10,93,73,0.00,M,M
2001-06-11,94,74,0.00,M,M
2001-06-12,95,75,0.00,M,M
2001-06-13,97,79,T,M,M
2001-06-14,96,68,0.78,M,M
2001-06-15,92,68,0.00,M,M
2001-06-16,93,72,0.00,M,M
2001-06-17,92,71,0.00,M,M
2001-06-18,93,70,0.00,M,M
2001-06-19,92,72,0.00,M,M
2001-06-20,93,74,0.00,M,M
2001-06-21,94,74,T,M,M
2001-06-22,89,69,0.00,M,M
2001-06-23,88,69,0.00,M,M
2001-06-24,91,67,0.00,M,M
2001-06-25,91,69,0.00,M,M
2001-06-26,92,73,0.00,M,M
2001-06-27,90,74,T,M,M
2001-06-28,91,75,0.02,M,M
2001-06-29,94,75,T,M,M
2001-06-30,88,68,0.83,M,M
2001-07-01,89,70,1.84,M,M
2001-07-02,90,69,0.00,M,M
2001-07-03,94,73,0.00,M,M
2001-07-04,96,76,0.00,M,M
2001-07-05,96,79,0.00,M,M
2001-07-06,97,79,0.00,M,M
2001-07-07,97,80,0.00,M,M
2001-07-08,95,78,0.00,M,M
2001-07-09,99,80,0.00,M,M
2001-07-10,99,80,0.00,M,M
2001-07-11,98,80,0.00,M,M
2001-07-12,101,80,0.00,M,M
2001-07-13,103,81,0.00,M,M
2001-07-14,98,80,0.00,M,M
2001-07-15,98,79,T,M,M
2001-07-16,99,81,M,M,M
2001-07-17,97,81,0.00,M,M
2001-07-18,99,81,0.00,M,M
2001-07-19,96,79,0.00,M,M
2001-07-20,98,79,0.00,M,M
2001-07-21,100,80,0.00,M,M
2001-07-22,101,80,0.00,M,M
2001-07-23,101,80,0.00,M,M
2001-07-24,99,83,0.00,M,M
2001-07-25,98,83,0.00,M,M
2001-07-26,99,80,0.00,M,M
2001-07-27,98,79,0.00,M,M
2001-07-28,99,79,0.00,M,M
2001-07-29,99,81,T,M,M
2001-07-30,100,82,0.00,M,M
2001-07-31,99,80,0.00,M,M
2001-08-01,100,81,0.00,M,M
2001-08-02,97,82,0.00,M,M
2001-08-03,98,77,0.00,M,M
2001-08-04,99,75,0.00,M,M
2001-08-05,104,80,0.00,M,M
2001-08-06,100,78,0.00,M,M
2001-08-07,97,76,0.00,M,M
2001-08-08,99,78,0.00,M,M
2001-08-09,102,81,0.00,M,M
2001-08-10,101,81,0.00,M,M
2001-08-11,102,82,T,M,M
2001-08-12,102,81,T,M,M
2001-08-13,93,80,T,M,M
2001-08-14,97,79,0.00,M,M
2001-08-15,102,78,0.00,M,M
2001-08-16,90,75,0.21,M,M
2001-08-17,84,72,1.24,M,M
2001-08-18,95,76,0.00,M,M
2001-08-19,97,74,0.00,M,M
2001-08-20,98,78,0.00,M,M
2001-08-21,98,78,0.00,M,M
2001-08-22,98,78,0.00,M,M
2001-08-23,98,78,0.00,M,M
2001-08-24,98,78,0.00,M,M
2001-08-25,99,78,0.00,M,M
2001-08-26,92,78,0.10,M,M
2001-08-27,85,75,T,M,M
2001-08-28,82,72,T,M,M
2001-08-29,86,73,T,M,M
2001-08-30,79,73,0.41,M,M
2001-08-31,78,71,0.68,M,M
2001-09-01,84,73,0.26,M,M
2001-09-02,88,70,0.00,M,M
2001-09-03,94,71,1.16,M,M
2001-09-04,81,72,0.28,M,M
2001-09-05,84,73,0.33,M,M
2001-09-06,89,71,0.00,M,M
2001-09-07,93,76,0.00,M,M
2001-09-08,90,79,0.01,M,M
2001-09-09,80,66,0.11,M,M
2001-09-10,85,63,0.00,M,M
2001-09-11,84,65,0.00,M,M
2001-09-12,88,63,0.00,M,M
2001-09-13,89,64,0.00,M,M
2001-09-14,92,71,T,M,M
2001-09-15,86,72,0.04,M,M
2001-09-16,87,72,0.01,M,M
2001-09-17,89,72,0.00,M,M
2001-09-18,91,70,0.59,M,M
2001-09-19,83,70,0.00,M,M
2001-09-20,82,69,0.29,M,M
2001-09-21,84,71,0.23,M,M
2001-09-22,85,68,0.00,M,M
2001-09-23,89,69,0.00,M,M
2001-09-24,73,58,0.00,M,M
2001-09-25,74,54,0.00,M,M
2001-09-26,76,53,0.00,M,M
2001-09-27,79,54,0.00,M,M
2001-09-28,81,57,0.00,M,M
2001-09-29,80,57,0.00,M,M
2001-09-30,78,55,0.00,M,M
2001-10-01,80,53,0.00,M,M
2001-10-02,83,56,0.00,M,M
2001-10-03,83,61,0.00,M,M
2001-10-04,86,67,0.15,M,M
2001-10-05,74,54,0.20,M,M
2001-10-06,66,48,0.00,M,M
2001-10-07,71,47,0.00,M,M
2001-10-08,76,55,0.00,M,M
2001-10-09,83,68,T,M,M
2001-10-10,87,67,T,M,M
2001-10-11,71,59,1.50,M,M
2001-10-12,79,55,1.06,M,M
2001-10-13,67,50,0.16,M,M
2001-10-14,78,47,0.00,M,M
2001-10-15,82,51,0.00,M,M
2001-10-16,66,44,0.00,M,M
2001-10-17,70,42,0.00,M,M
2001-10-18,77,51,0.00,M,M
2001-10-19,80,58,0.00,M,M
2001-10-20,80,63,0.00,M,M
2001-10-21,80,61,0.00,M,M
2001-10-22,84,66,0.00,M,M
2001-10-23,88,73,0.00,M,M
2001-10-24,79,55,0.00,M,M
2001-10-25,76,50,0.00,M,M
2001-10-26,74,48,0.00,M,M
2001-10-27,69,49,0.00,M,M
2001-10-28,71,49,0.00,M,M
2001-10-29,71,50,0.00,M,M
2001-10-30,74,46,0.00,M,M
2001-10-31,75,53,0.00,M,M
2001-11-01,82,67,0.00,M,M
2001-11-02,83,68,0.00,M,M
2001-11-03,82,63,0.00,M,M
2001-11-04,76,62,0.00,M,M
2001-11-05,76,56,0.00,M,M
2001-11-06,80,52,0.00,M,M
2001-11-07,76,50,0.00,M,M
2001-11-08,78,57,0.00,M,M
2001-11-09,61,50,0.12,M,M
2001-11-10,68,49,0.00,M,M
2001-11-11,64,54,0.38,M,M
2001-11-12,70,60,T,M,M
2001-11-13,74,60,0.00,M,M
2001-11-14,74,60,0.00,M,M
2001-11-15,71,61,0.11,M,M
2001-11-16,71,61,T,M,M
2001-11-17,73,59,0.01,M,M
2001-11-18,74,62,T,M,M
2001-11-19,65,46,T,M,M
2001-11-20,58,35,0.00,M,M
2001-11-21,63,34,0.00,M,M
2001-11-22,71,50,0.00,M,M
2001-11-23,78,60,T,M,M
2001-11-24,71,47,0.00,M,M
2001-11-25,74,42,0.00,M,M
2001-11-26,76,54,T,M,M
2001-11-27,54,35,0.08,M,M
2001-11-28,36,29,0.32,M,M
2001-11-29,43,29,0.04,M,M
2001-11-30,67,35,0.00,M,M
2001-12-01,71,39,0.00,M,M
2001-12-02,71,47,0.00,M,M
2001-12-03,66,57,T,M,M
2001-12-04,75,65,0.01,M,M
2001-12-05,76,66,T,M,M
2001-12-06,74,66,0.15,M,M
2001-12-07,73,57,0.00,M,M
2001-12-08,57,40,T,M,M
2001-12-09,52,33,0.00,M,M
2001-12-10,60,30,0.00,M,M
2001-12-11,51,39,0.28,M,M
2001-12-12,67,50,0.01,M,M
2001-12-13,53,39,0.29,M,M
2001-12-14,61,32,0.00,M,M
2001-12-15,56,46,0.46,M,M
2001-12-16,60,52,2.95,M,M
2001-12-17,59,43,0.17,M,M
2001-12-18,67,37,0.00,M,M
2001-12-19,55,36,0.00,M,M
2001-12-20,61,32,0.00,M,M
2001-12-21,62,36,0.00,M,M
2001-12-22,68,44,0.02,M,M
2001-12-23,54,34,0.00,M,M
2001-12-24,50,30,0.00,M,M
2001-12-25,52,31,T,M,M
2001-12-26,49,32,0.00,M,M
2001-12-27,59,34,0.00,M,M
2001-12-28,61,38,0.00,M,M
2001-12-29,49,35,0.00,M,M
2001-12-30,40,30,0.00,M,M
2001-12-31,41,29,0.00,M,M
2002-01-01,43,33,0.00,M,M
2002-01-02,34,25,T,M,M
2002-01-03,40,19,0.00,M,M
2002-01-04,52,27,0.05,M,M
2002-01-05,47,39,0.13,M,M
2002-01-06,59,34,0.00,M,M
2002-01-07,49,30,0.00,M,M
2002-01-08,70,34,0.00,M,M
2002-01-09,74,42,0.00,M,M
2002-01-10,61,49,0.00,M,M
2002-01-11,59,38,0.00,M,M
2002-01-12,60,33,0.00,M,M
2002-01-13,67,33,0.00,M,M
2002-01-14,62,37,0.00,M,M
2002-01-15,64,35,0.00,M,M
2002-01-16,68,46,0.00,M,M
2002-01-17,48,38,0.00,M,M
2002-01-18,43,37,0.01,M,M
2002-01-19,52,36,0.00,M,M
2002-01-20,58,36,0.00,M,M
2002-01-21,67,32,0.00,M,M
2002-01-22,68,46,T,M,M
2002-01-23,76,47,0.43,M,M
2002-01-24,50,35,0.74,M,M
2002-01-25,57,31,0.00,M,M
2002-01-26,65,32,0.00,M,M
2002-01-27,71,42,0.00,M,M
2002-01-28,75,50,0.00,M,M
2002-01-29,77,66,0.00,M,M
2002-01-30,67,41,0.43,M,M
2002-01-31,49,36,2.16,M,M
2002-02-01,50,30,0.00,M,M
2002-02-02,49,29,T,M,M
2002-02-03,57,43,T,M,M
2002-02-04,54,43,0.03,M,M
2002-02-05,45,32,0.93,M,M
2002-02-06,40,33,T,M,M
2002-02-07,53,31,0.00,M,M
2002-02-08,61,32,0.00,M,M
2002-02-09,64,43,0.00,M,M
2002-02-10,49,36,0.00,M,M
2002-02-11,53,28,0.00,M,M
2002-02-12,64,29,0.00,M,M
2002-02-13,58,35,0.00,M,M
2002-02-14,64,34,0.00,M,M
2002-02-15,58,39,0.00,M,M
2002-02-16,67,31,0.00,M,M
2002-02-17,69,35,0.00,M,M
2002-02-18,68,49,T,M,M
2002-02-19,74,57,T,M,M
2002-02-20,72,46,0.00,M,M
2002-02-21,63,47,0.00,M,M
2002-02-22,62,36,0.00,M,M
2002-02-23,73,41,0.00,M,M
2002-02-24,75,49,0.00,M,M
2002-02-25,63,32,0.00,M,M
2002-02-26,40,24,0.00,M,M
2002-02-27,46,21,0.00,M,M
2002-02-28,59,29,0.00,M,M
2002-03-01,56,46,T,M,M
2002-03-02,56,22,0.06,M,M
2002-03-03,37,17,0.00,M,M
2002-03-04,59,23,0.00,M,M
2002-03-05,64,31,0.00,M,M
2002-03-06,73,48,0.00,M,M
2002-03-07,76,58,T,M,M
2002-03-08,72,62,T,M,M
2002-03-09,70,36,0.06,M,M
2002-03-10,60,34,0.00,M,M
2002-03-11,57,48,T,M,M
2002-03-12,68,46,0.00,M,M
2002-03-13,80,47,0.00,M,M
2002-03-14,86,59,0.00,M,M
2002-03-15,71,48,0.01,M,M
2002-03-16,59,45,0.00,M,M
2002-03-17,72,54,0.00,M,M
2002-03-18,62,58,0.32,M,M
2002-03-19,63,57,2.86,M,M
2002-03-20,64,46,0.01,M,M
2002-03-21,65,37,0.00,M,M
2002-03-22,49,31,0.00,M,M
2002-03-23,69,36,0.00,M,M
2002-03-24,78,57,0.00,M,M
2002-03-25,67,42,0.02,M,M
2002-03-26,57,36,0.00,M,M
2002-03-27,69,39,0.00,M,M
2002-03-28,78,55,0.00,M,M
2002-03-29,84,68,T,M,M
2002-03-30,70,56,1.84,M,M
2002-03-31,70,52,0.00,M,M
2002-04-01,77,49,0.00,M,M
2002-04-02,78,55,0.00,M,M
2002-04-03,59,46,0.00,M,M
2002-04-04,61,48,0.00,M,M
2002-04-05,68,54,T,M,M
2002-04-06,60,50,0.24,M,M
2002-04-07,68,54,1.82,M,M
2002-04-08,75,57,0.00,M,M
2002-04-09,73,56,0.00,M,M
2002-04-10,75,56,0.00,M,M
2002-04-11,81,59,0.00,M,M
2002-04-12,82,62,0.00,M,M
2002-04-13,76,62,0.16,M,M
2002-04-14,81,62,0.00,M,M
2002-04-15,84,67,T,M,M
2002-04-16,84,60,0.52,M,M
2002-04-17,87,71,0.00,M,M
2002-04-18,85,70,0.00,M,M
2002-04-19,82,71,0.00,M,M
2002-04-20,84,71,T,M,M
2002-04-21,77,65,T,M,M
2002-04-22,81,55,0.00,M,M
2002-04-23,88,64,0.00,M,M
2002-04-24,90,68,T,M,M
2002-04-25,71,63,T,M,M
2002-04-26,64,54,0.35,M,M
2002-04-27,86,62,0.00,M,M
2002-04-28,89,71,0.00,M,M
2002-04-29,92,69,T,M,M
2002-04-30,90,73,T,M,M
2002-05-01,93,74,0.00,M,M
2002-05-02,79,60,T,M,M
2002-05-03,77,58,0.37,M,M
2002-05-04,81,64,0.00,M,M
2002-05-05,85,62,2.48,M,M
2002-05-06,88,73,0.00,M,M
2002-05-07,87,74,0.00,M,M
2002-05-08,87,73,0.17,M,M
2002-05-09,77,65,0.17,M,M
2002-05-10,87,65,0.16,M,M
2002-05-11,90,73,0.00,M,M
2002-05-12,83,56,0.22,M,M
2002-05-13,73,54,0.00,M,M
2002-05-14,75,50,0.00,M,M
2002-05-15,82,61,0.00,M,M
2002-05-16,88,70,0.00,M,M
2002-05-17,79,60,0.95,M,M
2002-05-18,73,54,0.00,M,M
2002-05-19,72,53,0.00,M,M
2002-05-20,77,56,0.00,M,M
2002-05-21,80,60,0.00,M,M
2002-05-22,84,63,0.00,M,M
2002-05-23,84,69,0.00,M,M
2002-05-24,82,68,T,M,M
2002-05-25,88,71,0.00,M,M
2002-05-26,88,67,0.35,M,M
2002-05-27,83,68,0.20,M,M
2002-05-28,79,68,0.15,M,M
2002-05-29,83,66,T,M,M
2002-05-30,85,65,0.00,M,M
2002-05-31,88,68,0.00,M,M
2002-06-01,90,68,0.00,M,M
2002-06-02,91,73,0.00,M,M
2002-06-03,90,73,0.00,M,M
2002-06-04,92,74,0.00,M,M
2002-06-05,83,69,0.01,M,M
2002-06-06,85,69,0.00,M,M
2002-06-07,91,71,0.00,M,M
2002-06-08,89,77,0.02,M,M
2002-06-09,92,76,0.00,M,M
2002-06-10,94,77,0.00,M,M
2002-06-11,94,77,0.00,M,M
2002-06-12,93,77,0.00,M,M
2002-06-13,93,71,0.18,M,M
2002-06-14,89,70,0.00,M,M
2002-06-15,90,67,0.00,M,M
2002-06-16,84,66,0.56,M,M
2002-06-17,87,68,0.00,M,M
2002-06-18,89,68,0.00,M,M
2002-06-19,92,74,0.00,M,M
2002-06-20,93,75,0.00,M,M
2002-06-21,93,74,T,M,M
2002-06-22,93,75,0.00,M,M
2002-06-23,93,70,0.00,M,M
2002-06-24,92,75,0.00,M,M
2002-06-25,91,73,0.04,M,M
2002-06-26,91,72,0.02,M,M
2002-06-27,91,70,0.00,M,M
2002-06-28,91,75,0.04,M,M
2002-06-29,92,74,0.00,M,M
2002-06-30,83,70,0.59,M,M
2002-07-01,86,71,0.12,M,M
2002-07-02,85,72,0.32,M,M
2002-07-03,89,72,0.38,M,M
2002-07-04,91,74,0.01,M,M
2002-07-05,91,75,0.00,M,M
2002-07-06,92,73,T,M,M
2002-07-07,95,77,0.00,M,M
2002-07-08,97,77,0.00,M,M
2002-07-09,96,76,0.00,M,M
2002-07-10,95,77,0.00,M,M
2002-07-11,98,73,0.97,M,M
2002-07-12,94,73,0.00,M,M
2002-07-13,91,73,T,M,M
2002-07-14,93,74,0.00,M,M
2002-07-15,88,73,T,M,M
2002-07-16,80,74,0.02,M,M
2002-07-17,89,74,0.33,M,M
2002-07-18,92,75,0.00,M,M
2002-07-19,95,79,0.00,M,M
2002-07-20,96,77,0.00,M,M
2002-07-21,96,79,0.00,M,M
2002-07-22,97,79,0.00,M,M
2002-07-23,98,80,0.00,M,M
2002-07-24,100,80,0.00,M,M
2002-07-25,101,80,0.00,M,M
2002-07-26,97,80,0.00,M,M
2002-07-27,97,77,0.00,M,M
2002-07-28,98,79,0.00,M,M
2002-07-29,90,79,T,M,M
2002-07-30,97,78,0.00,M,M
2002-07-31,99,77,0.00,M,M
2002-08-01,99,79,0.00,M,M
2002-08-02,99,80,0.00,M,M
2002-08-03,100,77,0.00,M,M
2002-08-04,98,78,0.00,M,M
2002-08-05,96,78,0.00,M,M
2002-08-06,97,78,0.00,M,M
2002-08-07,99,79,0.00,M,M
2002-08-08,96,78,0.00,M,M
2002-08-09,96,74,0.00,M,M
2002-08-10,86,72,0.27,M,M
2002-08-11,92,73,0.00,M,M
2002-08-12,95,76,0.00,M,M
2002-08-13,96,78,0.00,M,M
2002-08-14,90,70,0.20,M,M
2002-08-15,90,74,0.00,M,M
2002-08-16,96,73,0.00,M,M
2002-08-17,99,77,0.00,M,M
2002-08-18,99,78,0.00,M,M
2002-08-19,98,78,0.00,M,M
2002-08-20,98,77,0.00,M,M
2002-08-21,98,78,0.00,M,M
2002-08-22,98,78,0.00,M,M
2002-08-23,98,78,0.00,M,M
2002-08-24,100,80,0.00,M,M
2002-08-25,99,78,T,M,M
2002-08-26,99,76,0.04,M,M
2002-08-27,87,70,0.79,M,M
2002-08-28,91,74,0.00,M,M
2002-08-29,91,73,0.00,M,M
2002-08-30,91,72,0.00,M,M
2002-08-31,94,74,0.00,M,M
2002-09-01,96,76,0.00,M,M
2002-09-02,98,76,0.00,M,M
2002-09-03,97,76,0.00,M,M
2002-09-04,96,77,0.00,M,M
2002-09-05,96,76,0.00,M,M
2002-09-06,97,79,0.00,M,M
2002-09-07,92,76,T,M,M
2002-09-08,80,73,0.25,M,M
2002-09-09,90,73,0.01,M,M
2002-09-10,93,73,0.00,M,M
2002-09-11,95,73,0.00,M,M
2002-09-12,92,73,0.00,M,M
2002-09-13,93,74,0.00,M,M
2002-09-14,94,76,0.00,M,M
2002-09-15,88,72,0.00,M,M
2002-09-16,87,72,0.00,M,M
2002-09-17,92,70,0.00,M,M
2002-09-18,95,76,0.00,M,M
2002-09-19,86,68,0.39,M,M
2002-09-20,85,61,0.00,M,M
2002-09-21,87,59,0.00,M,M
2002-09-22,87,65,0.00,M,M
2002-09-23,83,61,0.00,M,M
2002-09-24,82,58,0.00,M,M
2002-09-25,87,65,0.00,M,M
2002-09-26,89,66,0.00,M,M
2002-09-27,92,63,0.00,M,M
2002-09-28,94,67,0.00,M,M
2002-09-29,92,69,0.00,M,M
2002-09-30,91,70,0.00,M,M
2002-10-01,92,71,0.00,M,M
2002-10-02,90,76,0.00,M,M
2002-10-03,92,71,0.00,M,M
2002-10-04,87,70,0.00,M,M
2002-10-05,86,63,0.00,M,M
2002-10-06,93,71,T,M,M
2002-10-07,75,63,0.24,M,M
2002-10-08,66,59,1.15,M,M
2002-10-09,65,59,0.78,M,M
2002-10-10,69,60,0.01,M,M
2002-10-11,76,63,0.00,M,M
2002-10-12,80,61,T,M,M
2002-10-13,66,54,0.00,M,M
2002-10-14,66,52,T,M,M
2002-10-15,73,46,0.00,M,M
2002-10-16,72,47,0.00,M,M
2002-10-17,77,50,0.00,M,M
2002-10-18,67,62,3.79,M,M
2002-10-19,68,63,0.98,M,M
2002-10-20,64,55,0.00,M,M
2002-10-21,69,57,0.00,M,M
2002-10-22,71,62,0.01,M,M
2002-10-23,70,63,T,M,M
2002-10-24,65,53,0.14,M,M
2002-10-25,55,50,0.01,M,M
2002-10-26,64,51,0.00,M,M
2002-10-27,68,59,0.00,M,M
2002-10-28,68,59,0.20,M,M
2002-10-29,69,53,T,M,M
2002-10-30,64,49,0.01,M,M
2002-10-31,52,45,0.01,M,M
2002-11-01,52,48,0.07,M,M
2002-11-02,53,47,0.18,M,M
2002-11-03,56,49,0.07,M,M
2002-11-04,54,46,0.21,M,M
2002-11-05,64,45,0.00,M,M
2002-11-06,66,39,0.00,M,M
2002-11-07,73,39,0.00,M,M
2002-11-08,75,50,0.00,M,M
2002-11-09,86,62,0.00,M,M
2002-11-10,75,58,T,M,M
2002-11-11,72,47,T,M,M
2002-11-12,64,46,0.00,M,M
2002-11-13,68,42,0.00,M,M
2002-11-14,72,48,0.00,M,M
2002-11-15,62,46,0.00,M,M
2002-11-16,59,38,0.00,M,M
2002-11-17,71,43,0.00,M,M
2002-11-18,70,50,0.00,M,M
2002-11-19,68,40,0.00,M,M
2002-11-20,70,39,0.00,M,M
2002-11-21,75,42,0.00,M,M
2002-11-22,62,43,0.00,M,M
2002-11-23,73,44,0.00,M,M
2002-11-24,73,49,0.00,M,M
2002-11-25,57,40,T,M,M
2002-11-26,51,40,T,M,M
2002-11-27,47,32,0.00,M,M
2002-11-28,59,31,0.00,M,M
2002-11-29,66,36,0.00,M,M
2002-11-30,62,43,0.00,M,M
2002-12-01,58,34,0.00,M,M
2002-12-02,72,43,0.00,M,M
2002-12-03,56,43,0.78,M,M
2002-12-04,43,35,T,M,M
2002-12-05,46,32,0.00,M,M
2002-12-06,53,29,0.00,M,M
2002-12-07,58,36,0.00,M,M
2002-12-08,53,48,0.45,M,M
2002-12-09,48,44,0.82,M,M
2002-12-10,49,44,0.02,M,M
2002-12-11,50,39,0.00,M,M
2002-12-12,53,44,0.02,M,M
2002-12-13,58,39,0.00,M,M
2002-12-14,65,33,0.00,M,M
2002-12-15,70,41,0.00,M,M
2002-12-16,70,52,0.00,M,M
2002-12-17,74,51,0.00,M,M
2002-12-18,68,58,0.00,M,M
2002-12-19,62,44,T,M,M
2002-12-20,60,36,0.00,M,M
2002-12-21,70,41,0.00,M,M
2002-12-22,56,36,T,M,M
2002-12-23,51,39,0.64,M,M
2002-12-24,39,30,0.00,M,M
2002-12-25,46,25,0.00,M,M
2002-12-26,49,32,0.00,M,M
2002-12-27,56,33,0.00,M,M
2002-12-28,67,34,0.00,M,M
2002-12-29,66,45,0.00,M,M
2002-12-30,68,50,2.38,M,M
2002-12-31,57,37,0.00,M,M
2003-01-01,69,32,0.00,M,M
2003-01-02,52,35,0.00,M,M
2003-01-03,62,31,0.00,M,M
2003-01-04,68,40,0.00,M,M
2003-01-05,64,39,0.00,M,M
2003-01-06,57,36,0.00,M,M
2003-01-07,55,30,0.00,M,M
2003-01-08,72,39,0.00,M,M
2003-01-09,73,48,0.00,M,M
2003-01-10,50,36,0.00,M,M
2003-01-11,46,36,0.00,M,M
2003-01-12,43,32,0.18,M,M
2003-01-13,45,33,0.00,M,M
2003-01-14,59,37,0.00,M,M
2003-01-15,45,41,T,M,M
2003-01-16,49,30,0.00,M,M
2003-01-17,39,24,T,M,M
2003-01-18,56,28,0.00,M,M
2003-01-19,63,32,0.00,M,M
2003-01-20,76,45,0.00,M,M
2003-01-21,63,42,0.00,M,M
2003-01-22,42,34,0.00,M,M
2003-01-23,34,21,0.00,M,M
2003-01-24,39,21,0.00,M,M
2003-01-25,39,36,0.01,M,M
2003-01-26,42,31,0.00,M,M
2003-01-27,55,27,0.00,M,M
2003-01-28,65,51,0.00,M,M
2003-01-29,59,44,T,M,M
2003-01-30,50,42,T,M,M
2003-01-31,64,43,0.00,M,M
2003-02-01,72,38,0.00,M,M
2003-02-02,76,50,0.00,M,M
2003-02-03,67,42,T,M,M
2003-02-04,53,33,0.00,M,M
2003-02-05,50,38,0.53,M,M
2003-02-06,43,38,0.29,M,M
2003-02-07,41,26,0.00,M,M
2003-02-08,43,34,0.00,M,M
2003-02-09,52,39,0.05,M,M
2003-02-10,57,37,0.00,M,M
2003-02-11,67,38,0.00,M,M
2003-02-12,64,46,0.00,M,M
2003-02-13,64,60,0.13,M,M
2003-02-14,73,63,0.05,M,M
2003-02-15,68,38,0.00,M,M
2003-02-16,44,33,T,M,M
2003-02-17,60,30,0.00,M,M
2003-02-18,65,45,0.00,M,M
2003-02-19,63,49,T,M,M
2003-02-20,50,47,0.69,M,M
2003-02-21,51,46,0.94,M,M
2003-02-22,65,46,0.09,M,M
2003-02-23,66,32,0.00,M,M
2003-02-24,32,21,T,M,M
2003-02-25,29,20,0.04,M,M
2003-02-26,36,29,T,M,M
2003-02-27,39,33,0.00,M,M
2003-02-28,45,35,0.00,M,M
2003-03-01,50,42,0.00,M,M
2003-03-02,54,44,0.01,M,M
2003-03-03,55,42,T,M,M
2003-03-04,61,45,T,M,M
2003-03-05,55,32,0.00,M,M
2003-03-06,60,28,0.00,M,M
2003-03-07,79,42,0.00,M,M
2003-03-08,68,53,0.00,M,M
2003-03-09,59,42,0.00,M,M
2003-03-10,60,37,0.00,M,M
2003-03-11,72,48,0.00,M,M
2003-03-12,77,61,T,M,M
2003-03-13,75,58,0.00,M,M
2003-03-14,76,47,0.00,M,M
2003-03-15,80,51,0.00,M,M
2003-03-16,78,59,0.00,M,M
2003-03-17,78,59,0.00,M,M
2003-03-18,66,54,0.60,M,M
2003-03-19,73,49,0.04,M,M
2003-03-20,59,52,0.00,M,M
2003-03-21,63,47,0.00,M,M
2003-03-22,61,47,0.14,M,M
2003-03-23,72,45,0.00,M,M
2003-03-24,78,55,0.00,M,M
2003-03-25,79,57,0.00,M,M
2003-03-26,72,48,0.00,M,M
2003-03-27,78,54,0.00,M,M
2003-03-28,63,43,0.00,M,M
2003-03-29,56,40,0.00,M,M
2003-03-30,63,36,0.00,M,M
2003-03-31,79,43,0.00,M,M
2003-04-01,78,53,0.00,M,M
2003-04-02,80,56,0.00,M,M
2003-04-03,77,63,T,M,M
2003-04-04,81,63,0.25,M,M
2003-04-05,74,55,0.11,M,M
2003-04-06,83,54,0.03,M,M
2003-04-07,70,51,0.00,M,M
2003-04-08,57,41,0.00,M,M
2003-04-09,65,35,0.00,M,M
2003-04-10,75,39,0.00,M,M
2003-04-11,78,51,0.00,M,M
2003-04-12,80,50,0.00,M,M
2003-04-13,84,58,0.00,M,M
2003-04-14,84,59,0.00,M,M
2003-04-15,80,64,0.00,M,M
2003-04-16,87,66,0.00,M,M
2003-04-17,79,56,0.00,M,M
2003-04-18,82,65,0.00,M,M
2003-04-19,85,69,T,M,M
2003-04-20,74,55,0.00,M,M
2003-04-21,80,52,0.00,M,M
2003-04-22,69,57,T,M,M
2003-04-23,71,61,1.11,M,M
2003-04-24,87,65,0.00,M,M
2003-04-25,79,57,0.00,M,M
2003-04-26,80,55,0.00,M,M
2003-04-27,88,61,0.00,M,M
2003-04-28,78,67,T,M,M
2003-04-29,84,67,0.01,M,M
2003-04-30,84,64,0.39,M,M
2003-05-01,90,71,0.01,M,M
2003-05-02,82,65,0.02,M,M
2003-05-03,85,64,0.00,M,M
2003-05-04,86,73,0.00,M,M
2003-05-05,91,77,0.00,M,M
2003-05-06,88,76,0.00,M,M
2003-05-07,92,71,0.00,M,M
2003-05-08,90,78,0.00,M,M
2003-05-09,90,76,0.00,M,M
2003-05-10,87,76,0.00,M,M
2003-05-11,80,62,0.00,M,M
2003-05-12,84,59,0.00,M,M
2003-05-13,86,64,0.14,M,M
2003-05-14,86,71,T,M,M
2003-05-15,81,70,0.00,M,M
2003-05-16,94,70,0.07,M,M
2003-05-17,79,65,0.00,M,M
2003-05-18,89,62,0.00,M,M
2003-05-19,94,69,0.00,M,M
2003-05-20,81,58,0.42,M,M
2003-05-21,69,63,0.03,M,M
2003-05-22,77,60,0.00,M,M
2003-05-23,87,62,0.00,M,M
2003-05-24,91,70,T,M,M
2003-05-25,79,65,1.54,M,M
2003-05-26,76,60,T,M,M
2003-05-27,82,63,0.00,M,M
2003-05-28,86,59,0.00,M,M
2003-05-29,95,68,0.00,M,M
2003-05-30,100,72,0.00,M,M
2003-05-31,97,74,0.00,M,M
2003-06-01,95,71,0.00,M,M
2003-06-02,94,76,T,M,M
2003-06-03,93,72,0.00,M,M
2003-06-04,89,75,0.00,M,M
2003-06-05,78,67,0.28,M,M
2003-06-06,83,67,0.03,M,M
2003-06-07,87,61,0.00,M,M
2003-06-08,81,65,0.33,M,M
2003-06-09,93,69,0.00,M,M
2003-06-10,91,72,T,M,M
2003-06-11,94,71,0.60,M,M
2003-06-12,86,67,0.30,M,M
2003-06-13,79,68,0.10,M,M
2003-06-14,86,65,0.00,M,M
2003-06-15,87,70,0.04,M,M
2003-06-16,86,68,T,M,M
2003-06-17,85,70,T,M,M
2003-06-18,88,68,0.00,M,M
2003-06-19,91,72,0.00,M,M
2003-06-20,92,73,0.00,M,M
2003-06-21,92,76,0.00,M,M
2003-06-22,95,77,0.00,M,M
2003-06-23,95,79,0.00,M,M
2003-06-24,94,79,0.00,M,M
2003-06-25,96,79,0.00,M,M
2003-06-26,86,71,0.51,M,M
2003-06-27,87,67,0.00,M,M
2003-06-28,90,68,0.00,M,M
2003-06-29,91,71,0.00,M,M
2003-06-30,92,74,0.00,M,M
2003-07-01,94,76,T,M,M
2003-07-02,96,77,0.00,M,M
2003-07-03,96,78,0.00,M,M
2003-07-04,94,76,0.00,M,M
2003-07-05,89,74,T,M,M
2003-07-06,90,77,T,M,M
2003-07-07,94,76,0.00,M,M
2003-07-08,92,75,0.00,M,M
2003-07-09,94,75,0.00,M,M
2003-07-10,97,75,0.09,M,M
2003-07-11,97,73,0.00,M,M
2003-07-12,96,75,0.00,M,M
2003-07-13,99,79,0.00,M,M
2003-07-14,99,78,0.00,M,M
2003-07-15,96,78,0.00,M,M
2003-07-16,96,77,0.00,M,M
2003-07-17,96,77,0.00,M,M
2003-07-18,101,81,0.00,M,M
2003-07-19,101,81,0.00,M,M
2003-07-20,101,80,0.00,M,M
2003-07-21,101,80,0.00,M,M
2003-07-22,102,80,0.00,M,M
2003-07-23,94,78,0.00,M,M
2003-07-24,95,75,0.00,M,M
2003-07-25,97,77,0.00,M,M
2003-07-26,98,79,0.00,M,M
2003-07-27,98,77,0.00,M,M
2003-07-28,100,78,0.00,M,M
2003-07-29,102,79,0.00,M,M
2003-07-30,100,80,0.00,M,M
2003-07-31,99,76,0.00,M,M
2003-08-01,101,82,0.00,M,M
2003-08-02,100,81,0.00,M,M
2003-08-03,89,81,0.00,M,M
2003-08-04,103,78,0.00,M,M
2003-08-05,103,80,0.00,M,M
2003-08-06,109,82,0.00,M,M
2003-08-07,105,82,0.00,M,M
2003-08-08,98,79,0.04,M,M
2003-08-09,87,74,0.03,M,M
2003-08-10,97,73,0.00,M,M
2003-08-11,100,73,T,M,M
2003-08-12,92,70,0.21,M,M
2003-08-13,89,69,T,M,M
2003-08-14,91,73,0.00,M,M
2003-08-15,96,73,0.00,M,M
2003-08-16,99,76,0.00,M,M
2003-08-17,100,80,0.00,M,M
2003-08-18,102,81,0.00,M,M
2003-08-19,101,80,0.00,M,M
2003-08-20,99,80,0.00,M,M
2003-08-21,100,80,0.00,M,M
2003-08-22,101,78,0.00,M,M
2003-08-23,99,76,0.00,M,M
2003-08-24,99,77,0.09,M,M
2003-08-25,100,76,0.00,M,M
2003-08-26,96,74,0.83,M,M
2003-08-27,96,74,0.00,M,M
2003-08-28,98,78,0.00,M,M
2003-08-29,98,79,0.00,M,M
2003-08-30,93,78,0.19,M,M
2003-08-31,84,75,T,M,M
2003-09-01,75,71,1.41,M,M
2003-09-02,81,71,0.00,M,M
2003-09-03,85,68,0.00,M,M
2003-09-04,90,74,0.05,M,M
2003-09-05,89,71,0.00,M,M
2003-09-06,88,66,0.00,M,M
2003-09-07,86,62,0.00,M,M
2003-09-08,89,66,0.00,M,M
2003-09-09,90,68,0.00,M,M
2003-09-10,92,72,0.00,M,M
2003-09-11,85,69,2.01,M,M
2003-09-12,71,64,0.10,M,M
2003-09-13,82,61,0.01,M,M
2003-09-14,75,63,0.15,M,M
2003-09-15,84,59,0.00,M,M
2003-09-16,87,69,0.00,M,M
2003-09-17,89,70,0.00,M,M
2003-09-18,83,64,1.28,M,M
2003-09-19,77,62,0.00,M,M
2003-09-20,84,60,0.00,M,M
2003-09-21,81,70,0.00,M,M
2003-09-22,87,66,0.00,M,M
2003-09-23,87,70,0.00,M,M
2003-09-24,88,71,0.00,M,M
2003-09-25,85,68,0.00,M,M
2003-09-26,86,72,T,M,M
2003-09-27,86,68,0.00,M,M
2003-09-28,81,60,0.00,M,M
2003-09-29,80,60,0.00,M,M
2003-09-30,80,58,0.00,M,M
2003-10-01,77,61,0.00,M,M
2003-10-02,74,59,0.00,M,M
2003-10-03,79,57,0.00,M,M
2003-10-04,84,58,0.00,M,M
2003-10-05,76,68,0.41,M,M
2003-10-06,78,68,T,M,M
2003-10-07,81,64,0.00,M,M
2003-10-08,82,67,0.07,M,M
2003-10-09,75,68,0.41,M,M
2003-10-10,82,69,0.00,M,M
2003-10-11,80,63,T,M,M
2003-10-12,76,66,T,M,M
2003-10-13,84,67,0.00,M,M
2003-10-14,73,54,T,M,M
2003-10-15,77,50,0.00,M,M
2003-10-16,83,60,0.00,M,M
2003-10-17,74,56,0.00,M,M
2003-10-18,79,51,0.00,M,M
2003-10-19,85,54,0.00,M,M
2003-10-20,87,57,0.00,M,M
2003-10-21,89,63,0.00,M,M
2003-10-22,91,63,0.00,M,M
2003-10-23,89,59,0.00,M,M
2003-10-24,90,62,0.00,M,M
2003-10-25,76,55,0.00,M,M
2003-10-26,61,49,0.00,M,M
2003-10-27,74,43,0.00,M,M
2003-10-28,80,50,0.00,M,M
2003-10-29,84,53,0.00,M,M
2003-10-30,84,65,0.00,M,M
2003-10-31,87,73,0.00,M,M
2003-11-01,83,71,T,M,M
2003-11-02,81,66,0.00,M,M
2003-11-03,78,69,0.00,M,M
2003-11-04,81,70,0.00,M,M
2003-11-05,73,49,T,M,M
2003-11-06,51,46,T,M,M
2003-11-07,48,43,1.22,M,M
2003-11-08,53,48,0.27,M,M
2003-11-09,57,48,0.01,M,M
2003-11-10,74,54,0.00,M,M
2003-11-11,82,62,0.00,M,M
2003-11-12,79,61,0.00,M,M
2003-11-13,61,52,0.00,M,M
2003-11-14,62,48,0.00,M,M
2003-11-15,76,61,0.03,M,M
2003-11-16,77,55,0.00,M,M
2003-11-17,77,61,1.06,M,M
2003-11-18,66,52,0.01,M,M
2003-11-19,73,42,0.00,M,M
2003-11-20,76,44,0.00,M,M
2003-11-21,76,53,0.00,M,M
2003-11-22,80,62,T,M,M
2003-11-23,73,38,0.30,M,M
2003-11-24,47,31,0.00,M,M
2003-11-25,58,35,0.00,M,M
2003-11-26,75,50,0.00,M,M
2003-11-27,62,44,0.00,M,M
2003-11-28,57,36,0.00,M,M
2003-11-29,63,35,0.00,M,M
2003-11-30,69,42,0.00,M,M
2003-12-01,68,49,0.00,M,M
2003-12-02,64,49,0.00,M,M
2003-12-03,62,44,0.00,M,M
2003-12-04,60,37,0.00,M,M
2003-12-05,52,36,0.00,M,M
2003-12-06,50,29,0.00,M,M
2003-12-07,61,37,0.00,M,M
2003-12-08,73,50,0.00,M,M
2003-12-09,67,43,T,M,M
2003-12-10,53,34,0.00,M,M
2003-12-11,58,32,0.00,M,M
2003-12-12,50,43,0.98,M,M
2003-12-13,44,32,T,M,M
2003-12-14,58,29,0.00,M,M
2003-12-15,70,48,0.00,M,M
2003-12-16,51,34,0.00,M,M
2003-12-17,65,31,0.00,M,M
2003-12-18,59,37,0.00,M,M
2003-12-19,59,32,0.00,M,M
2003-12-20,65,32,0.00,M,M
2003-12-21,71,43,0.00,M,M
2003-12-22,76,49,0.00,M,M
2003-12-23,57,38,T,M,M
2003-12-24,62,33,0.00,M,M
2003-12-25,61,42,0.00,M,M
2003-12-26,65,50,0.00,M,M
2003-12-27,72,53,0.10,M,M
2003-12-28,55,42,0.11,M,M
2003-12-29,54,35,0.00,M,M
2003-12-30,63,35,0.00,M,M
2003-12-31,65,41,0.00,M,M
2004-01-01,71,58,0.01,M,M
2004-01-02,76,62,0.00,M,M
2004-01-03,76,65,0.00,M,M
2004-01-04,70,35,0.05,M,M
2004-01-05,39,28,0.00,M,M
2004-01-06,36,21,0.00,M,M
2004-01-07,43,25,0.00,M,M
2004-01-08,60,41,0.00,M,M
2004-01-09,53,35,0.00,M,M
2004-01-10,54,32,0.00,M,M
2004-01-11,64,36,0.00,M,M
2004-01-12,63,42,T,M,M
2004-01-13,70,50,0.00,M,M
2004-01-14,72,50,0.00,M,M
2004-01-15,62,54,0.03,M,M
2004-01-16,63,55,3.23,M,M
2004-01-17,69,53,0.12,M,M
2004-01-18,53,38,0.03,M,M
2004-01-19,44,29,0.00,M,M
2004-01-20,50,32,0.00,M,M
2004-01-21,55,33,0.00,M,M
2004-01-22,60,38,0.00,M,M
2004-01-23,64,38,0.00,M,M
2004-01-24,60,56,0.18,M,M
2004-01-25,74,51,0.00,M,M
2004-01-26,59,27,0.00,M,M
2004-01-27,44,24,0.00,M,M
2004-01-28,58,29,0.00,M,M
2004-01-29,57,42,0.00,M,M
2004-01-30,46,31,0.00,M,M
2004-01-31,49,34,0.00,M,M
2004-02-01,54,42,0.37,0.0,0
2004-02-02,51,34,0.00,0.0,0
2004-02-03,51,30,0.00,0.0,0
2004-02-04,47,37,0.77,0.0,0
2004-02-05,45,38,0.10,0.0,0
2004-02-06,46,33,0.00,0.0,0
2004-02-07,49,26,0.00,0.0,0
2004-02-08,51,33,0.00,0.0,0
2004-02-09,52,44,T,0.0,0
2004-02-10,52,42,0.00,0.0,0
2004-02-11,49,40,0.78,0.0,0
2004-02-12,43,33,0.00,0.0,0
2004-02-13,40,26,T,T,0
2004-02-14,36,31,0.38,3.6,2
2004-02-15,52,33,0.00,0.0,0
2004-02-16,61,33,0.00,0.0,0
2004-02-17,62,38,0.00,0.0,0
2004-02-18,67,38,0.00,0.0,0
2004-02-19,72,51,0.00,0.0,0
2004-02-20,67,51,0.00,0.0,0
2004-02-21,67,40,0.00,0.0,0
2004-02-22,71,43,T,0.0,0
2004-02-23,60,54,0.81,0.0,0
2004-02-24,54,46,0.64,0.0,0
2004-02-25,52,38,0.44,0.0,0
2004-02-26,47,33,0.00,0.0,0
2004-02-27,63,35,0.00,0.0,0
2004-02-28,61,44,0.00,0.0,0
2004-02-29,62,50,0.53,0.0,0
2004-03-01,72,49,0.00,0.0,0
2004-03-02,71,46,T,0.0,0
2004-03-03,75,59,0.01,0.0,0
2004-03-04,74,55,0.67,0.0,0
2004-03-05,74,52,0.00,0.0,0
2004-03-06,71,47,0.00,0.0,0
2004-03-07,70,49,0.00,0.0,0
2004-03-08,72,45,0.00,0.0,0
2004-03-09,68,48,0.00,0.0,0
2004-03-10,71,43,0.00,0.0,0
2004-03-11,68,51,0.00,0.0,0
2004-03-12,59,49,T,0.0,0
2004-03-13,61,49,0.33,0.0,0
2004-03-14,65,53,0.09,0.0,0
2004-03-15,66,51,0.00,0.0,0
2004-03-16,70,48,0.00,0.0,0
2004-03-17,83,49,0.00,0.0,0
2004-03-18,82,63,0.00,0.0,0
2004-03-19,77,68,0.00,0.0,0
2004-03-20,83,68,0.00,0.0,0
2004-03-21,71,52,0.00,0.0,0
2004-03-22,65,50,0.00,0.0,0
2004-03-23,74,50,0.00,0.0,0
2004-03-24,70,60,T,0.0,0
2004-03-25,78,64,0.00,0.0,0
2004-03-26,78,66,0.01,0.0,0
2004-03-27,77,64,0.05,0.0,0
2004-03-28,76,60,T,0.0,0
2004-03-29,76,48,0.00,0.0,0
2004-03-30,75,51,0.00,0.0,0
2004-03-31,74,45,0.00,0.0,0
2004-04-01,84,50,0.00,0.0,0
2004-04-02,79,57,0.00,0.0,0
2004-04-03,79,60,0.00,0.0,0
2004-04-04,73,50,0.00,0.0,0
2004-04-05,75,60,0.00,0.0,0
2004-04-06,74,56,0.16,0.0,0
2004-04-07,74,57,0.00,0.0,0
2004-04-08,80,53,0.00,0.0,0
2004-04-09,83,58,0.00,0.0,0
2004-04-10,73,52,0.01,0.0,0
2004-04-11,53,47,0.14,0.0,0
2004-04-12,63,48,0.01,0.0,0
2004-04-13,64,42,0.00,0.0,0
2004-04-14,75,40,0.00,0.0,0
2004-04-15,79,54,0.00,0.0,0
2004-04-16,81,61,0.00,0.0,0
2004-04-17,81,62,0.00,0.0,0
2004-04-18,80,64,0.00,0.0,0
2004-04-19,75,67,T,0.0,0
2004-04-20,77,64,0.00,0.0,0
2004-04-21,84,68,0.00,0.0,0
2004-04-22,86,71,0.00,0.0,0
2004-04-23,82,69,0.18,0.0,0
2004-04-24,69,62,1.59,0.0,0
2004-04-25,78,62,0.73,0.0,0
2004-04-26,79,59,0.00,0.0,0
2004-04-27,83,56,0.00,0.0,0
2004-04-28,77,63,0.02,0.0,0
2004-04-29,81,63,0.14,0.0,0
2004-04-30,83,64,0.50,0.0,0
2004-05-01,63,51,0.60,0.0,0
2004-05-02,75,46,0.00,0.0,0
2004-05-03,77,55,0.00,0.0,0
2004-05-04,84,62,0.00,0.0,0
2004-05-05,82,62,0.00,0.0,0
2004-05-06,80,63,0.00,0.0,0
2004-05-07,82,66,0.00,0.0,0
2004-05-08,82,68,0.00,0.0,0
2004-05-09,83,66,0.00,0.0,0
2004-05-10,84,67,0.00,0.0,0
2004-05-11,82,69,0.23,0.0,0
2004-05-12,89,69,T,0.0,0
2004-05-13,79,60,0.10,0.0,0
2004-05-14,69,54,0.00,0.0,0
2004-05-15,75,56,0.00,0.0,0
2004-05-16,83,60,0.00,0.0,0
2004-05-17,87,69,0.00,0.0,0
2004-05-18,90,74,0.00,0.0,0
2004-05-19,89,73,0.00,0.0,0
2004-05-20,89,72,0.00,0.0,0
2004-05-21,89,72,0.00,0.0,0
2004-05-22,88,73,0.00,0.0,0
2004-05-23,87,74,0.00,0.0,0
2004-05-24,86,73,0.00,0.0,0
2004-05-25,84,72,T,0.0,0
2004-05-26,88,74,T,0.0,0
2004-05-27,92,69,1.06,0.0,0
2004-05-28,92,70,0.02,0.0,0
2004-05-29,92,76,0.00,0.0,0
2004-05-30,97,77,0.00,0.0,0
2004-05-31,90,72,0.00,0.0,0
2004-06-01,94,61,1.01,0.0,0
2004-06-02,93,66,0.96,0.0,0
2004-06-03,83,67,0.20,0.0,0
2004-06-04,88,67,0.00,0.0,0
2004-06-05,90,72,0.02,0.0,0
2004-06-06,90,70,0.26,0.0,0
2004-06-07,91,70,T,0.0,0
2004-06-08,78,71,0.90,0.0,0
2004-06-09,81,70,1.54,0.0,0
2004-06-10,89,71,0.15,0.0,0
2004-06-11,91,76,0.00,0.0,0
2004-06-12,92,77,0.00,0.0,0
2004-06-13,93,73,0.03,0.0,0
2004-06-14,91,73,0.00,0.0,0
2004-06-15,88,74,0.00,0.0,0
2004-06-16,92,72,0.00,0.0,0
2004-06-17,93,75,0.00,0.0,0
2004-06-18,93,78,0.00,0.0,0
2004-06-19,92,71,0.12,0.0,0
2004-06-20,92,72,0.00,0.0,0
2004-06-21,93,76,T,0.0,0
2004-06-22,83,70,0.10,0.0,0
2004-06-23,89,70,0.00,0.0,0
2004-06-24,91,73,0.00,0.0,0
2004-06-25,88,70,0.15,0.0,0
2004-06-26,79,71,0.18,0.0,0
2004-06-27,85,69,0.91,0.0,0
2004-06-28,79,73,0.06,0.0,0
2004-06-29,81,71,0.26,0.0,0
2004-06-30,84,72,0.43,0.0,0
2004-07-01,91,74,0.00,0.0,0
2004-07-02,93,77,0.00,0.0,0
2004-07-03,94,73,T,0.0,0
2004-07-04,94,78,0.00,0.0,0
2004-07-05,92,77,0.00,0.0,0
2004-07-06,94,77,T,0.0,0
2004-07-07,91,74,0.06,0.0,0
2004-07-08,95,77,0.00,0.0,0
2004-07-09,92,77,0.00,0.0,0
2004-07-10,92,75,0.00,0.0,0
2004-07-11,94,76,0.00,0.0,0
2004-07-12,94,74,0.00,0.0,0
2004-07-13,97,78,0.00,0.0,0
2004-07-14,98,78,0.00,0.0,0
2004-07-15,99,78,0.00,0.0,0
2004-07-16,100,79,0.00,0.0,0
2004-07-17,97,81,0.00,0.0,0
2004-07-18,93,73,0.00,0.0,0
2004-07-19,95,72,0.00,0.0,0
2004-07-20,95,75,0.00,0.0,0
2004-07-21,93,76,0.00,0.0,0
2004-07-22,96,77,0.00,0.0,0
2004-07-23,98,79,0.00,0.0,0
2004-07-24,98,79,0.00,0.0,0
2004-07-25,80,71,T,0.0,0
2004-07-26,86,68,0.00,0.0,0
2004-07-27,88,70,0.00,0.0,0
2004-07-28,88,72,2.86,0.0,0
2004-07-29,85,72,1.21,0.0,0
2004-07-30,91,73,0.00,0.0,0
2004-07-31,95,73,0.00,0.0,0
2004-08-01,97,76,0.00,0.0,0
2004-08-02,97,79,0.00,0.0,0
2004-08-03,98,80,0.00,0.0,0
2004-08-04,100,81,0.00,0.0,0
2004-08-05,97,81,0.00,0.0,0
2004-08-06,90,77,0.00,0.0,0
2004-08-07,87,73,0.00,0.0,0
2004-08-08,89,74,0.00,0.0,0
2004-08-09,94,78,0.00,0.0,0
2004-08-10,97,76,0.00,0.0,0
2004-08-11,89,72,0.06,0.0,0
2004-08-12,87,63,0.00,0.0,0
2004-08-13,86,69,0.00,0.0,0
2004-08-14,86,69,0.00,0.0,0
2004-08-15,87,72,T,0.0,0
2004-08-16,90,70,0.00,0.0,0
2004-08-17,92,71,0.00,0.0,0
2004-08-18,93,71,0.00,0.0,0
2004-08-19,81,70,1.47,0.0,0
2004-08-20,88,72,T,0.0,0
2004-08-21,80,71,T,0.0,0
2004-08-22,90,72,0.00,0.0,0
2004-08-23,91,75,0.02,0.0,0
2004-08-24,95,78,0.00,0.0,0
2004-08-25,95,79,0.00,0.0,0
2004-08-26,96,80,0.00,0.0,0
2004-08-27,96,77,T,0.0,0
2004-08-28,85,70,0.62,0.0,0
2004-08-29,91,71,0.00,0.0,0
2004-08-30,90,67,0.00,0.0,0
2004-08-31,89,66,0.00,0.0,0
2004-09-01,89,68,0.00,0.0,0
2004-09-02,89,70,0.00,0.0,0
2004-09-03,88,69,0.00,0.0,0
2004-09-04,89,74,0.00,0.0,0
2004-09-05,93,75,0.00,0.0,0
2004-09-06,87,71,0.61,0.0,0
2004-09-07,86,64,0.00,0.0,0
2004-09-08,83,60,0.00,0.0,0
2004-09-09,88,59,0.00,0.0,0
2004-09-10,89,63,0.00,0.0,0
2004-09-11,93,68,0.00,0.0,0
2004-09-12,93,69,0.00,0.0,0
2004-09-13,92,70,0.00,0.0,0
2004-09-14,91,73,0.43,0.0,0
2004-09-15,91,74,0.00,0.0,0
2004-09-16,94,74,0.00,0.0,0
2004-09-17,97,76,0.00,0.0,0
2004-09-18,96,76,0.00,0.0,0
2004-09-19,92,74,0.00,0.0,0
2004-09-20,90,69,0.00,0.0,0
2004-09-21,90,69,0.00,0.0,0
2004-09-22,88,68,0.00,0.0,0
2004-09-23,89,70,0.00,0.0,0
2004-09-24,88,69,T,0.0,0
2004-09-25,87,68,0.00,0.0,0
2004-09-26,87,68,0.00,0.0,0
2004-09-27,88,66,0.00,0.0,0
2004-09-28,85,63,0.00,0.0,0
2004-09-29,86,60,0.00,0.0,0
2004-09-30,87,64,0.00,0.0,0
2004-10-01,89,70,0.06,0.0,0
2004-10-02,77,63,0.00,0.0,0
2004-10-03,80,59,T,0.0,0
2004-10-04,68,63,3.01,0.0,0
2004-10-05,81,61,T,0.0,0
2004-10-06,84,67,0.37,0.0,0
2004-10-07,84,69,0.02,0.0,0
2004-10-08,85,70,0.00,0.0,0
2004-10-09,72,65,0.37,0.0,0
2004-10-10,69,63,0.14,0.0,0
2004-10-11,74,63,0.04,0.0,0
2004-10-12,75,56,0.00,0.0,0
2004-10-13,80,58,0.00,0.0,0
2004-10-14,68,51,0.01,0.0,0
2004-10-15,83,52,0.00,0.0,0
2004-10-16,76,55,0.00,0.0,0
2004-10-17,87,58,0.00,0.0,0
2004-10-18,92,71,0.00,0.0,0
2004-10-19,92,67,0.00,0.0,0
2004-10-20,90,59,0.00,0.0,0
2004-10-21,86,74,0.00,0.0,0
2004-10-22,86,69,0.17,0.0,0
2004-10-23,82,58,0.00,0.0,0
2004-10-24,81,54,0.01,0.0,0
2004-10-25,77,68,0.98,0.0,0
2004-10-26,81,69,0.01,0.0,0
2004-10-27,85,72,0.06,0.0,0
2004-10-28,85,73,0.00,0.0,0
2004-10-29,84,73,0.24,0.0,0
2004-10-30,83,59,0.00,0.0,0
2004-10-31,84,66,0.55,0.0,0
2004-11-01,67,62,1.11,0.0,0
2004-11-02,64,51,0.34,0.0,0
2004-11-03,56,47,0.02,0.0,0
2004-11-04,68,42,0.00,0.0,0
2004-11-05,70,44,0.00,0.0,0
2004-11-06,80,47,0.00,0.0,0
2004-11-07,78,56,0.00,0.0,0
2004-11-08,76,55,T,0.0,0
2004-11-09,70,53,0.00,0.0,0
2004-11-10,74,53,0.00,0.0,0
2004-11-11,63,47,T,0.0,0
2004-11-12,53,46,0.00,0.0,0
2004-11-13,54,51,0.02,0.0,0
2004-11-14,55,49,0.06,0.0,0
2004-11-15,63,55,T,0.0,0
2004-11-16,71,62,0.01,0.0,0
2004-11-17,66,56,1.56,0.0,0
2004-11-18,60,51,0.00,0.0,0
2004-11-19,69,54,0.00,0.0,0
2004-11-20,70,56,0.07,0.0,0
2004-11-21,69,58,0.19,0.0,0
2004-11-22,63,57,0.92,0.0,0
2004-11-23,67,56,1.00,0.0,0
2004-11-24,57,39,0.00,0.0,0
2004-11-25,62,35,0.00,0.0,0
2004-11-26,74,47,0.00,0.0,0
2004-11-27,65,42,0.00,0.0,0
2004-11-28,63,41,T,0.0,0
2004-11-29,62,43,0.23,0.0,0
2004-11-30,48,33,0.40,0.0,0
2004-12-01,58,30,0.00,0.0,0
2004-12-02,59,36,0.00,0.0,0
2004-12-03,58,32,0.00,0.0,0
2004-12-04,62,36,0.00,0.0,0
2004-12-05,64,53,0.09,0.0,0
2004-12-06,71,56,0.53,0.0,0
2004-12-07,66,46,0.00,0.0,0
2004-12-08,64,45,0.00,0.0,0
2004-12-09,68,48,0.00,0.0,0
2004-12-10,64,44,0.00,0.0,0
2004-12-11,63,39,0.00,0.0,0
2004-12-12,73,46,0.00,0.0,0
2004-12-13,54,39,0.00,0.0,0
2004-12-14,46,30,0.00,0.0,0
2004-12-15,49,26,0.00,0.0,0
2004-12-16,58,41,0.00,0.0,0
2004-12-17,60,34,0.00,0.0,0
2004-12-18,63,40,0.00,0.0,0
2004-12-19,55,36,0.00,0.0,0
2004-12-20,71,41,0.00,0.0,0
2004-12-21,67,46,0.00,0.0,0
2004-12-22,46,25,0.38,0.7,0
2004-12-23,33,18,0.00,0.0,0
2004-12-24,33,21,0.00,0.0,0
2004-12-25,48,22,0.00,0.0,0
2004-12-26,64,29,0.00,0.0,0
2004-12-27,60,33,0.00,0.0,0
2004-12-28,66,42,0.00,0.0,0
2004-12-29,66,56,0.00,0.0,0
2004-12-30,73,60,0.00,0.0,0
2004-12-31,73,61,0.00,0.0,0
2005-01-01,73,64,0.00,0.0,0
2005-01-02,68,62,1.47,0.0,0
2005-01-03,76,62,2.01,0.0,0
2005-01-04,70,59,T,0.0,0
2005-01-05,68,30,0.10,0.0,0
2005-01-06,36,24,0.00,0.0,0
2005-01-07,51,34,T,0.0,0
2005-01-08,52,35,0.00,0.0,0
2005-01-09,73,42,0.00,0.0,0
2005-01-10,73,59,0.00,0.0,0
2005-01-11,73,63,0.00,0.0,0
2005-01-12,71,63,0.12,0.0,0
2005-01-13,63,38,0.00,0.0,0
2005-01-14,54,34,0.00,0.0,0
2005-01-15,52,36,0.00,0.0,0
2005-01-16,39,27,0.00,0.0,0
2005-01-17,46,26,0.00,0.0,0
2005-01-18,45,31,0.00,0.0,0
2005-01-19,66,39,0.00,0.0,0
2005-01-20,73,41,0.00,0.0,0
2005-01-21,79,45,0.00,0.0,0
2005-01-22,62,33,0.00,0.0,0
2005-01-23,43,25,0.00,0.0,0
2005-01-24,63,31,0.00,0.0,0
2005-01-25,79,43,0.00,0.0,0
2005-01-26,71,46,0.00,0.0,0
2005-01-27,54,41,0.61,0.0,0
2005-01-28,44,34,0.10,0.0,0
2005-01-29,48,41,0.00,0.0,0
2005-01-30,45,39,0.52,0.0,0
2005-01-31,45,40,0.00,0.0,0
2005-02-01,43,39,0.29,0.0,0
2005-02-02,44,39,T,0.0,0
2005-02-03,55,32,0.00,0.0,0
2005-02-04,59,34,0.00,0.0,0
2005-02-05,61,43,0.00,0.0,0
2005-02-06,65,50,0.13,0.0,0
2005-02-07,57,41,T,0.0,0
2005-02-08,53,40,0.01,0.0,0
2005-02-09,49,37,0.00,0.0,0
2005-02-10,58,33,0.00,0.0,0
2005-02-11,57,46,T,0.0,0
2005-02-12,62,49,0.21,0.0,0
2005-02-13,77,57,0.00,0.0,0
2005-02-14,79,45,0.00,0.0,0
2005-02-15,83,57,0.00,0.0,0
2005-02-16,61,48,0.00,0.0,0
2005-02-17,56,44,0.00,0.0,0
2005-02-18,57,46,0.02,0.0,0
2005-02-19,62,50,0.01,0.0,0
2005-02-20,83,62,0.00,0.0,0
2005-02-21,83,57,0.00,0.0,0
2005-02-22,79,53,0.00,0.0,0
2005-02-23,71,53,0.27,0.0,0
2005-02-24,55,43,0.20,0.0,0
2005-02-25,59,39,0.00,0.0,0
2005-02-26,54,46,0.30,0.0,0
2005-02-27,53,44,0.08,0.0,0
2005-02-28,63,44,0.00,0.0,0
2005-03-01,54,40,0.07,0.0,0
2005-03-02,56,44,0.05,0.0,0
2005-03-03,60,48,0.00,0.0,0
2005-03-04,60,47,0.05,0.0,0
2005-03-05,64,48,0.00,0.0,0
2005-03-06,69,52,T,0.0,0
2005-03-07,73,55,T,0.0,0
2005-03-08,65,42,T,0.0,0
2005-03-09,69,49,0.01,0.0,0
2005-03-10,81,42,0.00,0.0,0
2005-03-11,71,47,0.00,0.0,0
2005-03-12,87,51,0.00,0.0,0
2005-03-13,72,50,0.00,0.0,0
2005-03-14,63,41,0.00,0.0,0
2005-03-15,54,44,T,0.0,0
2005-03-16,52,39,0.00,0.0,0
2005-03-17,61,35,0.00,0.0,0
2005-03-18,79,48,0.00,0.0,0
2005-03-19,72,51,0.00,0.0,0
2005-03-20,76,51,0.00,0.0,0
2005-03-21,80,60,0.07,0.0,0
2005-03-22,61,49,0.00,0.0,0
2005-03-23,65,42,0.00,0.0,0
2005-03-24,79,53,0.00,0.0,0
2005-03-25,71,52,T,0.0,0
2005-03-26,55,46,1.08,0.0,0
2005-03-27,57,41,0.49,0.0,0
2005-03-28,77,38,0.00,0.0,0
2005-03-29,70,55,0.00,0.0,0
2005-03-30,82,59,0.00,0.0,0
2005-03-31,78,56,0.00,0.0,0
2005-04-01,67,51,0.00,0.0,0
2005-04-02,75,45,0.00,0.0,0
2005-04-03,78,49,0.00,0.0,0
2005-04-04,78,58,0.00,0.0,0
2005-04-05,83,61,T,0.0,0
2005-04-06,69,58,T,0.0,0
2005-04-07,76,56,0.00,0.0,0
2005-04-08,77,53,0.00,0.0,0
2005-04-09,82,59,0.00,0.0,0
2005-04-10,76,65,T,0.0,0
2005-04-11,74,58,T,0.0,0
2005-04-12,78,51,0.00,0.0,0
2005-04-13,76,49,0.00,0.0,0
2005-04-14,76,53,0.00,0.0,0
2005-04-15,75,54,0.00,0.0,0
2005-04-16,79,53,0.00,0.0,0
2005-04-17,80,61,T,0.0,0
2005-04-18,74,64,T,0.0,0
2005-04-19,76,63,T,0.0,0
2005-04-20,77,66,T,0.0,0
2005-04-21,81,69,0.00,0.0,0
2005-04-22,82,63,0.00,0.0,0
2005-04-23,69,52,0.00,0.0,0
2005-04-24,70,46,0.06,0.0,0
2005-04-25,71,50,0.21,0.0,0
2005-04-26,77,53,T,0.0,0
2005-04-27,84,55,0.00,0.0,0
2005-04-28,93,66,0.00,0.0,0
2005-04-29,75,53,0.00,0.0,0
2005-04-30,70,50,0.00,0.0,0
2005-05-01,74,50,0.00,0.0,0
2005-05-02,68,53,0.00,0.0,0
2005-05-03,69,51,T,0.0,0
2005-05-04,62,51,0.44,0.0,0
2005-05-05,74,57,0.02,0.0,0
2005-05-06,82,61,0.00,0.0,0
2005-05-07,81,64,0.00,0.0,0
2005-05-08,82,66,0.11,0.0,0
2005-05-09,78,60,0.00,0.0,0
2005-05-10,87,68,0.00,0.0,0
2005-05-11,89,68,0.00,0.0,0
2005-05-12,84,70,0.00,0.0,0
2005-05-13,86,69,0.00,0.0,0
2005-05-14,84,65,0.88,0.0,0
2005-05-15,81,58,0.00,0.0,0
2005-05-16,81,62,0.00,0.0,0
2005-05-17,86,62,0.00,0.0,0
2005-05-18,85,69,0.00,0.0,0
2005-05-19,88,71,0.00,0.0,0
2005-05-20,96,74,0.00,0.0,0
2005-05-21,99,74,0.00,0.0,0
2005-05-22,99,78,0.00,0.0,0
2005-05-23,93,75,0.00,0.0,0
2005-05-24,94,73,T,0.0,0
2005-05-25,88,74,0.08,0.0,0
2005-05-26,86,71,0.00,0.0,0
2005-05-27,86,67,0.00,0.0,0
2005-05-28,74,66,1.70,0.0,0
2005-05-29,77,67,0.01,0.0,0
2005-05-30,83,70,T,0.0,0
2005-05-31,85,69,0.00,0.0,0
2005-06-01,88,65,0.53,0.0,0
2005-06-02,92,70,0.00,0.0,0
2005-06-03,84,75,0.02,0.0,0
2005-06-04,92,76,0.00,0.0,0
2005-06-05,94,75,0.02,0.0,0
2005-06-06,92,73,0.00,0.0,0
2005-06-07,94,77,0.00,0.0,0
2005-06-08,94,77,0.00,0.0,0
2005-06-09,94,78,0.00,0.0,0
2005-06-10,93,76,0.00,0.0,0
2005-06-11,93,76,T,0.0,0
2005-06-12,94,77,0.00,0.0,0
2005-06-13,92,72,T,0.0,0
2005-06-14,96,73,0.00,0.0,0
2005-06-15,100,76,0.00,0.0,0
2005-06-16,100,81,0.00,0.0,0
2005-06-17,99,75,T,0.0,0
2005-06-18,90,74,0.00,0.0,0
2005-06-19,93,75,0.00,0.0,0
2005-06-20,93,73,0.00,0.0,0
2005-06-21,92,71,0.00,0.0,0
2005-06-22,94,71,0.00,0.0,0
2005-06-23,96,76,0.00,0.0,0
2005-06-24,96,77,0.00,0.0,0
2005-06-25,96,79,0.00,0.0,0
2005-06-26,96,77,0.00,0.0,0
2005-06-27,97,78,0.00,0.0,0
2005-06-28,98,78,0.00,0.0,0
2005-06-29,99,80,0.00,0.0,0
2005-06-30,101,80,0.00,0.0,0
2005-07-01,95,75,T,0.0,0
2005-07-02,95,76,T,0.0,0
2005-07-03,102,77,0.00,0.0,0
2005-07-04,98,71,0.03,0.0,0
2005-07-05,96,74,0.01,0.0,0
2005-07-06,95,75,0.00,0.0,0
2005-07-07,83,70,0.63,0.0,0
2005-07-08,96,71,0.00,0.0,0
2005-07-09,95,75,0.00,0.0,0
2005-07-10,97,76,0.00,0.0,0
2005-07-11,99,79,0.00,0.0,0
2005-07-12,101,78,0.00,0.0,0
2005-07-13,98,77,0.00,0.0,0
2005-07-14,99,76,0.25,0.0,0
2005-07-15,94,72,0.21,0.0,0
2005-07-16,91,73,T,0.0,0
2005-07-17,92,76,0.04,0.0,0
2005-07-18,95,78,T,0.0,0
2005-07-19,97,79,0.00,0.0,0
2005-07-20,96,80,0.00,0.0,0
2005-07-21,98,79,0.00,0.0,0
2005-07-22,101,81,0.00,0.0,0
2005-07-23,97,78,0.00,0.0,0
2005-07-24,99,79,0.00,0.0,0
2005-07-25,98,81,0.00,0.0,0
2005-07-26,100,79,0.00,0.0,0
2005-07-27,87,72,0.34,0.0,0
2005-07-28,86,73,T,0.0,0
2005-07-29,94,71,0.00,0.0,0
2005-07-30,97,73,0.00,0.0,0
2005-07-31,97,71,0.00,0.0,0
2005-08-01,99,79,0.00,0.0,0
2005-08-02,101,76,0.00,0.0,0
2005-08-03,99,79,0.00,0.0,0
2005-08-04,98,78,0.00,0.0,0
2005-08-05,96,78,0.00,0.0,0
2005-08-06,98,75,0.42,0.0,0
2005-08-07,96,77,0.01,0.0,0
2005-08-08,91,75,0.81,0.0,0
2005-08-09,89,75,0.00,0.0,0
2005-08-10,88,75,0.00,0.0,0
2005-08-11,96,76,0.00,0.0,0
2005-08-12,96,78,T,0.0,0
2005-08-13,96,78,0.00,0.0,0
2005-08-14,94,76,0.22,0.0,0
2005-08-15,96,75,0.20,0.0,0
2005-08-16,91,77,0.01,0.0,0
2005-08-17,98,78,0.01,0.0,0
2005-08-18,99,80,0.00,0.0,0
2005-08-19,99,80,0.00,0.0,0
2005-08-20,100,80,0.00,0.0,0
2005-08-21,99,80,0.00,0.0,0
2005-08-22,101,82,0.00,0.0,0
2005-08-23,105,81,0.00,0.0,0
2005-08-24,102,82,0.00,0.0,0
2005-08-25,101,81,0.00,0.0,0
2005-08-26,101,82,0.00,0.0,0
2005-08-27,102,78,0.00,0.0,0
2005-08-28,94,75,0.00,0.0,0
2005-08-29,97,76,T,0.0,0
2005-08-30,98,75,0.00,0.0,0
2005-08-31,100,72,0.00,0.0,0
2005-09-01,102,73,0.00,0.0,0
2005-09-02,98,77,0.00,0.0,0
2005-09-03,97,73,0.00,0.0,0
2005-09-04,96,78,0.00,0.0,0
2005-09-05,95,73,0.00,0.0,0
2005-09-06,96,73,T,0.0,0
2005-09-07,94,75,0.00,0.0,0
2005-09-08,94,70,0.00,0.0,0
2005-09-09,96,67,0.00,0.0,0
2005-09-10,95,73,0.00,0.0,0
2005-09-11,90,77,T,0.0,0
2005-09-12,91,75,0.04,0.0,0
2005-09-13,97,77,0.00,0.0,0
2005-09-14,98,79,0.00,0.0,0
2005-09-15,95,74,1.01,0.0,0
2005-09-16,87,70,0.00,0.0,0
2005-09-17,98,68,0.00,0.0,0
2005-09-18,99,80,0.00,0.0,0
2005-09-19,98,78,0.00,0.0,0
2005-09-20,99,77,0.00,0.0,0
2005-09-21,99,73,0.00,0.0,0
2005-09-22,100,73,0.00,0.0,0
2005-09-23,100,77,0.00,0.0,0
2005-09-24,89,80,0.00,0.0,0
2005-09-25,102,74,0.00,0.0,0
2005-09-26,100,76,0.00,0.0,0
2005-09-27,99,76,0.00,0.0,0
2005-09-28,102,73,0.08,0.0,0
2005-09-29,75,62,0.00,0.0,0
2005-09-30,83,62,0.00,0.0,0
2005-10-01,91,70,0.00,0.0,0
2005-10-02,93,73,0.00,0.0,0
2005-10-03,93,75,0.00,0.0,0
2005-10-04,92,75,0.00,0.0,0
2005-10-05,93,73,0.00,0.0,0
2005-10-06,80,56,0.00,0.0,0
2005-10-07,70,51,0.02,0.0,0
2005-10-08,73,54,0.01,0.0,0
2005-10-09,80,52,0.00,0.0,0
2005-10-10,79,59,0.06,0.0,0
2005-10-11,79,64,0.01,0.0,0
2005-10-12,85,64,0.00,0.0,0
2005-10-13,84,61,0.00,0.0,0
2005-10-14,87,63,0.00,0.0,0
2005-10-15,85,57,0.00,0.0,0
2005-10-16,86,58,0.00,0.0,0
2005-10-17,91,62,0.00,0.0,0
2005-10-18,93,69,0.00,0.0,0
2005-10-19,93,70,0.00,0.0,0
2005-10-20,83,65,0.00,0.0,0
2005-10-21,76,57,0.00,0.0,0
2005-10-22,77,53,0.00,0.0,0
2005-10-23,62,43,T,0.0,0
2005-10-24,64,39,0.00,0.0,0
2005-10-25,70,39,0.00,0.0,0
2005-10-26,77,47,0.00,0.0,0
2005-10-27,75,51,0.00,0.0,0
2005-10-28,73,49,0.00,0.0,0
2005-10-29,72,51,0.00,0.0,0
2005-10-30,78,58,T,0.0,0
2005-10-31,71,51,1.34,0.0,0
2005-11-01,71,43,0.00,0.0,0
2005-11-02,81,47,0.00,0.0,0
2005-11-03,81,53,0.00,0.0,0
2005-11-04,80,63,0.00,0.0,0
2005-11-05,88,64,0.00,0.0,0
2005-11-06,80,61,0.00,0.0,0
2005-11-07,86,66,0.00,0.0,0
2005-11-08,86,73,0.00,0.0,0
2005-11-09,88,64,0.00,0.0,0
2005-11-10,70,55,0.00,0.0,0
2005-11-11,77,51,0.00,0.0,0
2005-11-12,81,69,T,0.0,0
2005-11-13,78,59,0.00,0.0,0
2005-11-14,80,57,0.00,0.0,0
2005-11-15,74,46,0.00,0.0,0
2005-11-16,53,36,0.00,0.0,0
2005-11-17,59,33,0.00,0.0,0
2005-11-18,61,38,0.00,0.0,0
2005-11-19,67,46,0.00,0.0,0
2005-11-20,59,45,0.00,0.0,0
2005-11-21,64,37,0.00,0.0,0
2005-11-22,67,40,0.00,0.0,0
2005-11-23,81,42,0.00,0.0,0
2005-11-24,68,43,0.00,0.0,0
2005-11-25,64,53,0.00,0.0,0
2005-11-26,67,58,0.06,0.0,0
2005-11-27,79,53,0.00,0.0,0
2005-11-28,59,43,0.00,0.0,0
2005-11-29,56,36,0.00,0.0,0
2005-11-30,67,34,0.00,0.0,0
2005-12-01,56,37,0.00,0.0,0
2005-12-02,68,33,0.00,0.0,0
2005-12-03,88,48,0.00,0.0,0
2005-12-04,50,37,0.00,0.0,0
2005-12-05,47,30,0.00,0.0,0
2005-12-06,60,30,0.00,0.0,0
2005-12-07,47,23,0.07,0.3,0
2005-12-08,32,16,0.00,0.0,T
2005-12-09,42,16,0.00,0.0,T
2005-12-10,58,31,0.00,0.0,T
2005-12-11,64,32,0.00,0.0,0
2005-12-12,66,42,0.00,0.0,0
2005-12-13,68,38,0.06,0.0,0
2005-12-14,62,39,0.00,0.0,0
2005-12-15,55,32,0.00,0.0,0
2005-12-16,49,32,T,0.0,0
2005-12-17,48,41,0.00,0.0,0
2005-12-18,57,43,0.00,0.0,0
2005-12-19,45,39,0.00,0.0,0
2005-12-20,44,39,0.27,0.0,0
2005-12-21,53,40,0.00,0.0,0
2005-12-22,63,35,0.00,0.0,0
2005-12-23,71,44,0.00,0.0,0
2005-12-24,65,51,0.00,0.0,0
2005-12-25,64,44,0.00,0.0,0
2005-12-26,79,42,0.00,0.0,0
2005-12-27,81,56,0.00,0.0,0
2005-12-28,66,46,0.00,0.0,0
2005-12-29,72,39,0.00,0.0,0
2005-12-30,66,43,0.00,0.0,0
2005-12-31,74,38,0.00,0.0,0
2006-01-01,82,59,0.00,0.0,0
2006-01-02,72,49,0.00,0.0,0
2006-01-03,83,43,0.00,0.0,0
2006-01-04,70,49,0.00,0.0,0
2006-01-05,64,41,0.00,0.0,0
2006-01-06,59,39,0.00,0.0,0
2006-01-07,82,36,0.00,0.0,0
2006-01-08,79,51,0.00,0.0,0
2006-01-09,70,43,0.00,0.0,0
2006-01-10,56,37,0.00,0.0,0
2006-01-11,71,37,0.00,0.0,0
2006-01-12,78,53,0.00,0.0,0
2006-01-13,62,42,0.00,0.0,0
2006-01-14,66,35,0.00,0.0,0
2006-01-15,67,54,0.00,0.0,0
2006-01-16,73,50,T,0.0,0
2006-01-17,53,40,0.00,0.0,0
2006-01-18,73,40,0.00,0.0,0
2006-01-19,74,55,0.00,0.0,0
2006-01-20,74,45,0.00,0.0,0
2006-01-21,58,37,T,0.0,0
2006-01-22,53,44,0.75,0.0,0
2006-01-23,59,39,0.00,0.0,0
2006-01-24,69,35,0.00,0.0,0
2006-01-25,69,37,0.00,0.0,0
2006-01-26,57,46,0.00,0.0,0
2006-01-27,61,44,T,0.0,0
2006-01-28,67,50,1.55,0.0,0
2006-01-29,74,40,0.00,0.0,0
2006-01-30,65,43,0.00,0.0,0
2006-01-31,69,40,0.00,0.0,0
2006-02-01,71,54,T,0.0,0
2006-02-02,73,54,0.00,0.0,0
2006-02-03,65,45,0.22,0.0,0
2006-02-04,60,41,0.00,0.0,0
2006-02-05,74,40,0.00,0.0,0
2006-02-06,57,42,0.00,0.0,0
2006-02-07,60,33,0.00,0.0,0
2006-02-08,71,40,0.00,0.0,0
2006-02-09,63,38,0.00,0.0,0
2006-02-10,59,41,0.02,0.0,0
2006-02-11,45,32,0.00,0.0,0
2006-02-12,59,28,0.00,0.0,0
2006-02-13,62,29,0.00,0.0,0
2006-02-14,72,40,0.00,0.0,0
2006-02-15,77,58,0.00,0.0,0
2006-02-16,85,43,0.00,0.0,0
2006-02-17,43,35,0.00,0.0,0
2006-02-18,37,26,T,0.0,0
2006-02-19,31,25,0.00,0.0,0
2006-02-20,46,30,T,0.0,0
2006-02-21,46,37,0.01,0.0,0
2006-02-22,49,42,0.01,0.0,0
2006-02-23,59,36,0.00,0.0,0
2006-02-24,59,49,1.28,0.0,0
2006-02-25,54,47,2.81,0.0,0
2006-02-26,61,36,0.00,0.0,0
2006-02-27,71,45,0.00,0.0,0
2006-02-28,81,54,0.00,0.0,0
2006-03-01,90,60,0.00,0.0,0
2006-03-02,81,60,0.00,0.0,0
2006-03-03,72,53,T,0.0,0
2006-03-04,70,53,0.00,0.0,0
2006-03-05,75,61,0.00,0.0,0
2006-03-06,83,56,0.00,0.0,0
2006-03-07,81,62,0.00,0.0,0
2006-03-08,75,67,0.22,0.0,0
2006-03-09,70,56,0.00,0.0,0
2006-03-10,85,52,0.00,0.0,0
2006-03-11,84,70,0.00,0.0,0
2006-03-12,87,72,0.00,0.0,0
2006-03-13,76,53,0.04,0.0,0
2006-03-14,67,44,0.00,0.0,0
2006-03-15,68,48,0.00,0.0,0
2006-03-16,78,59,0.00,0.0,0
2006-03-17,66,49,0.16,0.0,0
2006-03-18,53,50,0.83,0.0,0
2006-03-19,56,49,6.90,0.0,0
2006-03-20,75,47,T,0.0,0
2006-03-21,57,39,0.00,0.0,0
2006-03-22,50,39,0.00,0.0,0
2006-03-23,43,35,0.02,0.0,0
2006-03-24,58,32,0.00,0.0,0
2006-03-25,67,36,0.00,0.0,0
2006-03-26,74,45,T,0.0,0
2006-03-27,74,59,0.00,0.0,0
2006-03-28,74,58,0.00,0.0,0
2006-03-29,74,57,T,0.0,0
2006-03-30,81,67,0.00,0.0,0
2006-03-31,89,67,0.00,0.0,0
2006-04-01,82,69,T,0.0,0
2006-04-02,91,70,0.00,0.0,0
2006-04-03,79,64,0.00,0.0,0
2006-04-04,79,54,0.00,0.0,0
2006-04-05,85,66,0.00,0.0,0
2006-04-06,82,68,0.07,0.0,0
2006-04-07,88,55,0.00,0.0,0
2006-04-08,73,54,0.00,0.0,0
2006-04-09,77,47,0.00,0.0,0
2006-04-10,80,56,0.00,0.0,0
2006-04-11,81,61,0.00,0.0,0
2006-04-12,85,65,0.00,0.0,0
2006-04-13,85,65,0.00,0.0,0
2006-04-14,86,64,0.00,0.0,0
2006-04-15,89,68,0.00,0.0,0
2006-04-16,95,69,0.00,0.0,0
2006-04-17,100,71,0.00,0.0,0
2006-04-18,99,72,0.00,0.0,0
2006-04-19,85,66,T,0.0,0
2006-04-20,73,61,1.10,0.0,0
2006-04-21,81,61,T,0.0,0
2006-04-22,85,63,0.00,0.0,0
2006-04-23,88,68,0.00,0.0,0
2006-04-24,84,72,0.00,0.0,0
2006-04-25,75,56,0.00,0.0,0
2006-04-26,72,52,0.00,0.0,0
2006-04-27,78,51,0.00,0.0,0
2006-04-28,74,65,0.33,0.0,0
2006-04-29,74,62,0.16,0.0,0
2006-04-30,85,58,0.00,0.0,0
2006-05-01,89,66,0.00,0.0,0
2006-05-02,88,73,T,0.0,0
2006-05-03,89,67,0.03,0.0,0
2006-05-04,86,67,0.09,0.0,0
2006-05-05,79,62,2.65,0.0,0
2006-05-06,75,65,0.53,0.0,0
2006-05-07,74,62,0.00,0.0,0
2006-05-08,85,63,0.02,0.0,0
2006-05-09,94,71,0.00,0.0,0
2006-05-10,81,61,0.00,0.0,0
2006-05-11,77,55,0.00,0.0,0
2006-05-12,86,56,0.00,0.0,0
2006-05-13,90,66,0.00,0.0,0
2006-05-14,86,71,0.00,0.0,0
2006-05-15,78,57,0.00,0.0,0
2006-05-16,81,58,0.00,0.0,0
2006-05-17,84,57,0.00,0.0,0
2006-05-18,93,63,0.00,0.0,0
2006-05-19,97,70,0.00,0.0,0
2006-05-20,95,70,0.00,0.0,0
2006-05-21,91,69,0.00,0.0,0
2006-05-22,91,72,0.00,0.0,0
2006-05-23,90,74,0.00,0.0,0
2006-05-24,91,74,0.00,0.0,0
2006-05-25,93,74,0.00,0.0,0
2006-05-26,92,75,0.00,0.0,0
2006-05-27,94,75,0.00,0.0,0
2006-05-28,88,77,0.00,0.0,0
2006-05-29,89,74,0.01,0.0,0
2006-05-30,90,72,0.00,0.0,0
2006-05-31,87,75,0.00,0.0,0
2006-06-01,88,74,0.15,0.0,0
2006-06-02,92,71,0.00,0.0,0
2006-06-03,92,68,0.00,0.0,0
2006-06-04,96,72,0.00,0.0,0
2006-06-05,96,76,0.00,0.0,0
2006-06-06,99,75,0.00,0.0,0
2006-06-07,96,73,0.00,0.0,0
2006-06-08,97,74,0.00,0.0,0
2006-06-09,97,77,0.00,0.0,0
2006-06-10,100,77,0.00,0.0,0
2006-06-11,97,76,0.00,0.0,0
2006-06-12,98,77,0.00,0.0,0
2006-06-13,95,79,0.00,0.0,0
2006-06-14,94,73,0.00,0.0,0
2006-06-15,95,73,0.00,0.0,0
2006-06-16,94,77,0.01,0.0,0
2006-06-17,92,71,0.20,0.0,0
2006-06-18,92,70,0.18,0.0,0
2006-06-19,94,73,0.00,0.0,0
2006-06-20,93,73,0.00,0.0,0
2006-06-21,96,75,0.00,0.0,0
2006-06-22,96,78,0.00,0.0,0
2006-06-23,91,78,T,0.0,0
2006-06-24,95,75,0.09,0.0,0
2006-06-25,98,75,0.00,0.0,0
2006-06-26,90,73,0.00,0.0,0
2006-06-27,92,66,0.00,0.0,0
2006-06-28,95,68,0.00,0.0,0
2006-06-29,95,73,0.00,0.0,0
2006-06-30,96,71,0.00,0.0,0
2006-07-01,95,73,0.28,0.0,0
2006-07-02,93,74,0.00,0.0,0
2006-07-03,93,75,0.01,0.0,0
2006-07-04,94,75,0.46,0.0,0
2006-07-05,93,75,0.01,0.0,0
2006-07-06,93,74,0.00,0.0,0
2006-07-07,93,72,0.00,0.0,0
2006-07-08,95,74,0.00,0.0,0
2006-07-09,97,78,0.00,0.0,0
2006-07-10,99,77,0.00,0.0,0
2006-07-11,100,79,0.00,0.0,0
2006-07-12,102,79,0.00,0.0,0
2006-07-13,102,80,0.00,0.0,0
2006-07-14,101,81,0.00,0.0,0
2006-07-15,101,81,0.00,0.0,0
2006-07-16,103,83,0.00,0.0,0
2006-07-17,105,85,0.00,0.0,0
2006-07-18,107,84,0.00,0.0,0
2006-07-19,103,84,0.00,0.0,0
2006-07-20,103,82,0.00,0.0,0
2006-07-21,103,82,0.00,0.0,0
2006-07-22,99,82,0.00,0.0,0
2006-07-23,92,76,0.00,0.0,0
2006-07-24,97,76,0.00,0.0,0
2006-07-25,98,77,0.00,0.0,0
2006-07-26,96,75,0.00,0.0,0
2006-07-27,102,76,0.00,0.0,0
2006-07-28,97,80,0.00,0.0,0
2006-07-29,100,79,0.00,0.0,0
2006-07-30,102,80,0.00,0.0,0
2006-07-31,101,80,0.00,0.0,0
2006-08-01,101,80,0.00,0.0,0
2006-08-02,101,79,0.00,0.0,0
2006-08-03,101,80,0.00,0.0,0
2006-08-04,102,82,0.00,0.0,0
2006-08-05,103,82,0.00,0.0,0
2006-08-06,103,78,0.30,0.0,0
2006-08-07,95,74,0.90,0.0,0
2006-08-08,100,77,0.00,0.0,0
2006-08-09,102,81,0.00,0.0,0
2006-08-10,103,82,0.00,0.0,0
2006-08-11,103,82,0.00,0.0,0
2006-08-12,102,84,T,0.0,0
2006-08-13,101,80,0.00,0.0,0
2006-08-14,103,79,0.00,0.0,0
2006-08-15,105,83,0.00,0.0,0
2006-08-16,105,82,0.00,0.0,0
2006-08-17,105,82,0.00,0.0,0
2006-08-18,104,84,0.00,0.0,0
2006-08-19,102,83,0.00,0.0,0
2006-08-20,102,83,0.00,0.0,0
2006-08-21,103,84,0.00,0.0,0
2006-08-22,101,82,0.00,0.0,0
2006-08-23,104,79,0.01,0.0,0
2006-08-24,103,81,0.00,0.0,0
2006-08-25,103,83,0.00,0.0,0
2006-08-26,102,83,0.00,0.0,0
2006-08-27,98,77,0.08,0.0,0
2006-08-28,81,76,0.34,0.0,0
2006-08-29,89,74,0.00,0.0,0
2006-08-30,92,69,0.00,0.0,0
2006-08-31,96,74,0.00,0.0,0
2006-09-01,99,76,0.00,0.0,0
2006-09-02,94,79,0.00,0.0,0
2006-09-03,82,76,0.00,0.0,0
2006-09-04,77,70,0.96,0.0,0
2006-09-05,88,69,T,0.0,0
2006-09-06,87,63,0.00,0.0,0
2006-09-07,88,65,0.00,0.0,0
2006-09-08,90,70,0.00,0.0,0
2006-09-09,90,72,0.00,0.0,0
2006-09-10,92,72,0.00,0.0,0
2006-09-11,96,73,0.25,0.0,0
2006-09-12,89,70,0.00,0.0,0
2006-09-13,87,63,0.00,0.0,0
2006-09-14,90,62,0.00,0.0,0
2006-09-15,94,73,0.00,0.0,0
2006-09-16,96,80,0.00,0.0,0
2006-09-17,87,66,2.00,0.0,0
2006-09-18,84,64,T,0.0,0
2006-09-19,86,60,0.00,0.0,0
2006-09-20,89,62,0.00,0.0,0
2006-09-21,91,66,T,0.0,0
2006-09-22,96,80,0.00,0.0,0
2006-09-23,85,70,0.59,0.0,0
2006-09-24,77,62,0.00,0.0,0
2006-09-25,82,57,0.00,0.0,0
2006-09-26,88,60,0.00,0.0,0
2006-09-27,93,70,0.02,0.0,0
2006-09-28,78,62,0.00,0.0,0
2006-09-29,86,58,0.00,0.0,0
2006-09-30,95,70,0.00,0.0,0
2006-10-01,93,73,0.00,0.0,0
2006-10-02,93,73,0.00,0.0,0
2006-10-03,92,72,0.00,0.0,0
2006-10-04,92,71,0.00,0.0,0
2006-10-05,91,69,0.00,0.0,0
2006-10-06,88,70,0.00,0.0,0
2006-10-07,82,61,0.00,0.0,0
2006-10-08,83,58,0.00,0.0,0
2006-10-09,86,58,0.00,0.0,0
2006-10-10,74,62,1.72,0.0,0
2006-10-11,78,57,0.00,0.0,0
2006-10-12,71,54,0.00,0.0,0
2006-10-13,74,48,0.00,0.0,0
2006-10-14,74,62,0.01,0.0,0
2006-10-15,72,63,1.60,0.0,0
2006-10-16,76,62,2.09,0.0,0
2006-10-17,88,62,0.00,0.0,0
2006-10-18,85,56,0.00,0.0,0
2006-10-19,65,49,0.01,0.0,0
2006-10-20,72,44,0.00,0.0,0
2006-10-21,78,48,0.00,0.0,0
2006-10-22,63,41,0.00,0.0,0
2006-10-23,70,41,0.00,0.0,0
2006-10-24,74,51,0.01,0.0,0
2006-10-25,70,61,0.07,0.0,0
2006-10-26,86,66,0.00,0.0,0
2006-10-27,68,53,0.00,0.0,0
2006-10-28,76,48,0.00,0.0,0
2006-10-29,81,49,0.00,0.0,0
2006-10-30,80,60,T,0.0,0
2006-10-31,70,48,0.00,0.0,0
2006-11-01,60,47,0.00,0.0,0
2006-11-02,59,41,0.00,0.0,0
2006-11-03,63,40,0.00,0.0,0
2006-11-04,64,46,T,0.0,0
2006-11-05,71,61,0.64,0.0,0
2006-11-06,66,53,0.44,0.0,0
2006-11-07,76,47,0.00,0.0,0
2006-11-08,82,57,0.00,0.0,0
2006-11-09,83,64,0.00,0.0,0
2006-11-10,74,53,0.00,0.0,0
2006-11-11,61,42,0.00,0.0,0
2006-11-12,64,40,0.01,0.0,0
2006-11-13,66,49,0.00,0.0,0
2006-11-14,78,50,0.00,0.0,0
2006-11-15,75,45,0.03,0.0,0
2006-11-16,58,38,0.00,0.0,0
2006-11-17,71,39,0.00,0.0,0
2006-11-18,70,40,0.00,0.0,0
2006-11-19,63,39,0.00,0.0,0
2006-11-20,61,37,0.00,0.0,0
2006-11-21,67,39,0.00,0.0,0
2006-11-22,73,44,0.00,0.0,0
2006-11-23,77,49,0.00,0.0,0
2006-11-24,75,55,0.00,0.0,0
2006-11-25,72,55,0.00,0.0,0
2006-11-26,73,56,0.00,0.0,0
2006-11-27,73,62,T,0.0,0
2006-11-28,78,65,T,0.0,0
2006-11-29,79,37,0.42,0.0,0
2006-11-30,38,28,0.73,0.2,0
2006-12-01,49,27,0.00,0.0,T
2006-12-02,53,34,0.00,0.0,T
2006-12-03,46,29,0.00,0.0,0
2006-12-04,51,26,0.00,0.0,0
2006-12-05,60,31,0.00,0.0,0
2006-12-06,63,42,0.00,0.0,0
2006-12-07,50,28,0.00,0.0,0
2006-12-08,44,23,0.00,0.0,0
2006-12-09,54,31,0.00,0.0,0
2006-12-10,53,43,0.03,0.0,0
2006-12-11,72,52,0.00,0.0,0
2006-12-12,69,44,0.00,0.0,0
2006-12-13,71,38,0.00,0.0,0
2006-12-14,73,50,0.00,0.0,0
2006-12-15,74,52,0.00,0.0,0
2006-12-16,77,61,T,0.0,0
2006-12-17,80,64,0.00,0.0,0
2006-12-18,76,56,0.00,0.0,0
2006-12-19,62,50,0.05,0.0,0
2006-12-20,64,46,0.55,0.0,0
2006-12-21,60,43,0.00,0.0,0
2006-12-22,55,39,0.00,0.0,0
2006-12-23,56,35,0.00,0.0,0
2006-12-24,48,44,0.49,0.0,0
2006-12-25,50,35,0.16,0.0,0
2006-12-26,53,30,0.00,0.0,0
2006-12-27,63,37,0.00,0.0,0
2006-12-28,67,49,0.00,0.0,0
2006-12-29,65,56,2.61,0.0,0
2006-12-30,57,46,0.04,0.0,0
2006-12-31,48,41,0.00,0.0,0
2007-01-01,52,33,0.00,0.0,0
2007-01-02,54,33,0.00,0.0,0
2007-01-03,54,36,0.30,0.0,0
2007-01-04,54,46,0.74,0.0,0
2007-01-05,62,48,T,0.0,0
2007-01-06,53,43,T,0.0,0
2007-01-07,58,39,T,0.0,0
2007-01-08,61,32,0.00,0.0,0
2007-01-09,62,36,0.00,0.0,0
2007-01-10,65,38,0.00,0.0,0
2007-01-11,67,51,0.00,0.0,0
2007-01-12,69,37,1.77,0.0,0
2007-01-13,37,32,0.92,0.0,0
2007-01-14,34,31,0.20,T,0
2007-01-15,32,25,0.07,0.2,T
2007-01-16,31,26,0.00,0.0,0
2007-01-17,32,27,0.13,0.5,T
2007-01-18,40,31,0.03,0.0,T
2007-01-19,41,37,0.18,0.0,0
2007-01-20,39,36,0.66,0.0,0
2007-01-21,58,36,0.00,0.0,0
2007-01-22,46,34,0.00,0.0,0
2007-01-23,44,31,0.00,0.0,0
2007-01-24,51,38,0.00,0.0,0
2007-01-25,59,32,0.00,0.0,0
2007-01-26,63,33,0.00,0.0,0
2007-01-27,62,38,T,0.0,0
2007-01-28,43,30,0.00,0.0,0
2007-01-29,48,31,0.00,0.0,0
2007-01-30,49,34,0.00,0.0,0
2007-01-31,41,31,0.03,T,0
2007-02-01,39,33,0.33,T,0
2007-02-02,35,30,T,T,T
2007-02-03,53,24,0.00,0.0,0
2007-02-04,59,31,0.00,0.0,0
2007-02-05,65,33,0.00,0.0,0
2007-02-06,70,43,0.00,0.0,0
2007-02-07,72,46,0.00,0.0,0
2007-02-08,57,39,T,0.0,0
2007-02-09,42,38,T,0.0,0
2007-02-10,46,38,0.00,0.0,0
2007-02-11,50,42,0.00,0.0,0
2007-02-12,62,48,0.11,0.0,0
2007-02-13,56,32,0.00,0.0,0
2007-02-14,32,28,T,T,0
2007-02-15,35,24,T,T,0
2007-02-16,48,18,0.00,0.0,0
2007-02-17,58,35,0.00,0.0,0
2007-02-18,62,31,0.00,0.0,0
2007-02-19,71,44,0.00,0.0,0
2007-02-20,80,56,T,0.0,0
2007-02-21,78,48,0.00,0.0,0
2007-02-22,81,47,0.00,0.0,0
2007-02-23,70,56,0.01,0.0,0
2007-02-24,70,49,0.06,0.0,0
2007-02-25,63,43,0.00,0.0,0
2007-02-26,76,45,0.00,0.0,0
2007-02-27,81,46,0.00,0.0,0
2007-02-28,75,63,0.00,0.0,0
2007-03-01,68,47,0.00,0.0,0
2007-03-02,63,42,0.00,0.0,0
2007-03-03,54,38,0.00,0.0,0
2007-03-04,58,30,0.00,0.0,0
2007-03-05,71,38,0.00,0.0,0
2007-03-06,71,45,0.00,0.0,0
2007-03-07,76,44,0.00,0.0,0
2007-03-08,77,51,0.00,0.0,0
2007-03-09,81,60,T,0.0,0
2007-03-10,83,51,0.00,0.0,0
2007-03-11,79,63,0.05,0.0,0
2007-03-12,73,61,0.06,0.0,0
2007-03-13,76,60,1.52,T,0
2007-03-14,72,56,0.00,0.0,0
2007-03-15,80,55,0.00,0.0,0
2007-03-16,67,49,0.00,0.0,0
2007-03-17,72,44,0.00,0.0,0
2007-03-18,73,60,0.00,0.0,0
2007-03-19,73,65,0.00,0.0,0
2007-03-20,76,63,T,0.0,0
2007-03-21,77,66,T,0.0,0
2007-03-22,73,64,0.00,0.0,0
2007-03-23,76,65,T,0.0,0
2007-03-24,80,63,0.00,0.0,0
2007-03-25,77,66,T,0.0,0
2007-03-26,72,61,1.06,0.0,0
2007-03-27,79,60,0.01,0.0,0
2007-03-28,81,67,0.00,0.0,0
2007-03-29,75,65,0.65,0.0,0
2007-03-30,74,62,1.71,0.0,0
2007-03-31,71,54,0.02,0.0,0
2007-04-01,81,53,0.00,0.0,0
2007-04-02,79,61,T,0.0,0
2007-04-03,85,67,0.15,0.0,0
2007-04-04,68,53,0.00,0.0,0
2007-04-05,65,48,0.00,0.0,0
2007-04-06,56,42,T,0.0,0
2007-04-07,44,37,T,T,0
2007-04-08,51,40,0.00,0.0,0
2007-04-09,56,45,0.00,0.0,0
2007-04-10,76,52,0.02,0.0,0
2007-04-11,73,52,0.00,0.0,0
2007-04-12,77,46,0.00,0.0,0
2007-04-13,77,56,0.19,T,0
2007-04-14,56,43,T,0.0,0
2007-04-15,71,42,0.00,0.0,0
2007-04-16,73,49,0.00,0.0,0
2007-04-17,63,55,0.50,0.0,0
2007-04-18,70,54,0.00,0.0,0
2007-04-19,77,51,0.00,0.0,0
2007-04-20,80,64,0.00,0.0,0
2007-04-21,80,60,0.00,0.0,0
2007-04-22,80,60,0.00,0.0,0
2007-04-23,78,66,T,0.0,0
2007-04-24,74,64,0.63,0.0,0
2007-04-25,71,59,0.00,0.0,0
2007-04-26,72,52,0.00,0.0,0
2007-04-27,81,55,0.00,0.0,0
2007-04-28,85,60,0.00,0.0,0
2007-04-29,84,61,0.00,0.0,0
2007-04-30,84,68,0.05,0.0,0
2007-05-01,73,65,0.21,0.0,0
2007-05-02,81,65,1.07,0.0,0
2007-05-03,77,62,T,0.0,0
2007-05-04,85,66,T,0.0,0
2007-05-05,81,74,T,0.0,0
2007-05-06,86,75,0.00,0.0,0
2007-05-07,86,75,0.00,0.0,0
2007-05-08,84,68,0.55,0.0,0
2007-05-09,83,68,0.04,0.0,0
2007-05-10,80,67,0.02,0.0,0
2007-05-11,84,63,0.00,0.0,0
2007-05-12,87,66,0.01,0.0,0
2007-05-13,88,67,0.32,0.0,0
2007-05-14,89,68,0.06,0.0,0
2007-05-15,88,68,0.00,0.0,0
2007-05-16,78,61,0.00,0.0,0
2007-05-17,81,59,0.00,0.0,0
2007-05-18,81,59,0.00,0.0,0
2007-05-19,79,61,0.04,0.0,0
2007-05-20,83,64,0.00,0.0,0
2007-05-21,78,66,0.32,0.0,0
2007-05-22,81,68,0.19,0.0,0
2007-05-23,87,68,0.00,0.0,0
2007-05-24,86,66,1.90,T,0
2007-05-25,73,65,0.57,0.0,0
2007-05-26,79,68,T,0.0,0
2007-05-27,79,69,0.03,0.0,0
2007-05-28,79,68,0.11,0.0,0
2007-05-29,81,66,0.05,0.0,0
2007-05-30,80,63,1.10,0.0,0
2007-05-31,87,69,0.01,0.0,0
2007-06-01,87,67,0.20,0.0,0
2007-06-02,87,66,0.33,0.0,0
2007-06-03,86,66,0.77,0.0,0
2007-06-04,87,67,0.70,0.0,0
2007-06-05,91,64,0.00,0.0,0
2007-06-06,91,72,0.00,0.0,0
2007-06-07,93,77,0.00,0.0,0
2007-06-08,88,73,0.00,0.0,0
2007-06-09,92,75,0.28,0.0,0
2007-06-10,91,76,0.00,0.0,0
2007-06-11,93,76,0.00,0.0,0
2007-06-12,93,78,0.00,0.0,0
2007-06-13,92,77,0.00,0.0,0
2007-06-14,88,74,T,0.0,0
2007-06-15,85,70,0.01,0.0,0
2007-06-16,78,70,0.77,0.0,0
2007-06-17,81,70,1.24,0.0,0
2007-06-18,92,75,0.00,0.0,0
2007-06-19,93,78,0.00,0.0,0
2007-06-20,91,72,T,0.0,0
2007-06-21,87,73,0.20,0.0,0
2007-06-22,89,73,0.14,0.0,0
2007-06-23,90,74,0.00,0.0,0
2007-06-24,87,71,0.00,0.0,0
2007-06-25,86,74,0.60,0.0,0
2007-06-26,87,69,2.17,0.0,0
2007-06-27,87,70,1.60,0.0,0
2007-06-28,84,73,0.25,0.0,0
2007-06-29,88,72,0.45,0.0,0
2007-06-30,87,75,T,0.0,0
2007-07-01,88,74,0.10,0.0,0
2007-07-02,88,74,0.29,0.0,0
2007-07-03,87,74,0.01,0.0,0
2007-07-04,83,72,0.02,0.0,0
2007-07-05,78,73,0.69,0.0,0
2007-07-06,88,72,0.01,0.0,0
2007-07-07,94,74,0.00,0.0,0
2007-07-08,90,76,0.05,0.0,0
2007-07-09,91,79,T,0.0,0
2007-07-10,93,78,0.01,0.0,0
2007-07-11,94,78,0.00,0.0,0
2007-07-12,96,77,0.00,0.0,0
2007-07-13,85,75,0.07,0.0,0
2007-07-14,89,73,0.00,0.0,0
2007-07-15,94,73,0.00,0.0,0
2007-07-16,94,77,0.00,0.0,0
2007-07-17,93,76,0.00,0.0,0
2007-07-18,92,74,0.00,0.0,0
2007-07-19,92,75,T,0.0,0
2007-07-20,90,75,T,0.0,0
2007-07-21,90,73,0.04,0.0,0
2007-07-22,94,75,0.10,0.0,0
2007-07-23,91,76,0.00,0.0,0
2007-07-24,89,70,0.00,0.0,0
2007-07-25,90,70,0.00,0.0,0
2007-07-26,88,73,0.02,0.0,0
2007-07-27,89,73,T,0.0,0
2007-07-28,91,76,0.00,0.0,0
2007-07-29,93,77,0.02,0.0,0
2007-07-30,91,77,0.19,0.0,0
2007-07-31,96,78,0.75,0.0,0
2007-08-01,93,73,1.00,0.0,0
2007-08-02,90,75,0.00,0.0,0
2007-08-03,93,76,0.00,0.0,0
2007-08-04,94,79,0.00,0.0,0
2007-08-05,95,78,0.00,0.0,0
2007-08-06,95,80,0.00,0.0,0
2007-08-07,95,77,0.00,0.0,0
2007-08-08,96,78,0.00,0.0,0
2007-08-09,97,79,0.00,0.0,0
2007-08-10,97,78,0.00,0.0,0
2007-08-11,98,81,0.00,0.0,0
2007-08-12,102,79,0.00,0.0,0
2007-08-13,102,82,0.00,0.0,0
2007-08-14,101,80,0.00,0.0,0
2007-08-15,100,81,0.00,0.0,0
2007-08-16,95,80,0.40,0.0,0
2007-08-17,92,78,0.27,0.0,0
2007-08-18,91,76,T,0.0,0
2007-08-19,94,78,0.00,0.0,0
2007-08-20,94,78,0.00,0.0,0
2007-08-21,94,76,0.00,0.0,0
2007-08-22,95,78,0.00,0.0,0
2007-08-23,96,79,0.00,0.0,0
2007-08-24,95,78,0.00,0.0,0
2007-08-25,95,80,0.24,0.0,0
2007-08-26,96,76,0.00,0.0,0
2007-08-27,97,78,0.00,0.0,0
2007-08-28,95,76,0.00,0.0,0
2007-08-29,94,75,0.01,0.0,0
2007-08-30,94,74,1.17,0.0,0
2007-08-31,92,73,0.02,0.0,0
2007-09-01,92,73,T,0.0,0
2007-09-02,90,72,0.00,0.0,0
2007-09-03,85,74,T,0.0,0
2007-09-04,86,74,0.21,0.0,0
2007-09-05,88,72,1.26,0.0,0
2007-09-06,90,78,0.00,0.0,0
2007-09-07,92,77,0.00,0.0,0
2007-09-08,93,78,0.00,0.0,0
2007-09-09,90,75,0.47,0.0,0
2007-09-10,78,72,4.68,0.0,0
2007-09-11,80,66,0.00,0.0,0
2007-09-12,83,65,0.00,0.0,0
2007-09-13,86,73,0.00,0.0,0
2007-09-14,90,71,0.00,0.0,0
2007-09-15,88,66,0.00,0.0,0
2007-09-16,90,70,0.00,0.0,0
2007-09-17,90,70,0.00,0.0,0
2007-09-18,90,70,0.00,0.0,0
2007-09-19,90,74,0.00,0.0,0
2007-09-20,91,73,0.00,0.0,0
2007-09-21,91,69,0.00,0.0,0
2007-09-22,90,70,0.00,0.0,0
2007-09-23,88,71,0.00,0.0,0
2007-09-24,89,72,0.00,0.0,0
2007-09-25,91,73,0.00,0.0,0
2007-09-26,92,75,0.00,0.0,0
2007-09-27,93,74,0.00,0.0,0
2007-09-28,89,72,0.00,0.0,0
2007-09-29,87,68,0.00,0.0,0
2007-09-30,91,73,0.00,0.0,0
2007-10-01,92,75,0.00,0.0,0
2007-10-02,92,75,0.00,0.0,0
2007-10-03,88,70,1.40,0.0,0
2007-10-04,90,71,0.00,0.0,0
2007-10-05,90,73,0.00,0.0,0
2007-10-06,84,76,0.04,0.0,0
2007-10-07,88,75,0.00,0.0,0
2007-10-08,91,74,0.60,0.0,0
2007-10-09,86,66,0.00,0.0,0
2007-10-10,84,60,0.00,0.0,0
2007-10-11,83,61,0.00,0.0,0
2007-10-12,83,62,0.00,0.0,0
2007-10-13,85,63,0.00,0.0,0
2007-10-14,84,65,0.73,0.0,0
2007-10-15,73,61,1.36,0.0,0
2007-10-16,74,58,0.00,0.0,0
2007-10-17,86,68,T,0.0,0
2007-10-18,84,57,0.00,0.0,0
2007-10-19,79,51,0.00,0.0,0
2007-10-20,88,59,0.00,0.0,0
2007-10-21,87,66,0.00,0.0,0
2007-10-22,73,52,0.64,0.0,0
2007-10-23,69,46,0.00,0.0,0
2007-10-24,72,50,0.00,0.0,0
2007-10-25,66,44,0.00,0.0,0
2007-10-26,69,41,0.00,0.0,0
2007-10-27,72,44,0.00,0.0,0
2007-10-28,74,49,0.00,0.0,0
2007-10-29,71,50,0.00,0.0,0
2007-10-30,74,49,0.00,0.0,0
2007-10-31,80,53,0.00,0.0,0
2007-11-01,70,54,0.00,0.0,0
2007-11-02,74,57,0.00,0.0,0
2007-11-03,74,53,0.00,0.0,0
2007-11-04,82,57,0.00,0.0,0
2007-11-05,81,61,0.00,0.0,0
2007-11-06,64,50,0.00,0.0,0
2007-11-07,63,48,0.00,0.0,0
2007-11-08,77,49,0.00,0.0,0
2007-11-09,81,60,0.00,0.0,0
2007-11-10,82,60,0.00,0.0,0
2007-11-11,78,67,0.00,0.0,0
2007-11-12,80,67,T,0.0,0
2007-11-13,81,66,0.00,0.0,0
2007-11-14,82,56,0.00,0.0,0
2007-11-15,60,44,0.00,0.0,0
2007-11-16,68,44,0.00,0.0,0
2007-11-17,78,55,0.00,0.0,0
2007-11-18,77,61,0.00,0.0,0
2007-11-19,78,60,0.00,0.0,0
2007-11-20,81,64,0.00,0.0,0
2007-11-21,72,41,0.02,0.0,0
2007-11-22,46,38,0.03,T,0
2007-11-23,49,35,0.00,0.0,0
2007-11-24,46,39,0.45,0.0,0
2007-11-25,42,38,1.03,0.0,0
2007-11-26,57,39,0.00,0.0,0
2007-11-27,62,40,0.00,0.0,0
2007-11-28,67,46,0.00,0.0,0
2007-11-29,61,38,0.00,0.0,0
2007-11-30,68,51,T,0.0,0
2007-12-01,69,60,T,0.0,0
2007-12-02,79,44,0.05,0.0,0
2007-12-03,57,33,0.00,0.0,0
2007-12-04,68,36,0.00,0.0,0
2007-12-05,74,42,0.00,0.0,0
2007-12-06,64,41,0.00,0.0,0
2007-12-07,80,58,0.00,0.0,0
2007-12-08,78,54,0.00,0.0,0
2007-12-09,54,36,0.01,0.0,0
2007-12-10,47,36,T,0.0,0
2007-12-11,73,43,0.42,0.0,0
2007-12-12,43,37,0.27,0.0,0
2007-12-13,52,35,0.00,0.0,0
2007-12-14,49,38,0.45,0.0,0
2007-12-15,45,32,0.35,0.0,0
2007-12-16,50,27,0.00,0.0,0
2007-12-17,54,29,0.00,0.0,0
2007-12-18,70,41,0.00,0.0,0
2007-12-19,66,39,0.00,0.0,0
2007-12-20,64,43,0.00,0.0,0
2007-12-21,70,39,0.00,0.0,0
2007-12-22,60,32,0.00,0.0,0
2007-12-23,53,25,0.00,0.0,0
2007-12-24,57,30,0.00,0.0,0
2007-12-25,61,35,0.00,0.0,0
2007-12-26,46,39,0.30,0.0,0
2007-12-27,44,38,0.11,0.0,0
2007-12-28,50,33,T,0.0,0
2007-12-29,53,31,0.00,0.0,0
2007-12-30,62,34,0.00,0.0,0
2007-12-31,59,37,0.00,0.0,0
2008-01-01,50,29,0.00,0.0,0
2008-01-02,42,24,0.00,0.0,0
2008-01-03,44,27,0.00,0.0,0
2008-01-04,60,33,0.00,0.0,0
2008-01-05,77,56,0.00,0.0,0
2008-01-06,74,59,0.00,0.0,0
2008-01-07,78,66,T,0.0,0
2008-01-08,72,43,0.05,0.0,0
2008-01-09,60,35,0.00,0.0,0
2008-01-10,61,39,0.00,0.0,0
2008-01-11,67,35,0.00,0.0,0
2008-01-12,56,40,0.00,0.0,0
2008-01-13,60,32,0.00,0.0,0
2008-01-14,63,35,0.00,0.0,0
2008-01-15,64,35,0.00,0.0,0
2008-01-16,53,40,0.00,0.0,0
2008-01-17,40,27,T,T,0
2008-01-18,42,29,T,T,0
2008-01-19,44,26,0.00,0.0,0
2008-01-20,52,25,0.00,0.0,0
2008-01-21,43,39,0.04,0.0,0
2008-01-22,44,32,0.01,0.0,0
2008-01-23,41,31,T,0.0,0
2008-01-24,43,29,T,0.0,0
2008-01-25,39,34,0.26,0.0,0
2008-01-26,53,38,0.00,0.0,0
2008-01-27,63,34,0.00,0.0,0
2008-01-28,67,48,0.00,0.0,0
2008-01-29,69,36,T,0.0,0
2008-01-30,54,31,0.00,0.0,0
2008-01-31,53,33,0.01,0.0,0
2008-02-01,60,28,0.00,0.0,0
2008-02-02,69,39,0.00,0.0,0
2008-02-03,77,58,0.00,0.0,0
2008-02-04,80,67,0.00,0.0,0
2008-02-05,79,38,0.24,0.0,0
2008-02-06,53,33,0.00,0.0,0
2008-02-07,58,39,0.00,0.0,0
2008-02-08,74,38,0.00,0.0,0
2008-02-09,69,37,0.00,0.0,0
2008-02-10,75,43,0.00,0.0,0
2008-02-11,71,54,0.00,0.0,0
2008-02-12,66,38,0.38,0.0,0
2008-02-13,59,32,0.00,0.0,0
2008-02-14,71,45,0.00,0.0,0
2008-02-15,62,39,0.14,0.0,0
2008-02-16,48,38,1.16,0.0,0
2008-02-17,57,39,0.00,0.0,0
2008-02-18,58,36,0.00,0.0,0
2008-02-19,66,39,0.00,0.0,0
2008-02-20,70,52,T,0.0,0
2008-02-21,65,37,0.03,0.0,0
2008-02-22,50,34,0.00,0.0,0
2008-02-23,69,32,0.00,0.0,0
2008-02-24,60,42,0.00,0.0,0
2008-02-25,85,49,0.00,0.0,0
2008-02-26,52,37,0.00,0.0,0
2008-02-27,63,31,0.00,0.0,0
2008-02-28,72,44,0.00,0.0,0
2008-02-29,74,56,0.00,0.0,0
2008-03-01,80,51,0.00,0.0,0
2008-03-02,73,62,T,0.0,0
2008-03-03,70,33,1.26,0.4,0
2008-03-04,59,35,0.00,0.0,0
2008-03-05,69,42,0.00,0.0,0
2008-03-06,51,34,0.96,T,0
2008-03-07,52,33,T,T,T
2008-03-08,52,24,0.00,0.0,0
2008-03-09,72,40,0.62,0.0,0
2008-03-10,62,46,0.48,0.0,0
2008-03-11,69,42,0.00,0.0,0
2008-03-12,78,48,0.00,0.0,0
2008-03-13,74,55,0.00,0.0,0
2008-03-14,86,49,0.00,0.0,0
2008-03-15,75,51,0.00,0.0,0
2008-03-16,77,47,0.00,0.0,0
2008-03-17,81,68,0.00,0.0,0
2008-03-18,73,49,4.78,0.0,0
2008-03-19,67,48,0.32,0.0,0
2008-03-20,74,43,0.00,0.0,0
2008-03-21,75,50,0.00,0.0,0
2008-03-22,74,52,0.00,0.0,0
2008-03-23,59,43,0.00,0.0,0
2008-03-24,66,38,0.00,0.0,0
2008-03-25,78,51,0.00,0.0,0
2008-03-26,79,63,0.00,0.0,0
2008-03-27,82,67,0.00,0.0,0
2008-03-28,70,53,T,0.0,0
2008-03-29,66,50,0.02,0.0,0
2008-03-30,87,63,0.01,0.0,0
2008-03-31,81,70,T,0.0,0
2008-04-01,73,53,T,0.0,0
2008-04-02,65,54,0.00,0.0,0
2008-04-03,83,63,0.01,0.0,0
2008-04-04,72,50,0.40,0.0,0
2008-04-05,70,43,0.00,0.0,0
2008-04-06,80,52,0.00,0.0,0
2008-04-07,85,60,0.00,0.0,0
2008-04-08,81,55,0.14,0.0,0
2008-04-09,77,53,0.46,0.0,0
2008-04-10,86,62,0.82,0.0,0
2008-04-11,71,53,0.00,0.0,0
2008-04-12,69,50,0.00,0.0,0
2008-04-13,64,47,0.00,0.0,0
2008-04-14,67,41,0.00,0.0,0
2008-04-15,74,46,0.00,0.0,0
2008-04-16,77,54,0.00,0.0,0
2008-04-17,77,55,1.02,0.0,0
2008-04-18,70,48,0.00,0.0,0
2008-04-19,85,55,0.00,0.0,0
2008-04-20,79,58,0.00,0.0,0
2008-04-21,86,69,0.00,0.0,0
2008-04-22,88,70,0.00,0.0,0
2008-04-23,81,65,0.82,0.0,0
2008-04-24,83,66,0.00,0.0,0
2008-04-25,83,64,T,0.0,0
2008-04-26,72,55,0.00,0.0,0
2008-04-27,64,50,0.18,0.0,0
2008-04-28,78,44,0.00,0.0,0
2008-04-29,81,50,0.00,0.0,0
2008-04-30,83,58,0.00,0.0,0
2008-05-01,84,68,0.00,0.0,0
2008-05-02,78,62,0.09,0.0,0
2008-05-03,71,49,0.00,0.0,0
2008-05-04,78,51,0.00,0.0,0
2008-05-05,74,66,0.01,0.0,0
2008-05-06,78,63,0.51,0.0,0
2008-05-07,88,67,0.03,0.0,0
2008-05-08,83,64,0.00,0.0,0
2008-05-09,87,69,0.00,0.0,0
2008-05-10,89,70,0.07,0.0,0
2008-05-11,73,55,0.00,0.0,0
2008-05-12,77,52,0.00,0.0,0
2008-05-13,85,69,0.01,0.0,0
2008-05-14,77,65,1.56,0.0,0
2008-05-15,72,60,0.00,0.0,0
2008-05-16,79,57,0.00,0.0,0
2008-05-17,84,63,0.00,0.0,0
2008-05-18,89,65,0.00,0.0,0
2008-05-19,96,66,0.00,0.0,0
2008-05-20,91,67,0.00,0.0,0
2008-05-21,90,70,0.00,0.0,0
2008-05-22,90,75,0.00,0.0,0
2008-05-23,93,77,0.00,0.0,0
2008-05-24,93,78,0.00,0.0,0
2008-05-25,93,73,0.00,0.0,0
2008-05-26,93,77,0.00,0.0,0
2008-05-27,82,67,1.43,0.0,0
2008-05-28,91,68,0.00,0.0,0
2008-05-29,90,73,0.00,0.0,0
2008-05-30,90,73,0.00,0.0,0
2008-05-31,92,72,0.00,0.0,0
2008-06-01,92,75,0.00,0.0,0
2008-06-02,94,74,0.00,0.0,0
2008-06-03,95,76,0.00,0.0,0
2008-06-04,94,76,0.00,0.0,0
2008-06-05,94,80,T,0.0,0
2008-06-06,94,78,T,0.0,0
2008-06-07,95,79,0.00,0.0,0
2008-06-08,95,79,0.00,0.0,0
2008-06-09,92,70,T,0.0,0
2008-06-10,91,70,0.01,0.0,0
2008-06-11,95,74,0.00,0.0,0
2008-06-12,95,77,0.00,0.0,0
2008-06-13,95,77,0.00,0.0,0
2008-06-14,92,78,0.00,0.0,0
2008-06-15,98,77,0.00,0.0,0
2008-06-16,97,78,0.00,0.0,0
2008-06-17,85,70,0.15,0.0,0
2008-06-18,92,72,0.00,0.0,0
2008-06-19,89,72,0.12,0.0,0
2008-06-20,96,75,T,0.0,0
2008-06-21,93,75,0.00,0.0,0
2008-06-22,96,71,0.00,0.0,0
2008-06-23,97,73,0.00,0.0,0
2008-06-24,94,76,0.00,0.0,0
2008-06-25,98,76,0.05,0.0,0
2008-06-26,96,76,0.00,0.0,0
2008-06-27,98,77,0.00,0.0,0
2008-06-28,99,78,T,0.0,0
2008-06-29,92,71,T,0.0,0
2008-06-30,94,69,0.00,0.0,0
2008-07-01,95,73,0.00,0.0,0
2008-07-02,96,72,0.00,0.0,0
2008-07-03,98,76,0.00,0.0,0
2008-07-04,96,78,T,0.0,0
2008-07-05,98,76,0.00,0.0,0
2008-07-06,96,76,0.00,0.0,0
2008-07-07,98,79,T,0.0,0
2008-07-08,97,78,0.00,0.0,0
2008-07-09,96,76,0.00,0.0,0
2008-07-10,98,78,0.00,0.0,0
2008-07-11,97,80,0.00,0.0,0
2008-07-12,101,80,0.00,0.0,0
2008-07-13,98,81,0.00,0.0,0
2008-07-14,96,79,0.00,0.0,0
2008-07-15,93,75,0.79,0.0,0
2008-07-16,95,75,0.49,0.0,0
2008-07-17,97,76,0.00,0.0,0
2008-07-18,98,76,0.00,0.0,0
2008-07-19,97,78,0.00,0.0,0
2008-07-20,98,79,0.00,0.0,0
2008-07-21,100,81,0.00,0.0,0
2008-07-22,99,81,0.00,0.0,0
2008-07-23,98,79,0.00,0.0,0
2008-07-24,96,78,0.00,0.0,0
2008-07-25,97,79,0.00,0.0,0
2008-07-26,99,80,0.00,0.0,0
2008-07-27,103,80,0.00,0.0,0
2008-07-28,103,80,0.00,0.0,0
2008-07-29,99,80,0.00,0.0,0
2008-07-30,100,79,0.01,0.0,0
2008-07-31,102,82,0.00,0.0,0
2008-08-01,101,82,T,0.0,0
2008-08-02,103,83,0.00,0.0,0
2008-08-03,105,81,0.00,0.0,0
2008-08-04,103,78,0.00,0.0,0
2008-08-05,100,80,0.00,0.0,0
2008-08-06,93,75,T,0.0,0
2008-08-07,100,78,0.00,0.0,0
2008-08-08,95,78,0.00,0.0,0
2008-08-09,101,78,0.00,0.0,0
2008-08-10,103,81,0.00,0.0,0
2008-08-11,93,76,0.01,0.0,0
2008-08-12,91,75,0.00,0.0,0
2008-08-13,96,73,0.00,0.0,0
2008-08-14,98,74,0.00,0.0,0
2008-08-15,88,68,0.98,0.0,0
2008-08-16,86,69,T,0.0,0
2008-08-17,88,71,T,0.0,0
2008-08-18,80,73,0.22,0.0,0
2008-08-19,82,71,0.55,0.0,0
2008-08-20,84,70,0.18,0.0,0
2008-08-21,92,71,0.00,0.0,0
2008-08-22,96,76,0.00,0.0,0
2008-08-23,97,76,0.00,0.0,0
2008-08-24,94,72,0.00,0.0,0
2008-08-25,94,76,0.00,0.0,0
2008-08-26,92,75,0.00,0.0,0
2008-08-27,96,77,T,0.0,0
2008-08-28,97,79,0.00,0.0,0
2008-08-29,95,78,0.18,0.0,0
2008-08-30,95,76,0.00,0.0,0
2008-08-31,94,78,0.00,0.0,0
2008-09-01,95,74,0.00,0.0,0
2008-09-02,91,77,0.00,0.0,0
2008-09-03,80,70,0.06,0.0,0
2008-09-04,88,66,0.00,0.0,0
2008-09-05,90,67,0.00,0.0,0
2008-09-06,91,68,0.00,0.0,0
2008-09-07,92,68,0.00,0.0,0
2008-09-08,89,71,0.13,0.0,0
2008-09-09,78,72,0.92,0.0,0
2008-09-10,83,73,0.01,0.0,0
2008-09-11,92,76,0.00,0.0,0
2008-09-12,90,76,0.00,0.0,0
2008-09-13,79,75,0.29,0.0,0
2008-09-14,85,68,0.00,0.0,0
2008-09-15,79,59,0.00,0.0,0
2008-09-16,82,54,0.00,0.0,0
2008-09-17,81,56,0.00,0.0,0
2008-09-18,77,61,0.00,0.0,0
2008-09-19,83,60,0.00,0.0,0
2008-09-20,86,62,0.00,0.0,0
2008-09-21,87,67,0.00,0.0,0
2008-09-22,88,67,0.00,0.0,0
2008-09-23,88,70,0.00,0.0,0
2008-09-24,90,70,0.00,0.0,0
2008-09-25,87,67,0.00,0.0,0
2008-09-26,88,67,0.00,0.0,0
2008-09-27,88,64,0.00,0.0,0
2008-09-28,88,62,0.00,0.0,0
2008-09-29,89,60,0.00,0.0,0
2008-09-30,84,66,0.00,0.0,0
2008-10-01,86,57,0.00,0.0,0
2008-10-02,85,58,0.00,0.0,0
2008-10-03,92,64,T,0.0,0
2008-10-04,91,69,0.00,0.0,0
2008-10-05,88,65,0.00,0.0,0
2008-10-06,78,67,0.71,0.0,0
2008-10-07,78,58,0.00,0.0,0
2008-10-08,82,53,0.00,0.0,0
2008-10-09,83,58,0.00,0.0,0
2008-10-10,82,61,0.00,0.0,0
2008-10-11,84,65,0.00,0.0,0
2008-10-12,85,65,0.00,0.0,0
2008-10-13,84,68,0.00,0.0,0
2008-10-14,82,70,0.09,0.0,0
2008-10-15,77,59,0.26,0.0,0
2008-10-16,66,58,0.00,0.0,0
2008-10-17,77,59,0.00,0.0,0
2008-10-18,80,53,0.00,0.0,0
2008-10-19,78,53,0.00,0.0,0
2008-10-20,83,59,0.00,0.0,0
2008-10-21,82,58,0.00,0.0,0
2008-10-22,77,53,0.02,0.0,0
2008-10-23,68,45,0.00,0.0,0
2008-10-24,71,45,0.00,0.0,0
2008-10-25,77,49,0.00,0.0,0
2008-10-26,85,56,0.00,0.0,0
2008-10-27,62,42,0.00,0.0,0
2008-10-28,64,38,0.00,0.0,0
2008-10-29,78,47,0.00,0.0,0
2008-10-30,80,53,0.00,0.0,0
2008-10-31,81,59,0.00,0.0,0
2008-11-01,83,61,0.00,0.0,0
2008-11-02,84,61,0.00,0.0,0
2008-11-03,81,60,0.00,0.0,0
2008-11-04,81,58,0.00,0.0,0
2008-11-05,82,66,T,0.0,0
2008-11-06,72,50,0.13,0.0,0
2008-11-07,69,47,0.00,0.0,0
2008-11-08,73,45,0.00,0.0,0
2008-11-09,72,47,0.00,0.0,0
2008-11-10,65,55,3.06,0.0,0
2008-11-11,73,60,0.39,0.0,0
2008-11-12,68,53,0.00,0.0,0
2008-11-13,74,48,0.00,0.0,0
2008-11-14,73,52,0.00,0.0,0
2008-11-15,54,38,0.00,0.0,0
2008-11-16,68,37,0.00,0.0,0
2008-11-17,76,44,0.00,0.0,0
2008-11-18,61,46,0.00,0.0,0
2008-11-19,77,45,0.00,0.0,0
2008-11-20,63,43,0.00,0.0,0
2008-11-21,49,34,0.00,0.0,0
2008-11-22,55,39,0.00,0.0,0
2008-11-23,69,52,0.00,0.0,0
2008-11-24,65,42,0.00,0.0,0
2008-11-25,71,38,0.00,0.0,0
2008-11-26,69,46,0.00,0.0,0
2008-11-27,67,43,T,0.0,0
2008-11-28,58,47,0.39,0.0,0
2008-11-29,57,41,T,0.0,0
2008-11-30,58,44,0.00,0.0,0
2008-12-01,50,34,0.00,0.0,0
2008-12-02,66,32,0.00,0.0,0
2008-12-03,74,39,0.00,0.0,0
2008-12-04,50,31,0.00,0.0,0
2008-12-05,48,30,0.00,0.0,0
2008-12-06,60,30,0.00,0.0,0
2008-12-07,66,36,0.00,0.0,0
2008-12-08,71,52,0.09,0.0,0
2008-12-09,68,34,0.01,T,0
2008-12-10,42,28,0.00,0.0,0
2008-12-11,58,28,0.00,0.0,0
2008-12-12,64,32,0.00,0.0,0
2008-12-13,68,47,0.00,0.0,0
2008-12-14,76,39,0.00,0.0,0
2008-12-15,39,24,T,T,T
2008-12-16,33,23,T,T,T
2008-12-17,46,33,0.01,0.0,0
2008-12-18,68,46,0.07,0.0,0
2008-12-19,72,52,0.00,0.0,0
2008-12-20,68,33,0.00,0.0,0
2008-12-21,37,22,0.00,0.0,0
2008-12-22,33,25,0.00,0.0,0
2008-12-23,54,32,T,0.0,0
2008-12-24,57,42,T,0.0,0
2008-12-25,66,39,0.00,0.0,0
2008-12-26,81,62,0.00,0.0,0
2008-12-27,74,41,0.11,0.0,0
2008-12-28,58,34,0.00,0.0,0
2008-12-29,68,33,0.00,0.0,0
2008-12-30,71,37,0.00,0.0,0
2008-12-31,55,40,0.00,0.0,0
2009-01-01,66,36,0.00,0.0,0
2009-01-02,76,45,0.00,0.0,0
2009-01-03,81,63,0.00,0.0,0
2009-01-04,68,35,0.00,0.0,0
2009-01-05,36,31,0.76,0.0,0
2009-01-06,64,34,0.09,0.0,0
2009-01-07,64,36,0.00,0.0,0
2009-01-08,73,39,0.00,0.0,0
2009-01-09,78,51,0.00,0.0,0
2009-01-10,59,34,0.00,0.0,0
2009-01-11,61,29,0.00,0.0,0
2009-01-12,64,40,0.00,0.0,0
2009-01-13,46,30,0.00,0.0,0
2009-01-14,61,31,0.00,0.0,0
2009-01-15,45,28,0.00,0.0,0
2009-01-16,44,24,0.00,0.0,0
2009-01-17,68,44,0.00,0.0,0
2009-01-18,66,36,0.00,0.0,0
2009-01-19,60,43,0.00,0.0,0
2009-01-20,55,38,0.00,0.0,0
2009-01-21,69,36,0.00,0.0,0
2009-01-22,80,35,0.00,0.0,0
2009-01-23,78,44,0.00,0.0,0
2009-01-24,44,30,0.00,0.0,0
2009-01-25,54,37,0.00,0.0,0
2009-01-26,46,36,0.08,0.0,0
2009-01-27,36,27,0.31,0.5,0
2009-01-28,39,21,T,T,1
2009-01-29,54,27,0.00,0.0,T
2009-01-30,65,31,0.00,0.0,0
2009-01-31,70,34,0.00,0.0,0
2009-02-01,71,44,0.00,0.0,0
2009-02-02,58,34,0.00,0.0,0
2009-02-03,67,34,0.00,0.0,0
2009-02-04,55,30,0.00,0.0,0
2009-02-05,70,38,0.00,0.0,0
2009-02-06,75,55,0.00,0.0,0
2009-02-07,75,61,0.00,0.0,0
2009-02-08,72,57,T,0.0,0
2009-02-09,68,52,0.22,0.0,0
2009-02-10,75,56,0.39,0.0,0
2009-02-11,66,47,0.00,0.0,0
2009-02-12,74,45,0.00,0.0,0
2009-02-13,75,49,0.00,0.0,0
2009-02-14,53,35,0.01,0.0,0
2009-02-15,59,39,0.00,0.0,0
2009-02-16,58,39,T,0.0,0
2009-02-17,66,50,0.00,0.0,0
2009-02-18,74,50,0.00,0.0,0
2009-02-19,56,39,0.00,0.0,0
2009-02-20,69,38,0.00,0.0,0
2009-02-21,55,38,0.00,0.0,0
2009-02-22,60,33,0.00,0.0,0
2009-02-23,65,42,0.00,0.0,0
2009-02-24,80,51,0.00,0.0,0
2009-02-25,82,58,0.00,0.0,0
2009-02-26,85,68,0.00,0.0,0
2009-02-27,72,48,T,0.0,0
2009-02-28,51,35,0.00,0.0,0
2009-03-01,52,30,0.00,0.0,0
2009-03-02,58,32,0.00,0.0,0
2009-03-03,68,43,0.00,0.0,0
2009-03-04,77,53,0.00,0.0,0
2009-03-05,86,63,0.00,0.0,0
2009-03-06,82,65,0.00,0.0,0
2009-03-07,78,67,0.00,0.0,0
2009-03-08,80,69,0.00,0.0,0
2009-03-09,81,66,T,0.0,0
2009-03-10,78,49,0.05,0.0,0
2009-03-11,50,38,2.43,0.0,0
2009-03-12,42,37,0.19,0.0,0
2009-03-13,41,37,0.83,0.0,0
2009-03-14,51,41,0.07,0.0,0
2009-03-15,60,40,0.00,0.0,0
2009-03-16,76,44,0.00,0.0,0
2009-03-17,82,55,0.00,0.0,0
2009-03-18,78,53,0.00,0.0,0
2009-03-19,80,56,0.00,0.0,0
2009-03-20,76,53,0.00,0.0,0
2009-03-21,78,56,0.00,0.0,0
2009-03-22,78,59,0.00,0.0,0
2009-03-23,78,66,0.00,0.0,0
2009-03-24,75,56,0.03,0.0,0
2009-03-25,64,49,0.41,0.0,0
2009-03-26,73,50,T,0.0,0
2009-03-27,68,36,0.02,0.0,0
2009-03-28,53,34,0.00,0.0,0
2009-03-29,70,36,0.00,0.0,0
2009-03-30,74,52,0.62,0.0,0
2009-03-31,65,47,0.00,0.0,0
2009-04-01,78,45,0.00,0.0,0
2009-04-02,64,47,0.06,0.0,0
2009-04-03,72,39,0.00,0.0,0
2009-04-04,82,54,T,0.0,0
2009-04-05,70,48,0.00,0.0,0
2009-04-06,60,39,0.00,0.0,0
2009-04-07,70,36,0.00,0.0,0
2009-04-08,84,54,0.00,0.0,0
2009-04-09,88,59,T,0.0,0
2009-04-10,70,51,0.00,0.0,0
2009-04-11,71,48,0.07,0.0,0
2009-04-12,66,52,1.11,0.0,0
2009-04-13,66,51,T,0.0,0
2009-04-14,75,45,0.00,0.0,0
2009-04-15,75,53,0.00,0.0,0
2009-04-16,78,56,T,0.0,0
2009-04-17,66,57,1.06,0.0,0
2009-04-18,75,60,0.01,0.0,0
2009-04-19,70,54,0.00,0.0,0
2009-04-20,80,50,0.00,0.0,0
2009-04-21,87,56,0.00,0.0,0
2009-04-22,92,64,0.00,0.0,0
2009-04-23,87,67,0.00,0.0,0
2009-04-24,83,69,T,0.0,0
2009-04-25,84,69,T,0.0,0
2009-04-26,79,71,T,0.0,0
2009-04-27,73,62,0.81,0.0,0
2009-04-28,78,56,T,0.0,0
2009-04-29,77,64,0.11,0.0,0
2009-04-30,84,62,0.39,0.0,0
2009-05-01,80,72,0.00,0.0,0
2009-05-02,78,61,1.76,0.0,0
2009-05-03,67,59,0.28,0.0,0
2009-05-04,71,59,T,0.0,0
2009-05-05,78,64,0.01,0.0,0
2009-05-06,80,67,0.04,0.0,0
2009-05-07,85,71,0.00,0.0,0
2009-05-08,90,73,0.00,0.0,0
2009-05-09,80,64,T,0.0,0
2009-05-10,81,64,0.01,0.0,0
2009-05-11,79,61,0.37,0.0,0
2009-05-12,89,62,T,0.0,0
2009-05-13,91,74,0.00,0.0,0
2009-05-14,84,68,0.34,0.0,0
2009-05-15,88,69,0.00,0.0,0
2009-05-16,78,62,0.51,0.0,0
2009-05-17,76,56,0.00,0.0,0
2009-05-18,78,56,0.00,0.0,0
2009-05-19,81,57,0.00,0.0,0
2009-05-20,81,60,0.00,0.0,0
2009-05-21,86,60,0.00,0.0,0
2009-05-22,84,70,T,0.0,0
2009-05-23,84,70,T,0.0,0
2009-05-24,84,68,0.00,0.0,0
2009-05-25,88,67,0.00,0.0,0
2009-05-26,95,74,T,0.0,0
2009-05-27,80,64,0.29,0.0,0
2009-05-28,86,61,0.00,0.0,0
2009-05-29,89,64,0.00,0.0,0
2009-05-30,91,62,0.00,0.0,0
2009-05-31,92,67,0.00,0.0,0
2009-06-01,89,70,0.00,0.0,0
2009-06-02,89,66,0.53,0.0,0
2009-06-03,82,70,0.05,0.0,0
2009-06-04,84,66,0.00,0.0,0
2009-06-05,88,63,0.00,0.0,0
2009-06-06,93,70,0.00,0.0,0
2009-06-07,94,73,0.00,0.0,0
2009-06-08,94,74,T,0.0,0
2009-06-09,94,75,0.00,0.0,0
2009-06-10,91,69,0.72,0.0,0
2009-06-11,87,67,5.28,0.0,0
2009-06-12,96,72,0.00,0.0,0
2009-06-13,96,76,0.00,0.0,0
2009-06-14,95,76,0.00,0.0,0
2009-06-15,96,77,0.00,0.0,0
2009-06-16,97,77,0.00,0.0,0
2009-06-17,95,76,0.00,0.0,0
2009-06-18,95,77,0.00,0.0,0
2009-06-19,93,78,0.00,0.0,0
2009-06-20,96,77,0.00,0.0,0
2009-06-21,96,77,0.00,0.0,0
2009-06-22,98,78,0.00,0.0,0
2009-06-23,99,80,0.00,0.0,0
2009-06-24,100,80,0.00,0.0,0
2009-06-25,99,80,0.00,0.0,0
2009-06-26,99,80,0.00,0.0,0
2009-06-27,103,80,0.00,0.0,0
2009-06-28,102,83,0.00,0.0,0
2009-06-29,91,79,0.00,0.0,0
2009-06-30,88,79,0.00,0.0,0
2009-07-01,99,76,0.00,0.0,0
2009-07-02,102,79,0.00,0.0,0
2009-07-03,102,81,0.00,0.0,0
2009-07-04,101,83,0.00,0.0,0
2009-07-05,92,76,0.03,0.0,0
2009-07-06,89,75,0.12,0.0,0
2009-07-07,96,74,0.00,0.0,0
2009-07-08,101,78,0.00,0.0,0
2009-07-09,103,78,T,0.0,0
2009-07-10,103,82,0.00,0.0,0
2009-07-11,101,83,0.00,0.0,0
2009-07-12,103,82,0.00,0.0,0
2009-07-13,105,84,0.00,0.0,0
2009-07-14,103,84,0.00,0.0,0
2009-07-15,102,82,0.00,0.0,0
2009-07-16,104,84,0.00,0.0,0
2009-07-17,95,73,0.19,0.0,0
2009-07-18,95,76,0.00,0.0,0
2009-07-19,96,75,0.00,0.0,0
2009-07-20,86,75,0.23,0.0,0
2009-07-21,95,75,0.30,0.0,0
2009-07-22,91,74,0.00,0.0,0
2009-07-23,90,76,T,0.0,0
2009-07-24,96,77,T,0.0,0
2009-07-25,103,78,0.00,0.0,0
2009-07-26,99,77,0.01,0.0,0
2009-07-27,81,72,0.77,0.0,0
2009-07-28,92,72,0.43,0.0,0
2009-07-29,89,78,T,0.0,0
2009-07-30,89,69,0.75,0.0,0
2009-07-31,90,71,0.34,0.0,0
2009-08-01,94,74,0.61,0.0,0
2009-08-02,95,74,0.00,0.0,0
2009-08-03,99,79,0.00,0.0,0
2009-08-04,98,78,0.00,0.0,0
2009-08-05,100,80,T,0.0,0
2009-08-06,95,77,T,0.0,0
2009-08-07,99,78,0.00,0.0,0
2009-08-08,97,80,0.00,0.0,0
2009-08-09,98,79,0.00,0.0,0
2009-08-10,98,79,0.00,0.0,0
2009-08-11,91,78,0.00,0.0,0
2009-08-12,95,74,0.00,0.0,0
2009-08-13,95,75,0.00,0.0,0
2009-08-14,93,76,0.00,0.0,0
2009-08-15,99,78,0.00,0.0,0
2009-08-16,99,79,0.00,0.0,0
2009-08-17,99,80,0.00,0.0,0
2009-08-18,96,79,0.00,0.0,0
2009-08-19,100,78,0.00,0.0,0
2009-08-20,97,81,0.00,0.0,0
2009-08-21,93,69,0.81,0.0,0
2009-08-22,95,70,0.00,0.0,0
2009-08-23,94,76,0.00,0.0,0
2009-08-24,98,75,0.00,0.0,0
2009-08-25,100,78,T,0.0,0
2009-08-26,98,75,0.00,0.0,0
2009-08-27,93,77,0.01,0.0,0
2009-08-28,91,75,0.00,0.0,0
2009-08-29,91,69,0.00,0.0,0
2009-08-30,88,70,0.00,0.0,0
2009-08-31,87,69,0.00,0.0,0
2009-09-01,90,70,0.00,0.0,0
2009-09-02,94,71,0.00,0.0,0
2009-09-03,94,74,0.23,0.0,0
2009-09-04,87,71,0.06,0.0,0
2009-09-05,91,72,0.00,0.0,0
2009-09-06,95,73,0.00,0.0,0
2009-09-07,96,75,0.00,0.0,0
2009-09-08,96,74,0.00,0.0,0
2009-09-09,96,75,0.00,0.0,0
2009-09-10,95,75,T,0.0,0
2009-09-11,86,71,0.43,0.0,0
2009-09-12,73,70,3.04,0.0,0
2009-09-13,74,69,1.97,0.0,0
2009-09-14,74,69,1.06,0.0,0
2009-09-15,83,70,T,0.0,0
2009-09-16,76,68,0.06,0.0,0
2009-09-17,79,68,0.40,0.0,0
2009-09-18,81,71,0.01,0.0,0
2009-09-19,86,69,0.00,0.0,0
2009-09-20,89,70,0.00,0.0,0
2009-09-21,92,71,0.58,0.0,0
2009-09-22,71,62,0.02,0.0,0
2009-09-23,71,60,T,0.0,0
2009-09-24,76,56,T,0.0,0
2009-09-25,82,55,0.00,0.0,0
2009-09-26,89,62,0.00,0.0,0
2009-09-27,94,69,0.00,0.0,0
2009-09-28,82,62,0.00,0.0,0
2009-09-29,80,57,0.00,0.0,0
2009-09-30,85,63,0.00,0.0,0
2009-10-01,86,60,0.62,0.0,0
2009-10-02,77,53,0.00,0.0,0
2009-10-03,78,55,0.39,0.0,0
2009-10-04,64,59,0.69,0.0,0
2009-10-05,70,58,T,0.0,0
2009-10-06,84,56,0.10,0.0,0
2009-10-07,66,56,0.01,0.0,0
2009-10-08,89,66,0.02,0.0,0
2009-10-09,82,52,2.35,0.0,0
2009-10-10,56,51,T,0.0,0
2009-10-11,59,52,0.20,0.0,0
2009-10-12,64,55,0.14,0.0,0
2009-10-13,70,64,0.37,0.0,0
2009-10-14,84,68,T,0.0,0
2009-10-15,78,55,T,0.0,0
2009-10-16,70,51,0.00,0.0,0
2009-10-17,75,50,0.00,0.0,0
2009-10-18,70,48,0.00,0.0,0
2009-10-19,76,54,0.00,0.0,0
2009-10-20,81,59,0.00,0.0,0
2009-10-21,69,61,1.30,0.0,0
2009-10-22,61,51,0.65,0.0,0
2009-10-23,65,48,0.00,0.0,0
2009-10-24,75,44,0.00,0.0,0
2009-10-25,78,56,0.50,0.0,0
2009-10-26,63,51,0.66,0.0,0
2009-10-27,65,48,0.08,0.0,0
2009-10-28,73,53,0.04,0.0,0
2009-10-29,78,54,0.15,0.0,0
2009-10-30,64,46,0.05,0.0,0
2009-10-31,73,45,0.00,0.0,0
2009-11-01,76,47,0.00,0.0,0
2009-11-02,76,48,0.00,0.0,0
2009-11-03,76,50,0.00,0.0,0
2009-11-04,78,51,0.00,0.0,0
2009-11-05,77,52,0.00,0.0,0
2009-11-06,79,55,0.00,0.0,0
2009-11-07,74,57,0.00,0.0,0
2009-11-08,75,58,0.00,0.0,0
2009-11-09,76,63,T,0.0,0
2009-11-10,78,55,0.00,0.0,0
2009-11-11,71,53,0.00,0.0,0
2009-11-12,73,50,0.00,0.0,0
2009-11-13,73,55,0.00,0.0,0
2009-11-14,78,58,0.00,0.0,0
2009-11-15,79,61,1.04,0.0,0
2009-11-16,61,46,0.00,0.0,0
2009-11-17,60,43,0.00,0.0,0
2009-11-18,68,39,0.00,0.0,0
2009-11-19,72,49,0.00,0.0,0
2009-11-20,63,56,1.28,0.0,0
2009-11-21,61,50,0.00,0.0,0
2009-11-22,65,46,0.00,0.0,0
2009-11-23,71,48,0.00,0.0,0
2009-11-24,62,42,0.00,0.0,0
2009-11-25,66,37,0.00,0.0,0
2009-11-26,61,39,0.00,0.0,0
2009-11-27,72,39,0.00,0.0,0
2009-11-28,69,48,0.00,0.0,0
2009-11-29,68,46,0.06,0.0,0
2009-11-30,58,42,0.00,0.0,0
2009-12-01,49,42,0.80,0.0,0
2009-12-02,48,33,0.39,0.2,0
2009-12-03,46,33,0.00,0.0,0
2009-12-04,41,29,0.00,0.0,0
2009-12-05,47,24,0.00,0.0,0
2009-12-06,46,36,0.03,0.0,0
2009-12-07,46,39,0.04,0.0,0
2009-12-08,54,39,0.03,0.0,0
2009-12-09,49,25,0.00,0.0,0
2009-12-10,44,24,0.00,0.0,0
2009-12-11,47,37,0.00,0.0,0
2009-12-12,48,42,0.06,0.0,0
2009-12-13,61,47,0.00,0.0,0
2009-12-14,71,37,T,0.0,0
2009-12-15,44,29,0.00,0.0,0
2009-12-16,48,29,0.00,0.0,0
2009-12-17,56,39,0.00,0.0,0
2009-12-18,60,36,0.00,0.0,0
2009-12-19,53,36,0.00,0.0,0
2009-12-20,64,30,0.00,0.0,0
2009-12-21,66,39,0.00,0.0,0
2009-12-22,68,52,0.00,0.0,0
2009-12-23,73,56,T,0.0,0
2009-12-24,57,29,0.55,1.9,0
2009-12-25,40,26,0.00,0.0,T
2009-12-26,47,25,0.00,0.0,0
2009-12-27,47,28,0.00,0.0,0
2009-12-28,50,27,0.00,0.0,0
2009-12-29,43,30,0.34,0.1,0
2009-12-30,56,38,T,0.0,0
2009-12-31,46,34,0.09,0.0,0
2010-01-01,51,27,0.00,0.0,0
2010-01-02,53,30,0.00,0.0,0
2010-01-03,46,32,0.00,0.0,0
2010-01-04,37,27,0.00,0.0,0
2010-01-05,41,23,0.00,0.0,0
2010-01-06,49,31,T,0.0,0
2010-01-07,46,23,0.05,T,0
2010-01-08,30,17,0.00,0.0,0
2010-01-09,38,14,0.00,0.0,0
2010-01-10,44,18,0.00,0.0,0
2010-01-11,56,27,0.00,0.0,0
2010-01-12,58,28,0.00,0.0,0
2010-01-13,62,37,0.00,0.0,0
2010-01-14,55,50,0.04,0.0,0
2010-01-15,57,47,0.22,0.0,0
2010-01-16,59,46,0.06,0.0,0
2010-01-17,64,43,0.00,0.0,0
2010-01-18,68,46,0.00,0.0,0
2010-01-19,71,56,T,0.0,0
2010-01-20,70,58,T,0.0,0
2010-01-21,65,48,0.00,0.0,0
2010-01-22,76,47,0.00,0.0,0
2010-01-23,63,51,0.12,0.0,0
2010-01-24,57,43,0.00,0.0,0
2010-01-25,58,34,0.00,0.0,0
2010-01-26,60,35,0.00,0.0,0
2010-01-27,66,47,0.00,0.0,0
2010-01-28,58,43,2.07,0.0,0
2010-01-29,43,30,0.71,T,0
2010-01-30,32,27,0.00,0.0,0
2010-01-31,39,30,0.00,0.0,0
2010-02-01,47,31,0.00,0.0,0
2010-02-02,52,40,0.00,0.0,0
2010-02-03,46,38,0.08,0.0,0
2010-02-04,44,42,0.29,0.0,0
2010-02-05,58,39,0.01,0.0,0
2010-02-06,45,35,0.00,0.0,0
2010-02-07,44,39,0.05,0.0,0
2010-02-08,43,39,0.96,0.0,0
2010-02-09,43,26,0.00,0.0,0
2010-02-10,40,32,T,T,0
2010-02-11,39,32,1.04,7.8,1
2010-02-12,37,32,0.16,1.0,7
2010-02-13,43,32,0.00,0.0,3
2010-02-14,43,31,0.00,0.0,T
2010-02-15,46,29,0.00,0.0,0
2010-02-16,51,27,0.00,0.0,0
2010-02-17,54,27,0.00,0.0,0
2010-02-18,63,32,0.00,0.0,0
2010-02-19,59,44,0.00,0.0,0
2010-02-20,62,52,0.00,0.0,0
2010-02-21,67,41,0.06,0.0,0
2010-02-22,41,36,0.00,0.0,0
2010-02-23,42,33,T,T,0
2010-02-24,48,30,0.00,0.0,0
2010-02-25,58,35,0.00,0.0,0
2010-02-26,51,39,0.01,0.0,0
2010-02-27,64,33,0.00,0.0,0
2010-02-28,65,39,0.00,0.0,0
2010-03-01,53,42,0.58,0.0,0
2010-03-02,54,35,0.00,0.0,0
2010-03-03,62,33,0.00,0.0,0
2010-03-04,68,41,0.00,0.0,0
2010-03-05,70,49,0.00,0.0,0
2010-03-06,70,52,0.00,0.0,0
2010-03-07,60,51,0.39,0.0,0
2010-03-08,61,53,0.28,0.0,0
2010-03-09,76,52,0.00,0.0,0
2010-03-10,75,51,0.16,T,0
2010-03-11,63,42,T,0.0,0
2010-03-12,67,44,0.00,0.0,0
2010-03-13,67,46,0.00,0.0,0
2010-03-14,73,46,0.00,0.0,0
2010-03-15,65,49,0.00,0.0,0
2010-03-16,62,48,0.02,0.0,0
2010-03-17,64,42,0.00,0.0,0
2010-03-18,65,40,0.00,0.0,0
2010-03-19,73,49,0.00,0.0,0
2010-03-20,62,32,0.88,0.8,0
2010-03-21,48,32,0.01,1.4,2
2010-03-22,67,36,0.00,0.0,0
2010-03-23,76,45,0.00,0.0,0
2010-03-24,74,55,0.92,0.0,0
2010-03-25,63,46,T,0.0,0
2010-03-26,68,42,0.00,0.0,0
2010-03-27,74,53,0.00,0.0,0
2010-03-28,64,47,0.00,0.0,0
2010-03-29,74,42,0.00,0.0,0
2010-03-30,82,52,0.00,0.0,0
2010-03-31,84,56,0.00,0.0,0
2010-04-01,81,64,0.00,0.0,0
2010-04-02,79,62,0.05,0.0,0
2010-04-03,79,45,0.00,0.0,0
2010-04-04,80,60,0.00,0.0,0
2010-04-05,83,69,0.00,0.0,0
2010-04-06,83,66,0.00,0.0,0
2010-04-07,74,51,0.01,0.0,0
2010-04-08,68,44,0.00,0.0,0
2010-04-09,76,45,0.00,0.0,0
2010-04-10,76,53,0.00,0.0,0
2010-04-11,74,60,0.00,0.0,0
2010-04-12,81,60,0.00,0.0,0
2010-04-13,82,58,0.00,0.0,0
2010-04-14,82,61,0.00,0.0,0
2010-04-15,80,63,T,0.0,0
2010-04-16,78,64,0.00,0.0,0
2010-04-17,76,61,1.21,0.0,0
2010-04-18,64,51,0.16,0.0,0
2010-04-19,67,51,T,0.0,0
2010-04-20,72,55,0.00,0.0,0
2010-04-21,80,56,0.00,0.0,0
2010-04-22,74,62,0.00,0.0,0
2010-04-23,83,66,0.09,0.0,0
2010-04-24,79,58,0.34,0.0,0
2010-04-25,76,59,0.00,0.0,0
2010-04-26,76,54,0.00,0.0,0
2010-04-27,72,50,0.00,0.0,0
2010-04-28,80,53,0.00,0.0,0
2010-04-29,84,62,0.00,0.0,0
2010-04-30,82,68,T,0.0,0
2010-05-01,79,60,0.10,0.0,0
2010-05-02,84,62,T,0.0,0
2010-05-03,86,57,0.24,0.0,0
2010-05-04,86,53,0.00,0.0,0
2010-05-05,89,63,0.00,0.0,0
2010-05-06,89,68,0.00,0.0,0
2010-05-07,81,67,0.00,0.0,0
2010-05-08,76,58,0.00,0.0,0
2010-05-09,68,57,0.15,0.0,0
2010-05-10,86,63,0.00,0.0,0
2010-05-11,90,72,0.00,0.0,0
2010-05-12,88,73,0.00,0.0,0
2010-05-13,88,71,0.00,0.0,0
2010-05-14,81,64,0.65,0.0,0
2010-05-15,79,63,0.00,0.0,0
2010-05-16,88,65,0.00,0.0,0
2010-05-17,90,68,0.18,0.0,0
2010-05-18,84,66,0.00,0.0,0
2010-05-19,88,71,0.00,0.0,0
2010-05-20,85,71,T,0.0,0
2010-05-21,89,69,0.00,0.0,0
2010-05-22,91,75,0.00,0.0,0
2010-05-23,93,76,0.00,0.0,0
2010-05-24,91,73,0.00,0.0,0
2010-05-25,88,74,0.00,0.0,0
2010-05-26,93,73,0.00,0.0,0
2010-05-27,94,71,0.00,0.0,0
2010-05-28,96,74,T,0.0,0
2010-05-29,94,73,0.00,0.0,0
2010-05-30,98,75,0.00,0.0,0
2010-05-31,95,75,0.00,0.0,0
2010-06-01,97,77,0.00,0.0,0
2010-06-02,96,76,0.00,0.0,0
2010-06-03,89,73,0.00,0.0,0
2010-06-04,95,70,0.00,0.0,0
2010-06-05,99,77,0.00,0.0,0
2010-06-06,98,78,0.00,0.0,0
2010-06-07,98,81,0.03,0.0,0
2010-06-08,96,76,0.00,0.0,0
2010-06-09,87,75,0.53,0.0,0
2010-06-10,93,74,0.01,0.0,0
2010-06-11,96,79,0.00,0.0,0
2010-06-12,96,79,0.00,0.0,0
2010-06-13,97,81,0.00,0.0,0
2010-06-14,96,79,0.00,0.0,0
2010-06-15,96,72,T,0.0,0
2010-06-16,98,79,0.00,0.0,0
2010-06-17,97,80,0.00,0.0,0
2010-06-18,98,79,0.00,0.0,0
2010-06-19,98,80,0.00,0.0,0
2010-06-20,99,79,0.00,0.0,0
2010-06-21,99,81,0.00,0.0,0
2010-06-22,100,82,0.00,0.0,0
2010-06-23,100,81,0.00,0.0,0
2010-06-24,95,82,0.00,0.0,0
2010-06-25,94,79,T,0.0,0
2010-06-26,98,80,0.00,0.0,0
2010-06-27,99,80,0.00,0.0,0
2010-06-28,96,76,0.33,0.0,0
2010-06-29,89,74,1.55,0.0,0
2010-06-30,93,75,1.31,0.0,0
2010-07-01,89,76,T,0.0,0
2010-07-02,85,74,1.57,0.0,0
2010-07-03,89,75,0.11,0.0,0
2010-07-04,94,75,0.00,0.0,0
2010-07-05,94,78,T,0.0,0
2010-07-06,95,79,T,0.0,0
2010-07-07,95,77,0.07,0.0,0
2010-07-08,90,75,0.83,0.0,0
2010-07-09,88,75,0.43,0.0,0
2010-07-10,91,76,0.01,0.0,0
2010-07-11,97,80,0.00,0.0,0
2010-07-12,94,80,0.00,0.0,0
2010-07-13,95,81,0.00,0.0,0
2010-07-14,97,80,0.00,0.0,0
2010-07-15,98,80,0.00,0.0,0
2010-07-16,99,80,0.00,0.0,0
2010-07-17,101,81,0.00,0.0,0
2010-07-18,100,81,0.00,0.0,0
2010-07-19,96,78,0.00,0.0,0
2010-07-20,96,79,0.00,0.0,0
2010-07-21,95,80,0.00,0.0,0
2010-07-22,96,80,0.00,0.0,0
2010-07-23,93,80,0.01,0.0,0
2010-07-24,96,78,0.00,0.0,0
2010-07-25,101,78,0.00,0.0,0
2010-07-26,96,77,0.02,0.0,0
2010-07-27,93,74,0.06,0.0,0
2010-07-28,93,76,T,0.0,0
2010-07-29,96,76,0.00,0.0,0
2010-07-30,99,80,0.00,0.0,0
2010-07-31,103,82,0.00,0.0,0
2010-08-01,105,80,0.00,0.0,0
2010-08-02,105,80,0.00,0.0,0
2010-08-03,103,81,0.00,0.0,0
2010-08-04,103,83,0.00,0.0,0
2010-08-05,104,84,0.00,0.0,0
2010-08-06,104,81,0.10,0.0,0
2010-08-07,102,80,0.00,0.0,0
2010-08-08,101,83,0.00,0.0,0
2010-08-09,101,82,0.00,0.0,0
2010-08-10,102,82,0.00,0.0,0
2010-08-11,102,83,0.00,0.0,0
2010-08-12,104,85,0.00,0.0,0
2010-08-13,103,84,0.00,0.0,0
2010-08-14,103,85,0.00,0.0,0
2010-08-15,104,85,0.00,0.0,0
2010-08-16,103,82,0.00,0.0,0
2010-08-17,102,82,0.08,0.0,0
2010-08-18,97,82,T,0.0,0
2010-08-19,101,80,0.00,0.0,0
2010-08-20,102,82,0.00,0.0,0
2010-08-21,103,82,0.00,0.0,0
2010-08-22,106,84,0.00,0.0,0
2010-08-23,107,85,0.00,0.0,0
2010-08-24,97,81,T,0.0,0
2010-08-25,82,72,0.25,0.0,0
2010-08-26,95,70,0.00,0.0,0
2010-08-27,95,71,0.00,0.0,0
2010-08-28,98,71,0.00,0.0,0
2010-08-29,98,78,0.00,0.0,0
2010-08-30,100,81,T,0.0,0
2010-08-31,99,80,T,0.0,0
2010-09-01,96,77,0.08,0.0,0
2010-09-02,82,72,0.22,0.0,0
2010-09-03,87,71,0.00,0.0,0
2010-09-04,89,62,0.00,0.0,0
2010-09-05,94,69,0.00,0.0,0
2010-09-06,96,72,0.00,0.0,0
2010-09-07,84,73,1.17,0.0,0
2010-09-08,83,75,5.25,0.0,0
2010-09-09,94,79,T,0.0,0
2010-09-10,93,78,0.00,0.0,0
2010-09-11,96,81,T,0.0,0
2010-09-12,94,78,0.00,0.0,0
2010-09-13,93,79,0.00,0.0,0
2010-09-14,94,75,0.12,0.0,0
2010-09-15,94,74,0.00,0.0,0
2010-09-16,93,76,0.00,0.0,0
2010-09-17,95,74,0.00,0.0,0
2010-09-18,94,75,0.00,0.0,0
2010-09-19,93,74,0.00,0.0,0
2010-09-20,90,76,0.00,0.0,0
2010-09-21,88,72,0.02,0.0,0
2010-09-22,91,74,T,0.0,0
2010-09-23,92,77,T,0.0,0
2010-09-24,87,77,0.00,0.0,0
2010-09-25,78,70,2.68,0.0,0
2010-09-26,76,59,0.00,0.0,0
2010-09-27,76,55,0.00,0.0,0
2010-09-28,85,55,0.00,0.0,0
2010-09-29,85,60,0.00,0.0,0
2010-09-30,88,60,0.00,0.0,0
2010-10-01,83,62,0.00,0.0,0
2010-10-02,84,57,0.00,0.0,0
2010-10-03,71,55,0.00,0.0,0
2010-10-04,73,53,0.00,0.0,0
2010-10-05,76,52,0.00,0.0,0
2010-10-06,81,51,0.00,0.0,0
2010-10-07,86,53,0.00,0.0,0
2010-10-08,86,54,0.00,0.0,0
2010-10-09,86,57,0.00,0.0,0
2010-10-10,86,59,0.00,0.0,0
2010-10-11,85,64,T,0.0,0
2010-10-12,81,61,0.00,0.0,0
2010-10-13,79,61,0.00,0.0,0
2010-10-14,75,51,0.00,0.0,0
2010-10-15,85,53,0.00,0.0,0
2010-10-16,85,52,0.00,0.0,0
2010-10-17,79,57,0.00,0.0,0
2010-10-18,86,63,0.00,0.0,0
2010-10-19,86,67,0.00,0.0,0
2010-10-20,83,63,0.00,0.0,0
2010-10-21,86,64,0.00,0.0,0
2010-10-22,82,69,0.02,0.0,0
2010-10-23,75,61,0.69,0.0,0
2010-10-24,87,63,0.00,0.0,0
2010-10-25,86,64,0.00,0.0,0
2010-10-26,78,60,0.00,0.0,0
2010-10-27,83,58,0.00,0.0,0
2010-10-28,71,50,0.00,0.0,0
2010-10-29,70,44,0.00,0.0,0
2010-10-30,80,46,0.00,0.0,0
2010-10-31,85,54,0.00,0.0,0
2010-11-01,73,58,0.00,0.0,0
2010-11-02,59,52,1.78,0.0,0
2010-11-03,69,49,0.42,0.0,0
2010-11-04,65,46,0.00,0.0,0
2010-11-05,62,39,0.00,0.0,0
2010-11-06,66,39,0.00,0.0,0
2010-11-07,70,42,0.00,0.0,0
2010-11-08,75,52,0.00,0.0,0
2010-11-09,76,55,0.00,0.0,0
2010-11-10,79,59,0.00,0.0,0
2010-11-11,77,64,0.17,0.0,0
2010-11-12,79,51,0.25,0.0,0
2010-11-13,59,45,0.00,0.0,0
2010-11-14,63,39,0.00,0.0,0
2010-11-15,63,45,T,0.0,0
2010-11-16,64,47,0.06,0.0,0
2010-11-17,71,49,0.00,0.0,0
2010-11-18,57,41,0.00,0.0,0
2010-11-19,67,42,0.00,0.0,0
2010-11-20,72,51,0.00,0.0,0
2010-11-21,80,63,0.00,0.0,0
2010-11-22,81,68,0.00,0.0,0
2010-11-23,77,63,0.00,0.0,0
2010-11-24,83,71,0.00,0.0,0
2010-11-25,74,37,T,0.0,0
2010-11-26,53,32,0.00,0.0,0
2010-11-27,63,32,0.00,0.0,0
2010-11-28,66,41,0.00,0.0,0
2010-11-29,72,49,0.06,0.0,0
2010-11-30,51,37,0.00,0.0,0
2010-12-01,64,36,0.00,0.0,0
2010-12-02,68,40,0.00,0.0,0
2010-12-03,75,43,0.00,0.0,0
2010-12-04,67,45,0.00,0.0,0
2010-12-05,51,36,0.00,0.0,0
2010-12-06,50,31,0.00,0.0,0
2010-12-07,55,33,0.00,0.0,0
2010-12-08,53,38,T,0.0,0
2010-12-09,60,39,0.00,0.0,0
2010-12-10,69,44,0.00,0.0,0
2010-12-11,64,42,0.00,0.0,0
2010-12-12,47,33,0.00,0.0,0
2010-12-13,52,28,0.00,0.0,0
2010-12-14,68,37,0.00,0.0,0
2010-12-15,77,52,0.00,0.0,0
2010-12-16,66,42,0.00,0.0,0
2010-12-17,52,40,0.00,0.0,0
2010-12-18,54,32,0.00,0.0,0
2010-12-19,62,41,0.00,0.0,0
2010-12-20,77,50,0.00,0.0,0
2010-12-21,85,53,0.00,0.0,0
2010-12-22,53,43,0.00,0.0,0
2010-12-23,51,44,0.00,0.0,0
2010-12-24,50,40,0.81,0.0,0
2010-12-25,40,34,0.00,0.0,0
2010-12-26,43,27,0.00,0.0,0
2010-12-27,51,30,0.00,0.0,0
2010-12-28,54,43,0.52,0.0,0
2010-12-29,67,54,0.29,0.0,0
2010-12-30,70,60,0.00,0.0,0
2010-12-31,68,41,0.07,0.0,0
2011-01-01,44,31,0.00,0.0,0
2011-01-02,48,25,0.00,0.0,0
2011-01-03,59,35,0.00,0.0,0
2011-01-04,57,41,0.00,0.0,0
2011-01-05,58,37,0.00,0.0,0
2011-01-06,63,36,0.00,0.0,0
2011-01-07,66,37,0.00,0.0,0
2011-01-08,53,38,0.00,0.0,0
2011-01-09,47,29,1.15,0.1,T
2011-01-10,35,29,T,T,0
2011-01-11,34,21,0.00,0.0,0
2011-01-12,35,24,0.00,0.0,0
2011-01-13,38,25,0.00,0.0,0
2011-01-14,47,32,0.00,0.0,0
2011-01-15,47,40,0.05,0.0,0
2011-01-16,47,44,0.14,0.0,0
2011-01-17,58,45,T,0.0,0
2011-01-18,57,40,T,0.0,0
2011-01-19,54,33,0.00,0.0,0
2011-01-20,52,27,0.05,0.0,0
2011-01-21,43,23,0.00,0.0,0
2011-01-22,60,29,0.00,0.0,0
2011-01-23,50,32,0.00,0.0,0
2011-01-24,56,26,0.00,0.0,0
2011-01-25,53,34,T,0.0,0
2011-01-26,60,31,0.00,0.0,0
2011-01-27,65,33,0.00,0.0,0
2011-01-28,75,37,0.00,0.0,0
2011-01-29,76,47,0.00,0.0,0
2011-01-30,71,45,0.00,0.0,0
2011-01-31,58,41,0.23,0.0,0
2011-02-01,41,15,0.51,1.0,1
2011-02-02,22,14,0.00,0.0,1
2011-02-03,24,17,T,T,T
2011-02-04,29,19,0.32,5.1,5
2011-02-05,52,17,0.00,0.0,0
2011-02-06,54,36,0.01,0.0,T
2011-02-07,50,34,0.00,0.0,0
2011-02-08,56,33,T,0.0,0
2011-02-09,47,16,0.29,0.3,T
2011-02-10,37,15,0.00,0.0,T
2011-02-11,55,21,0.00,0.0,0
2011-02-12,65,29,0.00,0.0,0
2011-02-13,72,34,0.00,0.0,0
2011-02-14,73,46,0.00,0.0,0
2011-02-15,77,56,0.00,0.0,0
2011-02-16,73,61,0.00,0.0,0
2011-02-17,77,62,0.00,0.0,0
2011-02-18,83,64,0.00,0.0,0
2011-02-19,75,58,0.00,0.0,0
2011-02-20,79,62,0.00,0.0,0
2011-02-21,76,46,0.00,0.0,0
2011-02-22,67,41,T,0.0,0
2011-02-23,70,61,T,0.0,0
2011-02-24,82,46,0.12,0.0,0
2011-02-25,58,39,0.00,0.0,0
2011-02-26,75,45,0.00,0.0,0
2011-02-27,77,65,0.10,0.0,0
2011-02-28,69,46,0.00,0.0,0
2011-03-01,69,38,0.00,0.0,0
2011-03-02,73,48,0.00,0.0,0
2011-03-03,77,50,0.00,0.0,0
2011-03-04,72,59,0.00,0.0,0
2011-03-05,58,41,0.00,0.0,0
2011-03-06,62,33,0.00,0.0,0
2011-03-07,66,47,0.00,0.0,0
2011-03-08,83,54,T,0.0,0
2011-03-09,65,47,0.00,0.0,0
2011-03-10,66,41,0.00,0.0,0
2011-03-11,77,47,0.00,0.0,0
2011-03-12,79,55,0.00,0.0,0
2011-03-13,75,60,0.26,0.0,0
2011-03-14,62,46,0.00,0.0,0
2011-03-15,64,40,0.00,0.0,0
2011-03-16,75,55,0.00,0.0,0
2011-03-17,84,64,0.00,0.0,0
2011-03-18,86,65,0.00,0.0,0
2011-03-19,83,65,0.00,0.0,0
2011-03-20,81,64,0.00,0.0,0
2011-03-21,84,65,0.00,0.0,0
2011-03-22,82,66,0.00,0.0,0
2011-03-23,80,60,0.00,0.0,0
2011-03-24,79,53,0.00,0.0,0
2011-03-25,85,62,0.00,0.0,0
2011-03-26,86,50,0.00,0.0,0
2011-03-27,52,48,0.01,0.0,0
2011-03-28,59,49,T,0.0,0
2011-03-29,55,48,0.01,0.0,0
2011-03-30,56,41,0.00,0.0,0
2011-03-31,77,42,0.00,0.0,0
2011-04-01,89,50,0.00,0.0,0
2011-04-02,86,59,0.00,0.0,0
2011-04-03,87,68,0.00,0.0,0
2011-04-04,77,47,1.50,T,0
2011-04-05,73,42,0.00,0.0,0
2011-04-06,84,53,0.00,0.0,0
2011-04-07,82,65,0.00,0.0,0
2011-04-08,90,71,0.00,0.0,0
2011-04-09,90,69,0.00,0.0,0
2011-04-10,89,71,0.00,0.0,0
2011-04-11,80,57,1.01,0.0,0
2011-04-12,79,50,0.00,0.0,0
2011-04-13,81,56,0.00,0.0,0
2011-04-14,85,63,T,0.0,0
2011-04-15,74,58,0.00,0.0,0
2011-04-16,75,50,0.00,0.0,0
2011-04-17,83,55,0.00,0.0,0
2011-04-18,92,71,0.00,0.0,0
2011-04-19,91,72,0.22,0.0,0
2011-04-20,72,60,T,0.0,0
2011-04-21,86,60,0.09,0.0,0
2011-04-22,91,73,0.00,0.0,0
2011-04-23,89,73,T,0.0,0
2011-04-24,88,68,0.52,0.0,0
2011-04-25,83,68,0.19,0.0,0
2011-04-26,75,59,0.00,0.0,0
2011-04-27,71,57,0.00,0.0,0
2011-04-28,78,48,0.00,0.0,0
2011-04-29,86,56,0.00,0.0,0
2011-04-30,88,68,0.00,0.0,0
2011-05-01,72,47,0.31,0.0,0
2011-05-02,53,46,1.96,0.0,0
2011-05-03,71,41,0.00,0.0,0
2011-05-04,76,50,0.00,0.0,0
2011-05-05,79,57,0.00,0.0,0
2011-05-06,86,58,0.00,0.0,0
2011-05-07,91,65,0.00,0.0,0
2011-05-08,93,71,0.00,0.0,0
2011-05-09,94,74,0.00,0.0,0
2011-05-10,86,74,0.01,0.0,0
2011-05-11,80,65,1.29,0.0,0
2011-05-12,82,63,T,0.0,0
2011-05-13,77,60,0.00,0.0,0
2011-05-14,71,54,0.00,0.0,0
2011-05-15,74,52,0.00,0.0,0
2011-05-16,76,55,0.00,0.0,0
2011-05-17,82,54,0.00,0.0,0
2011-05-18,87,67,0.00,0.0,0
2011-05-19,83,71,0.00,0.0,0
2011-05-20,86,66,0.56,0.0,0
2011-05-21,86,65,T,0.0,0
2011-05-22,91,68,0.43,0.0,0
2011-05-23,89,74,0.24,T,0
2011-05-24,93,72,1.51,T,0
2011-05-25,93,72,0.00,0.0,0
2011-05-26,83,62,0.00,0.0,0
2011-05-27,96,66,0.00,0.0,0
2011-05-28,97,75,0.00,0.0,0
2011-05-29,95,74,0.00,0.0,0
2011-05-30,94,76,0.00,0.0,0
2011-05-31,93,75,0.00,0.0,0
2011-06-01,95,78,0.00,0.0,0
2011-06-02,96,76,0.00,0.0,0
2011-06-03,98,76,0.00,0.0,0
2011-06-04,96,75,0.00,0.0,0
2011-06-05,100,76,0.39,0.0,0
2011-06-06,99,73,0.00,0.0,0
2011-06-07,97,76,0.00,0.0,0
2011-06-08,95,76,0.00,0.0,0
2011-06-09,95,76,0.00,0.0,0
2011-06-10,95,78,0.00,0.0,0
2011-06-11,96,78,0.00,0.0,0
2011-06-12,98,77,0.00,0.0,0
2011-06-13,101,78,0.00,0.0,0
2011-06-14,100,80,0.00,0.0,0
2011-06-15,99,79,0.00,0.0,0
2011-06-16,101,79,0.00,0.0,0
2011-06-17,103,81,0.00,0.0,0
2011-06-18,103,80,0.00,0.0,0
2011-06-19,103,81,T,0.0,0
2011-06-20,100,79,0.00,0.0,0
2011-06-21,96,68,3.31,0.0,0
2011-06-22,91,70,T,0.0,0
2011-06-23,96,74,0.00,0.0,0
2011-06-24,95,78,0.00,0.0,0
2011-06-25,96,78,0.00,0.0,0
2011-06-26,98,77,0.00,0.0,0
2011-06-27,99,80,0.00,0.0,0
2011-06-28,99,82,0.00,0.0,0
2011-06-29,99,80,0.00,0.0,0
2011-06-30,99,81,0.00,0.0,0
2011-07-01,98,79,0.00,0.0,0
2011-07-02,100,80,0.00,0.0,0
2011-07-03,101,81,0.00,0.0,0
2011-07-04,101,81,0.00,0.0,0
2011-07-05,100,81,0.00,0.0,0
2011-07-06,102,79,0.00,0.0,0
2011-07-07,101,81,0.00,0.0,0
2011-07-08,106,84,0.00,0.0,0
2011-07-09,101,85,0.00,0.0,0
2011-07-10,100,82,0.00,0.0,0
2011-07-11,100,81,0.00,0.0,0
2011-07-12,101,84,0.00,0.0,0
2011-07-13,104,84,0.00,0.0,0
2011-07-14,103,85,0.00,0.0,0
2011-07-15,105,83,0.00,0.0,0
2011-07-16,102,81,T,0.0,0
2011-07-17,101,82,0.00,0.0,0
2011-07-18,102,83,0.00,0.0,0
2011-07-19,100,82,0.00,0.0,0
2011-07-20,100,81,0.00,0.0,0
2011-07-21,102,83,0.00,0.0,0
2011-07-22,101,83,0.00,0.0,0
2011-07-23,103,81,0.00,0.0,0
2011-07-24,105,83,0.00,0.0,0
2011-07-25,107,85,0.00,0.0,0
2011-07-26,102,87,0.00,0.0,0
2011-07-27,105,84,0.00,0.0,0
2011-07-28,101,82,0.00,0.0,0
2011-07-29,101,82,0.00,0.0,0
2011-07-30,100,80,0.00,0.0,0
2011-07-31,104,86,0.00,0.0,0
2011-08-01,107,86,0.00,0.0,0
2011-08-02,109,87,0.00,0.0,0
2011-08-03,111,88,0.00,0.0,0
2011-08-04,109,87,0.00,0.0,0
2011-08-05,107,85,0.00,0.0,0
2011-08-06,106,84,0.00,0.0,0
2011-08-07,105,86,0.00,0.0,0
2011-08-08,105,85,0.00,0.0,0
2011-08-09,107,84,0.00,0.0,0
2011-08-10,105,85,0.00,0.0,0
2011-08-11,97,83,T,0.0,0
2011-08-12,103,83,0.00,0.0,0
2011-08-13,91,76,0.93,0.0,0
2011-08-14,100,76,0.00,0.0,0
2011-08-15,105,80,0.00,0.0,0
2011-08-16,104,86,0.00,0.0,0
2011-08-17,105,86,0.00,0.0,0
2011-08-18,107,84,0.00,0.0,0
2011-08-19,107,84,0.00,0.0,0
2011-08-20,107,87,0.00,0.0,0
2011-08-21,103,85,0.00,0.0,0
2011-08-22,106,86,0.00,0.0,0
2011-08-23,105,85,0.00,0.0,0
2011-08-24,107,82,0.00,0.0,0
2011-08-25,104,79,T,0.0,0
2011-08-26,105,83,0.00,0.0,0
2011-08-27,108,82,0.00,0.0,0
2011-08-28,107,84,0.00,0.0,0
2011-08-29,102,80,T,0.0,0
2011-08-30,105,85,T,0.0,0
2011-08-31,104,86,T,0.0,0
2011-09-01,101,83,0.00,0.0,0
2011-09-02,102,83,0.00,0.0,0
2011-09-03,100,78,0.00,0.0,0
2011-09-04,96,75,0.00,0.0,0
2011-09-05,86,68,0.00,0.0,0
2011-09-06,89,60,0.00,0.0,0
2011-09-07,91,62,0.00,0.0,0
2011-09-08,90,66,0.00,0.0,0
2011-09-09,89,64,0.00,0.0,0
2011-09-10,93,62,0.00,0.0,0
2011-09-11,97,66,0.00,0.0,0
2011-09-12,103,67,0.00,0.0,0
2011-09-13,107,80,0.00,0.0,0
2011-09-14,94,76,T,0.0,0
2011-09-15,79,66,0.00,0.0,0
2011-09-16,92,68,1.02,0.0,0
2011-09-17,92,69,0.00,0.0,0
2011-09-18,94,73,0.17,0.0,0
2011-09-19,88,67,0.00,0.0,0
2011-09-20,90,64,0.00,0.0,0
2011-09-21,93,67,0.00,0.0,0
2011-09-22,81,64,T,0.0,0
2011-09-23,83,57,0.00,0.0,0
2011-09-24,95,60,0.00,0.0,0
2011-09-25,93,73,0.00,0.0,0
2011-09-26,91,64,0.00,0.0,0
2011-09-27,94,71,0.00,0.0,0
2011-09-28,96,71,0.00,0.0,0
2011-09-29,100,69,0.18,0.0,0
2011-09-30,84,65,0.00,0.0,0
2011-10-01,84,61,0.00,0.0,0
2011-10-02,83,58,0.00,0.0,0
2011-10-03,86,58,0.00,0.0,0
2011-10-04,86,58,0.00,0.0,0
2011-10-05,87,61,0.00,0.0,0
2011-10-06,89,66,T,0.0,0
2011-10-07,90,72,0.00,0.0,0
2011-10-08,88,66,0.13,0.0,0
2011-10-09,73,63,0.93,0.0,0
2011-10-10,76,63,T,0.0,0
2011-10-11,84,62,0.00,0.0,0
2011-10-12,83,63,0.80,0.0,0
2011-10-13,80,58,0.00,0.0,0
2011-10-14,87,55,0.00,0.0,0
2011-10-15,89,58,0.00,0.0,0
2011-10-16,87,62,0.00,0.0,0
2011-10-17,89,63,0.38,0.0,0
2011-10-18,68,55,0.00,0.0,0
2011-10-19,69,48,0.00,0.0,0
2011-10-20,72,44,0.00,0.0,0
2011-10-21,82,54,0.00,0.0,0
2011-10-22,84,63,0.00,0.0,0
2011-10-23,75,59,0.41,0.0,0
2011-10-24,81,54,0.00,0.0,0
2011-10-25,86,64,0.00,0.0,0
2011-10-26,85,63,0.00,0.0,0
2011-10-27,63,49,0.17,0.0,0
2011-10-28,62,46,0.00,0.0,0
2011-10-29,67,41,0.00,0.0,0
2011-10-30,72,47,0.00,0.0,0
2011-10-31,77,47,0.00,0.0,0
2011-11-01,78,55,0.00,0.0,0
2011-11-02,79,47,T,0.0,0
2011-11-03,59,41,0.00,0.0,0
2011-11-04,65,35,0.00,0.0,0
2011-11-05,71,47,0.00,0.0,0
2011-11-06,78,64,T,0.0,0
2011-11-07,77,68,0.25,0.0,0
2011-11-08,75,53,0.03,0.0,0
2011-11-09,62,45,0.00,0.0,0
2011-11-10,66,40,0.00,0.0,0
2011-11-11,69,42,0.00,0.0,0
2011-11-12,76,52,0.00,0.0,0
2011-11-13,83,65,0.00,0.0,0
2011-11-14,81,69,0.02,0.0,0
2011-11-15,82,65,0.21,0.0,0
2011-11-16,66,47,0.00,0.0,0
2011-11-17,58,37,0.00,0.0,0
2011-11-18,65,43,0.00,0.0,0
2011-11-19,79,62,0.00,0.0,0
2011-11-20,78,50,T,0.0,0
2011-11-21,57,48,0.71,0.0,0
2011-11-22,61,46,0.36,0.0,0
2011-11-23,67,41,0.00,0.0,0
2011-11-24,65,45,0.00,0.0,0
2011-11-25,72,51,0.00,0.0,0
2011-11-26,66,48,0.20,0.0,0
2011-11-27,51,37,0.00,0.0,0
2011-11-28,57,30,0.00,0.0,0
2011-11-29,59,35,0.00,0.0,0
2011-11-30,60,35,0.00,0.0,0
2011-12-01,68,43,0.01,0.0,0
2011-12-02,60,47,0.21,0.0,0
2011-12-03,66,52,1.00,0.0,0
2011-12-04,54,41,1.78,0.0,0
2011-12-05,48,35,0.43,T,0
2011-12-06,39,30,T,T,0
2011-12-07,46,25,0.00,0.0,0
2011-12-08,55,29,0.00,0.0,0
2011-12-09,49,38,0.00,0.0,0
2011-12-10,59,34,0.00,0.0,0
2011-12-11,53,36,0.00,0.0,0
2011-12-12,54,46,T,0.0,0
2011-12-13,64,51,0.01,0.0,0
2011-12-14,70,61,0.16,0.0,0
2011-12-15,62,44,0.13,0.0,0
2011-12-16,54,38,0.03,0.0,0
2011-12-17,59,33,0.00,0.0,0
2011-12-18,57,41,0.00,0.0,0
2011-12-19,67,50,0.81,0.0,0
2011-12-20,51,42,0.00,0.0,0
2011-12-21,55,36,0.00,0.0,0
2011-12-22,60,41,0.00,0.0,0
2011-12-23,44,38,0.00,0.0,0
2011-12-24,44,40,0.05,0.0,0
2011-12-25,49,41,0.01,0.0,0
2011-12-26,48,41,T,0.0,0
2011-12-27,59,36,0.00,0.0,0
2011-12-28,61,33,0.00,0.0,0
2011-12-29,67,34,0.00,0.0,0
2011-12-30,68,40,0.00,0.0,0
2011-12-31,73,36,0.00,0.0,0
2012-01-01,59,40,0.00,0.0,0
2012-01-02,53,35,0.00,0.0,0
2012-01-03,59,30,0.00,0.0,0
2012-01-04,62,37,0.00,0.0,0
2012-01-05,66,35,0.00,0.0,0
2012-01-06,73,48,0.00,0.0,0
2012-01-07,61,44,0.00,0.0,0
2012-01-08,58,40,0.02,0.0,0
2012-01-09,51,44,1.32,0.0,0
2012-01-10,46,42,0.49,0.0,0
2012-01-11,65,36,0.00,0.0,0
2012-01-12,42,29,0.00,0.0,0
2012-01-13,56,28,0.00,0.0,0
2012-01-14,67,37,0.00,0.0,0
2012-01-15,65,38,0.00,0.0,0
2012-01-16,70,61,0.00,0.0,0
2012-01-17,68,38,0.00,0.0,0
2012-01-18,55,30,0.00,0.0,0
2012-01-19,73,40,0.00,0.0,0
2012-01-20,78,47,0.00,0.0,0
2012-01-21,51,37,0.00,0.0,0
2012-01-22,80,46,0.00,0.0,0
2012-01-23,62,39,0.00,0.0,0
2012-01-24,69,42,1.44,0.0,0
2012-01-25,52,47,3.06,0.0,0
2012-01-26,62,44,0.23,0.0,0
2012-01-27,67,36,0.00,0.0,0
2012-01-28,53,36,0.00,0.0,0
2012-01-29,61,31,0.00,0.0,0
2012-01-30,68,42,0.00,0.0,0
2012-01-31,75,58,0.00,0.0,0
2012-02-01,73,52,0.01,0.0,0
2012-02-02,73,48,T,0.0,0
2012-02-03,74,55,T,0.0,0
2012-02-04,56,44,0.00,0.0,0
2012-02-05,47,36,0.00,0.0,0
2012-02-06,55,34,0.00,0.0,0
2012-02-07,60,45,0.00,0.0,0
2012-02-08,47,41,0.00,0.0,0
2012-02-09,56,34,0.02,0.0,0
2012-02-10,58,35,0.11,0.0,0
2012-02-11,38,29,0.00,0.0,0
2012-02-12,43,28,0.03,T,0
2012-02-13,46,34,0.19,T,T
2012-02-14,65,45,0.00,0.0,0
2012-02-15,76,50,0.05,0.0,0
2012-02-16,58,43,0.00,0.0,0
2012-02-17,64,47,0.02,0.0,0
2012-02-18,53,46,1.56,0.0,0
2012-02-19,57,38,0.00,0.0,0
2012-02-20,64,43,0.00,0.0,0
2012-02-21,71,35,0.00,0.0,0
2012-02-22,79,55,0.00,0.0,0
2012-02-23,82,54,0.00,0.0,0
2012-02-24,59,44,0.00,0.0,0
2012-02-25,65,37,0.00,0.0,0
2012-02-26,67,40,0.00,0.0,0
2012-02-27,71,57,0.00,0.0,0
2012-02-28,74,60,0.00,0.0,0
2012-02-29,77,53,T,0.0,0
2012-03-01,83,48,0.00,0.0,0
2012-03-02,72,53,0.00,0.0,0
2012-03-03,62,44,0.00,0.0,0
2012-03-04,75,38,0.00,0.0,0
2012-03-05,79,47,0.00,0.0,0
2012-03-06,72,54,0.00,0.0,0
2012-03-07,71,64,0.02,0.0,0
2012-03-08,72,44,0.17,0.0,0
2012-03-09,54,42,0.01,0.0,0
2012-03-10,54,48,0.96,0.0,0
2012-03-11,64,50,0.17,0.0,0
2012-03-12,80,53,0.00,0.0,0
2012-03-13,77,62,T,0.0,0
2012-03-14,77,67,0.00,0.0,0
2012-03-15,80,67,T,0.0,0
2012-03-16,80,68,0.00,0.0,0
2012-03-17,80,66,T,0.0,0
2012-03-18,76,68,T,0.0,0
2012-03-19,81,57,2.40,0.0,0
2012-03-20,65,51,2.09,0.0,0
2012-03-21,66,52,T,0.0,0
2012-03-22,73,50,0.30,0.0,0
2012-03-23,75,49,0.00,0.0,0
2012-03-24,81,51,0.00,0.0,0
2012-03-25,83,56,0.00,0.0,0
2012-03-26,83,58,0.00,0.0,0
2012-03-27,82,61,0.00,0.0,0
2012-03-28,77,64,0.00,0.0,0
2012-03-29,80,62,0.00,0.0,0
2012-03-30,83,68,T,0.0,0
2012-03-31,85,66,0.00,0.0,0
2012-04-01,87,68,0.00,0.0,0
2012-04-02,84,68,0.00,0.0,0
2012-04-03,78,62,0.49,0.0,0
2012-04-04,75,58,0.00,0.0,0
2012-04-05,76,55,0.00,0.0,0
2012-04-06,79,55,0.00,0.0,0
2012-04-07,83,61,0.00,0.0,0
2012-04-08,73,61,0.88,0.0,0
2012-04-09,76,59,0.00,0.0,0
2012-04-10,84,64,0.00,0.0,0
2012-04-11,83,64,0.00,0.0,0
2012-04-12,79,62,0.00,0.0,0
2012-04-13,81,65,0.00,0.0,0
2012-04-14,81,71,T,0.0,0
2012-04-15,76,59,0.11,0.0,0
2012-04-16,75,55,0.00,0.0,0
2012-04-17,79,53,0.00,0.0,0
2012-04-18,79,56,0.00,0.0,0
2012-04-19,82,60,0.00,0.0,0
2012-04-20,71,56,0.06,0.0,0
2012-04-21,75,48,0.00,0.0,0
2012-04-22,82,52,0.00,0.0,0
2012-04-23,76,52,0.00,0.0,0
2012-04-24,86,55,0.00,0.0,0
2012-04-25,89,66,0.00,0.0,0
2012-04-26,88,70,0.00,0.0,0
2012-04-27,89,69,0.00,0.0,0
2012-04-28,88,69,0.00,0.0,0
2012-04-29,87,69,T,0.0,0
2012-04-30,86,72,T,0.0,0
2012-05-01,87,70,0.00,0.0,0
2012-05-02,87,72,0.00,0.0,0
2012-05-03,91,71,0.00,0.0,0
2012-05-04,92,73,T,0.0,0
2012-05-05,93,69,0.00,0.0,0
2012-05-06,90,75,0.00,0.0,0
2012-05-07,90,69,0.39,0.0,0
2012-05-08,75,67,0.01,0.0,0
2012-05-09,83,62,0.00,0.0,0
2012-05-10,82,61,0.00,0.0,0
2012-05-11,75,64,0.58,0.0,0
2012-05-12,72,63,0.00,0.0,0
2012-05-13,82,62,0.00,0.0,0
2012-05-14,85,62,0.00,0.0,0
2012-05-15,86,65,0.00,0.0,0
2012-05-16,88,65,0.00,0.0,0
2012-05-17,90,68,0.00,0.0,0
2012-05-18,89,68,0.00,0.0,0
2012-05-19,89,68,0.00,0.0,0
2012-05-20,88,71,0.00,0.0,0
2012-05-21,90,68,0.00,0.0,0
2012-05-22,94,69,0.00,0.0,0
2012-05-23,92,74,0.00,0.0,0
2012-05-24,94,75,0.00,0.0,0
2012-05-25,95,74,0.00,0.0,0
2012-05-26,92,76,0.00,0.0,0
2012-05-27,93,72,0.00,0.0,0
2012-05-28,95,70,0.20,0.0,0
2012-05-29,96,69,0.02,0.0,0
2012-05-30,94,68,0.25,0.0,0
2012-05-31,86,68,0.12,0.0,0
2012-06-01,86,62,0.00,0.0,0
2012-06-02,97,71,T,0.0,0
2012-06-03,96,76,0.00,0.0,0
2012-06-04,94,76,0.00,0.0,0
2012-06-05,97,76,0.00,0.0,0
2012-06-06,96,68,1.66,0.0,0
2012-06-07,76,69,0.43,0.0,0
2012-06-08,87,70,0.00,0.0,0
2012-06-09,91,69,0.00,0.0,0
2012-06-10,93,75,0.00,0.0,0
2012-06-11,97,78,T,0.0,0
2012-06-12,91,74,T,0.0,0
2012-06-13,90,71,T,0.0,0
2012-06-14,95,78,0.00,0.0,0
2012-06-15,92,71,0.21,0.0,0
2012-06-16,94,75,0.00,0.0,0
2012-06-17,91,74,T,0.0,0
2012-06-18,93,76,0.00,0.0,0
2012-06-19,93,76,0.01,0.0,0
2012-06-20,93,76,0.00,0.0,0
2012-06-21,95,75,0.00,0.0,0
2012-06-22,98,76,0.00,0.0,0
2012-06-23,97,80,0.00,0.0,0
2012-06-24,100,75,0.00,0.0,0
2012-06-25,104,76,0.00,0.0,0
2012-06-26,107,78,0.00,0.0,0
2012-06-27,102,83,0.00,0.0,0
2012-06-28,101,81,0.00,0.0,0
2012-06-29,99,80,0.00,0.0,0
2012-06-30,97,79,0.00,0.0,0
2012-07-01,95,77,T,0.0,0
2012-07-02,94,78,T,0.0,0
2012-07-03,98,78,0.00,0.0,0
2012-07-04,98,77,0.00,0.0,0
2012-07-05,98,79,0.00,0.0,0
2012-07-06,100,80,0.00,0.0,0
2012-07-07,101,76,0.14,0.0,0
2012-07-08,97,76,0.00,0.0,0
2012-07-09,97,77,T,0.0,0
2012-07-10,94,75,0.05,0.0,0
2012-07-11,96,74,0.00,0.0,0
2012-07-12,95,75,0.00,0.0,0
2012-07-13,96,75,0.00,0.0,0
2012-07-14,96,76,T,0.0,0
2012-07-15,90,73,0.16,0.0,0
2012-07-16,95,72,0.00,0.0,0
2012-07-17,98,77,0.00,0.0,0
2012-07-18,99,77,0.00,0.0,0
2012-07-19,101,79,0.00,0.0,0
2012-07-20,106,80,0.09,0.0,0
2012-07-21,108,77,0.00,0.0,0
2012-07-22,102,81,0.00,0.0,0
2012-07-23,99,79,T,0.0,0
2012-07-24,98,78,0.00,0.0,0
2012-07-25,101,80,0.00,0.0,0
2012-07-26,101,80,0.00,0.0,0
2012-07-27,99,81,0.00,0.0,0
2012-07-28,104,82,0.00,0.0,0
2012-07-29,105,80,0.00,0.0,0
2012-07-30,104,82,0.00,0.0,0
2012-07-31,106,82,0.00,0.0,0
2012-08-01,107,83,0.00,0.0,0
2012-08-02,107,83,0.00,0.0,0
2012-08-03,105,82,0.00,0.0,0
2012-08-04,102,81,0.00,0.0,0
2012-08-05,103,83,0.00,0.0,0
2012-08-06,104,84,0.00,0.0,0
2012-08-07,104,84,0.00,0.0,0
2012-08-08,95,76,0.16,0.0,0
2012-08-09,107,75,0.00,0.0,0
2012-08-10,100,80,0.00,0.0,0
2012-08-11,98,75,0.00,0.0,0
2012-08-12,104,77,0.01,0.0,0
2012-08-13,104,83,0.00,0.0,0
2012-08-14,105,75,0.57,0.0,0
2012-08-15,96,71,2.35,0.0,0
2012-08-16,90,80,0.00,0.0,0
2012-08-17,98,77,0.00,0.0,0
2012-08-18,87,69,1.33,0.0,0
2012-08-19,93,68,0.00,0.0,0
2012-08-20,91,69,0.00,0.0,0
2012-08-21,78,69,0.20,0.0,0
2012-08-22,90,65,0.00,0.0,0
2012-08-23,92,72,0.00,0.0,0
2012-08-24,93,74,0.00,0.0,0
2012-08-25,95,79,0.04,0.0,0
2012-08-26,86,77,0.06,0.0,0
2012-08-27,97,75,T,0.0,0
2012-08-28,95,77,T,0.0,0
2012-08-29,96,72,0.00,0.0,0
2012-08-30,98,77,0.00,0.0,0
2012-08-31,100,80,0.00,0.0,0
2012-09-01,99,80,0.00,0.0,0
2012-09-02,100,79,0.00,0.0,0
2012-09-03,100,79,0.00,0.0,0
2012-09-04,101,80,0.00,0.0,0
2012-09-05,102,81,0.00,0.0,0
2012-09-06,105,80,0.00,0.0,0
2012-09-07,104,80,0.00,0.0,0
2012-09-08,87,67,0.01,0.0,0
2012-09-09,90,59,0.00,0.0,0
2012-09-10,92,63,0.00,0.0,0
2012-09-11,92,71,0.00,0.0,0
2012-09-12,96,71,0.00,0.0,0
2012-09-13,87,73,0.02,0.0,0
2012-09-14,73,65,0.03,0.0,0
2012-09-15,78,64,0.00,0.0,0
2012-09-16,70,66,0.26,0.0,0
2012-09-17,83,67,0.00,0.0,0
2012-09-18,84,63,0.00,0.0,0
2012-09-19,88,59,0.00,0.0,0
2012-09-20,94,64,0.00,0.0,0
2012-09-21,95,70,0.00,0.0,0
2012-09-22,97,68,0.00,0.0,0
2012-09-23,95,68,0.00,0.0,0
2012-09-24,97,76,0.00,0.0,0
2012-09-25,94,74,0.00,0.0,0
2012-09-26,94,75,0.00,0.0,0
2012-09-27,91,75,0.00,0.0,0
2012-09-28,88,72,0.10,0.0,0
2012-09-29,75,67,2.38,0.0,0
2012-09-30,73,60,0.32,0.0,0
2012-10-01,84,57,T,0.0,0
2012-10-02,80,65,0.00,0.0,0
2012-10-03,85,61,0.00,0.0,0
2012-10-04,86,66,0.00,0.0,0
2012-10-05,85,58,0.00,0.0,0
2012-10-06,58,48,T,0.0,0
2012-10-07,53,48,T,0.0,0
2012-10-08,66,41,0.00,0.0,0
2012-10-09,80,53,0.00,0.0,0
2012-10-10,71,63,T,0.0,0
2012-10-11,85,65,T,0.0,0
2012-10-12,85,70,0.00,0.0,0
2012-10-13,83,72,T,0.0,0
2012-10-14,82,60,0.65,0.0,0
2012-10-15,83,54,0.00,0.0,0
2012-10-16,76,60,0.00,0.0,0
2012-10-17,87,65,0.00,0.0,0
2012-10-18,76,54,0.00,0.0,0
2012-10-19,77,50,0.00,0.0,0
2012-10-20,86,54,0.00,0.0,0
2012-10-21,89,75,0.00,0.0,0
2012-10-22,84,73,T,0.0,0
2012-10-23,84,71,0.00,0.0,0
2012-10-24,85,68,0.00,0.0,0
2012-10-25,81,54,T,0.0,0
2012-10-26,56,46,T,0.0,0
2012-10-27,60,38,0.00,0.0,0
2012-10-28,64,37,0.00,0.0,0
2012-10-29,68,38,0.00,0.0,0
2012-10-30,77,44,0.00,0.0,0
2012-10-31,83,55,0.00,0.0,0
2012-11-01,87,51,0.00,0.0,0
2012-11-02,87,61,0.00,0.0,0
2012-11-03,84,63,0.00,0.0,0
2012-11-04,74,54,0.00,0.0,0
2012-11-05,76,52,0.00,0.0,0
2012-11-06,73,46,0.00,0.0,0
2012-11-07,75,47,0.00,0.0,0
2012-11-08,81,54,0.00,0.0,0
2012-11-09,83,63,0.00,0.0,0
2012-11-10,80,65,0.00,0.0,0
2012-11-11,76,44,T,0.0,0
2012-11-12,58,35,0.00,0.0,0
2012-11-13,58,34,0.00,0.0,0
2012-11-14,62,39,0.00,0.0,0
2012-11-15,65,41,0.00,0.0,0
2012-11-16,65,39,0.00,0.0,0
2012-11-17,65,37,0.00,0.0,0
2012-11-18,69,44,0.00,0.0,0
2012-11-19,72,55,0.00,0.0,0
2012-11-20,80,53,0.00,0.0,0
2012-11-21,79,50,0.00,0.0,0
2012-11-22,76,54,0.01,0.0,0
2012-11-23,66,47,0.00,0.0,0
2012-11-24,60,36,0.00,0.0,0
2012-11-25,75,44,0.00,0.0,0
2012-11-26,75,48,0.00,0.0,0
2012-11-27,53,39,0.00,0.0,0
2012-11-28,66,37,0.00,0.0,0
2012-11-29,68,43,0.00,0.0,0
2012-11-30,74,55,0.00,0.0,0
2012-12-01,81,64,0.00,0.0,0
2012-12-02,82,68,0.00,0.0,0
2012-12-03,80,64,0.00,0.0,0
2012-12-04,73,55,0.00,0.0,0
2012-12-05,67,41,0.00,0.0,0
2012-12-06,70,52,0.00,0.0,0
2012-12-07,73,54,0.00,0.0,0
2012-12-08,71,52,0.00,0.0,0
2012-12-09,70,42,0.00,0.0,0
2012-12-10,45,31,T,T,0
2012-12-11,51,29,0.00,0.0,0
2012-12-12,59,30,0.00,0.0,0
2012-12-13,66,39,0.00,0.0,0
2012-12-14,62,52,0.46,0.0,0
2012-12-15,74,55,0.03,0.0,0
2012-12-16,75,53,0.00,0.0,0
2012-12-17,62,44,0.00,0.0,0
2012-12-18,80,41,0.00,0.0,0
2012-12-19,80,56,0.20,0.0,0
2012-12-20,56,36,0.00,0.0,0
2012-12-21,65,32,0.00,0.0,0
2012-12-22,68,33,0.00,0.0,0
2012-12-23,66,47,0.00,0.0,0
2012-12-24,53,34,0.00,0.0,0
2012-12-25,49,30,1.49,2.0,0
2012-12-26,33,23,0.00,0.0,2
2012-12-27,47,27,T,0.0,T
2012-12-28,43,32,0.02,0.0,0
2012-12-29,47,28,0.00,0.0,0
2012-12-30,49,28,T,0.0,0
2012-12-31,50,40,0.27,0.0,0
2013-01-01,47,37,T,0.0,0
2013-01-02,41,31,0.00,0.0,0
2013-01-03,51,29,0.00,0.0,0
2013-01-04,51,41,T,0.0,0
2013-01-05,53,39,0.00,0.0,0
2013-01-06,58,33,0.00,0.0,0
2013-01-07,56,30,0.00,0.0,0
2013-01-08,50,47,1.16,0.0,0
2013-01-09,58,49,1.40,0.0,0
2013-01-10,60,49,0.05,0.0,0
2013-01-11,73,48,0.00,0.0,0
2013-01-12,68,37,0.26,0.0,0
2013-01-13,45,32,T,T,0
2013-01-14,46,30,T,T,T
2013-01-15,39,31,0.06,0.3,T
2013-01-16,50,28,0.00,0.0,0
2013-01-17,61,33,0.00,0.0,0
2013-01-18,63,32,0.00,0.0,0
2013-01-19,71,42,0.00,0.0,0
2013-01-20,72,44,0.00,0.0,0
2013-01-21,60,43,0.00,0.0,0
2013-01-22,66,39,0.00,0.0,0
2013-01-23,75,53,0.00,0.0,0
2013-01-24,79,52,0.00,0.0,0
2013-01-25,58,48,0.00,0.0,0
2013-01-26,53,46,0.01,0.0,0
2013-01-27,76,50,0.00,0.0,0
2013-01-28,79,68,0.00,0.0,0
2013-01-29,80,57,0.33,0.0,0
2013-01-30,58,42,0.00,0.0,0
2013-01-31,70,39,0.00,0.0,0
2013-02-01,61,32,0.00,0.0,0
2013-02-02,69,46,0.00,0.0,0
2013-02-03,71,38,0.00,0.0,0
2013-02-04,73,56,T,0.0,0
2013-02-05,69,57,T,0.0,0
2013-02-06,77,56,0.00,0.0,0
2013-02-07,81,56,T,0.0,0
2013-02-08,66,44,0.00,0.0,0
2013-02-09,60,49,T,0.0,0
2013-02-10,69,48,1.10,0.0,0
2013-02-11,57,49,T,0.0,0
2013-02-12,51,43,0.40,0.0,0
2013-02-13,58,40,0.00,0.0,0
2013-02-14,69,40,0.00,0.0,0
2013-02-15,55,38,0.00,0.0,0
2013-02-16,56,33,0.00,0.0,0
2013-02-17,72,38,0.00,0.0,0
2013-02-18,78,52,0.00,0.0,0
2013-02-19,63,43,T,0.0,0
2013-02-20,54,42,0.14,0.0,0
2013-02-21,69,44,0.19,0.0,0
2013-02-22,50,33,0.00,0.0,0
2013-02-23,56,34,0.00,0.0,0
2013-02-24,72,37,0.00,0.0,0
2013-02-25,61,42,0.03,0.0,0
2013-02-26,59,42,0.00,0.0,0
2013-02-27,58,38,0.00,0.0,0
2013-02-28,60,36,0.00,0.0,0
2013-03-01,56,34,0.00,0.0,0
2013-03-02,56,33,0.00,0.0,0
2013-03-03,73,39,0.00,0.0,0
2013-03-04,88,56,0.00,0.0,0
2013-03-05,65,42,0.00,0.0,0
2013-03-06,62,37,0.00,0.0,0
2013-03-07,73,44,0.00,0.0,0
2013-03-08,65,55,0.01,0.0,0
2013-03-09,71,60,1.79,0.0,0
2013-03-10,61,42,0.14,0.0,0
2013-03-11,61,35,0.00,0.0,0
2013-03-12,69,41,0.00,0.0,0
2013-03-13,71,43,0.00,0.0,0
2013-03-14,78,49,0.00,0.0,0
2013-03-15,83,57,0.00,0.0,0
2013-03-16,83,59,0.00,0.0,0
2013-03-17,73,59,0.01,0.0,0
2013-03-18,71,56,T,0.0,0
2013-03-19,70,49,0.00,0.0,0
2013-03-20,70,49,0.00,0.0,0
2013-03-21,72,54,T,0.0,0
2013-03-22,68,48,0.00,0.0,0
2013-03-23,55,48,0.14,0.0,0
2013-03-24,54,40,T,0.0,0
2013-03-25,56,34,0.00,0.0,0
2013-03-26,59,34,0.00,0.0,0
2013-03-27,72,42,0.00,0.0,0
2013-03-28,72,53,0.00,0.0,0
2013-03-29,78,61,T,0.0,0
2013-03-30,78,57,1.04,0.0,0
2013-03-31,77,59,0.03,0.0,0
2013-04-01,81,52,0.00,0.0,0
2013-04-02,72,54,0.04,0.0,0
2013-04-03,56,45,1.09,0.0,0
2013-04-04,52,44,T,0.0,0
2013-04-05,70,41,0.00,0.0,0
2013-04-06,78,57,0.00,0.0,0
2013-04-07,75,63,0.00,0.0,0
2013-04-08,76,67,0.00,0.0,0
2013-04-09,83,69,T,0.0,0
2013-04-10,74,41,0.41,0.0,0
2013-04-11,62,42,0.00,0.0,0
2013-04-12,78,44,0.00,0.0,0
2013-04-13,80,55,0.00,0.0,0
2013-04-14,83,58,0.00,0.0,0
2013-04-15,89,70,0.00,0.0,0
2013-04-16,89,73,0.00,0.0,0
2013-04-17,87,74,0.00,0.0,0
2013-04-18,77,46,1.22,0.0,0
2013-04-19,65,42,0.00,0.0,0
2013-04-20,73,48,0.00,0.0,0
2013-04-21,73,51,0.00,0.0,0
2013-04-22,80,57,0.00,0.0,0
2013-04-23,69,43,0.01,0.0,0
2013-04-24,64,40,0.04,0.0,0
2013-04-25,75,52,0.00,0.0,0
2013-04-26,80,61,T,0.0,0
2013-04-27,76,62,0.00,0.0,0
2013-04-28,83,56,0.00,0.0,0
2013-04-29,88,63,0.00,0.0,0
2013-04-30,84,63,0.00,0.0,0
2013-05-01,83,67,0.00,0.0,0
2013-05-02,69,44,0.02,0.0,0
2013-05-03,68,40,0.00,0.0,0
2013-05-04,75,44,0.00,0.0,0
2013-05-05,71,47,0.00,0.0,0
2013-05-06,79,51,0.00,0.0,0
2013-05-07,86,61,0.00,0.0,0
2013-05-08,88,66,T,0.0,0
2013-05-09,75,68,0.32,0.0,0
2013-05-10,84,67,0.00,0.0,0
2013-05-11,83,62,0.00,0.0,0
2013-05-12,80,60,0.00,0.0,0
2013-05-13,88,60,0.00,0.0,0
2013-05-14,89,65,0.00,0.0,0
2013-05-15,80,63,2.06,0.0,0
2013-05-16,83,64,0.00,0.0,0
2013-05-17,92,74,T,0.0,0
2013-05-18,94,74,0.00,0.0,0
2013-05-19,91,72,0.00,0.0,0
2013-05-20,92,76,0.00,0.0,0
2013-05-21,84,62,0.81,0.0,0
2013-05-22,86,57,0.00,0.0,0
2013-05-23,88,72,0.00,0.0,0
2013-05-24,87,70,0.33,0.0,0
2013-05-25,87,69,0.57,0.0,0
2013-05-26,88,73,0.01,0.0,0
2013-05-27,88,74,0.00,0.0,0
2013-05-28,87,74,0.00,0.0,0
2013-05-29,85,73,0.13,0.0,0
2013-05-30,90,75,T,0.0,0
2013-05-31,92,79,0.00,0.0,0
2013-06-01,90,78,T,0.0,0
2013-06-02,85,69,0.00,0.0,0
2013-06-03,90,65,0.00,0.0,0
2013-06-04,93,73,0.00,0.0,0
2013-06-05,92,76,0.00,0.0,0
2013-06-06,83,71,0.28,0.0,0
2013-06-07,86,65,0.00,0.0,0
2013-06-08,89,65,0.00,0.0,0
2013-06-09,91,69,1.94,0.0,0
2013-06-10,100,73,0.00,0.0,0
2013-06-11,95,77,0.00,0.0,0
2013-06-12,95,78,0.00,0.0,0
2013-06-13,99,80,0.00,0.0,0
2013-06-14,98,79,0.00,0.0,0
2013-06-15,92,74,0.32,0.0,0
2013-06-16,96,77,0.00,0.0,0
2013-06-17,94,70,0.47,0.0,0
2013-06-18,87,72,0.17,0.0,0
2013-06-19,96,74,0.00,0.0,0
2013-06-20,97,78,0.00,0.0,0
2013-06-21,97,78,0.00,0.0,0
2013-06-22,97,77,0.00,0.0,0
2013-06-23,97,79,0.00,0.0,0
2013-06-24,97,78,0.00,0.0,0
2013-06-25,98,79,0.00,0.0,0
2013-06-26,99,79,0.00,0.0,0
2013-06-27,102,81,0.00,0.0,0
2013-06-28,106,82,0.00,0.0,0
2013-06-29,100,78,0.00,0.0,0
2013-06-30,93,78,0.00,0.0,0
2013-07-01,90,71,0.00,0.0,0
2013-07-02,91,68,0.00,0.0,0
2013-07-03,93,67,0.00,0.0,0
2013-07-04,96,74,0.00,0.0,0
2013-07-05,97,75,0.00,0.0,0
2013-07-06,97,77,0.00,0.0,0
2013-07-07,98,78,0.00,0.0,0
2013-07-08,99,79,0.00,0.0,0
2013-07-09,101,80,0.00,0.0,0
2013-07-10,103,84,0.00,0.0,0
2013-07-11,105,82,T,0.0,0
2013-07-12,102,79,0.00,0.0,0
2013-07-13,102,82,0.00,0.0,0
2013-07-14,83,72,0.27,0.0,0
2013-07-15,75,68,0.82,0.0,0
2013-07-16,91,73,0.68,0.0,0
2013-07-17,93,73,0.04,0.0,0
2013-07-18,95,74,0.00,0.0,0
2013-07-19,96,77,0.02,0.0,0
2013-07-20,95,76,0.16,0.0,0
2013-07-21,98,76,0.00,0.0,0
2013-07-22,99,79,0.00,0.0,0
2013-07-23,99,82,0.00,0.0,0
2013-07-24,99,78,T,0.0,0
2013-07-25,96,77,T,0.0,0
2013-07-26,97,79,0.09,0.0,0
2013-07-27,92,75,0.00,0.0,0
2013-07-28,94,72,0.00,0.0,0
2013-07-29,98,80,0.00,0.0,0
2013-07-30,101,80,0.00,0.0,0
2013-07-31,104,81,0.00,0.0,0
2013-08-01,104,83,0.00,0.0,0
2013-08-02,104,83,0.00,0.0,0
2013-08-03,102,82,0.00,0.0,0
2013-08-04,102,82,0.00,0.0,0
2013-08-05,104,84,0.00,0.0,0
2013-08-06,105,82,0.00,0.0,0
2013-08-07,106,83,0.00,0.0,0
2013-08-08,103,83,0.00,0.0,0
2013-08-09,105,84,T,0.0,0
2013-08-10,100,78,0.00,0.0,0
2013-08-11,104,80,0.00,0.0,0
2013-08-12,101,81,0.00,0.0,0
2013-08-13,103,76,0.85,0.0,0
2013-08-14,92,77,0.71,0.0,0
2013-08-15,90,74,0.00,0.0,0
2013-08-16,90,69,0.10,0.0,0
2013-08-17,91,67,0.00,0.0,0
2013-08-18,92,70,0.00,0.0,0
2013-08-19,95,75,0.00,0.0,0
2013-08-20,97,75,0.00,0.0,0
2013-08-21,96,77,0.00,0.0,0
2013-08-22,99,81,0.00,0.0,0
2013-08-23,100,82,0.00,0.0,0
2013-08-24,101,81,0.00,0.0,0
2013-08-25,99,80,0.00,0.0,0
2013-08-26,99,79,0.00,0.0,0
2013-08-27,95,76,T,0.0,0
2013-08-28,99,75,0.00,0.0,0
2013-08-29,103,81,0.00,0.0,0
2013-08-30,104,80,0.00,0.0,0
2013-08-31,106,82,0.00,0.0,0
2013-09-01,106,82,0.12,0.0,0
2013-09-02,93,77,0.20,0.0,0
2013-09-03,100,77,0.00,0.0,0
2013-09-04,102,78,0.00,0.0,0
2013-09-05,102,80,0.00,0.0,0
2013-09-06,101,80,0.00,0.0,0
2013-09-07,100,80,0.00,0.0,0
2013-09-08,98,76,0.00,0.0,0
2013-09-09,97,78,0.00,0.0,0
2013-09-10,97,77,0.00,0.0,0
2013-09-11,97,76,T,0.0,0
2013-09-12,98,78,0.00,0.0,0
2013-09-13,99,80,0.00,0.0,0
2013-09-14,95,78,0.00,0.0,0
2013-09-15,96,76,0.00,0.0,0
2013-09-16,98,80,0.00,0.0,0
2013-09-17,94,83,0.00,0.0,0
2013-09-18,100,81,0.00,0.0,0
2013-09-19,92,73,1.46,0.0,0
2013-09-20,77,70,1.46,0.0,0
2013-09-21,86,61,0.00,0.0,0
2013-09-22,84,60,0.00,0.0,0
2013-09-23,87,61,0.00,0.0,0
2013-09-24,95,68,0.00,0.0,0
2013-09-25,96,62,0.00,0.0,0
2013-09-26,95,71,0.00,0.0,0
2013-09-27,90,72,0.00,0.0,0
2013-09-28,87,68,0.31,0.0,0
2013-09-29,84,64,0.00,0.0,0
2013-09-30,88,61,0.00,0.0,0
2013-10-01,91,70,0.00,0.0,0
2013-10-02,90,76,0.00,0.0,0
2013-10-03,92,76,0.00,0.0,0
2013-10-04,90,76,0.00,0.0,0
2013-10-05,81,53,0.41,0.0,0
2013-10-06,77,51,0.00,0.0,0
2013-10-07,83,51,0.00,0.0,0
2013-10-08,82,53,0.00,0.0,0
2013-10-09,84,60,0.00,0.0,0
2013-10-10,85,63,0.00,0.0,0
2013-10-11,88,70,0.00,0.0,0
2013-10-12,92,72,T,0.0,0
2013-10-13,78,70,T,0.0,0
2013-10-14,75,70,0.77,0.0,0
2013-10-15,79,55,0.69,0.0,0
2013-10-16,66,54,0.24,0.0,0
2013-10-17,74,48,0.00,0.0,0
2013-10-18,72,53,0.04,0.0,0
2013-10-19,67,44,0.00,0.0,0
2013-10-20,74,45,0.00,0.0,0
2013-10-21,74,52,0.00,0.0,0
2013-10-22,77,46,0.00,0.0,0
2013-10-23,83,52,0.00,0.0,0
2013-10-24,81,55,0.00,0.0,0
2013-10-25,70,53,0.00,0.0,0
2013-10-26,77,56,0.79,0.0,0
2013-10-27,70,60,0.00,0.0,0
2013-10-28,78,59,T,0.0,0
2013-10-29,78,71,T,0.0,0
2013-10-30,73,67,0.06,0.0,0
2013-10-31,76,55,0.01,0.0,0
2013-11-01,77,50,0.00,0.0,0
2013-11-02,69,49,0.00,0.0,0
2013-11-03,68,47,0.00,0.0,0
2013-11-04,62,56,0.53,0.0,0
2013-11-05,72,62,0.24,0.0,0
2013-11-06,73,45,0.19,0.0,0
2013-11-07,65,40,0.00,0.0,0
2013-11-08,69,44,T,0.0,0
2013-11-09,71,57,T,0.0,0
2013-11-10,65,51,0.00,0.0,0
2013-11-11,74,47,0.00,0.0,0
2013-11-12,63,38,0.00,0.0,0
2013-11-13,53,31,0.00,0.0,0
2013-11-14,62,35,0.00,0.0,0
2013-11-15,74,55,0.00,0.0,0
2013-11-16,79,62,0.00,0.0,0
2013-11-17,87,67,0.00,0.0,0
2013-11-18,72,57,0.00,0.0,0
2013-11-19,70,56,0.00,0.0,0
2013-11-20,67,50,0.00,0.0,0
2013-11-21,75,44,0.04,0.0,0
2013-11-22,44,36,0.16,0.0,0
2013-11-23,44,37,0.04,0.0,0
2013-11-24,38,34,0.01,T,0
2013-11-25,39,33,0.66,0.0,0
2013-11-26,54,36,T,0.0,0
2013-11-27,47,30,0.00,0.0,0
2013-11-28,54,30,0.00,0.0,0
2013-11-29,59,32,0.00,0.0,0
2013-11-30,67,44,0.00,0.0,0
2013-12-01,70,51,0.00,0.0,0
2013-12-02,71,43,0.00,0.0,0
2013-12-03,76,46,0.00,0.0,0
2013-12-04,81,50,0.00,0.0,0
2013-12-05,50,31,0.32,T,0
2013-12-06,33,25,0.93,2.0,2
2013-12-07,27,21,T,0.0,2
2013-12-08,33,27,T,0.0,2
2013-12-09,34,30,0.00,T,2
2013-12-10,39,20,0.00,0.0,1
2013-12-11,48,26,0.00,0.0,T
2013-12-12,50,27,0.00,0.0,T
2013-12-13,49,42,0.09,0.0,T
2013-12-14,48,33,0.00,0.0,0
2013-12-15,62,28,0.00,0.0,0
2013-12-16,67,34,0.00,0.0,0
2013-12-17,72,36,0.00,0.0,0
2013-12-18,71,39,0.00,0.0,0
2013-12-19,74,54,0.00,0.0,0
2013-12-20,70,36,T,0.0,0
2013-12-21,55,36,1.61,0.0,0
2013-12-22,46,31,0.00,0.0,0
2013-12-23,48,26,0.00,0.0,0
2013-12-24,53,27,0.00,0.0,0
2013-12-25,58,37,0.00,0.0,0
2013-12-26,55,31,0.00,0.0,0
2013-12-27,59,32,0.00,0.0,0
2013-12-28,62,36,0.00,0.0,0
2013-12-29,51,33,0.00,0.0,0
2013-12-30,44,30,0.00,0.0,0
2013-12-31,55,27,0.00,0.0,0
2014-01-01,70,35,0.00,0.0,0
2014-01-02,43,26,0.00,0.0,0
2014-01-03,53,28,0.00,0.0,0
2014-01-04,70,41,0.00,0.0,0
2014-01-05,60,22,0.00,0.0,0
2014-01-06,34,15,0.00,0.0,0
2014-01-07,48,22,0.00,0.0,0
2014-01-08,48,39,0.09,0.0,0
2014-01-09,49,41,0.02,0.0,0
2014-01-10,69,47,0.08,0.0,0
2014-01-11,69,38,0.00,0.0,0
2014-01-12,74,41,0.00,0.0,0
2014-01-13,64,45,0.00,0.0,0
2014-01-14,66,41,0.00,0.0,0
2014-01-15,56,34,0.00,0.0,0
2014-01-16,65,40,0.00,0.0,0
2014-01-17,55,38,0.00,0.0,0
2014-01-18,68,39,0.00,0.0,0
2014-01-19,64,33,0.00,0.0,0
2014-01-20,73,41,0.00,0.0,0
2014-01-21,54,36,0.00,0.0,0
2014-01-22,60,31,0.00,0.0,0
2014-01-23,45,24,0.00,0.0,0
2014-01-24,41,17,0.00,0.0,0
2014-01-25,67,29,0.00,0.0,0
2014-01-26,74,46,0.00,0.0,0
2014-01-27,51,25,0.00,0.0,0
2014-01-28,36,23,0.00,0.0,0
2014-01-29,47,19,0.00,0.0,0
2014-01-30,58,31,0.00,0.0,0
2014-01-31,75,50,0.00,0.0,0
2014-02-01,66,39,0.00,0.0,0
2014-02-02,39,30,0.20,T,0
2014-02-03,44,30,0.00,0.0,0
2014-02-04,47,38,0.16,0.0,0
2014-02-05,38,23,0.00,0.0,0
2014-02-06,24,17,0.05,0.4,0
2014-02-07,32,23,0.01,T,T
2014-02-08,54,31,T,0.0,0
2014-02-09,48,37,T,0.0,0
2014-02-10,37,30,0.01,0.0,0
2014-02-11,35,29,T,0.0,0
2014-02-12,51,30,0.00,0.0,0
2014-02-13,67,32,0.00,0.0,0
2014-02-14,72,44,0.00,0.0,0
2014-02-15,69,37,0.00,0.0,0
2014-02-16,76,48,0.00,0.0,0
2014-02-17,75,52,0.00,0.0,0
2014-02-18,80,46,0.00,0.0,0
2014-02-19,70,61,0.00,0.0,0
2014-02-20,74,46,0.00,0.0,0
2014-02-21,66,37,0.00,0.0,0
2014-02-22,74,49,0.00,0.0,0
2014-02-23,71,50,0.00,0.0,0
2014-02-24,57,45,0.00,0.0,0
2014-02-25,54,42,0.06,0.0,0
2014-02-26,43,31,0.00,0.0,0
2014-02-27,55,28,0.00,0.0,0
2014-02-28,83,43,0.00,0.0,0
2014-03-01,81,52,0.00,0.0,0
2014-03-02,71,20,0.18,0.4,0
2014-03-03,34,16,T,T,T
2014-03-04,50,26,0.00,0.0,0
2014-03-05,55,34,0.01,0.0,0
2014-03-06,55,41,T,0.0,0
2014-03-07,67,39,0.00,0.0,0
2014-03-08,55,39,0.01,0.0,0
2014-03-09,63,37,0.00,0.0,0
2014-03-10,78,43,0.00,0.0,0
2014-03-11,81,56,0.00,0.0,0
2014-03-12,63,45,0.00,0.0,0
2014-03-13,69,39,0.00,0.0,0
2014-03-14,72,48,0.00,0.0,0
2014-03-15,67,53,1.27,0.0,0
2014-03-16,56,42,0.00,0.0,0
2014-03-17,61,36,0.00,0.0,0
2014-03-18,82,49,0.00,0.0,0
2014-03-19,66,46,0.00,0.0,0
2014-03-20,72,41,0.00,0.0,0
2014-03-21,80,53,0.00,0.0,0
2014-03-22,67,51,0.00,0.0,0
2014-03-23,59,47,0.00,0.0,0
2014-03-24,67,41,0.00,0.0,0
2014-03-25,64,43,0.00,0.0,0
2014-03-26,62,46,0.02,0.0,0
2014-03-27,82,58,0.04,0.0,0
2014-03-28,82,53,0.01,0.0,0
2014-03-29,75,46,0.00,0.0,0
2014-03-30,79,49,0.00,0.0,0
2014-03-31,81,58,0.00,0.0,0
2014-04-01,85,65,0.00,0.0,0
2014-04-02,83,70,0.00,0.0,0
2014-04-03,84,60,T,0.0,0
2014-04-04,68,46,0.00,0.0,0
2014-04-05,56,50,0.05,0.0,0
2014-04-06,53,47,0.58,0.0,0
2014-04-07,68,47,0.01,0.0,0
2014-04-08,71,50,0.00,0.0,0
2014-04-09,81,45,0.00,0.0,0
2014-04-10,86,59,0.00,0.0,0
2014-04-11,83,63,0.00,0.0,0
2014-04-12,84,66,0.00,0.0,0
2014-04-13,79,64,0.37,0.0,0
2014-04-14,64,43,0.00,0.0,0
2014-04-15,64,37,0.00,0.0,0
2014-04-16,69,45,0.00,0.0,0
2014-04-17,64,51,0.04,0.0,0
2014-04-18,78,56,0.02,0.0,0
2014-04-19,79,57,0.00,0.0,0
2014-04-20,81,63,0.71,0.0,0
2014-04-21,80,62,T,0.0,0
2014-04-22,84,60,0.00,0.0,0
2014-04-23,87,61,0.00,0.0,0
2014-04-24,84,66,0.00,0.0,0
2014-04-25,83,57,0.00,0.0,0
2014-04-26,84,63,0.00,0.0,0
2014-04-27,92,73,0.04,0.0,0
2014-04-28,83,65,0.00,0.0,0
2014-04-29,76,56,0.00,0.0,0
2014-04-30,69,50,0.00,0.0,0
2014-05-01,75,46,0.00,0.0,0
2014-05-02,82,52,0.00,0.0,0
2014-05-03,89,50,0.00,0.0,0
2014-05-04,94,62,0.00,0.0,0
2014-05-05,90,63,0.00,0.0,0
2014-05-06,88,65,0.00,0.0,0
2014-05-07,85,70,T,0.0,0
2014-05-08,77,64,2.68,0.0,0
2014-05-09,89,65,0.00,0.0,0
2014-05-10,87,66,0.00,0.0,0
2014-05-11,89,73,0.00,0.0,0
2014-05-12,84,59,0.71,0.0,0
2014-05-13,69,55,0.16,0.0,0
2014-05-14,72,53,0.04,0.0,0
2014-05-15,83,53,0.00,0.0,0
2014-05-16,86,57,0.00,0.0,0
2014-05-17,82,60,0.00,0.0,0
2014-05-18,83,64,0.00,0.0,0
2014-05-19,86,66,0.00,0.0,0
2014-05-20,87,70,0.00,0.0,0
2014-05-21,87,69,0.00,0.0,0
2014-05-22,88,69,0.00,0.0,0
2014-05-23,82,71,0.00,0.0,0
2014-05-24,86,72,0.00,0.0,0
2014-05-25,87,73,0.04,0.0,0
2014-05-26,80,71,0.02,0.0,0
2014-05-27,78,66,0.21,0.0,0
2014-05-28,84,66,0.00,0.0,0
2014-05-29,90,67,0.00,0.0,0
2014-05-30,88,70,0.00,0.0,0
2014-05-31,88,71,0.13,0.0,0
2014-06-01,90,72,0.00,0.0,0
2014-06-02,91,75,T,0.0,0
2014-06-03,91,75,0.00,0.0,0
2014-06-04,92,76,0.00,0.0,0
2014-06-05,91,75,0.00,0.0,0
2014-06-06,91,76,0.00,0.0,0
2014-06-07,95,76,0.00,0.0,0
2014-06-08,87,71,0.32,0.0,0
2014-06-09,80,64,0.79,0.0,0
2014-06-10,85,67,0.00,0.0,0
2014-06-11,95,67,0.00,0.0,0
2014-06-12,85,72,0.05,0.0,0
2014-06-13,89,74,0.00,0.0,0
2014-06-14,91,74,0.00,0.0,0
2014-06-15,93,76,0.00,0.0,0
2014-06-16,94,76,0.00,0.0,0
2014-06-17,94,78,0.00,0.0,0
2014-06-18,95,77,T,0.0,0
2014-06-19,95,76,0.00,0.0,0
2014-06-20,93,77,0.00,0.0,0
2014-06-21,89,79,T,0.0,0
2014-06-22,81,71,0.76,0.0,0
2014-06-23,88,69,0.42,0.0,0
2014-06-24,92,71,0.14,0.0,0
2014-06-25,86,71,0.44,0.0,0
2014-06-26,90,72,0.00,0.0,0
2014-06-27,92,74,0.00,0.0,0
2014-06-28,90,77,T,0.0,0
2014-06-29,94,80,0.00,0.0,0
2014-06-30,95,77,0.00,0.0,0
2014-07-01,94,76,0.00,0.0,0
2014-07-02,94,78,0.10,0.0,0
2014-07-03,88,70,0.03,0.0,0
2014-07-04,93,75,0.00,0.0,0
2014-07-05,92,74,0.00,0.0,0
2014-07-06,94,75,0.00,0.0,0
2014-07-07,99,77,0.00,0.0,0
2014-07-08,97,80,0.00,0.0,0
2014-07-09,97,80,0.00,0.0,0
2014-07-10,97,79,0.00,0.0,0
2014-07-11,96,76,0.00,0.0,0
2014-07-12,98,79,0.00,0.0,0
2014-07-13,101,80,0.00,0.0,0
2014-07-14,101,78,0.02,0.0,0
2014-07-15,94,75,0.00,0.0,0
2014-07-16,91,70,0.09,0.0,0
2014-07-17,80,68,0.67,0.0,0
2014-07-18,78,65,0.00,0.0,0
2014-07-19,77,68,0.00,0.0,0
2014-07-20,92,67,0.00,0.0,0
2014-07-21,97,74,0.00,0.0,0
2014-07-22,98,78,0.00,0.0,0
2014-07-23,96,74,0.09,0.0,0
2014-07-24,95,73,0.00,0.0,0
2014-07-25,100,75,0.00,0.0,0
2014-07-26,101,80,0.00,0.0,0
2014-07-27,103,80,0.00,0.0,0
2014-07-28,97,81,0.00,0.0,0
2014-07-29,86,75,T,0.0,0
2014-07-30,90,75,0.17,0.0,0
2014-07-31,84,71,0.01,0.0,0
2014-08-01,82,69,0.01,0.0,0
2014-08-02,90,68,0.00,0.0,0
2014-08-03,93,71,0.00,0.0,0
2014-08-04,94,74,0.00,0.0,0
2014-08-05,98,74,T,0.0,0
2014-08-06,100,79,0.00,0.0,0
2014-08-07,99,76,0.00,0.0,0
2014-08-08,104,81,T,0.0,0
2014-08-09,102,81,0.00,0.0,0
2014-08-10,101,80,0.03,0.0,0
2014-08-11,98,81,0.00,0.0,0
2014-08-12,95,75,0.00,0.0,0
2014-08-13,95,70,0.00,0.0,0
2014-08-14,95,74,0.00,0.0,0
2014-08-15,100,75,0.00,0.0,0
2014-08-16,103,77,0.41,0.0,0
2014-08-17,86,71,2.81,0.0,0
2014-08-18,90,75,T,0.0,0
2014-08-19,94,77,0.00,0.0,0
2014-08-20,98,79,0.00,0.0,0
2014-08-21,99,78,0.00,0.0,0
2014-08-22,100,78,0.00,0.0,0
2014-08-23,98,79,0.00,0.0,0
2014-08-24,99,79,0.00,0.0,0
2014-08-25,100,80,0.00,0.0,0
2014-08-26,97,81,0.00,0.0,0
2014-08-27,94,78,0.00,0.0,0
2014-08-28,96,76,0.00,0.0,0
2014-08-29,94,72,T,0.0,0
2014-08-30,94,76,0.00,0.0,0
2014-08-31,95,76,0.00,0.0,0
2014-09-01,96,78,0.00,0.0,0
2014-09-02,97,79,0.00,0.0,0
2014-09-03,97,78,0.00,0.0,0
2014-09-04,97,78,0.00,0.0,0
2014-09-05,97,78,0.00,0.0,0
2014-09-06,98,72,0.07,0.0,0
2014-09-07,89,70,0.00,0.0,0
2014-09-08,94,74,0.00,0.0,0
2014-09-09,98,78,0.00,0.0,0
2014-09-10,100,79,0.00,0.0,0
2014-09-11,88,73,T,0.0,0
2014-09-12,74,60,0.04,0.0,0
2014-09-13,71,57,0.00,0.0,0
2014-09-14,81,62,0.00,0.0,0
2014-09-15,85,71,T,0.0,0
2014-09-16,92,75,0.00,0.0,0
2014-09-17,94,76,T,0.0,0
2014-09-18,89,73,0.00,0.0,0
2014-09-19,90,69,0.00,0.0,0
2014-09-20,93,72,0.00,0.0,0
2014-09-21,95,70,0.00,0.0,0
2014-09-22,88,71,T,0.0,0
2014-09-23,85,64,0.00,0.0,0
2014-09-24,87,61,0.00,0.0,0
2014-09-25,87,63,0.00,0.0,0
2014-09-26,89,66,0.00,0.0,0
2014-09-27,88,67,0.00,0.0,0
2014-09-28,90,67,0.00,0.0,0
2014-09-29,89,67,0.00,0.0,0
2014-09-30,92,71,0.00,0.0,0
2014-10-01,93,73,0.00,0.0,0
2014-10-02,94,66,0.57,0.0,0
2014-10-03,82,59,0.00,0.0,0
2014-10-04,78,52,0.00,0.0,0
2014-10-05,85,60,0.00,0.0,0
2014-10-06,85,66,0.35,0.0,0
2014-10-07,97,70,0.00,0.0,0
2014-10-08,88,73,0.00,0.0,0
2014-10-09,91,75,0.00,0.0,0
2014-10-10,92,65,0.23,0.0,0
2014-10-11,66,58,0.29,0.0,0
2014-10-12,75,54,T,0.0,0
2014-10-13,76,60,1.66,0.0,0
2014-10-14,77,56,0.00,0.0,0
2014-10-15,84,51,0.00,0.0,0
2014-10-16,89,57,0.00,0.0,0
2014-10-17,88,61,0.00,0.0,0
2014-10-18,81,62,0.00,0.0,0
2014-10-19,77,59,0.00,0.0,0
2014-10-20,83,59,0.00,0.0,0
2014-10-21,82,59,0.00,0.0,0
2014-10-22,81,63,0.00,0.0,0
2014-10-23,79,64,T,0.0,0
2014-10-24,84,62,0.00,0.0,0
2014-10-25,88,65,0.00,0.0,0
2014-10-26,88,65,0.00,0.0,0
2014-10-27,85,67,0.00,0.0,0
2014-10-28,79,66,0.00,0.0,0
2014-10-29,77,56,0.00,0.0,0
2014-10-30,79,56,T,0.0,0
2014-10-31,67,49,0.00,0.0,0
2014-11-01,62,41,0.00,0.0,0
2014-11-02,68,45,0.00,0.0,0
2014-11-03,76,54,0.00,0.0,0
2014-11-04,70,53,1.21,0.0,0
2014-11-05,58,52,0.15,0.0,0
2014-11-06,73,45,0.00,0.0,0
2014-11-07,68,42,0.00,0.0,0
2014-11-08,70,48,0.00,0.0,0
2014-11-09,74,41,0.00,0.0,0
2014-11-10,79,50,0.00,0.0,0
2014-11-11,67,38,0.00,0.0,0
2014-11-12,41,32,T,T,0
2014-11-13,39,29,T,T,0
2014-11-14,41,28,0.00,0.0,0
2014-11-15,46,39,0.01,0.0,0
2014-11-16,41,29,0.05,T,0
2014-11-17,45,25,0.00,0.0,T
2014-11-18,57,27,0.00,0.0,0
2014-11-19,65,38,0.00,0.0,0
2014-11-20,72,41,0.00,0.0,0
2014-11-21,68,59,0.07,0.0,0
2014-11-22,63,57,0.63,0.0,0
2014-11-23,77,50,0.00,0.0,0
2014-11-24,61,41,0.00,0.0,0
2014-11-25,63,36,0.00,0.0,0
2014-11-26,66,43,0.00,0.0,0
2014-11-27,59,38,0.00,0.0,0
2014-11-28,69,41,0.00,0.0,0
2014-11-29,78,56,0.00,0.0,0
2014-11-30,80,65,0.00,0.0,0
2014-12-01,67,33,T,0.0,0
2014-12-02,50,32,0.00,0.0,0
2014-12-03,59,49,T,0.0,0
2014-12-04,65,57,T,0.0,0
2014-12-05,78,58,T,0.0,0
2014-12-06,68,48,0.00,0.0,0
2014-12-07,55,44,0.00,0.0,0
2014-12-08,60,43,0.00,0.0,0
2014-12-09,58,39,0.00,0.0,0
2014-12-10,58,44,0.00,0.0,0
2014-12-11,68,52,T,0.0,0
2014-12-12,71,59,0.01,0.0,0
2014-12-13,71,58,0.00,0.0,0
2014-12-14,68,61,0.39,0.0,0
2014-12-15,66,51,0.01,0.0,0
2014-12-16,54,40,0.00,0.0,0
2014-12-17,48,42,0.45,0.0,0
2014-12-18,50,42,T,0.0,0
2014-12-19,50,46,0.06,0.0,0
2014-12-20,48,46,T,0.0,0
2014-12-21,53,48,0.00,0.0,0
2014-12-22,66,51,0.00,0.0,0
2014-12-23,55,44,0.73,0.0,0
2014-12-24,53,38,0.00,0.0,0
2014-12-25,62,34,0.00,0.0,0
2014-12-26,65,51,T,0.0,0
2014-12-27,63,36,0.11,0.0,0
2014-12-28,49,35,0.00,0.0,0
2014-12-29,53,30,0.00,0.0,0
2014-12-30,47,36,0.00,0.0,0
2014-12-31,39,33,T,0.0,0
2015-01-01,37,33,0.69,0.0,0
2015-01-02,42,38,0.34,0.0,0
2015-01-03,53,39,0.62,0.0,0
2015-01-04,44,28,0.00,0.0,0
2015-01-05,47,25,0.00,0.0,0
2015-01-06,59,32,0.00,0.0,0
2015-01-07,41,23,0.00,0.0,0
2015-01-08,39,18,0.00,0.0,0
2015-01-09,40,30,0.00,0.0,0
2015-01-10,39,31,0.11,0.0,0
2015-01-11,42,34,0.71,0.0,0
2015-01-12,44,36,0.00,0.0,0
2015-01-13,39,32,T,0.0,0
2015-01-14,43,37,0.00,0.0,0
2015-01-15,56,34,0.00,0.0,0
2015-01-16,63,33,0.00,0.0,0
2015-01-17,69,42,0.00,0.0,0
2015-01-18,69,33,0.00,0.0,0
2015-01-19,70,40,0.00,0.0,0
2015-01-20,71,44,0.00,0.0,0
2015-01-21,63,41,0.33,0.0,0
2015-01-22,48,39,1.12,0.0,0
2015-01-23,53,40,0.00,0.0,0
2015-01-24,61,34,0.00,0.0,0
2015-01-25,65,38,0.00,0.0,0
2015-01-26,72,36,0.00,0.0,0
2015-01-27,79,44,0.00,0.0,0
2015-01-28,82,47,0.00,0.0,0
2015-01-29,69,50,0.00,0.0,0
2015-01-30,57,43,0.00,0.0,0
2015-01-31,54,47,0.45,0.0,0
2015-02-01,59,35,0.26,0.0,0
2015-02-02,43,25,0.00,0.0,0
2015-02-03,54,33,0.00,0.0,0
2015-02-04,58,37,T,0.0,0
2015-02-05,37,31,T,0.0,0
2015-02-06,58,34,0.00,0.0,0
2015-02-07,70,43,0.00,0.0,0
2015-02-08,75,52,0.00,0.0,0
2015-02-09,77,47,0.00,0.0,0
2015-02-10,76,47,0.00,0.0,0
2015-02-11,69,46,0.00,0.0,0
2015-02-12,57,38,0.00,0.0,0
2015-02-13,67,36,0.00,0.0,0
2015-02-14,79,42,0.00,0.0,0
2015-02-15,71,54,0.00,0.0,0
2015-02-16,63,30,0.34,0.0,0
2015-02-17,55,30,0.06,0.0,0
2015-02-18,59,33,0.00,0.0,0
2015-02-19,60,35,0.00,0.0,0
2015-02-20,71,47,T,0.0,0
2015-02-21,68,49,0.00,0.0,0
2015-02-22,50,30,1.25,0.0,0
2015-02-23,30,26,0.27,0.6,T
2015-02-24,37,26,T,0.0,T
2015-02-25,51,33,0.73,0.2,T
2015-02-26,39,31,T,T,0
2015-02-27,31,26,0.25,2.0,0
2015-02-28,33,27,0.15,0.0,2
2015-03-01,38,32,0.14,0.0,1
2015-03-02,42,35,0.07,0.0,T
2015-03-03,54,41,0.18,0.0,0
2015-03-04,53,28,1.06,0.3,0
2015-03-05,40,24,0.16,3.0,3
2015-03-06,53,25,0.00,0.0,T
2015-03-07,63,31,0.00,0.0,0
2015-03-08,53,47,0.12,0.0,0
2015-03-09,50,48,0.95,0.0,0
2015-03-10,59,50,T,0.0,0
2015-03-11,68,47,0.00,0.0,0
2015-03-12,71,50,0.00,0.0,0
2015-03-13,61,55,0.34,0.0,0
2015-03-14,64,55,T,0.0,0
2015-03-15,67,54,T,0.0,0
2015-03-16,80,52,0.00,0.0,0
2015-03-17,83,64,0.00,0.0,0
2015-03-18,68,57,0.03,0.0,0
2015-03-19,76,60,T,0.0,0
2015-03-20,62,54,0.27,0.0,0
2015-03-21,63,53,0.06,0.0,0
2015-03-22,71,53,0.11,0.0,0
2015-03-23,77,53,0.00,0.0,0
2015-03-24,85,59,0.00,0.0,0
2015-03-25,84,63,T,0.0,0
2015-03-26,72,51,T,0.0,0
2015-03-27,71,48,0.00,0.0,0
2015-03-28,83,48,0.00,0.0,0
2015-03-29,85,58,0.00,0.0,0
2015-03-30,77,62,0.00,0.0,0
2015-03-31,86,66,0.00,0.0,0
2015-04-01,83,67,T,0.0,0
2015-04-02,86,70,0.00,0.0,0
2015-04-03,74,59,0.00,0.0,0
2015-04-04,70,50,T,0.0,0
2015-04-05,62,51,0.52,0.0,0
2015-04-06,84,59,0.01,0.0,0
2015-04-07,83,71,0.00,0.0,0
2015-04-08,78,68,T,0.0,0
2015-04-09,84,67,0.03,0.0,0
2015-04-10,71,54,0.00,0.0,0
2015-04-11,77,54,0.00,0.0,0
2015-04-12,80,66,0.01,0.0,0
2015-04-13,72,59,1.08,0.0,0
2015-04-14,61,56,0.01,0.0,0
2015-04-15,78,57,0.00,0.0,0
2015-04-16,79,60,0.00,0.0,0
2015-04-17,74,61,1.27,0.0,0
2015-04-18,82,59,0.60,0.0,0
2015-04-19,77,56,0.00,0.0,0
2015-04-20,71,49,0.00,0.0,0
2015-04-21,75,52,0.04,T,0
2015-04-22,78,61,T,0.0,0
2015-04-23,74,66,0.62,0.0,0
2015-04-24,70,62,1.02,0.0,0
2015-04-25,88,58,0.00,0.0,0
2015-04-26,87,61,T,0.0,0
2015-04-27,76,56,0.53,0.0,0
2015-04-28,60,50,T,0.0,0
2015-04-29,77,47,0.00,0.0,0
2015-04-30,82,54,0.00,0.0,0
2015-05-01,84,57,0.00,0.0,0
2015-05-02,83,60,0.00,0.0,0
2015-05-03,82,64,0.00,0.0,0
2015-05-04,84,67,0.00,0.0,0
2015-05-05,84,64,0.07,0.0,0
2015-05-06,85,69,0.20,0.0,0
2015-05-07,84,65,0.82,0.0,0
2015-05-08,87,70,0.02,0.0,0
2015-05-09,85,72,T,0.0,0
2015-05-10,81,65,1.11,0.0,0
2015-05-11,75,63,0.00,0.0,0
2015-05-12,74,63,0.04,0.0,0
2015-05-13,71,63,0.28,0.0,0
2015-05-14,84,66,0.00,0.0,0
2015-05-15,78,69,0.12,0.0,0
2015-05-16,87,71,T,0.0,0
2015-05-17,81,66,2.20,0.0,0
2015-05-18,91,68,0.00,0.0,0
2015-05-19,82,72,0.33,0.0,0
2015-05-20,89,65,T,0.0,0
2015-05-21,68,56,0.56,0.0,0
2015-05-22,72,61,0.08,0.0,0
2015-05-23,83,69,1.55,0.0,0
2015-05-24,78,67,1.61,0.0,0
2015-05-25,79,63,0.31,0.0,0
2015-05-26,85,64,0.27,0.0,0
2015-05-27,87,63,T,0.0,0
2015-05-28,89,67,0.63,0.0,0
2015-05-29,80,67,4.28,0.0,0
2015-05-30,79,67,0.50,0.0,0
2015-05-31,80,61,0.00,0.0,0
2015-06-01,86,61,0.00,0.0,0
2015-06-02,89,68,0.00,0.0,0
2015-06-03,91,72,0.00,0.0,0
2015-06-04,92,73,0.00,0.0,0
2015-06-05,93,73,0.00,0.0,0
2015-06-06,93,76,0.00,0.0,0
2015-06-07,94,76,0.00,0.0,0
2015-06-08,96,77,0.00,0.0,0
2015-06-09,98,74,1.24,0.0,0
2015-06-10,97,76,0.00,0.0,0
2015-06-11,94,78,0.00,0.0,0
2015-06-12,94,78,T,0.0,0
2015-06-13,90,76,0.92,0.0,0
2015-06-14,91,77,0.04,0.0,0
2015-06-15,91,77,0.37,0.0,0
2015-06-16,84,76,0.31,0.0,0
2015-06-17,80,75,1.46,0.0,0
2015-06-18,95,75,T,0.0,0
2015-06-19,94,76,0.00,0.0,0
2015-06-20,86,78,T,0.0,0
2015-06-21,90,75,0.03,0.0,0
2015-06-22,94,75,0.00,0.0,0
2015-06-23,94,78,0.00,0.0,0
2015-06-24,95,80,0.00,0.0,0
2015-06-25,95,79,0.00,0.0,0
2015-06-26,96,71,0.69,0.0,0
2015-06-27,92,75,T,0.0,0
2015-06-28,93,71,0.00,0.0,0
2015-06-29,96,77,0.00,0.0,0
2015-06-30,95,70,0.31,0.0,0
2015-07-01,94,75,0.00,0.0,0
2015-07-02,93,75,0.00,0.0,0
2015-07-03,93,79,T,0.0,0
2015-07-04,95,79,0.00,0.0,0
2015-07-05,94,79,0.00,0.0,0
2015-07-06,94,80,0.00,0.0,0
2015-07-07,91,80,T,0.0,0
2015-07-08,88,74,0.17,0.0,0
2015-07-09,94,78,0.00,0.0,0
2015-07-10,93,75,0.00,0.0,0
2015-07-11,95,79,0.00,0.0,0
2015-07-12,98,79,0.00,0.0,0
2015-07-13,100,82,0.00,0.0,0
2015-07-14,99,81,0.00,0.0,0
2015-07-15,97,79,0.00,0.0,0
2015-07-16,98,80,0.00,0.0,0
2015-07-17,98,80,0.00,0.0,0
2015-07-18,100,81,0.00,0.0,0
2015-07-19,99,79,0.00,0.0,0
2015-07-20,101,83,0.00,0.0,0
2015-07-21,98,81,0.00,0.0,0
2015-07-22,99,81,0.00,0.0,0
2015-07-23,100,81,0.00,0.0,0
2015-07-24,100,82,0.00,0.0,0
2015-07-25,99,82,0.00,0.0,0
2015-07-26,100,81,0.00,0.0,0
2015-07-27,101,81,0.00,0.0,0
2015-07-28,100,82,0.00,0.0,0
2015-07-29,101,81,0.00,0.0,0
2015-07-30,103,80,0.00,0.0,0
2015-07-31,98,81,0.00,0.0,0
2015-08-01,98,79,0.00,0.0,0
2015-08-02,99,79,0.00,0.0,0
2015-08-03,100,78,0.00,0.0,0
2015-08-04,100,82,0.00,0.0,0
2015-08-05,103,83,0.00,0.0,0
2015-08-06,103,84,0.00,0.0,0
2015-08-07,104,84,0.00,0.0,0
2015-08-08,104,82,0.00,0.0,0
2015-08-09,106,82,0.00,0.0,0
2015-08-10,107,81,0.00,0.0,0
2015-08-11,105,80,T,0.0,0
2015-08-12,101,81,0.00,0.0,0
2015-08-13,98,79,0.00,0.0,0
2015-08-14,98,79,0.00,0.0,0
2015-08-15,97,77,0.00,0.0,0
2015-08-16,99,74,0.00,0.0,0
2015-08-17,98,78,0.00,0.0,0
2015-08-18,100,79,0.00,0.0,0
2015-08-19,95,68,0.25,0.0,0
2015-08-20,75,65,0.20,0.0,0
2015-08-21,93,71,T,0.0,0
2015-08-22,98,77,0.00,0.0,0
2015-08-23,99,80,0.00,0.0,0
2015-08-24,100,79,0.00,0.0,0
2015-08-25,92,79,T,0.0,0
2015-08-26,96,76,0.00,0.0,0
2015-08-27,96,74,0.00,0.0,0
2015-08-28,97,73,0.00,0.0,0
2015-08-29,96,79,T,0.0,0
2015-08-30,98,78,0.00,0.0,0
2015-08-31,96,77,0.00,0.0,0
2015-09-01,95,76,0.00,0.0,0
2015-09-02,95,74,0.00,0.0,0
2015-09-03,96,76,0.00,0.0,0
2015-09-04,96,78,0.00,0.0,0
2015-09-05,96,79,0.11,0.0,0
2015-09-06,99,79,0.00,0.0,0
2015-09-07,101,80,0.00,0.0,0
2015-09-08,100,80,0.00,0.0,0
2015-09-09,88,74,2.67,0.0,0
2015-09-10,94,74,0.00,0.0,0
2015-09-11,95,74,0.00,0.0,0
2015-09-12,86,67,0.00,0.0,0
2015-09-13,92,65,0.00,0.0,0
2015-09-14,90,69,0.00,0.0,0
2015-09-15,91,69,T,0.0,0
2015-09-16,93,75,0.00,0.0,0
2015-09-17,94,76,0.00,0.0,0
2015-09-18,96,77,0.00,0.0,0
2015-09-19,87,75,0.05,0.0,0
2015-09-20,90,73,0.00,0.0,0
2015-09-21,94,70,0.00,0.0,0
2015-09-22,93,74,0.00,0.0,0
2015-09-23,93,73,0.00,0.0,0
2015-09-24,93,70,0.00,0.0,0
2015-09-25,92,72,0.00,0.0,0
2015-09-26,91,68,0.00,0.0,0
2015-09-27,90,68,0.00,0.0,0
2015-09-28,90,69,0.00,0.0,0
2015-09-29,91,72,0.00,0.0,0
2015-09-30,92,69,0.00,0.0,0
2015-10-01,81,66,T,0.0,0
2015-10-02,81,59,0.00,0.0,0
2015-10-03,81,57,0.00,0.0,0
2015-10-04,81,58,0.00,0.0,0
2015-10-05,81,65,0.00,0.0,0
2015-10-06,85,58,0.00,0.0,0
2015-10-07,89,66,0.00,0.0,0
2015-10-08,91,68,0.00,0.0,0
2015-10-09,91,67,0.00,0.0,0
2015-10-10,83,60,0.00,0.0,0
2015-10-11,94,67,0.00,0.0,0
2015-10-12,94,72,0.00,0.0,0
2015-10-13,90,59,0.00,0.0,0
2015-10-14,96,59,0.00,0.0,0
2015-10-15,95,68,0.00,0.0,0
2015-10-16,85,66,0.00,0.0,0
2015-10-17,77,59,0.00,0.0,0
2015-10-18,79,57,0.00,0.0,0
2015-10-19,83,57,0.00,0.0,0
2015-10-20,84,59,0.00,0.0,0
2015-10-21,84,69,0.00,0.0,0
2015-10-22,79,68,1.85,0.0,0
2015-10-23,75,69,5.13,0.0,0
2015-10-24,69,60,1.39,0.0,0
2015-10-25,64,57,0.02,0.0,0
2015-10-26,77,56,0.00,0.0,0
2015-10-27,78,58,0.00,0.0,0
2015-10-28,76,57,0.00,0.0,0
2015-10-29,77,53,0.00,0.0,0
2015-10-30,70,61,2.90,0.0,0
2015-10-31,67,59,0.54,0.0,0
2015-11-01,63,58,0.07,0.0,0
2015-11-02,71,55,0.00,0.0,0
2015-11-03,71,58,0.00,0.0,0
2015-11-04,75,60,0.01,0.0,0
2015-11-05,80,68,0.33,0.0,0
2015-11-06,71,55,T,0.0,0
2015-11-07,67,53,0.10,0.0,0
2015-11-08,67,44,0.00,0.0,0
2015-11-09,66,52,0.00,0.0,0
2015-11-10,76,54,T,0.0,0
2015-11-11,85,59,T,0.0,0
2015-11-12,68,48,0.00,0.0,0
2015-11-13,68,45,0.00,0.0,0
2015-11-14,65,46,0.00,0.0,0
2015-11-15,63,55,0.75,0.0,0
2015-11-16,73,55,0.35,0.0,0
2015-11-17,73,52,0.99,0.0,0
2015-11-18,70,49,0.00,0.0,0
2015-11-19,70,45,0.00,0.0,0
2015-11-20,74,51,0.00,0.0,0
2015-11-21,61,38,0.00,0.0,0
2015-11-22,56,32,0.00,0.0,0
2015-11-23,64,36,0.00,0.0,0
2015-11-24,66,46,0.00,0.0,0
2015-11-25,75,61,T,0.0,0
2015-11-26,72,66,2.16,0.0,0
2015-11-27,70,38,3.60,0.0,0
2015-11-28,41,37,0.94,0.0,0
2015-11-29,43,39,1.04,0.0,0
2015-11-30,49,42,0.01,0.0,0
2015-12-01,50,38,0.00,0.0,0
2015-12-02,59,34,0.00,0.0,0
2015-12-03,60,35,0.00,0.0,0
2015-12-04,59,37,0.00,0.0,0
2015-12-05,60,37,0.00,0.0,0
2015-12-06,64,41,0.00,0.0,0
2015-12-07,67,39,0.00,0.0,0
2015-12-08,72,45,0.00,0.0,0
2015-12-09,71,45,0.00,0.0,0
2015-12-10,76,50,0.00,0.0,0
2015-12-11,78,45,0.00,0.0,0
2015-12-12,75,68,0.04,0.0,0
2015-12-13,72,52,0.85,0.0,0
2015-12-14,70,46,0.00,0.0,0
2015-12-15,71,50,T,0.0,0
2015-12-16,60,39,0.00,0.0,0
2015-12-17,59,34,0.00,0.0,0
2015-12-18,51,33,0.00,0.0,0
2015-12-19,63,39,0.00,0.0,0
2015-12-20,64,48,0.00,0.0,0
2015-12-21,72,50,0.00,0.0,0
2015-12-22,72,44,0.00,0.0,0
2015-12-23,75,53,T,0.0,0
2015-12-24,76,49,0.00,0.0,0
2015-12-25,75,44,0.00,0.0,0
2015-12-26,80,51,1.32,0.0,0
2015-12-27,51,40,2.32,0.0,0
2015-12-28,40,33,0.60,T,0
2015-12-29,46,31,0.00,0.0,0
2015-12-30,53,34,0.00,0.0,0
2015-12-31,52,34,0.00,0.0,0
2016-01-01,47,38,0.00,0.0,0
2016-01-02,49,38,0.00,0.0,0
2016-01-03,59,33,0.00,0.0,0
2016-01-04,53,31,0.00,0.0,0
2016-01-05,45,31,0.00,0.0,0
2016-01-06,50,41,1.12,0.0,0
2016-01-07,64,46,0.11,0.0,0
2016-01-08,58,43,0.00,0.0,0
2016-01-09,46,35,T,0.0,0
2016-01-10,41,28,0.00,0.0,0
2016-01-11,49,30,0.00,0.0,0
2016-01-12,62,34,0.00,0.0,0
2016-01-13,65,37,0.00,0.0,0
2016-01-14,68,43,0.00,0.0,0
2016-01-15,63,45,0.00,0.0,0
2016-01-16,49,34,0.01,0.0,0
2016-01-17,54,30,0.00,0.0,0
2016-01-18,47,27,0.00,0.0,0
2016-01-19,64,37,0.00,0.0,0
2016-01-20,51,33,0.00,0.0,0
2016-01-21,52,36,0.29,T,0
2016-01-22,47,32,0.00,0.0,0
2016-01-23,49,27,0.00,0.0,0
2016-01-24,62,37,0.00,0.0,0
2016-01-25,65,48,0.00,0.0,0
2016-01-26,48,37,0.00,0.0,0
2016-01-27,55,31,0.00,0.0,0
2016-01-28,68,36,0.00,0.0,0
2016-01-29,76,38,0.00,0.0,0
2016-01-30,76,47,0.00,0.0,0
2016-01-31,74,53,0.00,0.0,0
2016-02-01,73,45,T,0.0,0
2016-02-02,66,45,0.00,0.0,0
2016-02-03,51,36,0.00,0.0,0
2016-02-04,54,32,0.00,0.0,0
2016-02-05,58,36,0.00,0.0,0
2016-02-06,52,37,T,0.0,0
2016-02-07,64,33,0.00,0.0,0
2016-02-08,56,41,0.00,0.0,0
2016-02-09,62,35,0.00,0.0,0
2016-02-10,73,36,0.00,0.0,0
2016-02-11,75,46,0.00,0.0,0
2016-02-12,70,44,0.00,0.0,0
2016-02-13,66,41,0.00,0.0,0
2016-02-14,67,56,0.00,0.0,0
2016-02-15,71,50,0.00,0.0,0
2016-02-16,72,47,0.00,0.0,0
2016-02-17,70,43,0.00,0.0,0
2016-02-18,75,51,0.00,0.0,0
2016-02-19,79,61,0.00,0.0,0
2016-02-20,76,66,0.00,0.0,0
2016-02-21,72,55,0.20,0.0,0
2016-02-22,60,51,0.30,0.0,0
2016-02-23,54,42,1.51,0.0,0
2016-02-24,60,40,0.00,0.0,0
2016-02-25,59,39,0.00,0.0,0
2016-02-26,61,34,0.00,0.0,0
2016-02-27,72,45,0.00,0.0,0
2016-02-28,74,54,0.00,0.0,0
2016-02-29,75,53,0.00,0.0,0
2016-03-01,71,53,0.00,0.0,0
2016-03-02,71,45,0.00,0.0,0
2016-03-03,73,52,0.00,0.0,0
2016-03-04,71,43,0.00,0.0,0
2016-03-05,78,48,0.00,0.0,0
2016-03-06,73,55,0.00,0.0,0
2016-03-07,72,63,0.01,0.0,0
2016-03-08,70,55,1.28,0.0,0
2016-03-09,62,58,0.81,0.0,0
2016-03-10,63,58,0.25,0.0,0
2016-03-11,63,58,0.07,0.0,0
2016-03-12,73,59,T,0.0,0
2016-03-13,80,57,0.00,0.0,0
2016-03-14,89,53,0.00,0.0,0
2016-03-15,83,62,0.00,0.0,0
2016-03-16,78,53,0.00,0.0,0
2016-03-17,66,57,0.01,0.0,0
2016-03-18,67,49,T,0.0,0
2016-03-19,61,41,0.00,0.0,0
2016-03-20,57,39,0.00,0.0,0
2016-03-21,67,35,0.00,0.0,0
2016-03-22,77,49,0.00,0.0,0
2016-03-23,82,58,0.25,0.0,0
2016-03-24,63,45,0.00,0.0,0
2016-03-25,71,39,0.00,0.0,0
2016-03-26,77,50,0.00,0.0,0
2016-03-27,64,50,0.00,0.0,0
2016-03-28,71,42,0.00,0.0,0
2016-03-29,77,55,0.00,0.0,0
2016-03-30,80,65,0.18,0.0,0
2016-03-31,76,61,0.00,0.0,0
2016-04-01,65,51,0.00,0.0,0
2016-04-02,71,45,0.00,0.0,0
2016-04-03,77,45,0.00,0.0,0
2016-04-04,85,53,0.00,0.0,0
2016-04-05,87,57,0.00,0.0,0
2016-04-06,79,60,0.00,0.0,0
2016-04-07,87,54,0.00,0.0,0
2016-04-08,74,57,0.00,0.0,0
2016-04-09,71,56,0.08,0.0,0
2016-04-10,77,62,0.00,0.0,0
2016-04-11,88,62,0.03,0.0,0
2016-04-12,71,58,0.04,0.0,0
2016-04-13,63,56,0.01,0.0,0
2016-04-14,74,57,T,0.0,0
2016-04-15,74,55,0.00,0.0,0
2016-04-16,82,64,0.00,0.0,0
2016-04-17,70,62,1.71,0.0,0
2016-04-18,74,64,1.44,0.0,0
2016-04-19,79,64,0.00,0.0,0
2016-04-20,73,61,1.48,T,0
2016-04-21,80,60,0.30,0.0,0
2016-04-22,82,56,0.00,0.0,0
2016-04-23,82,57,0.00,0.0,0
2016-04-24,80,63,0.00,0.0,0
2016-04-25,87,68,0.00,0.0,0
2016-04-26,87,63,0.71,0.0,0
2016-04-27,83,63,T,0.0,0
2016-04-28,86,61,0.01,0.0,0
2016-04-29,84,70,0.08,0.0,0
2016-04-30,77,61,T,0.0,0
2016-05-01,76,60,0.00,0.0,0
2016-05-02,66,51,0.66,0.0,0
2016-05-03,75,50,0.00,0.0,0
2016-05-04,83,57,0.00,0.0,0
2016-05-05,83,57,0.00,0.0,0
2016-05-06,85,56,0.00,0.0,0
2016-05-07,85,61,0.00,0.0,0
2016-05-08,75,68,0.07,0.0,0
2016-05-09,88,67,0.17,0.0,0
2016-05-10,94,73,0.29,0.0,0
2016-05-11,89,68,0.51,0.0,0
2016-05-12,85,68,0.01,0.0,0
2016-05-13,84,62,0.00,0.0,0
2016-05-14,77,62,0.22,0.0,0
2016-05-15,75,61,0.01,0.0,0
2016-05-16,80,65,0.01,0.0,0
2016-05-17,84,63,T,0.0,0
2016-05-18,64,57,0.05,0.0,0
2016-05-19,72,59,0.50,0.0,0
2016-05-20,83,62,0.00,0.0,0
2016-05-21,85,65,0.00,0.0,0
2016-05-22,86,71,T,0.0,0
2016-05-23,84,67,0.22,0.0,0
2016-05-24,87,74,0.04,0.0,0
2016-05-25,87,77,0.00,0.0,0
2016-05-26,83,67,0.32,0.0,0
2016-05-27,81,67,0.60,0.0,0
2016-05-28,87,67,T,0.0,0
2016-05-29,88,68,0.18,0.0,0
2016-05-30,86,68,0.36,0.0,0
2016-05-31,88,68,1.81,0.0,0
2016-06-01,82,68,0.23,0.0,0
2016-06-02,77,70,1.48,0.0,0
2016-06-03,84,69,0.03,0.0,0
2016-06-04,86,70,0.35,0.0,0
2016-06-05,90,69,0.00,0.0,0
2016-06-06,90,66,0.00,0.0,0
2016-06-07,93,69,0.00,0.0,0
2016-06-08,93,70,0.00,0.0,0
2016-06-09,93,75,0.00,0.0,0
2016-06-10,92,77,0.00,0.0,0
2016-06-11,87,77,0.07,0.0,0
2016-06-12,92,74,0.30,0.0,0
2016-06-13,92,74,0.90,0.0,0
2016-06-14,93,74,0.00,0.0,0
2016-06-15,96,78,0.00,0.0,0
2016-06-16,96,79,0.00,0.0,0
2016-06-17,97,78,0.00,0.0,0
2016-06-18,97,80,0.00,0.0,0
2016-06-19,94,76,0.00,0.0,0
2016-06-20,96,77,0.00,0.0,0
2016-06-21,98,79,0.00,0.0,0
2016-06-22,97,80,0.00,0.0,0
2016-06-23,95,80,0.00,0.0,0
2016-06-24,98,79,0.00,0.0,0
2016-06-25,95,79,0.00,0.0,0
2016-06-26,96,80,0.00,0.0,0
2016-06-27,99,77,0.49,T,0
2016-06-28,95,78,0.02,0.0,0
2016-06-29,94,75,0.00,0.0,0
2016-06-30,95,76,0.00,0.0,0
2016-07-01,96,79,0.00,0.0,0
2016-07-02,96,80,0.00,0.0,0
2016-07-03,97,80,0.05,0.0,0
2016-07-04,93,70,1.23,0.0,0
2016-07-05,94,76,2.21,0.0,0
2016-07-06,97,79,0.00,0.0,0
2016-07-07,97,79,0.00,0.0,0
2016-07-08,97,78,0.00,0.0,0
2016-07-09,94,76,0.01,0.0,0
2016-07-10,95,75,0.00,0.0,0
2016-07-11,97,79,0.00,0.0,0
2016-07-12,96,79,0.00,0.0,0
2016-07-13,99,79,0.00,0.0,0
2016-07-14,98,79,0.00,0.0,0
2016-07-15,92,70,0.36,T,0
2016-07-16,98,77,0.00,0.0,0
2016-07-17,96,79,0.00,0.0,0
2016-07-18,96,79,0.00,0.0,0
2016-07-19,96,80,0.00,0.0,0
2016-07-20,98,81,0.00,0.0,0
2016-07-21,99,83,0.00,0.0,0
2016-07-22,100,81,0.00,0.0,0
2016-07-23,100,83,0.00,0.0,0
2016-07-24,100,82,0.00,0.0,0
2016-07-25,100,82,T,0.0,0
2016-07-26,98,78,0.12,0.0,0
2016-07-27,96,80,T,0.0,0
2016-07-28,98,80,0.00,0.0,0
2016-07-29,96,78,0.00,0.0,0
2016-07-30,100,82,0.00,0.0,0
2016-07-31,99,81,0.00,0.0,0
2016-08-01,101,80,0.00,0.0,0
2016-08-02,101,80,0.00,0.0,0
2016-08-03,101,84,0.00,0.0,0
2016-08-04,101,83,0.00,0.0,0
2016-08-05,101,84,0.00,0.0,0
2016-08-06,101,84,0.00,0.0,0
2016-08-07,102,84,0.00,0.0,0
2016-08-08,102,83,0.00,0.0,0
2016-08-09,102,83,0.00,0.0,0
2016-08-10,102,84,0.00,0.0,0
2016-08-11,104,85,0.00,0.0,0
2016-08-12,106,81,0.23,0.0,0
2016-08-13,96,79,T,0.0,0
2016-08-14,90,76,0.00,0.0,0
2016-08-15,81,73,0.10,0.0,0
2016-08-16,83,73,0.00,0.0,0
2016-08-17,79,74,0.49,0.0,0
2016-08-18,89,75,0.35,0.0,0
2016-08-19,88,71,1.31,0.0,0
2016-08-20,82,73,0.64,0.0,0
2016-08-21,91,73,0.00,0.0,0
2016-08-22,90,76,0.41,0.0,0
2016-08-23,95,78,0.00,0.0,0
2016-08-24,95,76,0.00,0.0,0
2016-08-25,96,78,0.00,0.0,0
2016-08-26,91,77,T,0.0,0
2016-08-27,92,75,0.00,0.0,0
2016-08-28,92,75,0.00,0.0,0
2016-08-29,92,75,T,0.0,0
2016-08-30,95,75,0.00,0.0,0
2016-08-31,97,78,0.00,0.0,0
2016-09-01,93,74,0.03,0.0,0
2016-09-02,90,74,0.00,0.0,0
2016-09-03,90,72,0.00,0.0,0
2016-09-04,93,73,0.00,0.0,0
2016-09-05,94,77,0.00,0.0,0
2016-09-06,95,78,0.00,0.0,0
2016-09-07,96,79,0.00,0.0,0
2016-09-08,97,79,0.00,0.0,0
2016-09-09,96,78,0.00,0.0,0
2016-09-10,87,69,0.05,0.0,0
2016-09-11,90,64,0.00,0.0,0
2016-09-12,94,69,0.00,0.0,0
2016-09-13,93,75,0.00,0.0,0
2016-09-14,94,78,T,0.0,0
2016-09-15,95,77,0.00,0.0,0
2016-09-16,97,78,T,0.0,0
2016-09-17,97,78,0.00,0.0,0
2016-09-18,98,73,0.11,0.0,0
2016-09-19,100,80,0.00,0.0,0
2016-09-20,99,80,0.00,0.0,0
2016-09-21,94,77,0.00,0.0,0
2016-09-22,95,73,0.00,0.0,0
2016-09-23,95,78,0.00,0.0,0
2016-09-24,92,77,0.22,0.0,0
2016-09-25,80,73,0.04,0.0,0
2016-09-26,73,65,1.29,0.0,0
2016-09-27,78,62,0.00,0.0,0
2016-09-28,90,58,0.00,0.0,0
2016-09-29,80,62,0.00,0.0,0
2016-09-30,81,57,0.00,0.0,0
2016-10-01,84,63,0.00,0.0,0
2016-10-02,85,64,0.00,0.0,0
2016-10-03,86,65,0.00,0.0,0
2016-10-04,90,69,0.00,0.0,0
2016-10-05,93,75,0.00,0.0,0
2016-10-06,92,75,0.00,0.0,0
2016-10-07,80,62,1.05,0.0,0
2016-10-08,80,55,0.00,0.0,0
2016-10-09,77,54,0.00,0.0,0
2016-10-10,82,56,0.00,0.0,0
2016-10-11,88,61,0.00,0.0,0
2016-10-12,91,66,0.00,0.0,0
2016-10-13,75,60,0.00,0.0,0
2016-10-14,76,62,0.14,0.0,0
2016-10-15,88,70,0.00,0.0,0
2016-10-16,90,73,0.00,0.0,0
2016-10-17,92,73,0.00,0.0,0
2016-10-18,93,74,0.00,0.0,0
2016-10-19,91,74,0.00,0.0,0
2016-10-20,78,61,0.37,0.0,0
2016-10-21,75,53,0.00,0.0,0
2016-10-22,78,54,0.00,0.0,0
2016-10-23,81,56,0.00,0.0,0
2016-10-24,84,67,0.00,0.0,0
2016-10-25,82,65,0.00,0.0,0
2016-10-26,85,65,0.00,0.0,0
2016-10-27,88,67,0.00,0.0,0
2016-10-28,86,65,0.00,0.0,0
2016-10-29,86,67,0.00,0.0,0
2016-10-30,88,65,0.00,0.0,0
2016-10-31,87,63,0.00,0.0,0
2016-11-01,87,71,0.00,0.0,0
2016-11-02,84,73,T,0.0,0
2016-11-03,77,68,0.81,0.0,0
2016-11-04,76,66,T,0.0,0
2016-11-05,72,61,T,0.0,0
2016-11-06,70,62,0.35,0.0,0
2016-11-07,69,62,3.23,0.0,0
2016-11-08,66,62,0.16,0.0,0
2016-11-09,70,56,T,0.0,0
2016-11-10,72,53,0.00,0.0,0
2016-11-11,77,53,0.00,0.0,0
2016-11-12,71,52,0.00,0.0,0
2016-11-13,72,54,0.00,0.0,0
2016-11-14,80,56,0.00,0.0,0
2016-11-15,85,52,0.00,0.0,0
2016-11-16,86,54,0.00,0.0,0
2016-11-17,81,59,0.00,0.0,0
2016-11-18,73,50,0.01,0.0,0
2016-11-19,59,40,0.00,0.0,0
2016-11-20,65,37,0.00,0.0,0
2016-11-21,74,45,0.00,0.0,0
2016-11-22,72,61,0.14,0.0,0
2016-11-23,67,49,0.00,0.0,0
2016-11-24,72,47,0.00,0.0,0
2016-11-25,65,50,0.00,0.0,0
2016-11-26,66,48,0.00,0.0,0
2016-11-27,69,54,T,0.0,0
2016-11-28,73,57,0.26,0.0,0
2016-11-29,74,53,0.00,0.0,0
2016-11-30,62,43,0.00,0.0,0
2016-12-01,67,39,0.00,0.0,0
2016-12-02,65,45,T,0.0,0
2016-12-03,57,48,0.32,0.0,0
2016-12-04,53,48,0.09,0.0,0
2016-12-05,53,48,0.08,0.0,0
2016-12-06,54,48,0.01,0.0,0
2016-12-07,53,39,0.00,0.0,0
2016-12-08,42,31,0.00,0.0,0
2016-12-09,39,27,0.00,0.0,0
2016-12-10,50,37,0.00,0.0,0
2016-12-11,75,49,T,0.0,0
2016-12-12,59,40,0.00,0.0,0
2016-12-13,61,44,0.00,0.0,0
2016-12-14,53,41,0.00,0.0,0
2016-12-15,47,36,T,0.0,0
2016-12-16,66,47,0.01,0.0,0
2016-12-17,74,23,T,0.0,0
2016-12-18,30,18,0.00,0.0,0
2016-12-19,38,17,0.00,0.0,0
2016-12-20,56,31,0.00,0.0,0
2016-12-21,67,40,0.00,0.0,0
2016-12-22,60,44,0.00,0.0,0
2016-12-23,56,42,0.01,0.0,0
2016-12-24,75,55,T,0.0,0
2016-12-25,80,68,T,0.0,0
2016-12-26,73,63,0.00,0.0,0
2016-12-27,72,52,0.00,0.0,0
2016-12-28,82,57,0.00,0.0,0
2016-12-29,60,48,0.00,0.0,0
2016-12-30,59,42,0.00,0.0,0
2016-12-31,73,50,0.00,0.0,0
2017-01-01,65,48,0.10,0.0,0
2017-01-02,73,56,0.39,0.0,0
2017-01-03,61,33,0.00,0.0,0
2017-01-04,41,32,0.00,0.0,0
2017-01-05,41,27,0.00,0.0,0
2017-01-06,27,19,0.02,0.2,0
2017-01-07,39,15,0.00,0.0,T
2017-01-08,49,24,0.00,0.0,0
2017-01-09,68,37,0.00,0.0,0
2017-01-10,79,58,0.00,0.0,0
2017-01-11,79,59,0.00,0.0,0
2017-01-12,78,48,0.00,0.0,0
2017-01-13,52,41,0.11,0.0,0
2017-01-14,46,40,T,0.0,0
2017-01-15,67,45,1.27,0.0,0
2017-01-16,65,50,0.01,0.0,0
2017-01-17,52,44,0.19,0.0,0
2017-01-18,54,47,0.36,0.0,0
2017-01-19,65,49,0.00,0.0,0
2017-01-20,77,51,0.00,0.0,0
2017-01-21,72,49,0.15,0.0,0
2017-01-22,66,51,0.00,0.0,0
2017-01-23,68,42,0.00,0.0,0
2017-01-24,80,50,0.00,0.0,0
2017-01-25,66,42,0.00,0.0,0
2017-01-26,53,34,0.00,0.0,0
2017-01-27,57,34,0.00,0.0,0
2017-01-28,58,38,0.00,0.0,0
2017-01-29,68,38,0.00,0.0,0
2017-01-30,77,43,0.00,0.0,0
2017-01-31,80,49,0.00,0.0,0
2017-02-01,80,54,0.00,0.0,0
2017-02-02,55,44,0.00,0.0,0
2017-02-03,55,42,0.00,0.0,0
2017-02-04,53,45,T,0.0,0
2017-02-05,78,50,0.00,0.0,0
2017-02-06,80,67,0.00,0.0,0
2017-02-07,80,59,0.00,0.0,0
2017-02-08,69,46,0.00,0.0,0
2017-02-09,60,36,0.00,0.0,0
2017-02-10,76,48,0.00,0.0,0
2017-02-11,87,64,0.00,0.0,0
2017-02-12,74,61,0.00,0.0,0
2017-02-13,67,49,0.18,0.0,0
2017-02-14,49,43,1.10,0.0,0
2017-02-15,60,42,0.00,0.0,0
2017-02-16,68,40,0.00,0.0,0
2017-02-17,71,48,0.00,0.0,0
2017-02-18,81,59,0.00,0.0,0
2017-02-19,77,60,T,0.0,0
2017-02-20,71,56,0.98,0.0,0
2017-02-21,77,51,0.00,0.0,0
2017-02-22,84,48,0.00,0.0,0
2017-02-23,88,54,0.00,0.0,0
2017-02-24,72,48,0.00,0.0,0
2017-02-25,56,36,0.00,0.0,0
2017-02-26,63,42,0.00,0.0,0
2017-02-27,80,60,0.01,0.0,0
2017-02-28,82,68,0.00,0.0,0
2017-03-01,73,48,0.00,0.0,0
2017-03-02,67,40,0.00,0.0,0
2017-03-03,72,42,0.00,0.0,0
2017-03-04,60,53,0.03,0.0,0
2017-03-05,65,53,0.07,0.0,0
2017-03-06,82,65,0.00,0.0,0
2017-03-07,73,50,0.13,0.0,0
2017-03-08,78,46,0.00,0.0,0
2017-03-09,83,62,0.00,0.0,0
2017-03-10,75,63,0.00,0.0,0
2017-03-11,77,48,0.04,0.0,0
2017-03-12,55,43,T,0.0,0
2017-03-13,65,46,0.01,0.0,0
2017-03-14,65,40,0.00,0.0,0
2017-03-15,66,47,0.00,0.0,0
2017-03-16,74,53,0.00,0.0,0
2017-03-17,78,66,0.00,0.0,0
2017-03-18,84,64,0.00,0.0,0
2017-03-19,85,64,0.00,0.0,0
2017-03-20,90,67,0.00,0.0,0
2017-03-21,86,63,0.00,0.0,0
2017-03-22,84,65,0.00,0.0,0
2017-03-23,86,66,0.00,0.0,0
2017-03-24,79,57,0.20,0.0,0
2017-03-25,73,55,0.00,0.0,0
2017-03-26,85,53,0.00,0.0,0
2017-03-27,74,59,0.00,0.0,0
2017-03-28,83,62,0.00,0.0,0
2017-03-29,81,59,0.27,0.0,0
2017-03-30,79,54,0.00,0.0,0
2017-03-31,86,57,0.00,0.0,0
2017-04-01,79,61,0.00,0.0,0
2017-04-02,72,60,1.07,0.0,0
2017-04-03,80,54,0.00,0.0,0
2017-04-04,86,58,0.00,0.0,0
2017-04-05,73,50,0.00,0.0,0
2017-04-06,78,49,0.00,0.0,0
2017-04-07,80,55,0.00,0.0,0
2017-04-08,82,62,0.00,0.0,0
2017-04-09,84,67,0.00,0.0,0
2017-04-10,81,68,0.04,0.0,0
2017-04-11,76,62,0.01,0.0,0
2017-04-12,76,64,T,0.0,0
2017-04-13,82,64,0.00,0.0,0
2017-04-14,83,67,T,0.0,0
2017-04-15,81,66,0.00,0.0,0
2017-04-16,82,67,T,0.0,0
2017-04-17,77,64,1.45,0.0,0
2017-04-18,82,63,0.00,0.0,0
2017-04-19,85,67,T,0.0,0
2017-04-20,85,70,0.00,0.0,0
2017-04-21,86,61,0.16,0.0,0
2017-04-22,62,53,T,0.0,0
2017-04-23,75,49,0.00,0.0,0
2017-04-24,78,52,0.00,0.0,0
2017-04-25,86,62,0.00,0.0,0
2017-04-26,76,53,0.12,0.0,0
2017-04-27,76,48,0.00,0.0,0
2017-04-28,87,67,0.00,0.0,0
2017-04-29,90,57,0.08,0.0,0
2017-04-30,69,50,0.04,0.0,0
2017-05-01,84,49,0.00,0.0,0
2017-05-02,88,64,0.00,0.0,0
2017-05-03,78,59,0.08,0.0,0
2017-05-04,75,55,0.00,0.0,0
2017-05-05,81,52,0.00,0.0,0
2017-05-06,87,57,0.00,0.0,0
2017-05-07,87,62,0.00,0.0,0
2017-05-08,84,65,0.00,0.0,0
2017-05-09,82,69,0.00,0.0,0
2017-05-10,82,71,0.01,0.0,0
2017-05-11,87,71,0.00,0.0,0
2017-05-12,80,63,0.00,0.0,0
2017-05-13,85,60,0.00,0.0,0
2017-05-14,90,63,0.00,0.0,0
2017-05-15,89,70,0.00,0.0,0
2017-05-16,84,70,0.00,0.0,0
2017-05-17,91,70,0.16,0.0,0
2017-05-18,93,77,T,0.0,0
2017-05-19,89,73,0.07,0.0,0
2017-05-20,81,68,0.15,0.0,0
2017-05-21,81,62,0.09,0.0,0
2017-05-22,79,63,0.36,0.0,0
2017-05-23,77,60,T,0.0,0
2017-05-24,83,56,0.00,0.0,0
2017-05-25,92,63,0.00,0.0,0
2017-05-26,94,75,0.00,0.0,0
2017-05-27,91,80,0.00,0.0,0
2017-05-28,83,71,0.31,0.0,0
2017-05-29,88,68,0.00,0.0,0
2017-05-30,91,66,0.00,0.0,0
2017-05-31,92,70,0.00,0.0,0
2017-06-01,86,71,0.45,0.0,0
2017-06-02,84,68,1.00,0.0,0
2017-06-03,81,69,0.82,0.0,0
2017-06-04,89,71,T,0.0,0
2017-06-05,87,70,0.05,0.0,0
2017-06-06,94,70,0.00,0.0,0
2017-06-07,91,71,0.00,0.0,0
2017-06-08,88,72,0.00,0.0,0
2017-06-09,78,65,1.30,0.0,0
2017-06-10,89,71,0.00,0.0,0
2017-06-11,90,74,0.00,0.0,0
2017-06-12,93,76,0.00,0.0,0
2017-06-13,94,78,0.00,0.0,0
2017-06-14,94,78,0.00,0.0,0
2017-06-15,94,78,0.00,0.0,0
2017-06-16,96,79,0.00,0.0,0
2017-06-17,94,78,0.00,0.0,0
2017-06-18,94,79,0.00,0.0,0
2017-06-19,93,74,0.11,0.0,0
2017-06-20,93,77,0.00,0.0,0
2017-06-21,92,75,0.00,0.0,0
2017-06-22,90,76,0.00,0.0,0
2017-06-23,101,76,T,0.0,0
2017-06-24,84,70,1.80,0.0,0
2017-06-25,88,72,0.00,0.0,0
2017-06-26,88,73,T,0.0,0
2017-06-27,90,70,1.66,0.0,0
2017-06-28,90,74,0.00,0.0,0
2017-06-29,93,75,0.00,0.0,0
2017-06-30,96,78,0.00,0.0,0
2017-07-01,85,71,0.71,0.0,0
2017-07-02,95,76,0.00,0.0,0
2017-07-03,94,79,0.00,0.0,0
2017-07-04,93,69,0.46,0.0,0
2017-07-05,94,74,0.16,0.0,0
2017-07-06,96,73,0.15,0.0,0
2017-07-07,97,79,0.00,0.0,0
2017-07-08,98,79,T,0.0,0
2017-07-09,93,76,0.01,0.0,0
2017-07-10,94,73,0.00,0.0,0
2017-07-11,97,78,0.00,0.0,0
2017-07-12,95,79,0.00,0.0,0
2017-07-13,96,80,0.00,0.0,0
2017-07-14,100,81,T,0.0,0
2017-07-15,95,78,0.09,0.0,0
2017-07-16,98,78,0.00,0.0,0
2017-07-17,95,79,0.00,0.0,0
2017-07-18,97,81,0.00,0.0,0
2017-07-19,97,82,0.00,0.0,0
2017-07-20,99,82,0.00,0.0,0
2017-07-21,100,82,0.00,0.0,0
2017-07-22,100,80,0.00,0.0,0
2017-07-23,100,74,0.31,0.0,0
2017-07-24,91,74,0.29,0.0,0
2017-07-25,97,78,0.00,0.0,0
2017-07-26,98,80,0.00,0.0,0
2017-07-27,101,82,0.00,0.0,0
2017-07-28,104,83,0.00,0.0,0
2017-07-29,98,82,0.00,0.0,0
2017-07-30,94,79,0.00,0.0,0
2017-07-31,92,74,0.00,0.0,0
2017-08-01,93,75,0.03,0.0,0
2017-08-02,84,74,1.95,0.0,0
2017-08-03,93,75,0.05,0.0,0
2017-08-04,97,77,0.00,0.0,0
2017-08-05,97,78,0.00,0.0,0
2017-08-06,99,79,0.08,0.0,0
2017-08-07,94,75,T,0.0,0
2017-08-08,90,75,0.02,0.0,0
2017-08-09,91,76,0.00,0.0,0
2017-08-10,99,77,0.00,0.0,0
2017-08-11,101,82,0.00,0.0,0
2017-08-12,97,76,1.59,0.0,0
2017-08-13,91,77,0.21,0.0,0
2017-08-14,92,74,1.13,0.0,0
2017-08-15,96,80,0.00,0.0,0
2017-08-16,96,81,T,0.0,0
2017-08-17,92,72,0.16,0.0,0
2017-08-18,94,78,0.01,0.0,0
2017-08-19,99,80,0.00,0.0,0
2017-08-20,98,83,0.00,0.0,0
2017-08-21,96,79,0.00,0.0,0
2017-08-22,98,80,0.00,0.0,0
2017-08-23,91,78,0.00,0.0,0
2017-08-24,90,78,0.04,0.0,0
2017-08-25,88,77,0.00,0.0,0
2017-08-26,83,76,T,0.0,0
2017-08-27,83,75,0.74,0.0,0
2017-08-28,88,74,0.32,0.0,0
2017-08-29,90,72,0.00,0.0,0
2017-08-30,89,70,0.00,0.0,0
2017-08-31,90,72,0.00,0.0,0
2017-09-01,92,70,0.00,0.0,0
2017-09-02,94,74,0.00,0.0,0
2017-09-03,95,76,0.00,0.0,0
2017-09-04,95,76,0.00,0.0,0
2017-09-05,93,75,0.00,0.0,0
2017-09-06,85,64,0.00,0.0,0
2017-09-07,86,60,0.00,0.0,0
2017-09-08,85,63,0.00,0.0,0
2017-09-09,87,64,0.00,0.0,0
2017-09-10,86,65,0.00,0.0,0
2017-09-11,87,65,0.00,0.0,0
2017-09-12,85,63,0.00,0.0,0
2017-09-13,91,63,0.00,0.0,0
2017-09-14,98,69,0.00,0.0,0
2017-09-15,94,74,0.00,0.0,0
2017-09-16,95,75,0.00,0.0,0
2017-09-17,95,75,0.00,0.0,0
2017-09-18,94,74,0.00,0.0,0
2017-09-19,97,75,0.00,0.0,0
2017-09-20,98,78,0.00,0.0,0
2017-09-21,97,79,0.00,0.0,0
2017-09-22,97,73,0.00,0.0,0
2017-09-23,95,75,0.00,0.0,0
2017-09-24,93,75,0.00,0.0,0
2017-09-25,93,73,0.00,0.0,0
2017-09-26,91,77,0.00,0.0,0
2017-09-27,92,73,0.22,0.0,0
2017-09-28,81,69,0.22,0.0,0
2017-09-29,73,67,0.04,0.0,0
2017-09-30,86,64,0.00,0.0,0
2017-10-01,89,67,0.00,0.0,0
2017-10-02,91,71,0.00,0.0,0
2017-10-03,88,74,0.73,0.0,0
2017-10-04,88,76,0.11,0.0,0
2017-10-05,88,71,0.00,0.0,0
2017-10-06,89,71,0.00,0.0,0
2017-10-07,89,68,0.00,0.0,0
2017-10-08,91,59,0.00,0.0,0
2017-10-09,94,70,T,0.0,0
2017-10-10,72,56,0.14,0.0,0
2017-10-11,77,51,0.00,0.0,0
2017-10-12,87,60,0.00,0.0,0
2017-10-13,92,72,0.00,0.0,0
2017-10-14,93,72,0.00,0.0,0
2017-10-15,81,57,0.06,0.0,0
2017-10-16,75,49,0.00,0.0,0
2017-10-17,76,50,0.00,0.0,0
2017-10-18,83,52,0.00,0.0,0
2017-10-19,82,60,0.00,0.0,0
2017-10-20,84,64,T,0.0,0
2017-10-21,89,65,0.03,0.0,0
2017-10-22,75,54,0.97,0.0,0
2017-10-23,83,52,0.00,0.0,0
2017-10-24,74,54,0.00,0.0,0
2017-10-25,80,45,0.00,0.0,0
2017-10-26,85,55,0.00,0.0,0
2017-10-27,67,41,T,0.0,0
2017-10-28,60,34,0.00,0.0,0
2017-10-29,78,40,0.00,0.0,0
2017-10-30,77,49,0.00,0.0,0
2017-10-31,61,50,0.06,0.0,0
2017-11-01,80,51,0.00,0.0,0
2017-11-02,92,66,0.00,0.0,0
2017-11-03,74,55,T,0.0,0
2017-11-04,88,60,0.00,0.0,0
2017-11-05,92,73,0.00,0.0,0
2017-11-06,75,59,0.00,0.0,0
2017-11-07,62,50,0.00,0.0,0
2017-11-08,50,46,0.84,0.0,0
2017-11-09,54,45,0.00,0.0,0
2017-11-10,64,42,0.00,0.0,0
2017-11-11,70,56,0.00,0.0,0
2017-11-12,71,61,0.01,0.0,0
2017-11-13,67,55,0.00,0.0,0
2017-11-14,79,61,0.00,0.0,0
2017-11-15,74,66,T,0.0,0
2017-11-16,75,63,0.00,0.0,0
2017-11-17,82,69,0.00,0.0,0
2017-11-18,76,47,0.00,0.0,0
2017-11-19,63,42,0.00,0.0,0
2017-11-20,66,43,0.00,0.0,0
2017-11-21,70,50,0.00,0.0,0
2017-11-22,56,40,0.00,0.0,0
2017-11-23,68,37,0.00,0.0,0
2017-11-24,78,42,0.00,0.0,0
2017-11-25,75,51,0.00,0.0,0
2017-11-26,73,47,0.00,0.0,0
2017-11-27,76,54,0.00,0.0,0
2017-11-28,78,54,0.00,0.0,0
2017-11-29,66,52,0.00,0.0,0
2017-11-30,76,47,0.00,0.0,0
2017-12-01,73,47,0.00,0.0,0
2017-12-02,78,56,0.00,0.0,0
2017-12-03,77,58,0.01,0.0,0
2017-12-04,82,56,0.02,0.0,0
2017-12-05,58,47,T,0.0,0
2017-12-06,55,45,0.00,0.0,0
2017-12-07,51,33,0.00,0.0,0
2017-12-08,48,26,0.00,0.0,0
2017-12-09,60,33,0.00,0.0,0
2017-12-10,72,34,0.00,0.0,0
2017-12-11,77,38,0.00,0.0,0
2017-12-12,57,41,0.00,0.0,0
2017-12-13,75,39,0.00,0.0,0
2017-12-14,62,40,0.00,0.0,0
2017-12-15,56,36,0.00,0.0,0
2017-12-16,63,39,0.79,0.0,0
2017-12-17,52,44,T,0.0,0
2017-12-18,53,48,T,0.0,0
2017-12-19,61,53,3.21,0.0,0
2017-12-20,61,52,0.00,0.0,0
2017-12-21,77,48,0.00,0.0,0
2017-12-22,68,36,0.22,0.0,0
2017-12-23,51,34,0.00,0.0,0
2017-12-24,46,35,0.00,0.0,0
2017-12-25,47,31,0.00,0.0,0
2017-12-26,44,37,0.03,0.0,0
2017-12-27,41,33,0.00,0.0,0
2017-12-28,42,36,0.00,0.0,0
2017-12-29,48,38,T,0.0,0
2017-12-30,47,35,T,0.0,0
2017-12-31,35,23,T,T,0
2018-01-01,30,17,0.00,0.0,0
2018-01-02,27,22,0.00,0.0,0
2018-01-03,48,21,0.00,0.0,0
2018-01-04,50,27,0.00,0.0,0
2018-01-05,62,31,0.00,0.0,0
2018-01-06,64,37,0.00,0.0,0
2018-01-07,61,51,0.23,0.0,0
2018-01-08,60,42,0.00,0.0,0
2018-01-09,49,39,0.00,0.0,0
2018-01-10,59,46,0.00,0.0,0
2018-01-11,63,31,0.00,0.0,0
2018-01-12,43,23,0.00,0.0,0
2018-01-13,46,28,0.00,0.0,0
2018-01-14,55,31,0.00,0.0,0
2018-01-15,56,29,T,T,0
2018-01-16,29,18,T,T,0
2018-01-17,36,15,0.00,0.0,0
2018-01-18,46,21,0.00,0.0,0
2018-01-19,54,37,0.00,0.0,0
2018-01-20,71,51,0.01,0.0,0
2018-01-21,74,60,0.01,0.0,0
2018-01-22,61,41,0.00,0.0,0
2018-01-23,59,33,0.00,0.0,0
2018-01-24,64,32,0.00,0.0,0
2018-01-25,67,34,0.00,0.0,0
2018-01-26,65,50,0.06,0.0,0
2018-01-27,66,52,0.04,0.0,0
2018-01-28,66,36,0.00,0.0,0
2018-01-29,55,39,0.00,0.0,0
2018-01-30,64,33,0.00,0.0,0
2018-01-31,74,44,0.00,0.0,0
2018-02-01,65,45,0.00,0.0,0
2018-02-02,53,35,0.00,0.0,0
2018-02-03,57,42,0.00,0.0,0
2018-02-04,66,36,0.00,0.0,0
2018-02-05,47,26,0.00,0.0,0
2018-02-06,45,32,0.53,0.0,0
2018-02-07,49,30,T,0.0,0
2018-02-08,60,30,0.00,0.0,0
2018-02-09,69,44,0.00,0.0,0
2018-02-10,60,31,T,0.0,0
2018-02-11,42,27,T,T,0
2018-02-12,47,28,0.00,0.0,0
2018-02-13,46,39,T,0.0,0
2018-02-14,76,44,0.02,0.0,0
2018-02-15,79,64,0.00,0.0,0
2018-02-16,70,46,0.01,0.0,0
2018-02-17,65,42,0.36,0.0,0
2018-02-18,63,46,0.08,0.0,0
2018-02-19,78,63,T,0.0,0
2018-02-20,72,39,3.83,0.0,0
2018-02-21,39,34,1.66,0.0,0
2018-02-22,41,34,0.65,0.0,0
2018-02-23,52,39,1.30,0.0,0
2018-02-24,63,47,0.93,0.0,0
2018-02-25,67,42,0.00,0.0,0
2018-02-26,68,43,0.00,0.0,0
2018-02-27,65,52,0.07,0.0,0
2018-02-28,70,60,1.04,0.0,0
2018-03-01,63,51,0.10,0.0,0
2018-03-02,70,43,0.00,0.0,0
2018-03-03,74,51,0.00,0.0,0
2018-03-04,72,62,T,0.0,0
2018-03-05,73,53,0.00,0.0,0
2018-03-06,68,40,0.00,0.0,0
2018-03-07,60,41,0.00,0.0,0
2018-03-08,70,42,0.00,0.0,0
2018-03-09,75,51,0.00,0.0,0
2018-03-10,84,63,0.00,0.0,0
2018-03-11,71,50,0.00,0.0,0
2018-03-12,63,41,0.00,0.0,0
2018-03-13,65,44,0.00,0.0,0
2018-03-14,69,39,0.00,0.0,0
2018-03-15,77,51,0.00,0.0,0
2018-03-16,86,65,0.01,0.0,0
2018-03-17,80,53,0.92,0.0,0
2018-03-18,79,60,0.03,0.0,0
2018-03-19,74,52,0.00,0.0,0
2018-03-20,67,45,0.00,0.0,0
2018-03-21,73,45,0.00,0.0,0
2018-03-22,80,53,0.00,0.0,0
2018-03-23,77,62,0.00,0.0,0
2018-03-24,87,66,0.00,0.0,0
2018-03-25,76,64,0.00,0.0,0
2018-03-26,86,68,0.00,0.0,0
2018-03-27,73,59,1.61,0.0,0
2018-03-28,67,57,0.73,0.0,0
2018-03-29,75,56,0.00,0.0,0
2018-03-30,73,50,0.00,0.0,0
2018-03-31,79,55,0.00,0.0,0
2018-04-01,74,45,0.00,0.0,0
2018-04-02,64,42,T,0.0,0
2018-04-03,82,52,0.24,0.0,0
2018-04-04,64,44,0.00,0.0,0
2018-04-05,75,50,0.00,0.0,0
2018-04-06,86,51,0.01,T,0
2018-04-07,51,35,T,0.0,0
2018-04-08,57,36,0.00,0.0,0
2018-04-09,72,45,0.00,0.0,0
2018-04-10,73,48,0.00,0.0,0
2018-04-11,81,52,0.00,0.0,0
2018-04-12,84,63,0.00,0.0,0
2018-04-13,87,67,T,0.0,0
2018-04-14,67,47,0.00,0.0,0
2018-04-15,65,39,0.00,0.0,0
2018-04-16,82,42,0.00,0.0,0
2018-04-17,86,60,0.00,0.0,0
2018-04-18,79,56,0.00,0.0,0
2018-04-19,73,51,0.00,0.0,0
2018-04-20,71,51,0.00,0.0,0
2018-04-21,66,54,0.07,0.0,0
2018-04-22,70,53,0.00,0.0,0
2018-04-23,77,52,0.00,0.0,0
2018-04-24,85,56,0.00,0.0,0
2018-04-25,73,50,0.06,0.0,0
2018-04-26,74,46,T,0.0,0
2018-04-27,81,57,0.00,0.0,0
2018-04-28,85,52,0.00,0.0,0
2018-04-29,86,62,0.00,0.0,0
2018-04-30,83,62,0.00,0.0,0
2018-05-01,81,69,T,0.0,0
2018-05-02,87,73,T,0.0,0
2018-05-03,78,66,0.68,0.0,0
2018-05-04,74,64,0.71,0.0,0
2018-05-05,84,60,0.00,0.0,0
2018-05-06,90,59,0.00,0.0,0
2018-05-07,94,63,0.00,0.0,0
2018-05-08,90,70,0.00,0.0,0
2018-05-09,89,68,0.00,0.0,0
2018-05-10,87,66,0.00,0.0,0
2018-05-11,90,71,0.00,0.0,0
2018-05-12,91,74,0.00,0.0,0
2018-05-13,91,73,0.00,0.0,0
2018-05-14,90,74,0.00,0.0,0
2018-05-15,88,74,T,0.0,0
2018-05-16,94,70,0.00,0.0,0
2018-05-17,94,70,0.00,0.0,0
2018-05-18,97,72,0.08,0.0,0
2018-05-19,93,74,T,0.0,0
2018-05-20,82,67,0.48,0.0,0
2018-05-21,89,68,0.00,0.0,0
2018-05-22,90,71,0.00,0.0,0
2018-05-23,92,72,0.00,0.0,0
2018-05-24,91,72,0.00,0.0,0
2018-05-25,92,73,T,0.0,0
2018-05-26,96,72,0.00,0.0,0
2018-05-27,96,78,0.00,0.0,0
2018-05-28,95,76,0.00,0.0,0
2018-05-29,97,77,0.00,0.0,0
2018-05-30,96,80,0.00,0.0,0
2018-05-31,97,77,0.00,0.0,0
2018-06-01,99,78,0.00,0.0,0
2018-06-02,101,80,0.00,0.0,0
2018-06-03,94,79,0.00,0.0,0
2018-06-04,84,69,0.53,0.0,0
2018-06-05,94,73,T,0.0,0
2018-06-06,96,78,0.07,0.0,0
2018-06-07,95,77,0.01,0.0,0
2018-06-08,96,74,0.00,0.0,0
2018-06-09,97,79,0.00,0.0,0
2018-06-10,98,76,0.00,0.0,0
2018-06-11,97,79,0.00,0.0,0
2018-06-12,98,80,0.00,0.0,0
2018-06-13,99,80,0.00,0.0,0
2018-06-14,98,81,0.00,0.0,0
2018-06-15,98,79,0.00,0.0,0
2018-06-16,97,79,0.00,0.0,0
2018-06-17,97,79,0.00,0.0,0
2018-06-18,93,78,0.01,0.0,0
2018-06-19,88,74,0.05,0.0,0
2018-06-20,90,76,0.03,0.0,0
2018-06-21,100,78,0.00,0.0,0
2018-06-22,104,82,0.00,0.0,0
2018-06-23,97,79,T,0.0,0
2018-06-24,100,82,0.00,0.0,0
2018-06-25,96,77,0.01,0.0,0
2018-06-26,99,80,0.00,0.0,0
2018-06-27,102,80,0.00,0.0,0
2018-06-28,101,80,0.00,0.0,0
2018-06-29,100,80,0.00,0.0,0
2018-06-30,101,79,0.00,0.0,0
2018-07-01,104,79,0.00,0.0,0
2018-07-02,103,82,0.00,0.0,0
2018-07-03,104,81,0.00,0.0,0
2018-07-04,94,79,0.00,0.0,0
2018-07-05,100,76,0.00,0.0,0
2018-07-06,97,80,0.08,0.0,0
2018-07-07,98,76,0.00,0.0,0
2018-07-08,98,78,0.00,0.0,0
2018-07-09,92,78,0.14,0.0,0
2018-07-10,97,76,0.06,0.0,0
2018-07-11,97,77,0.00,0.0,0
2018-07-12,103,74,0.28,0.0,0
2018-07-13,99,74,0.00,0.0,0
2018-07-14,101,81,0.00,0.0,0
2018-07-15,102,81,0.00,0.0,0
2018-07-16,103,82,0.00,0.0,0
2018-07-17,106,83,0.00,0.0,0
2018-07-18,107,83,0.00,0.0,0
2018-07-19,110,86,0.00,0.0,0
2018-07-20,110,85,0.00,0.0,0
2018-07-21,110,84,0.00,0.0,0
2018-07-22,112,83,0.00,0.0,0
2018-07-23,104,86,0.00,0.0,0
2018-07-24,99,81,0.00,0.0,0
2018-07-25,102,79,0.00,0.0,0
2018-07-26,105,84,0.00,0.0,0
2018-07-27,98,88,T,0.0,0
2018-07-28,102,85,0.00,0.0,0
2018-07-29,102,81,T,0.0,0
2018-07-30,91,73,0.07,0.0,0
2018-07-31,94,75,0.00,0.0,0
2018-08-01,96,73,0.00,0.0,0
2018-08-02,97,74,0.00,0.0,0
2018-08-03,99,75,0.00,0.0,0
2018-08-04,100,77,0.00,0.0,0
2018-08-05,101,78,0.00,0.0,0
2018-08-06,99,80,0.00,0.0,0
2018-08-07,101,81,0.00,0.0,0
2018-08-08,94,80,0.00,0.0,0
2018-08-09,99,76,0.06,0.0,0
2018-08-10,85,73,0.24,0.0,0
2018-08-11,80,72,1.59,0.0,0
2018-08-12,88,74,0.01,0.0,0
2018-08-13,89,74,0.34,0.0,0
2018-08-14,92,76,0.18,0.0,0
2018-08-15,98,79,0.00,0.0,0
2018-08-16,99,80,0.00,0.0,0
2018-08-17,100,83,0.00,0.0,0
2018-08-18,103,76,0.36,0.0,0
2018-08-19,97,78,0.09,0.0,0
2018-08-20,96,80,0.00,0.0,0
2018-08-21,94,75,0.00,0.0,0
2018-08-22,96,75,0.00,0.0,0
2018-08-23,99,77,0.00,0.0,0
2018-08-24,100,81,0.00,0.0,0
2018-08-25,98,80,0.00,0.0,0
2018-08-26,97,80,0.00,0.0,0
2018-08-27,99,80,0.00,0.0,0
2018-08-28,99,80,0.00,0.0,0
2018-08-29,99,80,0.00,0.0,0
2018-08-30,96,78,0.00,0.0,0
2018-08-31,98,81,0.00,0.0,0
2018-09-01,97,80,0.00,0.0,0
2018-09-02,95,78,0.00,0.0,0
2018-09-03,82,75,0.52,0.0,0
2018-09-04,92,76,0.00,0.0,0
2018-09-05,89,75,1.07,0.0,0
2018-09-06,93,77,0.03,0.0,0
2018-09-07,94,77,2.77,0.0,0
2018-09-08,78,74,1.06,0.0,0
2018-09-09,77,70,T,0.0,0
2018-09-10,79,71,0.01,0.0,0
2018-09-11,80,69,0.10,0.0,0
2018-09-12,86,73,0.01,0.0,0
2018-09-13,90,72,0.00,0.0,0
2018-09-14,86,73,0.20,0.0,0
2018-09-15,92,74,T,0.0,0
2018-09-16,93,75,0.01,0.0,0
2018-09-17,95,77,0.00,0.0,0
2018-09-18,96,78,0.00,0.0,0
2018-09-19,96,79,0.00,0.0,0
2018-09-20,92,73,0.25,0.0,0
2018-09-21,88,75,3.52,0.0,0
2018-09-22,83,70,2.64,0.0,0
2018-09-23,74,68,0.03,0.0,0
2018-09-24,83,72,T,0.0,0
2018-09-25,92,73,0.00,0.0,0
2018-09-26,78,61,0.18,0.0,0
2018-09-27,81,62,0.00,0.0,0
2018-09-28,79,63,0.00,0.0,0
2018-09-29,80,69,T,0.0,0
2018-09-30,86,73,0.00,0.0,0
2018-10-01,87,73,0.00,0.0,0
2018-10-02,87,71,0.00,0.0,0
2018-10-03,91,75,0.00,0.0,0
2018-10-04,91,75,0.00,0.0,0
2018-10-05,91,75,0.00,0.0,0
2018-10-06,90,75,0.06,0.0,0
2018-10-07,90,75,0.09,0.0,0
2018-10-08,86,69,2.07,T,0
2018-10-09,76,64,2.50,0.0,0
2018-10-10,75,60,0.00,0.0,0
2018-10-11,75,55,0.00,0.0,0
2018-10-12,71,62,1.32,0.0,0
2018-10-13,70,62,2.53,0.0,0
2018-10-14,82,51,0.13,0.0,0
2018-10-15,51,42,2.02,0.0,0
2018-10-16,53,46,1.67,0.0,0
2018-10-17,56,51,0.36,0.0,0
2018-10-18,68,55,T,0.0,0
2018-10-19,62,58,0.67,0.0,0
2018-10-20,76,54,0.00,0.0,0
2018-10-21,71,49,0.00,0.0,0
2018-10-22,66,49,T,0.0,0
2018-10-23,73,57,T,0.0,0
2018-10-24,60,54,2.28,0.0,0
2018-10-25,64,52,0.01,0.0,0
2018-10-26,74,50,0.00,0.0,0
2018-10-27,84,53,0.00,0.0,0
2018-10-28,87,62,0.00,0.0,0
2018-10-29,83,62,0.00,0.0,0
2018-10-30,83,70,0.00,0.0,0
2018-10-31,75,53,0.65,0.0,0
2018-11-01,65,50,T,0.0,0
2018-11-02,75,49,0.00,0.0,0
2018-11-03,76,51,0.34,0.0,0
2018-11-04,67,50,0.00,0.0,0
2018-11-05,82,53,T,0.0,0
2018-11-06,75,57,0.00,0.0,0
2018-11-07,71,58,0.01,0.0,0
2018-11-08,58,50,0.37,0.0,0
2018-11-09,57,42,T,0.0,0
2018-11-10,53,35,0.00,0.0,0
2018-11-11,53,47,0.12,0.0,0
2018-11-12,47,35,0.37,0.0,0
2018-11-13,42,31,0.00,0.0,0
2018-11-14,49,26,0.00,0.0,0
2018-11-15,66,32,0.00,0.0,0
2018-11-16,73,42,0.00,0.0,0
2018-11-17,72,46,0.00,0.0,0
2018-11-18,62,39,0.01,0.0,0
2018-11-19,56,38,0.00,0.0,0
2018-11-20,61,36,0.00,0.0,0
2018-11-21,61,35,0.00,0.0,0
2018-11-22,64,40,0.00,0.0,0
2018-11-23,76,51,T,0.0,0
2018-11-24,74,44,0.00,0.0,0
2018-11-25,63,41,0.00,0.0,0
2018-11-26,52,33,0.00,0.0,0
2018-11-27,67,37,0.00,0.0,0
2018-11-28,71,42,0.00,0.0,0
2018-11-29,79,52,0.00,0.0,0
2018-11-30,73,61,0.15,0.0,0
2018-12-01,72,56,0.00,0.0,0
2018-12-02,61,47,0.00,0.0,0
2018-12-03,55,40,0.00,0.0,0
2018-12-04,49,32,0.00,0.0,0
2018-12-05,54,32,0.00,0.0,0
2018-12-06,54,48,0.16,0.0,0
2018-12-07,48,44,0.76,0.0,0
2018-12-08,44,39,0.38,0.0,0
2018-12-09,52,38,0.00,0.0,0
2018-12-10,58,34,0.00,0.0,0
2018-12-11,62,34,0.00,0.0,0
2018-12-12,65,49,T,0.0,0
2018-12-13,65,47,0.12,0.0,0
2018-12-14,51,44,0.03,0.0,0
2018-12-15,62,39,0.00,0.0,0
2018-12-16,68,37,0.00,0.0,0
2018-12-17,55,43,0.00,0.0,0
2018-12-18,63,37,0.00,0.0,0
2018-12-19,61,52,0.01,0.0,0
2018-12-20,61,48,0.00,0.0,0
2018-12-21,60,39,0.00,0.0,0
2018-12-22,68,45,0.00,0.0,0
2018-12-23,58,42,0.00,0.0,0
2018-12-24,62,37,0.00,0.0,0
2018-12-25,65,57,T,0.0,0
2018-12-26,68,56,2.12,0.0,0
2018-12-27,64,42,0.27,0.0,0
2018-12-28,48,35,0.00,0.0,0
2018-12-29,42,36,0.00,0.0,0
2018-12-30,43,36,0.02,0.0,0
2018-12-31,63,41,0.52,0.0,0
2019-01-01,45,36,0.00,0.0,0
2019-01-02,38,33,0.82,0.0,0
2019-01-03,41,36,0.67,0.0,0
2019-01-04,60,38,T,0.0,0
2019-01-05,72,36,0.00,0.0,0
2019-01-06,69,44,0.00,0.0,0
2019-01-07,76,55,T,0.0,0
2019-01-08,69,47,0.00,0.0,0
2019-01-09,61,43,0.00,0.0,0
2019-01-10,51,42,0.00,0.0,0
2019-01-11,55,46,0.38,0.0,0
2019-01-12,56,42,0.01,0.0,0
2019-01-13,42,37,0.00,0.0,0
2019-01-14,47,37,0.00,0.0,0
2019-01-15,50,37,0.00,0.0,0
2019-01-16,63,46,T,0.0,0
2019-01-17,59,43,0.00,0.0,0
2019-01-18,69,42,T,0.0,0
2019-01-19,63,31,0.03,T,0
2019-01-20,47,27,0.00,0.0,0
2019-01-21,59,38,0.00,0.0,0
2019-01-22,65,38,0.02,0.0,0
2019-01-23,49,29,0.00,0.0,0
2019-01-24,61,32,0.00,0.0,0
2019-01-25,53,31,0.00,0.0,0
2019-01-26,59,38,0.00,0.0,0
2019-01-27,64,33,0.00,0.0,0
2019-01-28,63,40,0.00,0.0,0
2019-01-29,49,30,0.00,0.0,0
2019-01-30,52,35,0.00,0.0,0
2019-01-31,57,42,0.00,0.0,0
2019-02-01,63,53,0.01,0.0,0
2019-02-02,66,54,0.01,0.0,0
2019-02-03,72,61,0.00,0.0,0
2019-02-04,81,63,0.00,0.0,0
2019-02-05,78,64,0.00,0.0,0
2019-02-06,78,69,T,0.0,0
2019-02-07,73,31,0.31,0.0,0
2019-02-08,38,25,0.00,0.0,0
2019-02-09,40,35,0.12,0.0,0
2019-02-10,45,36,0.09,0.0,0
2019-02-11,60,45,0.34,0.0,0
2019-02-12,58,42,0.00,0.0,0
2019-02-13,63,36,0.00,0.0,0
2019-02-14,79,51,0.00,0.0,0
2019-02-15,75,37,0.00,0.0,0
2019-02-16,44,35,T,0.0,0
2019-02-17,55,40,0.01,0.0,0
2019-02-18,46,35,0.00,0.0,0
2019-02-19,40,37,0.41,0.0,0
2019-02-20,58,38,0.00,0.0,0
2019-02-21,52,43,0.10,T,0
2019-02-22,50,47,0.04,0.0,0
2019-02-23,69,48,0.02,0.0,0
2019-02-24,62,38,0.00,0.0,0
2019-02-25,66,39,0.00,0.0,0
2019-02-26,63,51,T,0.0,0
2019-02-27,65,33,T,0.0,0
2019-02-28,39,31,T,0.0,0
2019-03-01,46,34,0.00,0.0,0
2019-03-02,44,39,0.09,0.0,0
2019-03-03,43,28,0.03,0.0,0
2019-03-04,34,22,0.00,0.0,0
2019-03-05,46,23,0.00,0.0,0
2019-03-06,55,27,0.00,0.0,0
2019-03-07,73,45,0.00,0.0,0
2019-03-08,80,62,0.00,0.0,0
2019-03-09,78,58,0.32,0.0,0
2019-03-10,61,53,0.04,0.0,0
2019-03-11,65,52,T,0.0,0
2019-03-12,69,57,0.07,0.0,0
2019-03-13,73,56,1.00,0.0,0
2019-03-14,67,50,0.00,0.0,0
2019-03-15,61,44,0.00,0.0,0
2019-03-16,63,37,0.00,0.0,0
2019-03-17,68,39,0.00,0.0,0
2019-03-18,71,42,0.00,0.0,0
2019-03-19,71,50,0.00,0.0,0
2019-03-20,67,52,0.00,0.0,0
2019-03-21,79,47,0.00,0.0,0
2019-03-22,77,50,0.00,0.0,0
2019-03-23,71,61,0.01,0.0,0
2019-03-24,82,62,0.31,0.0,0
2019-03-25,73,56,T,0.0,0
2019-03-26,72,52,0.00,0.0,0
2019-03-27,75,54,0.00,0.0,0
2019-03-28,79,58,0.00,0.0,0
2019-03-29,74,64,0.00,0.0,0
2019-03-30,69,47,0.02,0.0,0
2019-03-31,58,40,0.00,0.0,0
2019-04-01,63,42,0.00,0.0,0
2019-04-02,72,45,0.00,0.0,0
2019-04-03,70,52,0.00,0.0,0
2019-04-04,85,62,T,0.0,0
2019-04-05,80,56,0.00,0.0,0
2019-04-06,68,59,0.84,0.0,0
2019-04-07,72,62,0.07,0.0,0
2019-04-08,84,61,0.02,0.0,0
2019-04-09,89,58,0.00,0.0,0
2019-04-10,90,67,0.00,0.0,0
2019-04-11,73,52,0.00,0.0,0
2019-04-12,72,48,0.00,0.0,0
2019-04-13,64,43,2.73,T,0
2019-04-14,69,44,0.04,0.0,0
2019-04-15,80,54,0.00,0.0,0
2019-04-16,77,63,0.00,0.0,0
2019-04-17,82,62,0.28,0.0,0
2019-04-18,72,54,0.54,0.0,0
2019-04-19,68,52,0.00,0.0,0
2019-04-20,80,48,0.00,0.0,0
2019-04-21,82,60,0.00,0.0,0
2019-04-22,80,65,0.00,0.0,0
2019-04-23,76,62,2.75,0.0,0
2019-04-24,68,62,1.25,0.0,0
2019-04-25,82,60,0.00,0.0,0
2019-04-26,79,58,0.00,0.0,0
2019-04-27,85,64,T,0.0,0
2019-04-28,83,67,0.01,0.0,0
2019-04-29,83,69,0.00,0.0,0
2019-04-30,82,74,0.01,0.0,0
2019-05-01,84,64,1.22,0.0,0
2019-05-02,82,62,0.36,0.0,0
2019-05-03,79,63,T,0.0,0
2019-05-04,80,64,0.17,0.0,0
2019-05-05,83,60,0.00,0.0,0
2019-05-06,84,72,0.00,0.0,0
2019-05-07,87,71,T,0.0,0
2019-05-08,73,63,2.61,0.0,0
2019-05-09,77,55,0.03,0.0,0
2019-05-10,61,52,0.07,0.0,0
2019-05-11,68,57,1.98,0.0,0
2019-05-12,79,59,0.00,0.0,0
2019-05-13,84,61,0.00,0.0,0
2019-05-14,85,63,0.00,0.0,0
2019-05-15,87,66,0.00,0.0,0
2019-05-16,88,71,0.00,0.0,0
2019-05-17,87,70,0.00,0.0,0
2019-05-18,78,66,2.89,0.0,0
2019-05-19,88,71,T,0.0,0
2019-05-20,89,74,0.00,0.0,0
2019-05-21,85,67,0.11,0.0,0
2019-05-22,91,69,0.00,0.0,0
2019-05-23,91,77,0.00,0.0,0
2019-05-24,91,77,0.00,0.0,0
2019-05-25,91,73,0.00,0.0,0
2019-05-26,90,74,0.00,0.0,0
2019-05-27,90,74,0.00,0.0,0
2019-05-28,88,74,T,0.0,0
2019-05-29,86,71,0.56,0.0,0
2019-05-30,87,68,T,0.0,0
2019-05-31,86,70,T,0.0,0
2019-06-01,93,67,0.77,0.0,0
2019-06-02,90,69,T,0.0,0
2019-06-03,93,75,0.00,0.0,0
2019-06-04,87,75,0.00,0.0,0
2019-06-05,82,75,0.14,0.0,0
2019-06-06,91,70,0.12,0.0,0
2019-06-07,88,70,0.00,0.0,0
2019-06-08,94,72,0.00,0.0,0
2019-06-09,92,70,0.65,0.0,0
2019-06-10,84,69,0.00,0.0,0
2019-06-11,80,68,0.00,0.0,0
2019-06-12,88,65,0.00,0.0,0
2019-06-13,89,64,0.00,0.0,0
2019-06-14,92,72,0.00,0.0,0
2019-06-15,94,77,0.00,0.0,0
2019-06-16,84,67,1.76,0.0,0
2019-06-17,89,67,0.00,0.0,0
2019-06-18,94,74,0.00,0.0,0
2019-06-19,96,73,0.21,0.0,0
2019-06-20,97,77,0.00,0.0,0
2019-06-21,96,82,0.00,0.0,0
2019-06-22,93,82,0.01,0.0,0
2019-06-23,95,69,0.62,T,0
2019-06-24,86,70,0.00,0.0,0
2019-06-25,92,75,0.00,0.0,0
2019-06-26,91,74,T,0.0,0
2019-06-27,92,74,0.00,0.0,0
2019-06-28,95,75,0.00,0.0,0
2019-06-29,98,74,0.02,0.0,0
2019-06-30,88,72,0.00,0.0,0
2019-07-01,91,75,0.01,0.0,0
2019-07-02,92,76,0.00,0.0,0
2019-07-03,93,75,0.00,0.0,0
2019-07-04,93,78,0.14,0.0,0
2019-07-05,94,79,0.00,0.0,0
2019-07-06,95,79,T,0.0,0
2019-07-07,98,80,0.00,0.0,0
2019-07-08,96,81,0.00,0.0,0
2019-07-09,97,81,0.00,0.0,0
2019-07-10,98,76,0.13,0.0,0
2019-07-11,97,76,0.00,0.0,0
2019-07-12,94,75,0.00,0.0,0
2019-07-13,95,77,T,0.0,0
2019-07-14,89,77,T,0.0,0
2019-07-15,95,73,0.00,0.0,0
2019-07-16,98,81,0.00,0.0,0
2019-07-17,97,80,0.00,0.0,0
2019-07-18,97,79,0.00,0.0,0
2019-07-19,97,80,0.00,0.0,0
2019-07-20,98,80,0.00,0.0,0
2019-07-21,98,80,0.00,0.0,0
2019-07-22,96,81,T,0.0,0
2019-07-23,92,75,0.00,0.0,0
2019-07-24,86,73,0.00,0.0,0
2019-07-25,89,71,0.00,0.0,0
2019-07-26,89,71,0.00,0.0,0
2019-07-27,95,74,0.00,0.0,0
2019-07-28,97,77,0.00,0.0,0
2019-07-29,96,80,0.00,0.0,0
2019-07-30,102,81,0.00,0.0,0
2019-07-31,99,77,0.00,0.0,0
2019-08-01,96,80,0.00,0.0,0
2019-08-02,97,80,0.00,0.0,0
2019-08-03,89,77,0.39,0.0,0
2019-08-04,94,76,0.11,0.0,0
2019-08-05,97,80,0.00,0.0,0
2019-08-06,99,83,0.00,0.0,0
2019-08-07,102,83,0.00,0.0,0
2019-08-08,96,82,0.00,0.0,0
2019-08-09,102,82,0.00,0.0,0
2019-08-10,102,81,0.00,0.0,0
2019-08-11,101,82,0.00,0.0,0
2019-08-12,102,83,0.00,0.0,0
2019-08-13,103,83,0.00,0.0,0
2019-08-14,96,76,0.10,0.0,0
2019-08-15,99,80,0.00,0.0,0
2019-08-16,101,81,0.00,0.0,0
2019-08-17,100,82,0.00,0.0,0
2019-08-18,100,81,0.00,0.0,0
2019-08-19,101,82,0.00,0.0,0
2019-08-20,102,83,0.00,0.0,0
2019-08-21,100,81,0.00,0.0,0
2019-08-22,99,82,0.00,0.0,0
2019-08-23,96,81,0.00,0.0,0
2019-08-24,95,79,0.00,0.0,0
2019-08-25,99,79,0.00,0.0,0
2019-08-26,103,82,0.00,0.0,0
2019-08-27,90,73,0.16,0.0,0
2019-08-28,96,76,0.00,0.0,0
2019-08-29,99,79,0.00,0.0,0
2019-08-30,95,74,0.08,0.0,0
2019-08-31,86,74,T,0.0,0
2019-09-01,97,73,0.00,0.0,0
2019-09-02,97,75,0.00,0.0,0
2019-09-03,98,79,0.00,0.0,0
2019-09-04,99,78,0.00,0.0,0
2019-09-05,101,77,0.00,0.0,0
2019-09-06,102,76,0.00,0.0,0
2019-09-07,102,78,0.00,0.0,0
2019-09-08,101,79,0.00,0.0,0
2019-09-09,97,78,0.00,0.0,0
2019-09-10,96,76,0.00,0.0,0
2019-09-11,97,76,0.00,0.0,0
2019-09-12,96,76,0.00,0.0,0
2019-09-13,97,80,0.00,0.0,0
2019-09-14,99,78,0.00,0.0,0
2019-09-15,99,78,0.00,0.0,0
2019-09-16,97,80,0.00,0.0,0
2019-09-17,95,77,0.00,0.0,0
2019-09-18,94,76,0.00,0.0,0
2019-09-19,82,76,T,0.0,0
2019-09-20,97,76,0.06,0.0,0
2019-09-21,95,77,0.00,0.0,0
2019-09-22,95,77,0.00,0.0,0
2019-09-23,95,79,1.04,0.0,0
2019-09-24,96,78,0.00,0.0,0
2019-09-25,98,79,T,0.0,0
2019-09-26,95,78,0.00,0.0,0
2019-09-27,95,76,0.00,0.0,0
2019-09-28,95,79,0.00,0.0,0
2019-09-29,96,79,0.00,0.0,0
2019-09-30,93,76,0.00,0.0,0
2019-10-01,95,78,0.00,0.0,0
2019-10-02,96,77,0.00,0.0,0
2019-10-03,96,78,0.00,0.0,0
2019-10-04,91,76,T,0.0,0
2019-10-05,95,72,0.00,0.0,0
2019-10-06,97,66,T,0.0,0
2019-10-07,81,61,T,0.0,0
2019-10-08,81,59,0.00,0.0,0
2019-10-09,89,65,0.00,0.0,0
2019-10-10,92,58,0.95,0.0,0
2019-10-11,64,44,0.18,0.0,0
2019-10-12,67,41,0.00,0.0,0
2019-10-13,78,56,0.00,0.0,0
2019-10-14,75,62,0.04,0.0,0
2019-10-15,84,68,0.01,0.0,0
2019-10-16,71,53,0.00,0.0,0
2019-10-17,73,50,0.00,0.0,0
2019-10-18,77,51,0.00,0.0,0
2019-10-19,86,62,0.03,0.0,0
2019-10-20,88,57,0.07,0.0,0
2019-10-21,74,53,0.81,0.0,0
2019-10-22,76,49,0.00,0.0,0
2019-10-23,82,57,0.00,0.0,0
2019-10-24,77,50,1.25,0.0,0
2019-10-25,50,45,0.42,0.0,0
2019-10-26,69,48,T,0.0,0
2019-10-27,77,50,0.00,0.0,0
2019-10-28,65,50,0.03,0.0,0
2019-10-29,50,45,1.03,0.0,0
2019-10-30,46,38,0.34,0.0,0
2019-10-31,52,31,0.00,0.0,0
2019-11-01,61,34,0.00,0.0,0
2019-11-02,65,38,0.00,0.0,0
2019-11-03,69,41,0.00,0.0,0
2019-11-04,78,52,0.00,0.0,0
2019-11-05,67,60,0.05,0.0,0
2019-11-06,77,61,0.00,0.0,0
2019-11-07,71,43,0.64,0.0,0
2019-11-08,57,42,0.00,0.0,0
2019-11-09,69,41,0.00,0.0,0
2019-11-10,74,49,0.00,0.0,0
2019-11-11,66,30,T,0.0,0
2019-11-12,40,23,0.00,0.0,0
2019-11-13,48,26,0.00,0.0,0
2019-11-14,59,41,0.00,0.0,0
2019-11-15,63,34,0.00,0.0,0
2019-11-16,63,38,0.00,0.0,0
2019-11-17,69,43,0.00,0.0,0
2019-11-18,72,41,0.00,0.0,0
2019-11-19,80,46,0.00,0.0,0
2019-11-20,78,59,0.06,0.0,0
2019-11-21,76,53,0.04,0.0,0
2019-11-22,53,42,0.79,0.0,0
2019-11-23,57,37,0.00,0.0,0
2019-11-24,70,40,0.00,0.0,0
2019-11-25,75,50,0.00,0.0,0
2019-11-26,73,55,T,0.0,0
2019-11-27,57,42,T,0.0,0
2019-11-28,51,44,0.47,0.0,0
2019-11-29,72,46,0.51,0.0,0
2019-11-30,74,56,0.09,0.0,0
2019-12-01,58,43,0.00,0.0,0
2019-12-02,58,39,0.00,0.0,0
2019-12-03,70,41,0.00,0.0,0
2019-12-04,71,41,0.00,0.0,0
2019-12-05,72,54,0.00,0.0,0
2019-12-06,65,49,0.00,0.0,0
2019-12-07,65,40,0.00,0.0,0
2019-12-08,70,50,0.00,0.0,0
2019-12-09,74,41,0.00,0.0,0
2019-12-10,47,36,0.59,0.0,0
2019-12-11,53,35,0.00,0.0,0
2019-12-12,58,39,0.00,0.0,0
2019-12-13,64,44,0.00,0.0,0
2019-12-14,67,40,0.00,0.0,0
2019-12-15,76,47,T,0.0,0
2019-12-16,47,37,T,0.0,0
2019-12-17,51,32,0.00,0.0,0
2019-12-18,61,30,0.00,0.0,0
2019-12-19,60,33,0.00,0.0,0
2019-12-20,51,43,T,0.0,0
2019-12-21,50,44,T,0.0,0
2019-12-22,56,39,0.00,0.0,0
2019-12-23,67,33,0.00,0.0,0
2019-12-24,72,41,0.00,0.0,0
2019-12-25,71,49,0.00,0.0,0
2019-12-26,66,52,0.00,0.0,0
2019-12-27,72,59,0.00,0.0,0
2019-12-28,67,56,0.87,0.0,0
2019-12-29,56,44,0.01,0.0,0
2019-12-30,56,36,0.00,0.0,0
2019-12-31,57,33,0.00,0.0,0
2020-01-01,57,43,0.00,0.0,0
2020-01-02,62,49,0.00,0.0,0
2020-01-03,62,44,0.00,0.0,0
2020-01-04,60,36,0.00,0.0,0
2020-01-05,72,39,0.00,0.0,0
2020-01-06,66,38,0.00,0.0,0
2020-01-07,65,36,0.00,0.0,0
2020-01-08,65,37,0.00,0.0,0
2020-01-09,71,58,T,0.0,0
2020-01-10,71,44,1.10,0.0,0
2020-01-11,44,31,0.08,T,0
2020-01-12,57,33,0.00,0.0,0
2020-01-13,63,42,T,0.0,0
2020-01-14,72,57,T,0.0,0
2020-01-15,80,63,T,0.0,0
2020-01-16,63,48,4.01,0.0,0
2020-01-17,65,49,0.32,0.0,0
2020-01-18,64,42,T,0.0,0
2020-01-19,55,33,0.00,0.0,0
2020-01-20,57,37,0.00,0.0,0
2020-01-21,53,36,0.04,0.0,0
2020-01-22,46,40,0.32,0.0,0
2020-01-23,58,45,0.02,0.0,0
2020-01-24,61,40,0.00,0.0,0
2020-01-25,66,44,0.00,0.0,0
2020-01-26,64,50,0.00,0.0,0
2020-01-27,61,43,T,0.0,0
2020-01-28,63,42,0.36,0.0,0
2020-01-29,46,40,0.01,0.0,0
2020-01-30,47,39,T,0.0,0
2020-01-31,56,42,0.00,0.0,0
2020-02-01,68,35,0.00,0.0,0
2020-02-02,81,42,0.00,0.0,0
2020-02-03,72,56,0.03,0.0,0
2020-02-04,67,40,0.02,0.0,0
2020-02-05,40,34,0.02,0.0,0
2020-02-06,48,29,0.00,0.0,0
2020-02-07,62,34,0.00,0.0,0
2020-02-08,65,40,0.00,0.0,0
2020-02-09,71,58,0.03,0.0,0
2020-02-10,58,41,0.41,0.0,0
2020-02-11,45,41,0.33,0.0,0
2020-02-12,49,42,2.10,0.0,0
2020-02-13,49,34,0.00,0.0,0
2020-02-14,52,28,0.00,0.0,0
2020-02-15,64,41,0.00,0.0,0
2020-02-16,78,51,0.00,0.0,0
2020-02-17,77,60,0.00,0.0,0
2020-02-18,64,48,0.32,0.0,0
2020-02-19,51,43,0.68,0.0,0
2020-02-20,56,34,0.22,0.0,0
2020-02-21,51,31,0.00,0.0,0
2020-02-22,57,43,0.00,0.0,0
2020-02-23,61,49,0.01,0.0,0
2020-02-24,67,50,0.00,0.0,0
2020-02-25,61,43,0.00,0.0,0
2020-02-26,51,36,T,0.0,0
2020-02-27,61,30,0.00,0.0,0
2020-02-28,69,38,0.00,0.0,0
2020-02-29,76,46,0.00,0.0,0
2020-03-01,73,59,0.00,0.0,0
2020-03-02,71,59,0.00,0.0,0
2020-03-03,69,57,T,0.0,0
2020-03-04,60,51,0.93,0.0,0
2020-03-05,74,44,0.03,0.0,0
2020-03-06,69,41,0.00,0.0,0
2020-03-07,64,47,0.00,0.0,0
2020-03-08,71,49,0.00,0.0,0
2020-03-09,74,61,0.06,0.0,0
2020-03-10,79,52,0.00,0.0,0
2020-03-11,87,68,0.00,0.0,0
2020-03-12,84,68,T,0.0,0
2020-03-13,75,62,0.91,0.0,0
2020-03-14,73,54,0.03,0.0,0
2020-03-15,59,51,2.00,0.0,0
2020-03-16,69,52,0.76,0.0,0
2020-03-17,70,61,0.13,0.0,0
2020-03-18,79,65,1.28,0.0,0
2020-03-19,81,66,1.19,0.0,0
2020-03-20,67,45,0.12,0.0,0
2020-03-21,58,42,0.17,0.0,0
2020-03-22,66,53,0.14,0.0,0
2020-03-23,69,60,0.00,0.0,0
2020-03-24,87,61,0.00,0.0,0
2020-03-25,88,57,0.00,0.0,0
2020-03-26,84,68,0.00,0.0,0
2020-03-27,83,69,0.00,0.0,0
2020-03-28,77,55,0.40,0.0,0
2020-03-29,71,52,T,0.0,0
2020-03-30,65,55,0.48,0.0,0
2020-03-31,70,53,0.00,0.0,0
2020-04-01,72,50,0.00,0.0,0
2020-04-02,70,59,0.02,0.0,0
2020-04-03,68,41,0.13,0.0,0
2020-04-04,50,41,0.05,0.0,0
2020-04-05,66,48,T,0.0,0
2020-04-06,72,61,T,0.0,0
2020-04-07,88,68,T,0.0,0
2020-04-08,96,70,0.00,0.0,0
2020-04-09,77,64,T,0.0,0
2020-04-10,75,58,0.00,0.0,0
2020-04-11,70,59,0.10,0.0,0
2020-04-12,81,47,0.34,0.0,0
2020-04-13,58,40,0.00,0.0,0
2020-04-14,57,44,0.00,0.0,0
2020-04-15,67,40,0.00,0.0,0
2020-04-16,74,50,0.00,0.0,0
2020-04-17,68,49,0.00,0.0,0
2020-04-18,71,43,T,0.0,0
2020-04-19,83,62,0.02,T,0
2020-04-20,76,56,0.00,0.0,0
2020-04-21,85,63,0.00,0.0,0
2020-04-22,88,66,0.02,0.0,0
2020-04-23,85,59,0.00,0.0,0
2020-04-24,93,67,0.00,0.0,0
2020-04-25,79,58,0.00,0.0,0
2020-04-26,83,53,0.00,0.0,0
2020-04-27,85,65,0.00,0.0,0
2020-04-28,89,66,0.59,0.0,0
2020-04-29,80,62,0.00,0.0,0
2020-04-30,84,54,0.00,0.0,0
2020-05-01,88,65,0.00,0.0,0
2020-05-02,88,67,T,0.0,0
2020-05-03,90,70,0.00,0.0,0
2020-05-04,92,71,0.14,0.0,0
2020-05-05,81,65,T,0.0,0
2020-05-06,84,55,0.00,0.0,0
2020-05-07,85,61,0.10,0.0,0
2020-05-08,75,59,0.12,0.0,0
2020-05-09,74,55,0.00,0.0,0
2020-05-10,78,54,0.00,0.0,0
2020-05-11,81,59,0.00,0.0,0
2020-05-12,79,68,0.11,0.0,0
2020-05-13,84,67,0.00,0.0,0
2020-05-14,91,72,T,0.0,0
2020-05-15,87,68,T,0.0,0
2020-05-16,68,65,3.01,0.0,0
2020-05-17,86,66,0.03,0.0,0
2020-05-18,91,64,0.00,0.0,0
2020-05-19,97,73,0.00,0.0,0
2020-05-20,79,72,0.00,0.0,0
2020-05-21,88,71,T,0.0,0
2020-05-22,92,76,T,0.0,0
2020-05-23,90,67,0.48,0.0,0
2020-05-24,87,69,0.01,0.0,0
2020-05-25,70,65,1.23,0.0,0
2020-05-26,75,63,T,0.0,0
2020-05-27,87,60,0.00,0.0,0
2020-05-28,87,68,T,0.0,0
2020-05-29,89,66,0.00,0.0,0
2020-05-30,88,69,0.00,0.0,0
2020-05-31,88,70,0.00,0.0,0
2020-06-01,87,72,0.00,0.0,0
2020-06-02,91,74,T,0.0,0
2020-06-03,94,77,0.00,0.0,0
2020-06-04,96,77,0.00,0.0,0
2020-06-05,95,80,0.00,0.0,0
2020-06-06,97,78,0.00,0.0,0
2020-06-07,94,78,0.00,0.0,0
2020-06-08,97,79,0.00,0.0,0
2020-06-09,100,74,0.00,0.0,0
2020-06-10,90,67,0.00,0.0,0
2020-06-11,93,64,0.00,0.0,0
2020-06-12,92,69,0.00,0.0,0
2020-06-13,94,71,0.00,0.0,0
2020-06-14,93,71,0.00,0.0,0
2020-06-15,95,77,0.00,0.0,0
2020-06-16,94,78,0.00,0.0,0
2020-06-17,95,75,0.00,0.0,0
2020-06-18,94,75,0.00,0.0,0
2020-06-19,95,68,3.05,0.0,0
2020-06-20,90,69,1.42,0.0,0
2020-06-21,88,69,0.17,0.0,0
2020-06-22,93,68,0.59,0.0,0
2020-06-23,82,70,0.69,0.0,0
2020-06-24,92,70,0.00,0.0,0
2020-06-25,89,75,0.00,0.0,0
2020-06-26,91,76,0.00,0.0,0
2020-06-27,93,77,0.00,0.0,0
2020-06-28,90,79,0.11,0.0,0
2020-06-29,94,81,0.00,0.0,0
2020-06-30,94,81,0.00,0.0,0
2020-07-01,94,81,0.00,0.0,0
2020-07-02,94,79,0.21,0.0,0
2020-07-03,100,78,0.00,0.0,0
2020-07-04,95,77,0.00,0.0,0
2020-07-05,95,78,0.78,0.0,0
2020-07-06,90,74,0.19,0.0,0
2020-07-07,91,75,0.00,0.0,0
2020-07-08,94,77,0.00,0.0,0
2020-07-09,95,80,0.00,0.0,0
2020-07-10,96,80,0.00,0.0,0
2020-07-11,99,82,0.00,0.0,0
2020-07-12,101,79,T,0.0,0
2020-07-13,102,84,0.00,0.0,0
2020-07-14,99,81,0.00,0.0,0
2020-07-15,97,81,T,0.0,0
2020-07-16,99,82,0.00,0.0,0
2020-07-17,97,81,0.00,0.0,0
2020-07-18,93,79,0.00,0.0,0
2020-07-19,96,80,0.00,0.0,0
2020-07-20,96,80,0.00,0.0,0
2020-07-21,92,78,0.00,0.0,0
2020-07-22,94,78,0.08,0.0,0
2020-07-23,96,79,0.00,0.0,0
2020-07-24,97,81,0.00,0.0,0
2020-07-25,92,79,T,0.0,0
2020-07-26,94,78,0.00,0.0,0
2020-07-27,91,77,0.00,0.0,0
2020-07-28,85,76,0.20,0.0,0
2020-07-29,96,78,0.00,0.0,0
2020-07-30,99,75,T,0.0,0
2020-07-31,93,75,0.00,0.0,0
2020-08-01,94,72,0.00,0.0,0
2020-08-02,96,77,0.00,0.0,0
2020-08-03,95,69,0.00,0.0,0
2020-08-04,95,76,0.00,0.0,0
2020-08-05,93,78,T,0.0,0
2020-08-06,98,76,0.00,0.0,0
2020-08-07,98,80,0.00,0.0,0
2020-08-08,99,80,0.00,0.0,0
2020-08-09,99,79,0.00,0.0,0
2020-08-10,99,81,0.00,0.0,0
2020-08-11,99,82,0.00,0.0,0
2020-08-12,103,84,0.00,0.0,0
2020-08-13,102,85,0.00,0.0,0
2020-08-14,105,84,0.00,0.0,0
2020-08-15,104,83,0.00,0.0,0
2020-08-16,105,72,1.03,T,0
2020-08-17,95,74,T,0.0,0
2020-08-18,97,77,0.00,0.0,0
2020-08-19,93,71,0.00,0.0,0
2020-08-20,94,73,0.00,0.0,0
2020-08-21,94,72,0.00,0.0,0
2020-08-22,97,75,0.00,0.0,0
2020-08-23,97,75,0.00,0.0,0
2020-08-24,98,77,0.00,0.0,0
2020-08-25,98,77,T,0.0,0
2020-08-26,94,76,T,0.0,0
2020-08-27,95,75,T,0.0,0
2020-08-28,105,79,0.00,0.0,0
2020-08-29,106,80,0.05,0.0,0
2020-08-30,96,73,2.61,0.0,0
2020-08-31,100,83,0.00,0.0,0
2020-09-01,91,72,1.58,0.0,0
2020-09-02,80,73,0.61,0.0,0
2020-09-03,82,73,0.01,0.0,0
2020-09-04,88,74,0.00,0.0,0
2020-09-05,93,76,0.04,0.0,0
2020-09-06,91,74,0.00,0.0,0
2020-09-07,94,77,0.00,0.0,0
2020-09-08,92,76,T,0.0,0
2020-09-09,84,59,2.84,0.0,0
2020-09-10,70,57,0.67,0.0,0
2020-09-11,81,65,0.00,0.0,0
2020-09-12,89,67,0.00,0.0,0
2020-09-13,89,71,0.00,0.0,0
2020-09-14,90,69,0.00,0.0,0
2020-09-15,89,75,0.00,0.0,0
2020-09-16,89,73,T,0.0,0
2020-09-17,90,73,T,0.0,0
2020-09-18,87,67,0.00,0.0,0
2020-09-19,82,65,0.00,0.0,0
2020-09-20,84,62,0.00,0.0,0
2020-09-21,75,66,0.31,0.0,0
2020-09-22,72,66,0.13,0.0,0
2020-09-23,73,64,0.01,0.0,0
2020-09-24,79,65,0.00,0.0,0
2020-09-25,84,63,0.00,0.0,0
2020-09-26,89,66,0.00,0.0,0
2020-09-27,90,70,T,0.0,0
2020-09-28,79,58,T,0.0,0
2020-09-29,83,53,0.00,0.0,0
2020-09-30,92,57,0.00,0.0,0
2020-10-01,82,61,0.00,0.0,0
2020-10-02,78,58,0.00,0.0,0
2020-10-03,84,60,0.00,0.0,0
2020-10-04,80,62,0.00,0.0,0
2020-10-05,80,57,0.00,0.0,0
2020-10-06,87,61,0.00,0.0,0
2020-10-07,87,66,0.00,0.0,0
2020-10-08,88,64,0.00,0.0,0
2020-10-09,86,71,0.00,0.0,0
2020-10-10,90,65,0.00,0.0,0
2020-10-11,97,71,0.00,0.0,0
2020-10-12,83,61,0.00,0.0,0
2020-10-13,84,53,0.00,0.0,0
2020-10-14,91,63,0.00,0.0,0
2020-10-15,78,63,0.00,0.0,0
2020-10-16,72,55,0.00,0.0,0
2020-10-17,76,53,0.00,0.0,0
2020-10-18,89,60,0.00,0.0,0
2020-10-19,67,57,0.00,0.0,0
2020-10-20,88,62,0.00,0.0,0
2020-10-21,86,71,0.00,0.0,0
2020-10-22,85,69,0.00,0.0,0
2020-10-23,77,50,0.99,0.0,0
2020-10-24,60,46,0.00,0.0,0
2020-10-25,64,53,0.03,0.0,0
2020-10-26,56,39,0.22,0.0,0
2020-10-27,42,39,0.09,0.0,0
2020-10-28,47,40,0.42,0.0,0
2020-10-29,62,38,0.00,0.0,0
2020-10-30,68,38,0.00,0.0,0
2020-10-31,72,45,0.00,0.0,0
2020-11-01,74,46,0.00,0.0,0
2020-11-02,72,40,0.00,0.0,0
2020-11-03,79,44,0.00,0.0,0
2020-11-04,75,53,0.00,0.0,0
2020-11-05,77,59,0.00,0.0,0
2020-11-06,76,61,0.00,0.0,0
2020-11-07,77,54,0.00,0.0,0
2020-11-08,75,60,T,0.0,0
2020-11-09,82,65,T,0.0,0
2020-11-10,77,55,0.00,0.0,0
2020-11-11,75,46,0.00,0.0,0
2020-11-12,81,55,0.00,0.0,0
2020-11-13,77,58,0.00,0.0,0
2020-11-14,83,67,T,0.0,0
2020-11-15,76,45,0.00,0.0,0
2020-11-16,72,39,0.00,0.0,0
2020-11-17,74,42,0.00,0.0,0
2020-11-18,75,50,0.00,0.0,0
2020-11-19,77,55,0.00,0.0,0
2020-11-20,75,62,0.00,0.0,0
2020-11-21,78,63,0.00,0.0,0
2020-11-22,67,48,T,0.0,0
2020-11-23,60,46,0.00,0.0,0
2020-11-24,73,53,0.26,0.0,0
2020-11-25,65,46,0.00,0.0,0
2020-11-26,74,43,0.00,0.0,0
2020-11-27,65,54,0.00,0.0,0
2020-11-28,60,47,0.45,0.0,0
2020-11-29,54,45,0.02,0.0,0
2020-11-30,52,31,0.00,0.0,0
2020-12-01,59,31,0.00,0.0,0
2020-12-02,57,40,0.04,0.0,0
2020-12-03,48,37,0.00,0.0,0
2020-12-04,58,32,0.00,0.0,0
2020-12-05,65,34,T,0.0,0
2020-12-06,62,42,T,0.0,0
2020-12-07,65,37,0.00,0.0,0
2020-12-08,72,38,0.00,0.0,0
2020-12-09,80,37,0.00,0.0,0
2020-12-10,78,43,0.00,0.0,0
2020-12-11,68,47,0.12,0.0,0
2020-12-12,55,40,0.00,0.0,0
2020-12-13,46,38,1.06,T,0
2020-12-14,51,34,0.00,0.0,0
2020-12-15,44,39,0.06,0.0,0
2020-12-16,43,33,0.01,0.0,0
2020-12-17,62,30,0.00,0.0,0
2020-12-18,62,39,0.00,0.0,0
2020-12-19,60,40,T,0.0,0
2020-12-20,65,35,0.00,0.0,0
2020-12-21,72,36,0.00,0.0,0
2020-12-22,71,44,0.00,0.0,0
2020-12-23,72,37,0.00,0.0,0
2020-12-24,55,29,0.00,0.0,0
2020-12-25,60,31,0.00,0.0,0
2020-12-26,70,37,0.00,0.0,0
2020-12-27,75,48,0.00,0.0,0
2020-12-28,63,46,0.02,0.0,0
2020-12-29,71,54,0.02,0.0,0
2020-12-30,62,39,0.40,0.0,0
2020-12-31,42,39,2.03,0.0,0
2021-01-01,41,37,0.02,0.0,0
2021-01-02,56,36,0.00,0.0,0
2021-01-03,67,37,0.00,0.0,0
2021-01-04,69,39,0.00,0.0,0
2021-01-05,67,36,0.00,0.0,0
2021-01-06,62,46,T,0.0,0
2021-01-07,49,44,0.00,0.0,0
2021-01-08,51,37,0.00,0.0,0
2021-01-09,50,30,0.00,0.0,0
2021-01-10,41,34,0.10,T,0
2021-01-11,49,33,0.02,0.0,0
2021-01-12,53,30,0.00,0.0,0
2021-01-13,64,34,0.00,0.0,0
2021-01-14,66,41,0.00,0.0,0
2021-01-15,55,37,0.00,0.0,0
2021-01-16,59,33,0.00,0.0,0
2021-01-17,61,37,0.00,0.0,0
2021-01-18,69,36,0.00,0.0,0
2021-01-19,61,50,0.01,0.0,0
2021-01-20,51,45,0.15,0.0,0
2021-01-21,56,47,0.08,0.0,0
2021-01-22,53,49,T,0.0,0
2021-01-23,53,48,0.13,0.0,0
2021-01-24,66,53,0.49,0.0,0
2021-01-25,70,47,0.14,0.0,0
2021-01-26,61,38,0.00,0.0,0
2021-01-27,52,37,T,0.0,0
2021-01-28,52,31,0.00,0.0,0
2021-01-29,63,40,0.00,0.0,0
2021-01-30,77,54,0.02,0.0,0
2021-01-31,58,42,0.00,0.0,0
2021-02-01,60,36,0.00,0.0,0
2021-02-02,64,43,0.00,0.0,0
2021-02-03,71,45,0.00,0.0,0
2021-02-04,68,48,0.00,0.0,0
2021-02-05,60,42,0.00,0.0,0
2021-02-06,60,42,0.00,0.0,0
2021-02-07,59,38,0.00,0.0,0
2021-02-08,68,42,T,0.0,0
2021-02-09,42,32,T,0.0,0
2021-02-10,34,28,T,0.0,0
2021-02-11,30,25,0.02,T,0
2021-02-12,29,23,T,T,0
2021-02-13,36,21,T,0.0,0
2021-02-14,24,11,0.13,2.5,1
2021-02-15,14,6,0.07,1.6,4
2021-02-16,21,2,0.01,T,4
2021-02-17,29,20,0.13,1.2,4
2021-02-18,32,21,0.00,0.0,4
2021-02-19,42,14,0.00,0.0,3
2021-02-20,57,28,0.00,0.0,T
2021-02-21,75,43,0.00,0.0,0
2021-02-22,71,34,0.00,0.0,0
2021-02-23,80,41,0.00,0.0,0
2021-02-24,73,56,0.00,0.0,0
2021-02-25,56,48,0.20,T,0
2021-02-26,58,47,1.09,0.0,0
2021-02-27,72,54,0.02,0.0,0
2021-02-28,76,50,0.25,0.0,0
2021-03-01,59,45,0.13,0.0,0
2021-03-02,64,40,0.00,0.0,0
2021-03-03,70,41,0.00,0.0,0
2021-03-04,74,49,0.00,0.0,0
2021-03-05,72,53,0.00,0.0,0
2021-03-06,66,44,0.00,0.0,0
2021-03-07,67,45,0.00,0.0,0
2021-03-08,71,47,0.00,0.0,0
2021-03-09,72,57,0.00,0.0,0
2021-03-10,76,63,0.00,0.0,0
2021-03-11,78,69,0.00,0.0,0
2021-03-12,79,68,T,0.0,0
2021-03-13,79,67,0.00,0.0,0
2021-03-14,75,56,0.07,0.0,0
2021-03-15,82,52,0.00,0.0,0
2021-03-16,81,63,0.00,0.0,0
2021-03-17,72,47,1.04,0.0,0
2021-03-18,64,43,0.00,0.0,0
2021-03-19,67,42,0.00,0.0,0
2021-03-20,70,43,0.00,0.0,0
2021-03-21,69,46,0.00,0.0,0
2021-03-22,65,56,1.51,T,0
2021-03-23,74,51,0.00,0.0,0
2021-03-24,79,51,0.01,0.0,0
2021-03-25,70,52,0.59,0.0,0
2021-03-26,79,53,0.00,0.0,0
2021-03-27,81,61,0.00,0.0,0
2021-03-28,75,53,0.00,0.0,0
2021-03-29,77,49,0.00,0.0,0
2021-03-30,80,60,0.00,0.0,0
2021-03-31,68,54,0.00,0.0,0
2021-04-01,69,43,0.00,0.0,0
2021-04-02,69,47,0.00,0.0,0
2021-04-03,71,57,0.00,0.0,0
2021-04-04,74,59,0.00,0.0,0
2021-04-05,79,59,0.00,0.0,0
2021-04-06,82,65,0.00,0.0,0
2021-04-07,80,58,T,0.0,0
2021-04-08,84,52,0.00,0.0,0
2021-04-09,85,63,0.00,0.0,0
2021-04-10,74,53,0.00,0.0,0
2021-04-11,86,50,0.00,0.0,0
2021-04-12,88,64,0.00,0.0,0
2021-04-13,84,55,0.18,0.0,0
2021-04-14,74,59,0.04,0.0,0
2021-04-15,63,57,0.49,0.0,0
2021-04-16,61,53,0.96,0.0,0
2021-04-17,63,49,0.00,0.0,0
2021-04-18,69,44,0.00,0.0,0
2021-04-19,75,46,0.00,0.0,0
2021-04-20,63,43,0.00,0.0,0
2021-04-21,63,40,0.00,0.0,0
2021-04-22,65,55,T,0.0,0
2021-04-23,73,59,0.28,0.0,0
2021-04-24,74,56,T,0.0,0
2021-04-25,82,54,0.00,0.0,0
2021-04-26,83,64,0.00,0.0,0
2021-04-27,77,69,T,0.0,0
2021-04-28,83,74,0.12,0.0,0
2021-04-29,75,67,1.38,0.0,0
2021-04-30,69,63,0.66,0.0,0
2021-05-01,75,64,T,0.0,0
2021-05-02,82,66,0.02,0.0,0
2021-05-03,91,70,0.01,0.0,0
2021-05-04,77,59,0.00,0.0,0
2021-05-05,78,52,0.00,0.0,0
2021-05-06,85,59,0.00,0.0,0
2021-05-07,86,61,0.00,0.0,0
2021-05-08,88,63,0.00,0.0,0
2021-05-09,84,65,T,0.0,0
2021-05-10,65,58,0.58,0.0,0
2021-05-11,63,57,0.87,0.0,0
2021-05-12,64,57,T,0.0,0
2021-05-13,76,61,0.00,0.0,0
2021-05-14,79,63,0.00,0.0,0
2021-05-15,84,64,0.00,0.0,0
2021-05-16,76,69,5.11,0.0,0
2021-05-17,82,66,0.41,0.0,0
2021-05-18,74,64,0.25,0.0,0
2021-05-19,83,66,T,0.0,0
2021-05-20,80,67,0.29,0.0,0
2021-05-21,86,71,0.00,0.0,0
2021-05-22,81,70,0.64,0.0,0
2021-05-23,78,70,0.02,0.0,0
2021-05-24,79,70,0.24,0.0,0
2021-05-25,81,68,0.68,0.0,0
2021-05-26,92,74,0.00,0.0,0
2021-05-27,89,77,T,0.0,0
2021-05-28,82,68,T,0.0,0
2021-05-29,86,68,0.00,0.0,0
2021-05-30,77,64,0.00,0.0,0
2021-05-31,77,67,1.75,0.0,0
2021-06-01,74,66,0.01,0.0,0
2021-06-02,83,61,0.00,0.0,0
2021-06-03,81,65,0.00,0.0,0
2021-06-04,82,68,0.06,0.0,0
2021-06-05,86,68,0.43,0.0,0
2021-06-06,87,68,0.00,0.0,0
2021-06-07,80,68,0.73,0.0,0
2021-06-08,88,73,0.01,0.0,0
2021-06-09,91,77,0.00,0.0,0
2021-06-10,91,77,0.00,0.0,0
2021-06-11,92,78,0.00,0.0,0
2021-06-12,92,72,T,0.0,0
2021-06-13,99,77,0.00,0.0,0
2021-06-14,98,82,0.00,0.0,0
2021-06-15,96,75,0.00,0.0,0
2021-06-16,98,74,0.00,0.0,0
2021-06-17,98,76,0.00,0.0,0
2021-06-18,94,79,0.00,0.0,0
2021-06-19,95,72,0.00,0.0,0
2021-06-20,96,78,0.00,0.0,0
2021-06-21,93,70,0.04,0.0,0
2021-06-22,87,69,0.00,0.0,0
2021-06-23,96,77,0.00,0.0,0
2021-06-24,96,80,0.00,0.0,0
2021-06-25,96,80,0.00,0.0,0
2021-06-26,95,80,0.00,0.0,0
2021-06-27,92,79,0.08,0.0,0
2021-06-28,89,76,0.05,0.0,0
2021-06-29,91,75,0.14,0.0,0
2021-06-30,93,75,T,0.0,0
2021-07-01,98,76,0.25,0.0,0
2021-07-02,88,77,0.69,0.0,0
2021-07-03,86,78,0.00,0.0,0
2021-07-04,89,78,0.00,0.0,0
2021-07-05,90,77,T,0.0,0
2021-07-06,92,75,0.01,0.0,0
2021-07-07,94,75,0.00,0.0,0
2021-07-08,94,79,0.00,0.0,0
2021-07-09,86,76,T,0.0,0
2021-07-10,93,75,0.00,0.0,0
2021-07-11,93,70,0.51,0.0,0
2021-07-12,89,75,0.00,0.0,0
2021-07-13,94,74,0.00,0.0,0
2021-07-14,92,74,0.02,0.0,0
2021-07-15,93,75,0.00,0.0,0
2021-07-16,92,77,0.00,0.0,0
2021-07-17,92,78,0.00,0.0,0
2021-07-18,95,80,0.00,0.0,0
2021-07-19,86,76,0.39,0.0,0
2021-07-20,90,73,0.00,0.0,0
2021-07-21,92,75,0.00,0.0,0
2021-07-22,94,76,0.00,0.0,0
2021-07-23,95,77,0.00,0.0,0
2021-07-24,98,79,0.00,0.0,0
2021-07-25,99,80,0.00,0.0,0
2021-07-26,101,80,0.00,0.0,0
2021-07-27,101,84,0.00,0.0,0
2021-07-28,99,81,0.00,0.0,0
2021-07-29,99,79,0.00,0.0,0
2021-07-30,100,81,0.00,0.0,0
2021-07-31,100,82,0.00,0.0,0
2021-08-01,99,77,0.15,0.0,0
2021-08-02,88,75,0.95,0.0,0
2021-08-03,92,73,0.00,0.0,0
2021-08-04,90,76,0.00,0.0,0
2021-08-05,91,76,T,0.0,0
2021-08-06,93,76,0.00,0.0,0
2021-08-07,94,75,0.00,0.0,0
2021-08-08,95,79,0.00,0.0,0
2021-08-09,97,79,0.00,0.0,0
2021-08-10,96,78,0.00,0.0,0
2021-08-11,97,78,0.00,0.0,0
2021-08-12,98,80,0.00,0.0,0
2021-08-13,96,79,0.00,0.0,0
2021-08-14,91,72,1.91,0.0,0
2021-08-15,88,76,T,0.0,0
2021-08-16,94,75,0.00,0.0,0
2021-08-17,90,73,0.71,0.0,0
2021-08-18,82,73,0.25,0.0,0
2021-08-19,94,75,0.09,0.0,0
2021-08-20,95,78,0.00,0.0,0
2021-08-21,96,79,0.00,0.0,0
2021-08-22,97,79,0.00,0.0,0
2021-08-23,97,79,0.00,0.0,0
2021-08-24,96,78,0.00,0.0,0
2021-08-25,97,79,0.00,0.0,0
2021-08-26,96,79,0.00,0.0,0
2021-08-27,93,77,0.00,0.0,0
2021-08-28,92,77,0.00,0.0,0
2021-08-29,91,77,0.00,0.0,0
2021-08-30,97,77,0.00,0.0,0
2021-08-31,99,81,0.00,0.0,0
2021-09-01,98,81,0.00,0.0,0
2021-09-02,97,80,0.00,0.0,0
2021-09-03,96,79,0.00,0.0,0
2021-09-04,98,78,0.00,0.0,0
2021-09-05,94,81,T,0.0,0
2021-09-06,96,77,0.00,0.0,0
2021-09-07,96,72,0.00,0.0,0
2021-09-08,94,70,0.22,0.0,0
2021-09-09,93,69,0.00,0.0,0
2021-09-10,93,69,0.00,0.0,0
2021-09-11,92,72,0.00,0.0,0
2021-09-12,91,69,0.00,0.0,0
2021-09-13,90,75,0.00,0.0,0
2021-09-14,85,71,0.06,0.0,0
2021-09-15,90,69,0.00,0.0,0
2021-09-16,91,73,0.00,0.0,0
2021-09-17,93,73,0.00,0.0,0
2021-09-18,97,73,0.00,0.0,0
2021-09-19,95,74,0.00,0.0,0
2021-09-20,102,76,0.00,0.0,0
2021-09-21,89,70,T,0.0,0
2021-09-22,84,59,0.00,0.0,0
2021-09-23,86,57,0.00,0.0,0
2021-09-24,88,59,0.00,0.0,0
2021-09-25,92,63,0.00,0.0,0
2021-09-26,92,66,0.00,0.0,0
2021-09-27,90,67,0.00,0.0,0
2021-09-28,94,72,T,0.0,0
2021-09-29,92,74,T,0.0,0
2021-09-30,90,70,0.04,0.0,0
2021-10-01,80,69,0.89,0.0,0
2021-10-02,87,71,T,0.0,0
2021-10-03,89,67,0.00,0.0,0
2021-10-04,91,63,0.00,0.0,0
2021-10-05,89,61,0.00,0.0,0
2021-10-06,89,62,0.00,0.0,0
2021-10-07,92,63,0.00,0.0,0
2021-10-08,92,72,0.00,0.0,0
2021-10-09,92,70,0.00,0.0,0
2021-10-10,92,64,0.67,0.0,0
2021-10-11,83,62,0.00,0.0,0
2021-10-12,83,64,T,0.0,0
2021-10-13,87,65,1.66,0.0,0
2021-10-14,84,67,0.13,0.0,0
2021-10-15,76,58,0.00,0.0,0
2021-10-16,73,49,0.00,0.0,0
2021-10-17,74,47,0.00,0.0,0
2021-10-18,75,49,0.00,0.0,0
2021-10-19,80,58,0.00,0.0,0
2021-10-20,83,65,0.00,0.0,0
2021-10-21,83,64,0.00,0.0,0
2021-10-22,84,60,0.00,0.0,0
2021-10-23,86,67,0.00,0.0,0
2021-10-24,84,68,0.00,0.0,0
2021-10-25,87,64,0.00,0.0,0
2021-10-26,84,70,0.00,0.0,0
2021-10-27,76,60,0.79,0.0,0
2021-10-28,72,58,0.00,0.0,0
2021-10-29,71,49,0.00,0.0,0
2021-10-30,74,42,0.00,0.0,0
2021-10-31,79,52,0.00,0.0,0
2021-11-01,78,54,0.00,0.0,0
2021-11-02,61,48,0.79,0.0,0
2021-11-03,49,45,0.82,0.0,0
2021-11-04,59,44,0.00,0.0,0
2021-11-05,61,39,0.00,0.0,0
2021-11-06,66,40,0.00,0.0,0
2021-11-07,72,43,0.00,0.0,0
2021-11-08,71,50,0.00,0.0,0
2021-11-09,74,57,0.00,0.0,0
2021-11-10,76,57,1.36,0.0,0
2021-11-11,66,46,0.00,0.0,0
2021-11-12,69,43,0.00,0.0,0
2021-11-13,63,37,0.00,0.0,0
2021-11-14,70,43,0.00,0.0,0
2021-11-15,81,45,0.00,0.0,0
2021-11-16,79,61,0.00,0.0,0
2021-11-17,82,54,0.00,0.0,0
2021-11-18,61,46,0.00,0.0,0
2021-11-19,60,38,0.00,0.0,0
2021-11-20,72,47,0.00,0.0,0
2021-11-21,70,49,0.00,0.0,0
2021-11-22,65,41,0.00,0.0,0
2021-11-23,70,42,0.00,0.0,0
2021-11-24,76,54,0.00,0.0,0
2021-11-25,69,42,0.03,0.0,0
2021-11-26,55,34,0.00,0.0,0
2021-11-27,58,44,0.36,0.0,0
2021-11-28,65,46,0.00,0.0,0
2021-11-29,73,39,0.00,0.0,0
2021-11-30,77,46,0.00,0.0,0
2021-12-01,75,50,0.00,0.0,0
2021-12-02,79,45,0.00,0.0,0
2021-12-03,75,59,0.00,0.0,0
2021-12-04,74,58,0.00,0.0,0
2021-12-05,75,56,0.00,0.0,0
2021-12-06,68,40,0.00,0.0,0
2021-12-07,58,35,0.00,0.0,0
2021-12-08,58,43,0.00,0.0,0
2021-12-09,79,56,0.00,0.0,0
2021-12-10,81,67,0.00,0.0,0
2021-12-11,72,36,T,0.0,0
2021-12-12,57,31,0.00,0.0,0
2021-12-13,66,41,T,0.0,0
2021-12-14,72,55,T,0.0,0
2021-12-15,79,67,T,0.0,0
2021-12-16,76,62,0.00,0.0,0
2021-12-17,77,62,0.01,0.0,0
2021-12-18,70,38,0.34,0.0,0
2021-12-19,49,33,0.00,0.0,0
2021-12-20,53,40,0.07,0.0,0
2021-12-21,62,34,0.00,0.0,0
2021-12-22,66,43,0.00,0.0,0
2021-12-23,75,54,0.00,0.0,0
2021-12-24,79,61,0.00,0.0,0
2021-12-25,81,62,0.00,0.0,0
2021-12-26,76,59,0.00,0.0,0
2021-12-27,79,65,0.00,0.0,0
2021-12-28,81,57,T,0.0,0
2021-12-29,74,55,0.11,0.0,0
2021-12-30,76,47,0.00,0.0,0
2021-12-31,70,52,T,0.0,0
2022-01-01,74,23,0.02,0.0,0
2022-01-02,39,18,0.00,0.0,0
2022-01-03,54,25,0.00,0.0,0
2022-01-04,63,34,0.00,0.0,0
2022-01-05,62,38,0.00,0.0,0
2022-01-06,41,27,0.00,0.0,0
2022-01-07,47,22,0.00,0.0,0
2022-01-08,64,46,0.03,0.0,0
2022-01-09,62,41,T,0.0,0
2022-01-10,54,31,0.00,0.0,0
2022-01-11,59,30,0.00,0.0,0
2022-01-12,63,39,0.00,0.0,0
2022-01-13,74,39,0.00,0.0,0
2022-01-14,75,40,0.00,0.0,0
2022-01-15,52,30,T,T,0
2022-01-16,52,26,0.00,0.0,0
2022-01-17,63,30,0.00,0.0,0
2022-01-18,73,44,0.00,0.0,0
2022-01-19,62,34,0.01,0.0,0
2022-01-20,37,25,0.00,0.0,0
2022-01-21,44,22,0.00,0.0,0
2022-01-22,52,28,0.00,0.0,0
2022-01-23,66,30,0.00,0.0,0
2022-01-24,57,40,0.06,0.0,0
2022-01-25,59,40,0.00,0.0,0
2022-01-26,49,29,T,T,0
2022-01-27,51,35,T,0.0,0
2022-01-28,57,30,0.00,0.0,0
2022-01-29,67,31,0.00,0.0,0
2022-01-30,70,37,0.00,0.0,0
2022-01-31,68,47,0.00,0.0,0
2022-02-01,71,54,0.00,0.0,0
2022-02-02,59,31,0.94,0.0,0
2022-02-03,32,19,0.58,1.5,1
2022-02-04,36,20,0.00,0.0,1
2022-02-05,48,21,0.00,0.0,T
2022-02-06,56,31,0.00,0.0,T
2022-02-07,58,32,0.00,0.0,0
2022-02-08,66,32,0.00,0.0,0
2022-02-09,70,35,0.00,0.0,0
2022-02-10,72,36,0.00,0.0,0
2022-02-11,76,42,0.00,0.0,0
2022-02-12,56,31,0.00,0.0,0
2022-02-13,65,29,0.00,0.0,0
2022-02-14,71,36,0.00,0.0,0
2022-02-15,70,43,0.00,0.0,0
2022-02-16,66,60,0.17,0.0,0
2022-02-17,66,32,0.07,0.0,0
2022-02-18,53,25,0.00,0.0,0
2022-02-19,64,31,0.00,0.0,0
2022-02-20,65,44,0.00,0.0,0
2022-02-21,81,55,T,0.0,0
2022-02-22,70,33,0.03,0.0,0
2022-02-23,33,23,0.02,T,T
2022-02-24,29,21,0.01,T,T
2022-02-25,38,22,T,0.0,0
2022-02-26,39,33,0.02,0.0,0
2022-02-27,56,28,0.00,0.0,0
2022-02-28,66,29,0.00,0.0,0
2022-03-01,73,36,0.00,0.0,0
2022-03-02,77,43,0.00,0.0,0
2022-03-03,78,45,0.00,0.0,0
2022-03-04,73,55,0.00,0.0,0
2022-03-05,78,63,T,0.0,0
2022-03-06,78,39,0.02,0.0,0
2022-03-07,52,36,0.06,T,0
2022-03-08,49,34,T,T,0
2022-03-09,59,30,0.00,0.0,0
2022-03-10,68,42,0.00,0.0,0
2022-03-11,44,32,0.07,T,0
2022-03-12,57,26,0.00,0.0,0
2022-03-13,65,43,0.00,0.0,0
2022-03-14,77,50,0.34,0.0,0
2022-03-15,71,46,0.00,0.0,0
2022-03-16,80,45,0.00,0.0,0
2022-03-17,74,54,T,0.0,0
2022-03-18,66,47,0.00,0.0,0
2022-03-19,76,41,0.00,0.0,0
2022-03-20,79,55,0.00,0.0,0
2022-03-21,73,56,1.46,0.0,0
2022-03-22,59,48,0.00,0.0,0
2022-03-23,64,46,0.00,0.0,0
2022-03-24,68,38,0.00,0.0,0
2022-03-25,82,42,0.00,0.0,0
2022-03-26,85,54,0.00,0.0,0
2022-03-27,92,54,0.00,0.0,0
2022-03-28,84,60,0.00,0.0,0
2022-03-29,79,68,0.00,0.0,0
2022-03-30,74,46,1.06,0.0,0
2022-03-31,70,45,T,0.0,0
2022-04-01,74,48,0.03,0.0,0
2022-04-02,78,53,0.03,0.0,0
2022-04-03,84,59,0.00,0.0,0
2022-04-04,79,60,1.48,0.0,0
2022-04-05,93,60,0.00,0.0,0
2022-04-06,78,56,0.00,0.0,0
2022-04-07,71,49,0.00,0.0,0
2022-04-08,69,48,0.00,0.0,0
2022-04-09,86,44,0.00,0.0,0
2022-04-10,83,62,0.00,0.0,0
2022-04-11,87,70,T,0.0,0
2022-04-12,81,69,0.05,0.0,0
2022-04-13,81,58,0.03,0.0,0
2022-04-14,76,50,0.00,0.0,0
2022-04-15,81,58,0.00,0.0,0
2022-04-16,81,57,T,0.0,0
2022-04-17,79,56,0.00,0.0,0
2022-04-18,74,51,0.00,0.0,0
2022-04-19,73,55,T,0.0,0
2022-04-20,88,64,T,0.0,0
2022-04-21,84,72,0.00,0.0,0
2022-04-22,85,71,0.00,0.0,0
2022-04-23,83,69,0.00,0.0,0
2022-04-24,83,60,0.45,0.0,0
2022-04-25,68,58,0.89,0.0,0
2022-04-26,75,48,0.00,0.0,0
2022-04-27,78,56,0.00,0.0,0
2022-04-28,82,63,0.00,0.0,0
2022-04-29,81,69,0.00,0.0,0
2022-04-30,84,68,0.00,0.0,0
2022-05-01,85,58,0.00,0.0,0
2022-05-02,86,65,0.59,0.0,0
2022-05-03,77,54,0.58,0.0,0
2022-05-04,87,60,0.06,0.0,0
2022-05-05,78,59,0.66,0.0,0
2022-05-06,84,56,0.00,0.0,0
2022-05-07,87,68,0.00,0.0,0
2022-05-08,92,75,0.00,0.0,0
2022-05-09,91,76,0.00,0.0,0
2022-05-10,90,78,0.00,0.0,0
2022-05-11,89,73,0.00,0.0,0
2022-05-12,91,71,0.00,0.0,0
2022-05-13,91,70,0.00,0.0,0
2022-05-14,93,72,0.00,0.0,0
2022-05-15,95,70,0.00,0.0,0
2022-05-16,90,67,0.00,0.0,0
2022-05-17,93,76,0.00,0.0,0
2022-05-18,95,72,0.00,0.0,0
2022-05-19,93,73,0.00,0.0,0
2022-05-20,94,75,0.00,0.0,0
2022-05-21,93,63,0.02,0.0,0
2022-05-22,72,61,0.00,0.0,0
2022-05-23,80,60,T,0.0,0
2022-05-24,78,63,2.24,0.0,0
2022-05-25,73,61,0.09,0.0,0
2022-05-26,88,57,0.00,0.0,0
2022-05-27,91,59,0.00,0.0,0
2022-05-28,93,68,0.00,0.0,0
2022-05-29,92,71,0.00,0.0,0
2022-05-30,92,76,0.00,0.0,0
2022-05-31,94,77,0.00,0.0,0
2022-06-01,89,75,0.84,0.0,0
2022-06-02,85,65,0.80,0.0,0
2022-06-03,84,71,0.14,0.0,0
2022-06-04,86,69,0.00,0.0,0
2022-06-05,92,73,0.00,0.0,0
2022-06-06,94,76,0.00,0.0,0
2022-06-07,93,77,0.00,0.0,0
2022-06-08,89,77,0.00,0.0,0
2022-06-09,94,74,0.00,0.0,0
2022-06-10,99,79,0.00,0.0,0
2022-06-11,103,80,0.00,0.0,0
2022-06-12,101,81,0.00,0.0,0
2022-06-13,98,79,0.00,0.0,0
2022-06-14,96,79,0.00,0.0,0
2022-06-15,94,80,0.00,0.0,0
2022-06-16,100,79,0.00,0.0,0
2022-06-17,99,78,T,0.0,0
2022-06-18,97,78,0.00,0.0,0
2022-06-19,99,80,0.00,0.0,0
2022-06-20,100,77,0.00,0.0,0
2022-06-21,99,82,0.00,0.0,0
2022-06-22,99,80,0.00,0.0,0
2022-06-23,102,81,0.00,0.0,0
2022-06-24,102,83,0.00,0.0,0
2022-06-25,101,82,0.00,0.0,0
2022-06-26,102,82,0.00,0.0,0
2022-06-27,94,74,0.00,0.0,0
2022-06-28,93,76,0.00,0.0,0
2022-06-29,95,75,0.00,0.0,0
2022-06-30,98,76,0.00,0.0,0
2022-07-01,96,76,0.00,0.0,0
2022-07-02,99,78,0.00,0.0,0
2022-07-03,101,80,T,0.0,0
2022-07-04,100,82,0.00,0.0,0
2022-07-05,101,82,0.00,0.0,0
2022-07-06,103,81,0.00,0.0,0
2022-07-07,102,82,0.00,0.0,0
2022-07-08,104,84,0.00,0.0,0
2022-07-09,107,86,T,0.0,0
2022-07-10,102,82,0.00,0.0,0
2022-07-11,102,80,0.00,0.0,0
2022-07-12,103,82,0.00,0.0,0
2022-07-13,105,82,0.00,0.0,0
2022-07-14,94,79,0.00,0.0,0
2022-07-15,100,78,0.00,0.0,0
2022-07-16,100,78,0.00,0.0,0
2022-07-17,104,84,0.00,0.0,0
2022-07-18,108,84,0.00,0.0,0
2022-07-19,107,84,0.00,0.0,0
2022-07-20,108,82,0.00,0.0,0
2022-07-21,102,85,T,0.0,0
2022-07-22,100,83,0.00,0.0,0
2022-07-23,100,77,0.00,0.0,0
2022-07-24,101,82,0.00,0.0,0
2022-07-25,103,83,0.00,0.0,0
2022-07-26,102,82,0.00,0.0,0
2022-07-27,102,83,0.00,0.0,0
2022-07-28,101,83,0.00,0.0,0
2022-07-29,102,82,T,0.0,0
2022-07-30,100,83,T,0.0,0
2022-07-31,102,84,0.00,0.0,0
2022-08-01,101,82,0.00,0.0,0
2022-08-02,102,83,0.00,0.0,0
2022-08-03,102,82,0.00,0.0,0
2022-08-04,101,81,0.00,0.0,0
2022-08-05,103,83,0.00,0.0,0
2022-08-06,98,78,0.00,0.0,0
2022-08-07,100,80,0.00,0.0,0
2022-08-08,101,82,0.00,0.0,0
2022-08-09,101,80,T,0.0,0
2022-08-10,101,76,0.14,0.0,0
2022-08-11,99,75,0.00,0.0,0
2022-08-12,97,78,0.00,0.0,0
2022-08-13,99,80,0.00,0.0,0
2022-08-14,98,79,0.00,0.0,0
2022-08-15,99,82,0.00,0.0,0
2022-08-16,100,83,0.00,0.0,0
2022-08-17,104,73,0.06,0.0,0
2022-08-18,87,75,T,0.0,0
2022-08-19,94,74,0.00,0.0,0
2022-08-20,92,76,0.00,0.0,0
2022-08-21,90,74,2.80,0.0,0
2022-08-22,79,72,6.35,0.0,0
2022-08-23,87,73,0.04,0.0,0
2022-08-24,90,74,0.00,0.0,0
2022-08-25,94,74,0.00,0.0,0
2022-08-26,94,76,0.00,0.0,0
2022-08-27,96,77,0.00,0.0,0
2022-08-28,96,78,0.00,0.0,0
2022-08-29,94,77,0.00,0.0,0
2022-08-30,91,77,0.00,0.0,0
2022-08-31,91,75,0.09,0.0,0
2022-09-01,89,73,0.91,0.0,0
2022-09-02,83,74,0.20,0.0,0
2022-09-03,96,73,0.10,T,0
2022-09-04,96,68,0.80,0.0,0
2022-09-05,92,68,T,0.0,0
2022-09-06,94,76,0.00,0.0,0
2022-09-07,96,74,0.00,0.0,0
2022-09-08,90,76,0.00,0.0,0
2022-09-09,88,71,0.00,0.0,0
2022-09-10,90,66,0.00,0.0,0
2022-09-11,83,69,0.00,0.0,0
2022-09-12,87,65,0.00,0.0,0
2022-09-13,89,69,0.00,0.0,0
2022-09-14,88,67,0.00,0.0,0
2022-09-15,87,67,0.00,0.0,0
2022-09-16,91,70,0.00,0.0,0
2022-09-17,92,75,0.00,0.0,0
2022-09-18,94,76,0.00,0.0,0
2022-09-19,94,78,0.00,0.0,0
2022-09-20,95,78,0.00,0.0,0
2022-09-21,96,76,0.00,0.0,0
2022-09-22,98,73,0.00,0.0,0
2022-09-23,95,74,0.00,0.0,0
2022-09-24,95,79,0.00,0.0,0
2022-09-25,98,74,T,0.0,0
2022-09-26,87,65,0.00,0.0,0
2022-09-27,89,60,0.00,0.0,0
2022-09-28,90,67,0.00,0.0,0
2022-09-29,81,64,0.00,0.0,0
2022-09-30,81,60,0.00,0.0,0
2022-10-01,81,55,0.00,0.0,0
2022-10-02,84,55,0.00,0.0,0
2022-10-03,85,57,0.00,0.0,0
2022-10-04,86,59,0.00,0.0,0
2022-10-05,88,61,0.00,0.0,0
2022-10-06,90,62,0.00,0.0,0
2022-10-07,89,65,0.00,0.0,0
2022-10-08,79,62,0.00,0.0,0
2022-10-09,84,58,0.00,0.0,0
2022-10-10,87,66,0.00,0.0,0
2022-10-11,84,68,T,0.0,0
2022-10-12,94,70,0.00,0.0,0
2022-10-13,83,58,0.00,0.0,0
2022-10-14,87,56,0.00,0.0,0
2022-10-15,92,73,0.00,0.0,0
2022-10-16,79,65,0.15,0.0,0
2022-10-17,71,52,0.00,0.0,0
2022-10-18,65,47,0.00,0.0,0
2022-10-19,67,40,0.00,0.0,0
2022-10-20,85,48,0.00,0.0,0
2022-10-21,90,52,0.00,0.0,0
2022-10-22,86,65,0.00,0.0,0
2022-10-23,85,71,0.00,0.0,0
2022-10-24,76,59,2.61,0.0,0
2022-10-25,70,50,0.00,0.0,0
2022-10-26,73,47,0.00,0.0,0
2022-10-27,73,52,0.00,0.0,0
2022-10-28,64,52,2.37,0.0,0
2022-10-29,65,55,0.09,0.0,0
2022-10-30,75,54,0.00,0.0,0
2022-10-31,78,52,0.00,0.0,0
2022-11-01,77,56,0.00,0.0,0
2022-11-02,74,58,0.00,0.0,0
2022-11-03,80,65,0.00,0.0,0
2022-11-04,77,50,0.72,T,0
2022-11-05,65,45,0.00,0.0,0
2022-11-06,81,54,0.00,0.0,0
2022-11-07,80,67,0.26,0.0,0
2022-11-08,79,69,0.00,0.0,0
2022-11-09,82,69,0.00,0.0,0
2022-11-10,73,65,T,0.0,0
2022-11-11,70,40,0.45,0.0,0
2022-11-12,52,35,0.00,0.0,0
2022-11-13,53,33,0.00,0.0,0
2022-11-14,45,40,0.45,0.0,0
2022-11-15,44,38,T,0.0,0
2022-11-16,54,37,0.00,0.0,0
2022-11-17,59,34,0.00,0.0,0
2022-11-18,49,36,T,T,0
2022-11-19,44,34,T,T,0
2022-11-20,51,29,T,0.0,0
2022-11-21,53,42,0.01,0.0,0
2022-11-22,61,39,0.00,0.0,0
2022-11-23,56,50,0.41,0.0,0
2022-11-24,58,53,1.28,0.0,0
2022-11-25,59,51,0.02,0.0,0
2022-11-26,56,48,1.21,0.0,0
2022-11-27,64,45,0.00,0.0,0
2022-11-28,68,39,0.00,0.0,0
2022-11-29,80,43,0.00,0.0,0
2022-11-30,53,34,0.00,0.0,0
2022-12-01,53,33,0.01,0.0,0
2022-12-02,65,49,T,0.0,0
2022-12-03,64,46,0.00,0.0,0
2022-12-04,58,47,T,0.0,0
2022-12-05,79,51,T,0.0,0
2022-12-06,77,64,T,0.0,0
2022-12-07,76,59,0.07,0.0,0
2022-12-08,73,58,0.36,0.0,0
2022-12-09,66,60,0.09,0.0,0
2022-12-10,74,54,0.55,0.0,0
2022-12-11,58,52,0.27,0.0,0
2022-12-12,63,54,0.05,0.0,0
2022-12-13,70,49,0.45,0.0,0
2022-12-14,59,44,T,0.0,0
2022-12-15,59,36,0.00,0.0,0
2022-12-16,49,34,0.00,0.0,0
2022-12-17,52,33,0.00,0.0,0
2022-12-18,55,31,0.00,0.0,0
2022-12-19,49,44,T,0.0,0
2022-12-20,56,40,0.02,0.0,0
2022-12-21,52,31,0.00,0.0,0
2022-12-22,45,11,T,T,0
2022-12-23,25,11,0.00,0.0,0
2022-12-24,36,20,0.00,0.0,0
2022-12-25,50,23,0.00,0.0,0
2022-12-26,58,29,0.00,0.0,0
2022-12-27,50,24,0.00,0.0,0
2022-12-28,71,39,0.00,0.0,0
2022-12-29,73,56,0.00,0.0,0
2022-12-30,64,44,0.00,0.0,0
2022-12-31,72,51,0.00,0.0,0
2023-01-01,77,55,0.00,0.0,0
2023-01-02,78,64,T,0.0,0
2023-01-03,69,46,0.00,0.0,0
2023-01-04,59,39,0.00,0.0,0
2023-01-05,62,36,0.00,0.0,0
2023-01-06,70,46,0.00,0.0,0
2023-01-07,65,49,0.00,0.0,0
2023-01-08,63,40,0.00,0.0,0
2023-01-09,69,39,0.00,0.0,0
2023-01-10,82,45,0.00,0.0,0
2023-01-11,82,57,0.00,0.0,0
2023-01-12,69,40,0.00,0.0,0
2023-01-13,58,34,0.00,0.0,0
2023-01-14,62,39,0.00,0.0,0
2023-01-15,70,47,0.00,0.0,0
2023-01-16,76,56,0.00,0.0,0
2023-01-17,80,51,0.00,0.0,0
2023-01-18,72,57,T,0.0,0
2023-01-19,61,43,0.00,0.0,0
2023-01-20,62,39,0.00,0.0,0
2023-01-21,57,45,T,0.0,0
2023-01-22,55,38,0.00,0.0,0
2023-01-23,54,34,0.00,0.0,0
2023-01-24,49,35,0.85,T,0
2023-01-25,44,36,T,0.0,0
2023-01-26,55,30,0.00,0.0,0
2023-01-27,61,31,0.00,0.0,0
2023-01-28,68,45,T,0.0,0
2023-01-29,64,30,0.00,0.0,0
2023-01-30,31,26,0.01,T,0
2023-01-31,28,25,0.56,1.0,T
2023-02-01,31,27,0.12,0.3,1
2023-02-02,35,31,0.23,0.0,1
2023-02-03,53,28,0.00,0.0,T
2023-02-04,57,32,0.00,0.0,0
2023-02-05,71,41,0.00,0.0,0
2023-02-06,73,52,0.00,0.0,0
2023-02-07,64,48,0.08,0.0,0
2023-02-08,49,40,1.10,0.0,0
2023-02-09,65,34,0.00,0.0,0
2023-02-10,50,37,T,0.0,0
2023-02-11,55,35,T,0.0,0
2023-02-12,67,34,0.00,0.0,0
2023-02-13,67,46,T,0.0,0
2023-02-14,71,52,0.52,0.0,0
2023-02-15,78,49,0.00,0.0,0
2023-02-16,61,36,0.00,0.0,0
2023-02-17,51,30,0.00,0.0,0
2023-02-18,54,32,0.00,0.0,0
2023-02-19,71,45,0.00,0.0,0
2023-02-20,79,59,0.00,0.0,0
2023-02-21,87,63,0.00,0.0,0
2023-02-22,80,60,0.36,0.0,0
2023-02-23,69,46,0.00,0.0,0
2023-02-24,50,41,T,0.0,0
2023-02-25,49,39,0.03,0.0,0
2023-02-26,77,48,0.00,0.0,0
2023-02-27,75,54,0.04,0.0,0
2023-02-28,85,47,0.00,0.0,0
2023-03-01,73,60,0.14,0.0,0
2023-03-02,81,53,0.78,0.0,0
2023-03-03,65,47,0.46,0.0,0
2023-03-04,76,47,0.00,0.0,0
2023-03-05,77,55,0.00,0.0,0
2023-03-06,82,58,0.00,0.0,0
2023-03-07,72,61,0.00,0.0,0
2023-03-08,66,52,0.09,0.0,0
2023-03-09,71,55,0.21,0.0,0
2023-03-10,67,46,0.00,0.0,0
2023-03-11,86,57,0.00,0.0,0
2023-03-12,69,50,0.00,0.0,0
2023-03-13,61,47,0.00,0.0,0
2023-03-14,64,43,0.00,0.0,0
2023-03-15,68,47,0.00,0.0,0
2023-03-16,71,44,1.10,0.0,0
2023-03-17,56,40,0.00,0.0,0
2023-03-18,55,41,0.00,0.0,0
2023-03-19,54,34,0.00,0.0,0
2023-03-20,54,40,0.00,0.0,0
2023-03-21,67,50,0.07,0.0,0
2023-03-22,81,67,0.00,0.0,0
2023-03-23,83,69,0.00,0.0,0
2023-03-24,75,62,0.21,0.0,0
2023-03-25,77,50,0.00,0.0,0
2023-03-26,78,48,0.00,0.0,0
2023-03-27,72,48,0.14,0.0,0
2023-03-28,65,49,0.00,0.0,0
2023-03-29,65,50,T,0.0,0
2023-03-30,73,60,T,0.0,0
2023-03-31,85,70,0.11,0.0,0
2023-04-01,77,58,0.00,0.0,0
2023-04-02,79,58,0.05,0.0,0
2023-04-03,92,64,0.00,0.0,0
2023-04-04,82,72,0.00,0.0,0
2023-04-05,77,53,0.14,0.0,0
2023-04-06,58,50,0.00,0.0,0
2023-04-07,61,53,0.00,0.0,0
2023-04-08,75,54,0.00,0.0,0
2023-04-09,73,54,0.00,0.0,0
2023-04-10,74,57,0.00,0.0,0
2023-04-11,76,52,0.00,0.0,0
2023-04-12,78,55,0.00,0.0,0
2023-04-13,79,57,0.00,0.0,0
2023-04-14,78,60,0.00,0.0,0
2023-04-15,81,59,0.00,0.0,0
2023-04-16,73,49,0.00,0.0,0
2023-04-17,79,48,0.00,0.0,0
2023-04-18,73,61,0.00,0.0,0
2023-04-19,83,66,0.00,0.0,0
2023-04-20,84,63,0.21,T,0
2023-04-21,77,57,0.00,0.0,0
2023-04-22,73,53,0.00,0.0,0
2023-04-23,58,47,0.04,0.0,0
2023-04-24,70,47,T,0.0,0
2023-04-25,72,59,0.01,0.0,0
2023-04-26,64,56,1.01,0.0,0
2023-04-27,69,55,T,0.0,0
2023-04-28,73,53,0.81,T,0
2023-04-29,72,53,0.00,0.0,0
2023-04-30,82,52,0.00,0.0,0
2023-05-01,77,58,0.00,0.0,0
2023-05-02,82,58,0.00,0.0,0
2023-05-03,82,67,0.00,0.0,0
2023-05-04,83,65,T,0.0,0
2023-05-05,93,68,0.00,0.0,0
2023-05-06,87,67,0.27,0.0,0
2023-05-07,85,68,0.02,0.0,0
2023-05-08,87,71,0.23,0.0,0
2023-05-09,83,70,0.00,0.0,0
2023-05-10,75,66,0.15,0.0,0
2023-05-11,87,66,T,0.0,0
2023-05-12,87,76,0.00,0.0,0
2023-05-13,85,70,T,0.0,0
2023-05-14,76,69,0.47,0.0,0
2023-05-15,86,67,0.13,0.0,0
2023-05-16,78,66,0.00,0.0,0
2023-05-17,85,62,0.00,0.0,0
2023-05-18,87,65,0.00,0.0,0
2023-05-19,91,70,0.41,0.0,0
2023-05-20,80,63,0.00,0.0,0
2023-05-21,77,62,0.00,0.0,0
2023-05-22,84,64,0.00,0.0,0
2023-05-23,85,68,0.00,0.0,0
2023-05-24,86,69,0.02,0.0,0
2023-05-25,84,67,0.00,0.0,0
2023-05-26,87,69,0.00,0.0,0
2023-05-27,86,72,0.00,0.0,0
2023-05-28,86,70,0.02,0.0,0
2023-05-29,89,70,T,0.0,0
2023-05-30,88,67,0.07,0.0,0
2023-05-31,90,69,0.00,0.0,0
2023-06-01,89,73,0.00,0.0,0
2023-06-02,91,74,0.00,0.0,0
2023-06-03,92,69,0.17,0.0,0
2023-06-04,89,67,0.00,0.0,0
2023-06-05,86,65,0.09,0.0,0
2023-06-06,88,70,0.06,0.0,0
2023-06-07,90,67,0.91,T,0
2023-06-08,92,68,0.00,0.0,0
2023-06-09,94,71,0.00,0.0,0
2023-06-10,94,76,0.00,0.0,0
2023-06-11,99,71,1.65,0.0,0
2023-06-12,87,72,T,0.0,0
2023-06-13,78,69,0.81,0.0,0
2023-06-14,91,75,T,0.0,0
2023-06-15,92,75,0.00,0.0,0
2023-06-16,97,72,0.00,0.0,0
2023-06-17,96,76,T,0.0,0
2023-06-18,93,75,0.00,0.0,0
2023-06-19,97,76,0.00,0.0,0
2023-06-20,98,81,0.00,0.0,0
2023-06-21,91,76,0.71,0.0,0
2023-06-22,90,78,T,0.0,0
2023-06-23,91,78,T,0.0,0
2023-06-24,97,77,0.00,0.0,0
2023-06-25,98,81,0.00,0.0,0
2023-06-26,99,82,0.00,0.0,0
2023-06-27,101,80,0.00,0.0,0
2023-06-28,98,80,0.00,0.0,0
2023-06-29,98,81,0.00,0.0,0
2023-06-30,96,81,0.00,0.0,0
2023-07-01,89,78,0.00,0.0,0
2023-07-02,90,75,T,0.0,0
2023-07-03,98,76,T,0.0,0
2023-07-04,97,76,0.00,0.0,0
2023-07-05,96,80,0.00,0.0,0
2023-07-06,96,80,T,0.0,0
2023-07-07,95,78,0.00,0.0,0
2023-07-08,98,80,T,0.0,0
2023-07-09,91,73,0.17,0.0,0
2023-07-10,96,78,T,0.0,0
2023-07-11,95,76,0.03,0.0,0
2023-07-12,103,82,0.00,0.0,0
2023-07-13,102,82,0.00,0.0,0
2023-07-14,101,84,0.00,0.0,0
2023-07-15,100,82,0.00,0.0,0
2023-07-16,87,75,0.10,0.0,0
2023-07-17,106,76,0.00,0.0,0
2023-07-18,106,86,0.00,0.0,0
2023-07-19,104,83,0.00,0.0,0
2023-07-20,102,83,0.00,0.0,0
2023-07-21,103,82,0.00,0.0,0
2023-07-22,94,77,0.00,0.0,0
2023-07-23,97,72,0.00,0.0,0
2023-07-24,101,77,0.00,0.0,0
2023-07-25,102,80,0.00,0.0,0
2023-07-26,101,82,0.00,0.0,0
2023-07-27,100,82,0.00,0.0,0
2023-07-28,100,83,0.00,0.0,0
2023-07-29,102,82,0.00,0.0,0
2023-07-30,103,82,0.00,0.0,0
2023-07-31,104,82,0.00,0.0,0
2023-08-01,106,85,0.00,0.0,0
2023-08-02,105,86,0.00,0.0,0
2023-08-03,104,86,0.00,0.0,0
2023-08-04,105,85,0.00,0.0,0
2023-08-05,106,86,0.00,0.0,0
2023-08-06,103,85,0.00,0.0,0
2023-08-07,103,86,0.00,0.0,0
2023-08-08,103,85,T,0.0,0
2023-08-09,107,83,0.00,0.0,0
2023-08-10,107,85,0.00,0.0,0
2023-08-11,106,84,0.00,0.0,0
2023-08-12,106,82,0.00,0.0,0
2023-08-13,106,84,0.00,0.0,0
2023-08-14,100,81,0.00,0.0,0
2023-08-15,95,76,0.00,0.0,0
2023-08-16,96,70,0.00,0.0,0
2023-08-17,109,75,0.00,0.0,0
2023-08-18,110,83,0.00,0.0,0
2023-08-19,107,85,0.00,0.0,0
2023-08-20,108,85,0.00,0.0,0
2023-08-21,105,84,0.00,0.0,0
2023-08-22,103,85,0.00,0.0,0
2023-08-23,103,85,0.00,0.0,0
2023-08-24,107,87,0.00,0.0,0
2023-08-25,109,86,0.00,0.0,0
2023-08-26,109,88,0.00,0.0,0
2023-08-27,102,80,T,0.0,0
2023-08-28,95,79,0.00,0.0,0
2023-08-29,98,76,0.00,0.0,0
2023-08-30,98,76,0.00,0.0,0
2023-08-31,99,75,0.00,0.0,0
2023-09-01,98,77,0.00,0.0,0
2023-09-02,98,73,0.00,0.0,0
2023-09-03,100,76,T,0.0,0
2023-09-04,99,80,0.00,0.0,0
2023-09-05,103,81,0.00,0.0,0
2023-09-06,105,84,0.00,0.0,0
2023-09-07,108,83,0.00,0.0,0
2023-09-08,109,82,T,0.0,0
2023-09-09,97,74,0.03,0.0,0
2023-09-10,93,72,0.00,0.0,0
2023-09-11,89,74,0.01,0.0,0
2023-09-12,85,73,T,0.0,0
2023-09-13,83,70,0.09,0.0,0
2023-09-14,75,70,0.55,0.0,0
2023-09-15,83,70,0.01,0.0,0
2023-09-16,88,70,0.00,0.0,0
2023-09-17,92,69,0.00,0.0,0
2023-09-18,94,67,0.00,0.0,0
2023-09-19,96,70,1.39,T,0
2023-09-20,93,72,0.00,0.0,0
2023-09-21,93,76,0.00,0.0,0
2023-09-22,96,78,0.00,0.0,0
2023-09-23,98,78,0.00,0.0,0
2023-09-24,100,74,0.37,0.0,0
2023-09-25,92,72,0.36,0.0,0
2023-09-26,94,72,0.00,0.0,0
2023-09-27,95,73,0.00,0.0,0
2023-09-28,95,74,0.00,0.0,0
2023-09-29,94,74,0.00,0.0,0
2023-09-30,93,74,0.00,0.0,0
2023-10-01,92,71,0.00,0.0,0
2023-10-02,91,72,0.00,0.0,0
2023-10-03,90,71,0.00,0.0,0
2023-10-04,93,69,1.89,T,0
2023-10-05,83,70,0.13,0.0,0
2023-10-06,87,63,0.00,0.0,0
2023-10-07,71,55,0.00,0.0,0
2023-10-08,78,52,0.00,0.0,0
2023-10-09,88,62,0.00,0.0,0
2023-10-10,83,64,0.00,0.0,0
2023-10-11,75,65,0.00,0.0,0
2023-10-12,79,63,T,0.0,0
2023-10-13,79,64,0.00,0.0,0
2023-10-14,71,53,0.00,0.0,0
2023-10-15,68,50,0.00,0.0,0
2023-10-16,66,47,0.00,0.0,0
2023-10-17,73,45,0.00,0.0,0
2023-10-18,80,53,0.00,0.0,0
2023-10-19,85,56,0.00,0.0,0
2023-10-20,93,62,0.00,0.0,0
2023-10-21,90,58,0.00,0.0,0
2023-10-22,83,67,0.00,0.0,0
2023-10-23,79,71,0.04,0.0,0
2023-10-24,76,72,0.99,0.0,0
2023-10-25,81,69,1.57,0.0,0
2023-10-26,82,69,2.34,0.0,0
2023-10-27,87,63,0.30,0.0,0
2023-10-28,66,58,3.35,0.0,0
2023-10-29,58,40,0.15,0.0,0
2023-10-30,51,37,0.54,0.0,0
2023-10-31,61,34,0.00,0.0,0
2023-11-01,57,35,0.00,0.0,0
2023-11-02,63,38,0.00,0.0,0
2023-11-03,72,48,0.00,0.0,0
2023-11-04,74,55,0.00,0.0,0
2023-11-05,79,59,0.00,0.0,0
2023-11-06,81,65,0.00,0.0,0
2023-11-07,85,64,0.00,0.0,0
2023-11-08,85,69,0.00,0.0,0
2023-11-09,74,53,0.30,0.0,0
2023-11-10,62,52,0.01,0.0,0
2023-11-11,63,55,0.00,0.0,0
2023-11-12,65,52,0.00,0.0,0
2023-11-13,65,51,T,0.0,0
2023-11-14,70,49,0.00,0.0,0
2023-11-15,73,49,0.00,0.0,0
2023-11-16,62,52,0.00,0.0,0
2023-11-17,62,57,T,0.0,0
2023-11-18,71,53,T,0.0,0
2023-11-19,65,55,0.08,0.0,0
2023-11-20,76,55,T,0.0,0
2023-11-21,61,42,0.00,0.0,0
2023-11-22,61,36,0.00,0.0,0
2023-11-23,61,41,0.00,0.0,0
2023-11-24,64,42,0.00,0.0,0
2023-11-25,61,43,0.17,0.0,0
2023-11-26,52,35,0.01,0.0,0
2023-11-27,55,31,0.00,0.0,0
2023-11-28,62,37,0.00,0.0,0
2023-11-29,64,39,0.00,0.0,0
2023-11-30,63,54,0.35,0.0,0
2023-12-01,61,44,0.00,0.0,0
2023-12-02,66,41,0.00,0.0,0
2023-12-03,73,38,0.00,0.0,0
2023-12-04,63,40,0.00,0.0,0
2023-12-05,71,39,0.00,0.0,0
2023-12-06,65,45,0.00,0.0,0
2023-12-07,70,49,0.00,0.0,0
2023-12-08,79,63,0.00,0.0,0
2023-12-09,68,45,0.00,0.0,0
2023-12-10,54,34,0.00,0.0,0
2023-12-11,65,36,0.00,0.0,0
2023-12-12,64,42,0.00,0.0,0
2023-12-13,62,48,0.00,0.0,0
2023-12-14,65,45,0.00,0.0,0
2023-12-15,59,45,0.50,0.0,0
2023-12-16,60,39,0.00,0.0,0
2023-12-17,71,36,0.00,0.0,0
2023-12-18,64,40,0.00,0.0,0
2023-12-19,59,39,0.00,0.0,0
2023-12-20,67,46,0.00,0.0,0
2023-12-21,59,57,0.78,0.0,0
2023-12-22,69,56,0.21,0.0,0
2023-12-23,65,59,0.18,0.0,0
2023-12-24,66,47,2.07,0.0,0
2023-12-25,51,38,0.00,0.0,0
2023-12-26,55,31,0.00,0.0,0
2023-12-27,52,36,0.00,0.0,0
2023-12-28,50,33,0.00,0.0,0
2023-12-29,56,32,0.00,0.0,0
2023-12-30,65,33,0.00,0.0,0
2023-12-31,65,38,0.00,0.0,0
2024-01-01,49,32,0.00,0.0,0
2024-01-02,49,33,0.37,0.0,0
2024-01-03,56,40,0.00,0.0,0
2024-01-04,58,36,T,0.0,0
2024-01-05,50,44,0.33,0.0,0
2024-01-06,49,38,0.00,0.0,0
2024-01-07,60,32,0.00,0.0,0
2024-01-08,57,40,0.83,0.0,0
2024-01-09,50,33,0.00,0.0,0
2024-01-10,67,31,0.00,0.0,0
2024-01-11,70,39,0.00,0.0,0
2024-01-12,63,29,0.30,0.0,0
2024-01-13,63,23,0.00,0.0,0
2024-01-14,23,12,T,T,0
2024-01-15,26,10,0.01,0.1,T
2024-01-16,27,12,0.00,0.0,0
2024-01-17,42,18,0.00,0.0,0
2024-01-18,60,39,0.00,0.0,0
2024-01-19,46,25,0.00,0.0,0
2024-01-20,37,20,0.00,0.0,0
2024-01-21,39,32,0.08,0.0,0
2024-01-22,42,33,0.70,0.0,0
2024-01-23,50,39,0.43,0.0,0
2024-01-24,52,45,0.03,0.0,0
2024-01-25,55,47,0.01,0.0,0
2024-01-26,52,49,0.14,0.0,0
2024-01-27,53,36,0.64,0.0,0
2024-01-28,64,32,0.00,0.0,0
2024-01-29,74,39,0.00,0.0,0
2024-01-30,77,43,0.00,0.0,0
2024-01-31,76,44,0.00,0.0,0
2024-02-01,73,47,0.00,0.0,0
2024-02-02,66,54,0.48,0.0,0
2024-02-03,68,52,0.18,0.0,0
2024-02-04,63,50,0.03,0.0,0
2024-02-05,62,46,T,0.0,0
2024-02-06,68,39,0.00,0.0,0
2024-02-07,67,51,0.00,0.0,0
2024-02-08,69,58,0.00,0.0,0
2024-02-09,72,52,0.00,0.0,0
2024-02-10,61,52,0.40,0.0,0
2024-02-11,53,40,0.47,0.0,0
2024-02-12,57,38,T,0.0,0
2024-02-13,64,34,0.00,0.0,0
2024-02-14,68,44,0.00,0.0,0
2024-02-15,71,52,0.00,0.0,0
2024-02-16,71,41,0.00,0.0,0
2024-02-17,45,34,0.00,0.0,0
2024-02-18,53,28,0.00,0.0,0
2024-02-19,67,39,0.00,0.0,0
2024-02-20,81,43,0.00,0.0,0
2024-02-21,81,58,0.00,0.0,0
2024-02-22,82,61,0.00,0.0,0
2024-02-23,73,50,0.00,0.0,0
2024-02-24,77,45,0.00,0.0,0
2024-02-25,84,58,0.00,0.0,0
2024-02-26,91,59,0.00,0.0,0
2024-02-27,79,68,0.00,0.0,0
2024-02-28,74,40,0.00,0.0,0
2024-02-29,54,42,0.10,0.0,0
2024-03-01,69,43,0.00,0.0,0
2024-03-02,83,50,0.00,0.0,0
2024-03-03,80,62,0.00,0.0,0
2024-03-04,83,67,0.00,0.0,0
2024-03-05,81,61,0.00,0.0,0
2024-03-06,76,53,0.08,0.0,0
2024-03-07,68,59,1.78,0.0,0
2024-03-08,73,44,0.59,0.0,0
2024-03-09,60,43,0.00,0.0,0
2024-03-10,66,40,0.00,0.0,0
2024-03-11,70,48,0.07,0.0,0
2024-03-12,74,55,0.00,0.0,0
2024-03-13,79,63,0.00,0.0,0
2024-03-14,80,70,T,0.0,0
2024-03-15,74,55,0.46,0.0,0
2024-03-16,63,55,1.61,0.0,0
2024-03-17,68,55,0.02,0.0,0
2024-03-18,60,45,0.00,0.0,0
2024-03-19,68,39,0.00,0.0,0
2024-03-20,72,54,0.00,0.0,0
2024-03-21,64,57,0.95,0.0,0
2024-03-22,69,55,0.01,0.0,0
2024-03-23,69,48,0.00,0.0,0
2024-03-24,68,58,0.07,0.0,0
2024-03-25,75,45,0.83,0.0,0
2024-03-26,60,39,0.00,0.0,0
2024-03-27,67,44,0.00,0.0,0
2024-03-28,74,44,0.00,0.0,0
2024-03-29,77,59,0.00,0.0,0
2024-03-30,77,64,0.00,0.0,0
2024-03-31,78,66,0.00,0.0,0
2024-04-01,81,68,0.06,0.0,0
2024-04-02,68,50,T,0.0,0
2024-04-03,74,49,0.00,0.0,0
2024-04-04,84,47,0.00,0.0,0
2024-04-05,86,58,0.00,0.0,0
2024-04-06,77,62,0.00,0.0,0
2024-04-07,79,61,T,0.0,0
2024-04-08,83,55,0.04,0.0,0
2024-04-09,69,60,1.80,0.0,0
2024-04-10,66,52,0.36,0.0,0
2024-04-11,74,48,0.00,0.0,0
2024-04-12,80,50,0.00,0.0,0
2024-04-13,82,62,0.00,0.0,0
2024-04-14,81,64,0.00,0.0,0
2024-04-15,79,69,T,0.0,0
2024-04-16,85,70,0.05,0.0,0
2024-04-17,85,70,0.00,0.0,0
2024-04-18,88,64,0.00,0.0,0
2024-04-19,74,60,0.00,0.0,0
2024-04-20,63,48,4.22,0.0,0
2024-04-21,67,50,0.00,0.0,0
2024-04-22,71,46,0.00,0.0,0
2024-04-23,76,58,0.00,0.0,0
2024-04-24,82,67,0.00,0.0,0
2024-04-25,79,70,T,0.0,0
2024-04-26,77,70,0.08,0.0,0
2024-04-27,83,70,T,0.0,0
2024-04-28,77,62,2.46,0.0,0
2024-04-29,87,63,T,0.0,0
2024-04-30,83,68,0.00,0.0,0
2024-05-01,82,70,0.00,0.0,0
2024-05-02,82,65,0.73,0.0,0
2024-05-03,83,68,0.07,0.0,0
2024-05-04,82,66,1.28,0.0,0
2024-05-05,82,65,2.23,0.0,0
2024-05-06,85,71,T,0.0,0
2024-05-07,91,74,0.00,0.0,0
2024-05-08,93,73,0.08,0.0,0
2024-05-09,84,65,T,0.0,0
2024-05-10,84,65,0.00,0.0,0
2024-05-11,80,67,0.03,0.0,0
2024-05-12,69,64,0.78,0.0,0
2024-05-13,83,65,T,0.0,0
2024-05-14,85,62,0.00,0.0,0
2024-05-15,90,65,0.00,0.0,0
2024-05-16,79,66,0.48,0.0,0
2024-05-17,86,63,0.00,0.0,0
2024-05-18,91,70,0.00,0.0,0
2024-05-19,91,74,0.00,0.0,0
2024-05-20,91,75,0.00,0.0,0
2024-05-21,88,76,0.04,0.0,0
2024-05-22,85,73,0.18,0.0,0
2024-05-23,90,72,T,0.0,0
2024-05-24,91,72,T,0.0,0
2024-05-25,92,71,0.00,0.0,0
2024-05-26,98,77,0.07,0.0,0
2024-05-27,96,77,0.03,0.0,0
2024-05-28,84,64,1.03,0.0,0
2024-05-29,87,70,T,0.0,0
2024-05-30,79,67,2.15,0.0,0
2024-05-31,86,66,0.54,0.0,0
2024-06-01,80,68,1.06,T,0
2024-06-02,87,68,1.35,T,0
2024-06-03,86,70,0.19,0.0,0
2024-06-04,93,68,0.05,0.0,0
2024-06-05,92,68,1.55,0.0,0
2024-06-06,96,69,0.00,0.0,0
2024-06-07,95,75,0.00,0.0,0
2024-06-08,96,79,0.00,0.0,0
2024-06-09,94,77,0.00,0.0,0
2024-06-10,87,76,0.00,0.0,0
2024-06-11,84,73,0.15,0.0,0
2024-06-12,90,74,0.00,0.0,0
2024-06-13,94,75,0.00,0.0,0
2024-06-14,96,75,0.00,0.0,0
2024-06-15,94,75,0.00,0.0,0
2024-06-16,93,77,0.00,0.0,0
2024-06-17,94,78,0.00,0.0,0
2024-06-18,92,76,T,0.0,0
2024-06-19,87,75,T,0.0,0
2024-06-20,92,78,0.00,0.0,0
2024-06-21,93,78,0.00,0.0,0
2024-06-22,96,79,0.00,0.0,0
2024-06-23,99,80,0.00,0.0,0
2024-06-24,97,81,0.00,0.0,0
2024-06-25,97,81,0.00,0.0,0
2024-06-26,98,83,0.00,0.0,0
2024-06-27,97,81,0.00,0.0,0
2024-06-28,100,81,0.00,0.0,0
2024-06-29,98,82,0.00,0.0,0
2024-06-30,100,82,0.00,0.0,0
2024-07-01,100,84,0.00,0.0,0
2024-07-02,101,82,0.00,0.0,0
2024-07-03,100,83,0.00,0.0,0
2024-07-04,100,82,0.00,0.0,0
2024-07-05,91,74,0.78,0.0,0
2024-07-06,95,72,0.00,0.0,0
2024-07-07,97,80,0.00,0.0,0
2024-07-08,85,74,0.18,0.0,0
2024-07-09,95,71,0.00,0.0,0
2024-07-10,99,77,0.00,0.0,0
2024-07-11,98,78,0.00,0.0,0
2024-07-12,97,79,0.00,0.0,0
2024-07-13,95,77,0.00,0.0,0
2024-07-14,99,77,0.00,0.0,0
2024-07-15,100,79,0.00,0.0,0
2024-07-16,101,83,0.00,0.0,0
2024-07-17,90,79,0.23,0.0,0
2024-07-18,91,76,0.00,0.0,0
2024-07-19,93,75,0.00,0.0,0
2024-07-20,95,73,0.00,0.0,0
2024-07-21,87,73,0.42,0.0,0
2024-07-22,89,75,0.11,0.0,0
2024-07-23,87,74,0.02,0.0,0
2024-07-24,93,74,0.10,0.0,0
2024-07-25,92,76,0.00,0.0,0
2024-07-26,88,74,0.00,0.0,0
2024-07-27,92,75,0.00,0.0,0
2024-07-28,95,75,0.00,0.0,0
2024-07-29,97,79,0.00,0.0,0
2024-07-30,98,79,0.00,0.0,0
2024-07-31,99,81,0.00,0.0,0
2024-08-01,102,78,0.00,0.0,0
2024-08-02,104,81,0.00,0.0,0
2024-08-03,101,74,0.88,0.0,0
2024-08-04,99,80,0.00,0.0,0
2024-08-05,97,79,0.00,0.0,0
2024-08-06,106,80,0.00,0.0,0
2024-08-07,103,83,0.00,0.0,0
2024-08-08,103,82,0.00,0.0,0
2024-08-09,92,79,0.08,0.0,0
2024-08-10,96,76,0.00,0.0,0
2024-08-11,96,82,0.00,0.0,0
2024-08-12,98,79,0.00,0.0,0
2024-08-13,100,81,0.00,0.0,0
2024-08-14,100,82,0.00,0.0,0
2024-08-15,101,82,0.00,0.0,0
2024-08-16,102,83,0.00,0.0,0
2024-08-17,101,82,0.00,0.0,0
2024-08-18,105,83,0.00,0.0,0
2024-08-19,106,83,0.00,0.0,0
2024-08-20,103,82,0.00,0.0,0
2024-08-21,97,78,0.00,0.0,0
2024-08-22,99,79,0.00,0.0,0
2024-08-23,102,82,0.00,0.0,0
2024-08-24,98,79,0.00,0.0,0
2024-08-25,97,81,0.00,0.0,0
2024-08-26,96,79,0.00,0.0,0
2024-08-27,97,77,0.00,0.0,0
2024-08-28,96,78,0.00,0.0,0
2024-08-29,93,78,0.00,0.0,0
2024-08-30,92,75,0.00,0.0,0
2024-08-31,94,75,0.00,0.0,0
2024-09-01,94,74,0.80,0.0,0
2024-09-02,90,76,0.00,0.0,0
2024-09-03,82,73,0.29,0.0,0
2024-09-04,79,68,0.26,0.0,0
2024-09-05,91,72,0.00,0.0,0
2024-09-06,92,73,T,0.0,0
2024-09-07,88,71,0.00,0.0,0
2024-09-08,84,64,0.00,0.0,0
2024-09-09,86,60,0.00,0.0,0
2024-09-10,90,61,0.00,0.0,0
2024-09-11,83,69,T,0.0,0
2024-09-12,88,68,T,0.0,0
2024-09-13,96,68,0.00,0.0,0
2024-09-14,96,75,0.00,0.0,0
2024-09-15,93,75,0.00,0.0,0
2024-09-16,93,72,0.00,0.0,0
2024-09-17,91,72,0.00,0.0,0
2024-09-18,96,73,0.00,0.0,0
2024-09-19,98,77,0.00,0.0,0
2024-09-20,99,78,0.00,0.0,0
2024-09-21,96,79,0.00,0.0,0
2024-09-22,95,77,0.00,0.0,0
2024-09-23,82,69,0.59,0.0,0
2024-09-24,91,70,0.00,0.0,0
2024-09-25,84,68,1.08,T,0
2024-09-26,86,61,0.00,0.0,0
2024-09-27,87,62,0.00,0.0,0
2024-09-28,89,63,0.00,0.0,0
2024-09-29,90,64,0.00,0.0,0
2024-09-30,93,65,0.00,0.0,0
2024-10-01,93,66,0.00,0.0,0
2024-10-02,91,67,0.00,0.0,0
2024-10-03,92,70,0.00,0.0,0
2024-10-04,91,68,0.00,0.0,0
2024-10-05,91,66,0.00,0.0,0
2024-10-06,91,70,0.00,0.0,0
2024-10-07,91,67,0.00,0.0,0
2024-10-08,85,67,0.00,0.0,0
2024-10-09,86,63,0.00,0.0,0
2024-10-10,90,66,0.00,0.0,0
2024-10-11,90,66,0.00,0.0,0
2024-10-12,94,69,0.00,0.0,0
2024-10-13,98,68,0.00,0.0,0
2024-10-14,83,67,0.00,0.0,0
2024-10-15,94,62,0.00,0.0,0
2024-10-16,68,52,0.00,0.0,0
2024-10-17,71,48,0.00,0.0,0
2024-10-18,78,52,0.00,0.0,0
2024-10-19,79,59,0.00,0.0,0
2024-10-20,82,54,0.00,0.0,0
2024-10-21,83,58,0.00,0.0,0
2024-10-22,88,67,0.00,0.0,0
2024-10-23,90,67,0.00,0.0,0
2024-10-24,89,67,0.00,0.0,0
2024-10-25,88,69,0.00,0.0,0
2024-10-26,84,65,0.00,0.0,0
2024-10-27,86,62,0.00,0.0,0
2024-10-28,87,70,0.00,0.0,0
2024-10-29,86,73,T,0.0,0
2024-10-30,88,73,T,0.0,0
2024-10-31,78,59,0.41,0.0,0
2024-11-01,73,58,T,0.0,0
2024-11-02,78,67,0.04,0.0,0
2024-11-03,82,69,0.33,0.0,0
2024-11-04,80,63,2.56,0.0,0
2024-11-05,69,53,0.03,0.0,0
2024-11-06,74,49,0.00,0.0,0
2024-11-07,70,57,T,0.0,0
2024-11-08,71,61,0.34,0.0,0
2024-11-09,74,50,0.00,0.0,0
2024-11-10,81,51,0.00,0.0,0
2024-11-11,78,51,0.00,0.0,0
2024-11-12,75,52,0.00,0.0,0
2024-11-13,78,55,0.00,0.0,0
2024-11-14,72,48,0.00,0.0,0
2024-11-15,72,47,0.00,0.0,0
2024-11-16,76,50,0.00,0.0,0
2024-11-17,78,64,0.61,0.0,0
2024-11-18,75,60,0.18,0.0,0
2024-11-19,75,50,0.00,0.0,0
2024-11-20,65,45,0.00,0.0,0
2024-11-21,71,40,0.00,0.0,0
2024-11-22,68,41,0.00,0.0,0
2024-11-23,74,47,0.00,0.0,0
2024-11-24,79,57,0.00,0.0,0
2024-11-25,70,45,0.00,0.0,0
2024-11-26,60,36,0.00,0.0,0
2024-11-27,81,53,0.00,0.0,0
2024-11-28,53,43,0.00,0.0,0
2024-11-29,55,36,0.00,0.0,0
2024-11-30,59,39,0.00,0.0,0
2024-12-01,64,37,0.00,0.0,0
2024-12-02,65,36,0.00,0.0,0
2024-12-03,61,37,0.00,0.0,0
2024-12-04,53,49,0.46,0.0,0
2024-12-05,57,38,0.00,0.0,0
2024-12-06,52,32,0.01,0.0,0
2024-12-07,47,42,0.80,0.0,0
2024-12-08,58,44,0.04,0.0,0
2024-12-09,73,49,0.00,0.0,0
2024-12-10,52,37,0.00,0.0,0
2024-12-11,61,35,0.00,0.0,0
2024-12-12,61,42,0.00,0.0,0
2024-12-13,58,52,0.03,0.0,0
2024-12-14,73,50,0.07,0.0,0
2024-12-15,77,50,0.01,0.0,0
2024-12-16,78,59,0.55,0.0,0
2024-12-17,76,52,0.00,0.0,0
2024-12-18,69,42,0.05,0.0,0
2024-12-19,63,37,0.00,0.0,0
2024-12-20,59,39,0.00,0.0,0
2024-12-21,54,34,0.00,0.0,0
2024-12-22,61,41,0.00,0.0,0
2024-12-23,68,54,0.00,0.0,0
2024-12-24,66,52,2.17,0.0,0
2024-12-25,56,51,T,0.0,0
2024-12-26,60,52,1.28,0.0,0
2024-12-27,73,46,0.00,0.0,0
2024-12-28,64,51,0.44,0.0,0
2024-12-29,67,48,0.00,0.0,0
2024-12-30,82,52,0.00,0.0,0
2024-12-31,58,45,0.00,0.0,0
2025-01-01,53,38,0.00,0.0,0
2025-01-02,59,38,0.00,0.0,M
2025-01-03,64,41,0.00,0.0,M
2025-01-04,68,55,0.00,0.0,M
2025-01-05,68,25,T,0.0,0
2025-01-06,40,21,0.00,0.0,0
2025-01-07,41,24,0.00,0.0,0
2025-01-08,40,27,0.00,0.0,0
2025-01-09,37,31,1.75,1.2,0
2025-01-10,38,30,0.05,0.1,1
2025-01-11,55,25,0.00,0.0,M
2025-01-12,52,35,0.00,0.0,0
2025-01-13,52,28,0.00,0.0,0
2025-01-14,56,29,0.00,0.0,0
2025-01-15,61,32,0.00,0.0,0
2025-01-16,64,33,0.00,0.0,0
2025-01-17,63,47,T,0.0,0
2025-01-18,58,29,0.00,0.0,0
2025-01-19,35,22,0.00,0.0,0
2025-01-20,34,22,0.00,0.0,0
2025-01-21,33,22,T,T,0
2025-01-22,51,24,0.00,0.0,0
2025-01-23,51,26,0.00,0.0,0
2025-01-24,57,26,0.00,0.0,0
2025-01-25,56,37,T,0.0,0
2025-01-26,51,42,0.01,0.0,0
2025-01-27,54,31,0.00,0.0,0
2025-01-28,59,47,T,0.0,0
2025-01-29,61,52,2.40,0.0,0
2025-01-30,68,56,1.73,0.0,0
2025-01-31,66,46,0.00,0.0,0
2025-02-01,71,38,0.00,0.0,0
2025-02-02,78,49,0.00,0.0,0
2025-02-03,81,58,0.00,0.0,0
2025-02-04,68,50,T,0.0,0
2025-02-05,75,48,0.01,0.0,0
2025-02-06,83,54,0.00,0.0,0
2025-02-07,77,51,0.00,0.0,0
2025-02-08,87,50,0.00,0.0,0
2025-02-09,50,43,T,0.0,0
2025-02-10,44,40,0.25,0.0,0
2025-02-11,46,42,0.41,0.0,0
2025-02-12,46,30,1.07,0.0,0
2025-02-13,38,23,0.00,0.0,0
2025-02-14,54,37,T,0.0,0
2025-02-15,72,36,0.01,0.0,0
2025-02-16,47,30,0.00,0.0,0
2025-02-17,55,31,0.00,0.0,0
2025-02-18,52,19,0.02,T,0
2025-02-19,28,14,T,T,0
2025-02-20,32,13,0.00,0.0,0
2025-02-21,33,23,0.00,0.0,0
2025-02-22,52,27,0.00,0.0,0
2025-02-23,64,40,0.16,0.0,0
2025-02-24,71,41,0.00,0.0,M
2025-02-25,78,49,0.00,M,M
2025-02-26,80,56,0.00,0.0,M
2025-02-27,72,50,0.19,M,M
2025-02-28,75,43,0.00,0.0,M
2025-03-01,80,47,T,0.0,0
2025-03-02,76,55,0.32,0.0,0
2025-03-03,69,54,0.00,0.0,0
2025-03-04,71,46,0.61,0.0,0
2025-03-05,62,42,0.00,0.0,0
2025-03-06,65,43,0.00,0.0,0
2025-03-07,82,57,0.00,0.0,0
2025-03-08,65,44,0.26,0.0,0
2025-03-09,57,43,0.06,0.0,0
2025-03-10,74,38,0.00,0.0,0
2025-03-11,81,50,0.00,0.0,0
2025-03-12,83,60,0.00,0.0,0
2025-03-13,87,54,0.00,0.0,0
2025-03-14,87,64,0.00,0.0,0
2025-03-15,71,50,0.00,0.0,0
2025-03-16,70,42,0.00,0.0,0
2025-03-17,83,54,0.00,0.0,0
2025-03-18,82,59,0.00,0.0,0
2025-03-19,71,48,0.00,0.0,0
2025-03-20,65,41,0.00,0.0,0
2025-03-21,76,47,0.00,0.0,0
2025-03-22,81,55,0.00,0.0,0
2025-03-23,83,63,0.00,0.0,0
2025-03-24,81,49,0.00,0.0,0
2025-03-25,89,58,T,0.0,0
2025-03-26,81,67,0.00,0.0,0
2025-03-27,80,61,0.08,0.0,M
2025-03-28,73,63,0.23,0.0,M
2025-03-29,82,64,0.03,0.0,0
2025-03-30,83,58,T,0.0,M
2025-03-31,73,51,0.00,0.0,0
2025-04-01,80,57,0.00,0.0,0
2025-04-02,80,64,0.08,0.0,0
2025-04-03,70,55,0.17,0.0,M
2025-04-04,60,57,0.09,0.0,M
2025-04-05,57,46,1.98,M,M
2025-04-06,47,41,0.02,M,M
2025-04-07,67,37,0.00,0.0,M
2025-04-08,75,44,0.00,0.0,M
2025-04-09,83,54,0.00,0.0,M
2025-04-10,85,58,0.00,0.0,0
2025-04-11,83,54,0.00,0.0,0
2025-04-12,83,58,0.00,0.0,0
2025-04-13,92,63,0.00,0.0,M
2025-04-14,88,64,0.00,0.0,0
2025-04-15,76,60,0.00,0.0,0
2025-04-16,82,59,0.00,0.0,M
2025-04-17,84,66,0.00,0.0,0
2025-04-18,87,69,0.00,0.0,0
2025-04-19,78,65,0.13,0.0,0
2025-04-20,78,59,0.35,0.0,0
2025-04-21,81,54,0.00,0.0,0
2025-04-22,87,63,0.00,0.0,M
2025-04-23,81,63,1.12,0.0,M
2025-04-24,71,63,0.71,0.0,M
2025-04-25,80,62,T,0.0,M
2025-04-26,83,69,0.00,0.0,M
2025-04-27,81,69,0.00,0.0,M
2025-04-28,82,72,0.00,0.0,M
2025-04-29,83,72,0.00,0.0,0
2025-04-30,73,59,2.65,0.0,M
2025-05-01,77,61,0.00,0.0,0
2025-05-02,71,61,0.58,0.0,0
2025-05-03,74,52,0.00,0.0,0
2025-05-04,78,52,0.00,0.0,0
2025-05-05,71,59,0.24,0.0,0
2025-05-06,68,60,0.69,0.0,M
2025-05-07,79,60,0.00,0.0,0
2025-05-08,78,61,0.00,0.0,0
2025-05-09,78,61,T,0.0,0
2025-05-10,81,61,0.00,0.0,0
2025-05-11,78,55,0.00,0.0,M
2025-05-12,84,59,0.00,0.0,M
2025-05-13,94,67,0.00,0.0,M
2025-05-14,94,76,0.00,0.0,M
2025-05-15,90,75,0.00,0.0,M
2025-05-16,88,75,0.08,0.0,M
2025-05-17,91,74,0.01,0.0,M
2025-05-18,86,74,T,0.0,M
2025-05-19,85,69,0.02,0.0,M
2025-05-20,84,65,0.12,0.0,M
2025-05-21,89,60,0.00,0.0,M
2025-05-22,89,70,T,0.0,M
2025-05-23,93,73,0.00,0.0,M
2025-05-24,93,77,0.00,0.0,M
2025-05-25,96,77,0.00,0.0,M
2025-05-26,83,64,1.62,M,M
2025-05-27,85,66,0.00,0.0,M
2025-05-28,79,69,0.00,0.0,M
2025-05-29,89,68,T,0.0,0
2025-05-30,84,65,0.06,0.0,0
2025-05-31,88,65,0.00,0.0,0
2025-06-01,89,72,0.00,0.0,0
2025-06-02,93,74,0.00,0.0,M
2025-06-03,90,73,0.12,0.0,M
2025-06-04,81,67,0.01,0.0,M
2025-06-05,91,72,T,0.0,M
2025-06-06,93,79,0.00,0.0,M
2025-06-07,93,79,0.00,0.0,M
2025-06-08,95,69,1.90,0.0,0
2025-06-09,91,70,0.26,0.0,0
2025-06-10,81,74,T,0.0,0
2025-06-11,76,71,0.29,0.0,M
2025-06-12,82,69,0.44,0.0,M
2025-06-13,91,71,T,0.0,M
2025-06-14,93,73,0.00,0.0,M
2025-06-15,84,72,0.06,0.0,M
2025-06-16,95,72,0.00,M,M
2025-06-17,93,77,0.00,M,M
2025-06-18,94,79,T,M,M
2025-06-19,94,79,0.00,0.0,M
2025-06-20,94,79,0.00,0.0,0
2025-06-21,93,78,0.00,0.0,0
2025-06-22,94,77,T,0.0,0
2025-06-23,94,77,0.00,0.0,0
2025-06-24,94,M,0.00,0.0,0
2025-06-25,92,75,0.01,0.0,0
2025-06-26,92,75,0.00,0.0,0
2025-06-27,93,75,0.00,0.0,0
2025-06-28,94,78,0.00,0.0,0
2025-06-29,94,78,0.00,0.0,0
2025-06-30,95,77,0.00,0.0,0
2025-07-01,95,75,T,0.0,0
2025-07-02,93,79,0.12,0.0,0
2025-07-03,87,77,T,0.0,0
2025-07-04,90,75,0.03,0.0,0
2025-07-05,88,74,0.18,0.0,0
2025-07-06,88,74,T,0.0,0
2025-07-07,89,75,0.15,0.0,0
2025-07-08,96,72,0.70,0.0,0
2025-07-09,94,73,0.02,0.0,0
2025-07-10,95,74,0.00,0.0,0
2025-07-11,94,77,0.00,0.0,0
2025-07-12,92,75,0.36,0.0,0
2025-07-13,90,74,T,0.0,0
2025-07-14,91,72,0.45,0.0,M
2025-07-15,94,78,0.00,0.0,M
2025-07-16,93,77,0.00,0.0,M
2025-07-17,95,77,0.00,0.0,M
2025-07-18,96,77,0.00,0.0,M
2025-07-19,95,78,0.00,0.0,M
2025-07-20,95,80,0.00,0.0,M
2025-07-21,96,78,0.00,0.0,M
2025-07-22,96,77,0.00,0.0,M
2025-07-23,96,78,0.00,0.0,M
2025-07-24,99,80,0.00,0.0,M
2025-07-25,98,78,0.00,0.0,M
2025-07-26,95,80,0.57,0.0,M
2025-07-27,95,79,0.00,0.0,M
2025-07-28,96,79,0.00,0.0,0
2025-07-29,99,81,0.00,0.0,0
2025-07-30,102,80,0.00,0.0,M
2025-07-31,104,79,0.00,0.0,0
2025-08-01,98,79,0.00,0.0,0
2025-08-02,95,77,0.00,0.0,0
2025-08-03,92,72,0.33,0.0,M
2025-08-04,90,69,0.62,0.0,0
2025-08-05,93,75,0.00,0.0,0
2025-08-06,95,78,0.00,0.0,0
2025-08-07,98,79,0.00,0.0,0
2025-08-08,99,81,0.00,0.0,0
2025-08-09,98,81,0.00,0.0,0
2025-08-10,96,79,0.00,0.0,0
2025-08-11,96,78,0.00,0.0,M
2025-08-12,93,80,0.00,0.0,M
2025-08-13,93,77,T,0.0,M
2025-08-14,98,79,0.00,0.0,0
2025-08-15,98,79,0.00,0.0,0
2025-08-16,96,80,0.00,0.0,0
2025-08-17,96,80,0.00,0.0,0
2025-08-18,101,81,T,0.0,0
2025-08-19,103,82,0.00,0.0,0
2025-08-20,94,73,0.38,0.0,0
2025-08-21,98,78,0.00,0.0,0
2025-08-22,97,80,0.00,0.0,0
2025-08-23,98,78,0.00,0.0,0
2025-08-24,98,75,0.00,0.0,0
2025-08-25,98,80,0.00,0.0,M
2025-08-26,88,73,0.00,0.0,M
2025-08-27,93,71,0.00,0.0,M
2025-08-28,100,75,0.37,0.0,M
2025-08-29,84,71,0.01,0.0,M
2025-08-30,78,72,1.26,0.0,M
2025-08-31,87,74,1.40,0.0,M
2025-09-01,90,74,T,0.0,0
2025-09-02,93,71,0.00,0.0,M
2025-09-03,90,71,0.00,0.0,M
2025-09-04,102,71,0.00,0.0,M
2025-09-05,99,70,1.43,0.0,M
2025-09-06,80,64,0.08,0.0,M
2025-09-07,82,69,M,0.0,M
2025-09-08,84,64,0.00,0.0,M
2025-09-09,87,64,0.00,0.0,M
2025-09-10,91,67,0.00,0.0,M
2025-09-11,93,69,0.00,0.0,0
2025-09-12,95,76,0.00,0.0,0
2025-09-13,93,77,0.00,0.0,0
2025-09-14,94,74,0.00,0.0,0
2025-09-15,94,75,0.00,0.0,0
2025-09-16,96,75,0.00,0.0,0
2025-09-17,96,75,0.00,0.0,0
2025-09-18,96,75,0.00,0.0,0
2025-09-19,92,75,0.00,0.0,0
2025-09-20,94,75,0.00,0.0,0
2025-09-21,94,76,0.01,0.0,0
2025-09-22,95,76,0.01,0.0,0
2025-09-23,96,77,T,0.0,0
2025-09-24,85,71,0.13,0.0,0
2025-09-25,87,67,0.00,0.0,M
2025-09-26,89,67,0.00,0.0,M
2025-09-27,90,65,0.00,0.0,M
2025-09-28,88,65,0.00,0.0,M
2025-09-29,88,65,0.00,0.0,M
2025-09-30,90,72,0.00,0.0,M
2025-10-01,91,69,0.00,0.0,M
2025-10-02,90,69,0.00,0.0,M
2025-10-03,91,71,0.00,0.0,M
2025-10-04,89,67,0.00,0.0,0
2025-10-05,89,69,0.00,0.0,0
2025-10-06,92,70,0.00,0.0,0
2025-10-07,93,70,0.00,0.0,0
2025-10-08,91,69,0.00,0.0,0
2025-10-09,88,70,0.00,0.0,0
2025-10-10,88,66,0.00,0.0,0
2025-10-11,90,63,0.00,0.0,0
2025-10-12,91,68,0.00,0.0,M
2025-10-13,89,69,0.00,0.0,M
2025-10-14,88,68,0.00,0.0,M
2025-10-15,87,67,0.00,0.0,M
2025-10-16,85,65,0.00,0.0,0
2025-10-17,88,70,0.00,0.0,0
2025-10-18,81,65,0.25,0.0,0
2025-10-19,76,58,0.00,0.0,0
2025-10-20,91,58,0.00,0.0,0
2025-10-21,83,64,0.00,0.0,0
2025-10-22,81,52,0.00,0.0,0
2025-10-23,82,61,0.00,0.0,0
2025-10-24,79,63,2.05,0.0,0
2025-10-25,76,60,0.75,0.0,0
2025-10-26,72,60,0.00,0.0,0
2025-10-27,80,61,0.00,0.0,0
2025-10-28,78,58,0.00,0.0,0
2025-10-29,66,50,0.00,0.0,0
2025-10-30,68,43,0.00,0.0,0
2025-10-31,72,45,0.00,0.0,0
2025-11-01,70,54,0.04,0.0,0
2025-11-02,72,46,0.00,0.0,0
2025-11-03,78,52,0.00,0.0,0
2025-11-04,77,55,0.00,0.0,0
2025-11-05,82,57,0.00,0.0,0
2025-11-06,84,61,0.00,0.0,0
2025-11-07,81,61,0.00,0.0,0
2025-11-08,82,53,0.00,0.0,0
2025-11-09,61,44,0.00,0.0,0
2025-11-10,56,34,0.00,0.0,0
2025-11-11,71,44,0.00,0.0,0
2025-11-12,78,52,0.00,0.0,0
2025-11-13,81,59,0.00,0.0,0
2025-11-14,81,63,0.00,0.0,0
2025-11-15,88,66,0.00,0.0,0
2025-11-16,81,59,0.00,0.0,0
2025-11-17,87,67,0.00,0.0,0
2025-11-18,87,72,0.00,0.0,0
2025-11-19,83,69,0.00,0.0,0
2025-11-20,76,64,2.07,0.0,0
2025-11-21,79,58,0.00,0.0,0
2025-11-22,67,50,0.00,0.0,0
2025-11-23,69,47,0.02,0.0,0
2025-11-24,63,58,1.46,0.0,0
2025-11-25,71,53,0.00,0.0,0
2025-11-26,60,44,0.00,0.0,0
2025-11-27,64,44,0.00,0.0,0
2025-11-28,62,43,0.26,0.0,0
2025-11-29,67,44,0.25,0.0,0
2025-11-30,44,34,0.00,0.0,0
